tên_xe,giá,năm_sản_xuất,kiểu_dáng,tình_trạng,xuất_xứ,số_km_đã_đi,tỉnh_thành,hộp_số,nhiên_liệu
Lexus RX 350 Luxury 2024,4290000000.0,Năm SX 2024,Kiểu dáng SUV,Tình trạng Xe cũ,Xuất xứ Nhập khẩu,Km đã đi 3.900 km,"Tỉnh thành
Tp.HCM",Hộp số Số tự động,Nhiên liệu Máy xăng
Ford Transit 2018,465000000.0,Năm SX 2018,Kiểu dáng Van/Minivan,Tình trạng Xe cũ,Xuất xứ Trong nước,Km đã đi 100.000 km,"Tỉnh thành
Tp.HCM",Hộp số Số sàn,Nhiên liệu Máy dầu
Kia Morning Si 1.25 MT 2016,135000000.0,Năm SX 2016,Kiểu dáng Hatchback,Tình trạng Xe cũ,Xuất xứ Nhập khẩu,Km đã đi 40.000 km,"Tỉnh thành
Hà Nội",Hộp số Số sàn,Nhiên liệu Máy xăng
Mazda 6 2004,105000000.0,Năm SX 2004,Kiểu dáng Sedan,Tình trạng Xe cũ,Xuất xứ Nhập khẩu,Km đã đi 12.345 km,"Tỉnh thành
Ninh Bình",Hộp số Số sàn,Nhiên liệu Máy xăng
Chevrolet Cruze LS 1.6 2013,170000000.0,Năm SX 2013,Kiểu dáng Sedan,Tình trạng Xe cũ,Xuất xứ Nhập khẩu,Km đã đi 117.000 km,"Tỉnh thành
Tp.HCM",Hộp số Số sàn,Nhiên liệu Máy xăng
Toyota Innova 2.0G 2022,725000000.0,Năm SX 2022,Kiểu dáng MPV,Tình trạng Xe cũ,Xuất xứ Trong nước,Km đã đi 40.000 km,"Tỉnh thành
Đà Nẵng",Hộp số Số tự động,Nhiên liệu Máy xăng
Toyota Wigo 1.2 G AT 2019,265000000.0,Năm SX 2019,Kiểu dáng Hatchback,Tình trạng Xe cũ,Xuất xứ Nhập khẩu,Km đã đi 52.000 km,"Tỉnh thành
Hà Nội",Hộp số Số tự động,Nhiên liệu Máy xăng
Subaru Forester 2.0i-L EyeSight 2023,790000000.0,Năm SX 2023,Kiểu dáng SUV,Tình trạng Xe cũ,Xuất xứ Nhập khẩu,Km đã đi 15.000 km,"Tỉnh thành
Tp.HCM",Hộp số Số tự động,Nhiên liệu Máy xăng
Mazda 2 Sedan 1.5L Luxury 2020,385000000.0,Năm SX 2020,Kiểu dáng Sedan,Tình trạng Xe cũ,Xuất xứ Trong nước,Km đã đi 50.000 km,"Tỉnh thành
Tp.HCM",Hộp số Số tự động,Nhiên liệu Máy xăng
Toyota Corolla Altis 1.8 V 2022,600000000.0,Năm SX 2022,Kiểu dáng Sedan,Tình trạng Xe cũ,Xuất xứ Nhập khẩu,Km đã đi 5.000 km,"Tỉnh thành
Tp.HCM",Hộp số Số tự động,Nhiên liệu Máy xăng
Kia Sonet 1.5 Premium 2023,560000000.0,Năm SX 2023,Kiểu dáng SUV,Tình trạng Xe cũ,Xuất xứ Trong nước,Km đã đi 31.000 km,"Tỉnh thành
Bình Định",Hộp số Số tự động,Nhiên liệu Máy xăng
Ford Ranger XLS 2.0L 4x2 AT 2022,585000000.0,Năm SX 2022,Kiểu dáng Bán tải,Tình trạng Xe cũ,Xuất xứ Trong nước,Km đã đi 60.000 km,"Tỉnh thành
Tp.HCM",Hộp số Số tự động,Nhiên liệu Máy xăng
Hyundai Accent 1.4 AT Đặc biệt 2019,368000000.0,Năm SX 2019,Kiểu dáng Sedan,Tình trạng Xe cũ,Xuất xứ Trong nước,Km đã đi 90.000 km,"Tỉnh thành
Thừa Thiên Huế",Hộp số Số tự động,Nhiên liệu Máy xăng
Mercedes-Benz GLC 200 2019,987000000.0,Năm SX 2019,Kiểu dáng SUV,Tình trạng Xe cũ,Xuất xứ Trong nước,Km đã đi 74.000 km,"Tỉnh thành
Tp.HCM",Hộp số Số tự động,Nhiên liệu Máy xăng
Mercedes-Benz GLC 300 4Matic 2019,1087000000.0,Năm SX 2019,Kiểu dáng SUV,Tình trạng Xe cũ,Xuất xứ Trong nước,Km đã đi 71.000 km,"Tỉnh thành
Tp.HCM",Hộp số Số tự động,Nhiên liệu Máy xăng
Mercedes-Benz E200 E200 2019,1039000000.0,Năm SX 2019,Kiểu dáng Sedan,Tình trạng Xe cũ,Xuất xứ Trong nước,Km đã đi 66.000 km,"Tỉnh thành
Tp.HCM",Hộp số Số tự động,Nhiên liệu Máy xăng
Mercedes-Benz C200 2.0 AT 2016,579000000.0,Năm SX 2016,Kiểu dáng Sedan,Tình trạng Xe cũ,Xuất xứ Trong nước,Km đã đi 69.000 km,"Tỉnh thành
Tp.HCM",Hộp số Số tự động,Nhiên liệu Máy xăng
Mercedes-Benz C200 2.0 AT 2016,599000000.0,Năm SX 2016,Kiểu dáng Sedan,Tình trạng Xe cũ,Xuất xứ Trong nước,Km đã đi 106.000 km,"Tỉnh thành
Tp.HCM",Hộp số Số tự động,Nhiên liệu Máy xăng
Mercedes-Benz GLC 200 V1 2022,1379000000.0,Năm SX 2022,Kiểu dáng SUV,Tình trạng Xe cũ,Xuất xứ Trong nước,Km đã đi 28.000 km,"Tỉnh thành
Tp.HCM",Hộp số Số tự động,Nhiên liệu Máy xăng
Mercedes-Benz GLC 200 V1 2022,1379000000.0,Năm SX 2022,Kiểu dáng SUV,Tình trạng Xe cũ,Xuất xứ Trong nước,Km đã đi 39.000 km,"Tỉnh thành
Tp.HCM",Hộp số Số tự động,Nhiên liệu Máy xăng
Mercedes-Benz GLC 300 4Matic 2023,2379000000.0,Năm SX 2023,Kiểu dáng SUV,Tình trạng Xe cũ,Xuất xứ Trong nước,Km đã đi 13.333 km,"Tỉnh thành
Tp.HCM",Hộp số Số tự động,Nhiên liệu Máy xăng
VinFast LUX A2.0 Nâng cao 2020,450000000.0,Năm SX 2020,Kiểu dáng Sedan,Tình trạng Xe cũ,Xuất xứ Nhập khẩu,Km đã đi 76.000 km,"Tỉnh thành
Tp.HCM",Hộp số Số tự động,Nhiên liệu Máy xăng
VinFast Fadil Tiêu Chuẩn 2022,300000000.0,Năm SX 2022,Kiểu dáng Hatchback,Tình trạng Xe cũ,Xuất xứ Trong nước,Km đã đi 60.000 km,"Tỉnh thành
Hà Nội",Hộp số Số tự động,Nhiên liệu Máy xăng
Hyundai Accent 1.4 AT 2021,430000000.0,Năm SX 2021,Kiểu dáng Sedan,Tình trạng Xe cũ,Xuất xứ Trong nước,Km đã đi 46.000 km,"Tỉnh thành
Hà Nội",Hộp số Số tự động,Nhiên liệu Máy xăng
Honda CR-V 1.5 G 2018,680000000.0,Năm SX 2018,Kiểu dáng SUV,Tình trạng Xe cũ,Xuất xứ Trong nước,Km đã đi 70.000 km,"Tỉnh thành
Hà Nội",Hộp số Số tự động,Nhiên liệu Máy xăng
Kia Forte SLI 1.6 AT 2011,210000000.0,Năm SX 2011,Kiểu dáng Sedan,Tình trạng Xe cũ,Xuất xứ Trong nước,Km đã đi 100.000 km,"Tỉnh thành
Hà Nội",Hộp số Số tự động,Nhiên liệu Máy xăng
Mazda 6 2.5 2015,399000000.0,Năm SX 2015,Kiểu dáng Sedan,Tình trạng Xe cũ,Xuất xứ Nhập khẩu,Km đã đi 68.000 km,"Tỉnh thành
Tp.HCM",Hộp số Số tự động,Nhiên liệu Máy xăng
Mercedes-Benz AMG G63 2022,9899000000.0,Năm SX 2022,Kiểu dáng SUV,Tình trạng Xe cũ,Xuất xứ Nhập khẩu,Km đã đi 15.000 km,"Tỉnh thành
Tp.HCM",Hộp số Số tự động,Nhiên liệu Máy xăng
MG 7 2025,630000000.0,Năm SX 2025,Kiểu dáng Sedan,Tình trạng Xe cũ,Xuất xứ Nhập khẩu,Km đã đi 26.000 km,"Tỉnh thành
Hà Nội",Hộp số Số tự động,Nhiên liệu Máy xăng
VinFast VF e34 Tiêu chuẩn 2022,450000000.0,Năm SX 2022,Kiểu dáng SUV,Tình trạng Xe cũ,Xuất xứ Trong nước,Km đã đi 60.000 km,"Tỉnh thành
Hà Nội",Hộp số Số tự động,Nhiên liệu Máy xăng
Hyundai Grand i10 Hatchback 1.2 MT Base 2016,145000000.0,Năm SX 2016,Kiểu dáng Hatchback,Tình trạng Xe cũ,Xuất xứ Nhập khẩu,Km đã đi 140.000 km,"Tỉnh thành
Tp.HCM",Hộp số Số sàn,Nhiên liệu Máy xăng
Mazda 3 1.6 AT 2018,420000000.0,Năm SX 2018,Kiểu dáng Sedan,Tình trạng Xe cũ,Xuất xứ Trong nước,Km đã đi 85.000 km,"Tỉnh thành
Cần Thơ",Hộp số Số tự động,Nhiên liệu Máy xăng
MG ZS 1.5L LUX+ 2025,525000000.0,Năm SX 2025,Kiểu dáng Crossover,Tình trạng Xe cũ,Xuất xứ Nhập khẩu,Km đã đi 5.000 km,"Tỉnh thành
Tp.HCM",Hộp số Số tự động,Nhiên liệu Máy xăng
Hyundai Grand i10 Sedan 1.2 MT 2016,135000000.0,Năm SX 2016,Kiểu dáng Sedan,Tình trạng Xe cũ,Xuất xứ Nhập khẩu,Km đã đi 199.999 km,"Tỉnh thành
Hải Phòng",Hộp số Số sàn,Nhiên liệu Máy xăng
Honda Civic 1.8 MT 2008,170000000.0,Năm SX 2008,Kiểu dáng Sedan,Tình trạng Xe cũ,Xuất xứ Trong nước,Km đã đi 100.000 km,"Tỉnh thành
Tp.HCM",Hộp số Số sàn,Nhiên liệu Máy xăng
Ford Transit Tiêu chuẩn 2020,430000000.0,Năm SX 2020,Kiểu dáng Van/Minivan,Tình trạng Xe cũ,Xuất xứ Nhập khẩu,Km đã đi 345 km,"Tỉnh thành
Khánh Hòa",Hộp số Số sàn,Nhiên liệu Máy dầu
Toyota Vios 1.5G AT 2019,305000000.0,Năm SX 2019,Kiểu dáng Sedan,Tình trạng Xe cũ,Xuất xứ Trong nước,Km đã đi 270.000 km,"Tỉnh thành
Bình Dương",Hộp số Số tự động,Nhiên liệu Máy xăng
Ford Everest Titanium 2.2L 4x2 AT 2018,760000000.0,Năm SX 2018,Kiểu dáng SUV,Tình trạng Xe cũ,Xuất xứ Nhập khẩu,Km đã đi 101.000 km,"Tỉnh thành
Tp.HCM",Hộp số Số tự động,Nhiên liệu Máy xăng
Kia Cerato Koup 2.0 AT 2010,219000000.0,Năm SX 2010,Kiểu dáng Coupe,Tình trạng Xe cũ,Xuất xứ Nhập khẩu,Km đã đi 160.000 km,"Tỉnh thành
Bến Tre",Hộp số Số tự động,Nhiên liệu Máy xăng
Mitsubishi Outlander 2.0 CVT Premium 2022,720000000.0,Năm SX 2022,Kiểu dáng SUV,Tình trạng Xe cũ,Xuất xứ Nhập khẩu,Km đã đi 59.000 km,"Tỉnh thành
Hà Nội",Hộp số Số tự động,Nhiên liệu Máy xăng
Ferrari F8 Spider 2022,26999000000.0,Năm SX 2022,Na,Tình trạng Xe cũ,Xuất xứ Nhập khẩu,Km đã đi 7.000 km,"Tỉnh thành
Tp.HCM",Hộp số Số tự động,Nhiên liệu Máy xăng
BMW X6 2020,2638000000.0,Năm SX 2020,Kiểu dáng SUV,Tình trạng Xe cũ,Xuất xứ Nhập khẩu,Km đã đi 54.000 km,"Tỉnh thành
Tp.HCM",Hộp số Số tự động,Nhiên liệu Máy xăng
Ford Ranger XLS 2.0L 4x2 AT 2021,545000000.0,Năm SX 2021,Kiểu dáng Bán tải,Tình trạng Xe cũ,Xuất xứ Nhập khẩu,Km đã đi 90.000 km,"Tỉnh thành
Hà Nội",Hộp số Số tự động,Nhiên liệu Máy dầu
Kia Cerato Koup 2.0 AT 2010,219000000.0,Năm SX 2010,Kiểu dáng Coupe,Tình trạng Xe cũ,Xuất xứ Nhập khẩu,Km đã đi 160.000 km,"Tỉnh thành
Bến Tre",Hộp số Số tự động,Nhiên liệu Máy xăng
Mitsubishi Outlander 2.0 CVT Premium 2022,720000000.0,Năm SX 2022,Kiểu dáng SUV,Tình trạng Xe cũ,Xuất xứ Nhập khẩu,Km đã đi 59.000 km,"Tỉnh thành
Hà Nội",Hộp số Số tự động,Nhiên liệu Máy xăng
Ferrari F8 Spider 2022,26999000000.0,Năm SX 2022,Na,Tình trạng Xe cũ,Xuất xứ Nhập khẩu,Km đã đi 7.000 km,"Tỉnh thành
Tp.HCM",Hộp số Số tự động,Nhiên liệu Máy xăng
BMW X6 2020,2638000000.0,Năm SX 2020,Kiểu dáng SUV,Tình trạng Xe cũ,Xuất xứ Nhập khẩu,Km đã đi 54.000 km,"Tỉnh thành
Tp.HCM",Hộp số Số tự động,Nhiên liệu Máy xăng
Ford Ranger XLS 2.0L 4x2 AT 2021,545000000.0,Năm SX 2021,Kiểu dáng Bán tải,Tình trạng Xe cũ,Xuất xứ Nhập khẩu,Km đã đi 90.000 km,"Tỉnh thành
Hà Nội",Hộp số Số tự động,Nhiên liệu Máy dầu
MG ZS 1.5L LUX+ 2025,525000000.0,Năm SX 2025,Kiểu dáng SUV,Tình trạng Xe cũ,Xuất xứ Nhập khẩu,Km đã đi 1.000 km,"Tỉnh thành
Tp.HCM",Hộp số Số tự động,Nhiên liệu Máy xăng
Toyota Innova 2.0E 2019,430000000.0,Năm SX 2019,Kiểu dáng MPV,Tình trạng Xe cũ,Xuất xứ Trong nước,Km đã đi 180.000 km,"Tỉnh thành
Tp.HCM",Hộp số Số tự động,Nhiên liệu Máy xăng
MG ZS 1.5 2WD STD+ 2021,385000000.0,Năm SX 2021,Kiểu dáng SUV,Tình trạng Xe cũ,Xuất xứ Nhập khẩu,Km đã đi 30.000 km,"Tỉnh thành
Hà Nội",Hộp số Số tự động,Nhiên liệu Máy xăng
Mitsubishi Xpander AT Premium 2022,555000000.0,Năm SX 2022,Kiểu dáng MPV,Tình trạng Xe cũ,Xuất xứ Trong nước,Km đã đi 24.000 km,"Tỉnh thành
Hà Nội",Hộp số Số tự động,Nhiên liệu Máy xăng
Mercedes-Benz C300 AMG 2022,1789000000.0,Năm SX 2022,Kiểu dáng Sedan,Tình trạng Xe cũ,Xuất xứ Trong nước,Km đã đi 17.000 km,"Tỉnh thành
Tp.HCM",Hộp số Số tự động,Nhiên liệu Máy xăng
VinFast VF e34 2022,415000000.0,Năm SX 2022,Kiểu dáng SUV,Tình trạng Xe cũ,Xuất xứ Trong nước,Km đã đi 86.000 km,"Tỉnh thành
Hà Nội",Hộp số Số tự động,Nhiên liệu Máy xăng
Suzuki Swift GLX 1.2 CVT 2019,430000000.0,Năm SX 2019,Kiểu dáng Hatchback,Tình trạng Xe cũ,Xuất xứ Nhập khẩu,Km đã đi 69.800 km,"Tỉnh thành
Đà Nẵng",Hộp số Số tự động,Nhiên liệu Máy xăng
Mitsubishi Xpander AT Premium 2023,585000000.0,Năm SX 2023,Kiểu dáng MPV,Tình trạng Xe cũ,Xuất xứ Nhập khẩu,Km đã đi 20.000 km,"Tỉnh thành
Hà Nội",Hộp số Số tự động,Nhiên liệu Máy xăng
Mercedes-Benz C300 AMG 2022,1839000000.0,Năm SX 2022,Kiểu dáng Sedan,Tình trạng Xe cũ,Xuất xứ Trong nước,Km đã đi 26.000 km,"Tỉnh thành
Tp.HCM",Hộp số Số tự động,Nhiên liệu Máy xăng
Ford EcoSport Titanium 1.5L AT 2019,413000000.0,Năm SX 2019,Kiểu dáng SUV,Tình trạng Xe cũ,Xuất xứ Trong nước,Km đã đi 92.000 km,"Tỉnh thành
Hà Nội",Hộp số Số tự động,Nhiên liệu Máy xăng
Toyota Vios 1.5E MT 2015,180000000.0,Năm SX 2015,Kiểu dáng Sedan,Tình trạng Xe cũ,Xuất xứ Nhập khẩu,Km đã đi 333.830 km,"Tỉnh thành
Hà Nội",Hộp số Số sàn,Nhiên liệu Máy xăng
Toyota Wigo 1.2 G AT 2021,288000000.0,Năm SX 2021,Kiểu dáng Hatchback,Tình trạng Xe cũ,Xuất xứ Nhập khẩu,Km đã đi 79.000 km,"Tỉnh thành
Tp.HCM",Hộp số Số tự động,Nhiên liệu Máy xăng
Mazda CX-5 2019,625000000.0,Năm SX 2019,Kiểu dáng SUV,Tình trạng Xe cũ,Xuất xứ Trong nước,Km đã đi 70.000 km,"Tỉnh thành
Hà Nội",Hộp số Số tự động,Nhiên liệu Máy xăng
Hyundai Grand i10 Sedan 1.2 MT 2020,250000000.0,Năm SX 2020,Kiểu dáng Sedan,Tình trạng Xe cũ,Xuất xứ Trong nước,Km đã đi 200.000 km,"Tỉnh thành
Hà Nội",Hộp số Số sàn,Nhiên liệu Máy xăng
Mazda CX-5 2.0 Deluxe 2018,565000000.0,Năm SX 2018,Kiểu dáng SUV,Tình trạng Xe cũ,Xuất xứ Trong nước,Km đã đi 69.000 km,"Tỉnh thành
Khánh Hòa",Hộp số Số tự động,Nhiên liệu Máy xăng
Chevrolet Orlando LTZ 1.8 2016,340000000.0,Năm SX 2016,Kiểu dáng MPV,Tình trạng Xe cũ,Xuất xứ Nhập khẩu,Km đã đi 106.000 km,"Tỉnh thành
Bình Định",Hộp số Số tự động,Nhiên liệu Máy xăng
MG ZS 1.5 2WD LUX+ 2025,525000000.0,Năm SX 2025,Kiểu dáng Crossover,Tình trạng Xe cũ,Xuất xứ Nhập khẩu,Km đã đi 1.000 km,"Tỉnh thành
Tp.HCM",Hộp số Số tự động,Nhiên liệu Máy xăng
Hyundai Santa Fe 2.2 Dầu Cao cấp 2024,1265000000.0,Năm SX 2024,Kiểu dáng SUV,Tình trạng Xe cũ,Xuất xứ Trong nước,Km đã đi 13.000 km,"Tỉnh thành
Hà Nội",Hộp số Số tự động,Nhiên liệu Máy dầu
Lexus ES 250 2022,1999000000.0,Năm SX 2022,Kiểu dáng Sedan,Tình trạng Xe cũ,Xuất xứ Nhập khẩu,Km đã đi 46.004 km,"Tỉnh thành
Hà Nội",Hộp số Số tự động,Nhiên liệu Máy xăng
Toyota Vios 1.5E MT 2020,296000000.0,Năm SX 2020,Kiểu dáng Sedan,Tình trạng Xe cũ,Xuất xứ Trong nước,Km đã đi 62.000 km,"Tỉnh thành
Bình Dương",Hộp số Số sàn,Nhiên liệu Máy xăng
Mercedes-Benz GLS 450 2021,4099000000.0,Năm SX 2021,Na,Tình trạng Xe cũ,Xuất xứ Nhập khẩu,Km đã đi 29.000 km,"Tỉnh thành
Tp.HCM",Hộp số Số tự động,Nhiên liệu Máy xăng
Chevrolet Spark LS 2012,110000000.0,Năm SX 2012,Kiểu dáng Hatchback,Tình trạng Xe cũ,Xuất xứ Trong nước,Km đã đi 98.000 km,"Tỉnh thành
Đồng Nai",Hộp số Số sàn,Nhiên liệu Máy xăng
Jeep Wrangler Rubicon 2021,2449000000.0,Năm SX 2021,Kiểu dáng SUV,Tình trạng Xe cũ,Xuất xứ Nhập khẩu,Km đã đi 43.000 km,"Tỉnh thành
Tp.HCM",Hộp số Số tự động,Nhiên liệu Máy xăng
Suzuki Swift 2019,430000000.0,Năm SX 2019,Kiểu dáng Hatchback,Tình trạng Xe cũ,Xuất xứ Nhập khẩu,Km đã đi 68.978 km,"Tỉnh thành
Đà Nẵng",Hộp số Số tự động,Nhiên liệu Máy xăng
Kia Morning MT 2015,143000000.0,Năm SX 2015,Kiểu dáng Hatchback,Tình trạng Xe cũ,Xuất xứ Nhập khẩu,Km đã đi 11.000 km,"Tỉnh thành
Bình Dương",Hộp số Số sàn,Nhiên liệu Máy xăng
Jeep Wrangler Rubicon 2021,2449000000.0,Năm SX 2021,Kiểu dáng SUV,Tình trạng Xe cũ,Xuất xứ Nhập khẩu,Km đã đi 43.000 km,"Tỉnh thành
Tp.HCM",Hộp số Số tự động,Nhiên liệu Máy xăng
Suzuki Swift 2019,430000000.0,Năm SX 2019,Kiểu dáng Hatchback,Tình trạng Xe cũ,Xuất xứ Nhập khẩu,Km đã đi 68.978 km,"Tỉnh thành
Đà Nẵng",Hộp số Số tự động,Nhiên liệu Máy xăng
Kia Morning MT 2015,143000000.0,Năm SX 2015,Kiểu dáng Hatchback,Tình trạng Xe cũ,Xuất xứ Nhập khẩu,Km đã đi 11.000 km,"Tỉnh thành
Bình Dương",Hộp số Số sàn,Nhiên liệu Máy xăng
Ford Everest Limited 2009,305000000.0,Năm SX 2009,Kiểu dáng SUV,Tình trạng Xe cũ,Xuất xứ Trong nước,Km đã đi 170.000 km,"Tỉnh thành
Tp.HCM",Hộp số Số tự động,Nhiên liệu Máy dầu
Chevrolet Colorado  2018,420000000.0,Năm SX 2018,Kiểu dáng Bán tải,Tình trạng Xe cũ,Xuất xứ Nhập khẩu,Km đã đi 110.000 km,"Tỉnh thành
Long An",Hộp số Số tự động,Nhiên liệu Máy dầu
Chevrolet Spark 1.2 mt 2011,118000000.0,Năm SX 2011,Kiểu dáng Hatchback,Tình trạng Xe cũ,Xuất xứ Nhập khẩu,Km đã đi 70.000 km,"Tỉnh thành
An Giang",Hộp số Số sàn,Nhiên liệu Máy xăng
Toyota Alphard Executive Lounge 2019,2999000000.0,Năm SX 2019,Kiểu dáng Van/Minivan,Tình trạng Xe cũ,Xuất xứ Nhập khẩu,Km đã đi 83.008 km,"Tỉnh thành
Hà Nội",Hộp số Số tự động,Nhiên liệu Máy xăng
Porsche Cayenne Coupe 2022,4599000000.0,Năm SX 2022,Kiểu dáng SUV,Tình trạng Xe cũ,Xuất xứ Nhập khẩu,Km đã đi 22.222 km,"Tỉnh thành
Tp.HCM",Hộp số Số tự động,Nhiên liệu Máy xăng
Mazda 6 2.0 Premium 2023,695000000.0,Năm SX 2023,Kiểu dáng Sedan,Tình trạng Xe cũ,Xuất xứ Trong nước,Km đã đi 37.000 km,"Tỉnh thành
Tp.HCM",Hộp số Số tự động,Nhiên liệu Máy xăng
Mazda 3 Sedan 1.5L Premium 2022,615000000.0,Năm SX 2022,Kiểu dáng Sedan,Tình trạng Xe cũ,Xuất xứ Trong nước,Km đã đi 12.000 km,"Tỉnh thành
Tp.HCM",Hộp số Số tự động,Nhiên liệu Máy xăng
Kia Carnival 2.2D Signature 2022,1175000000.0,Năm SX 2022,Kiểu dáng MPV,Tình trạng Xe cũ,Xuất xứ Trong nước,Km đã đi 70.000 km,"Tỉnh thành
Tp.HCM",Hộp số Số tự động,Nhiên liệu Máy dầu
Mazda 3 Sedan 1.5L Luxury 2022,570000000.0,Năm SX 2022,Kiểu dáng Sedan,Tình trạng Xe cũ,Xuất xứ Trong nước,Km đã đi 23.000 km,"Tỉnh thành
Tp.HCM",Hộp số Số tự động,Nhiên liệu Máy xăng
Kia Sorento 2.5G Premium 2022,919000000.0,Năm SX 2022,Kiểu dáng SUV,Tình trạng Xe cũ,Xuất xứ Trong nước,Km đã đi 30.000 km,"Tỉnh thành
Tp.HCM",Hộp số Số tự động,Nhiên liệu Máy xăng
Lexus ES 250 2022,2190000000.0,Năm SX 2022,Kiểu dáng Sedan,Tình trạng Xe cũ,Xuất xứ Nhập khẩu,Km đã đi 28.000 km,"Tỉnh thành
Tp.HCM",Hộp số Số tự động,Nhiên liệu Máy xăng
Ford EcoSport Titanium 1.5L AT 2019,399000000.0,Năm SX 2019,Kiểu dáng SUV,Tình trạng Xe cũ,Xuất xứ Trong nước,Km đã đi 39.000 km,"Tỉnh thành
Tp.HCM",Hộp số Số tự động,Nhiên liệu Máy xăng
Ford EcoSport Titanium 1.5L AT 2019,399000000.0,Năm SX 2019,Kiểu dáng SUV,Tình trạng Xe cũ,Xuất xứ Trong nước,Km đã đi 39.000 km,"Tỉnh thành
Tp.HCM",Hộp số Số tự động,Nhiên liệu Máy xăng
Toyota Fortuner 2.7 V 4X4 AT 2010,320000000.0,Năm SX 2010,Kiểu dáng SUV,Tình trạng Xe cũ,Xuất xứ Trong nước,Km đã đi 114.000 km,"Tỉnh thành
Tp.HCM",Hộp số Số tự động,Nhiên liệu Máy xăng
Lexus RX 350 2019,2650000000.0,Năm SX 2019,Na,Tình trạng Xe cũ,Xuất xứ Nhập khẩu,Km đã đi 43.000 km,"Tỉnh thành
Tp.HCM",Hộp số Số tự động,Nhiên liệu Máy xăng
Hyundai Grand i10 2015,129000000.0,Năm SX 2015,Kiểu dáng Hatchback,Tình trạng Xe cũ,Xuất xứ Nhập khẩu,Km đã đi 98.000 km,"Tỉnh thành
Hà Nội",Hộp số Số sàn,Nhiên liệu Máy xăng
Suzuki Swift GL 1.2 CVT 2019,370000000.0,Năm SX 2019,Kiểu dáng Hatchback,Tình trạng Xe cũ,Xuất xứ Trong nước,Km đã đi 100.000 km,"Tỉnh thành
Hà Nội",Hộp số Số tự động,Nhiên liệu Máy xăng
MG ZS 1.5 2WD LUX+ 2025,525000000.0,Năm SX 2025,Kiểu dáng Crossover,Tình trạng Xe cũ,Xuất xứ Nhập khẩu,Km đã đi 1.000 km,"Tỉnh thành
Cần Thơ",Hộp số Số tự động,Nhiên liệu Máy xăng
Volkswagen Viloran Premium 2023,1738000000.0,Năm SX 2023,Kiểu dáng MPV,Tình trạng Xe cũ,Xuất xứ Nhập khẩu,Km đã đi 32.000 km,"Tỉnh thành
Tp.HCM",Hộp số Số tự động,Nhiên liệu Máy xăng
Honda CR-V 1.5 G 2022,810000000.0,Năm SX 2022,Kiểu dáng SUV,Tình trạng Xe cũ,Xuất xứ Nhập khẩu,Km đã đi 52.000 km,"Tỉnh thành
Bình Dương",Hộp số Số tự động,Nhiên liệu Máy xăng
Toyota Vios 1.5E MT 2020,320000000.0,Năm SX 2020,Kiểu dáng Sedan,Tình trạng Xe cũ,Xuất xứ Nhập khẩu,Km đã đi 47.000 km,"Tỉnh thành
Kiên Giang",Hộp số Số sàn,Nhiên liệu Máy xăng
Mitsubishi Xpander 1.5 MT 2020,385000000.0,Năm SX 2020,Kiểu dáng MPV,Tình trạng Xe cũ,Xuất xứ Nhập khẩu,Km đã đi 54.000 km,"Tỉnh thành
Tp.HCM",Hộp số Số sàn,Nhiên liệu Máy xăng
Toyota Innova 2016,330000000.0,Năm SX 2016,Kiểu dáng MPV,Tình trạng Xe cũ,Xuất xứ Trong nước,Km đã đi 140.000 km,"Tỉnh thành
Đà Nẵng",Hộp số Số sàn,Nhiên liệu Máy xăng
Kia Seltos 1.4 Premium 2022,590000000.0,Năm SX 2022,Kiểu dáng SUV,Tình trạng Xe cũ,Xuất xứ Trong nước,Km đã đi 77.000 km,"Tỉnh thành
Tp.HCM",Hộp số Số tự động,Nhiên liệu Máy xăng
Ford Everest Titanium 2.2L 4x2 AT 2016,570000000.0,Năm SX 2016,Kiểu dáng SUV,Tình trạng Xe cũ,Xuất xứ Nhập khẩu,Km đã đi 130.000 km,"Tỉnh thành
Tp.HCM",Hộp số Số tự động,Nhiên liệu Máy dầu
Kia Sorento 2WD 2.2 DATH 2014,425000000.0,Năm SX 2014,Kiểu dáng SUV,Tình trạng Xe cũ,Xuất xứ Nhập khẩu,Km đã đi 140.000 km,"Tỉnh thành
Đắk Nông",Hộp số Số tự động,Nhiên liệu Máy dầu
Lexus RX 350 2013,930000000.0,Năm SX 2013,Kiểu dáng SUV,Tình trạng Xe cũ,Xuất xứ Nhập khẩu,Km đã đi 79.000 km,"Tỉnh thành
Tp.HCM",Hộp số Số tự động,Nhiên liệu Máy xăng
Hyundai Grand i10 Sedan 1.2 MT 2019,220000000.0,Năm SX 2019,Kiểu dáng Sedan,Tình trạng Xe cũ,Xuất xứ Trong nước,Km đã đi 111.111 km,"Tỉnh thành
Lâm Đồng",Hộp số Số sàn,Nhiên liệu Máy xăng
Hyundai Accent 1.5 AT 2024,455000000.0,Năm SX 2024,Kiểu dáng Sedan,Tình trạng Xe cũ,Xuất xứ Trong nước,Km đã đi 31.000 km,"Tỉnh thành
Cần Thơ",Hộp số Số tự động,Nhiên liệu Máy xăng
Toyota Zace 2005,125000000.0,Năm SX 2005,Kiểu dáng SUV,Tình trạng Xe cũ,Xuất xứ Trong nước,Km đã đi 12.000 km,"Tỉnh thành
Hà Nội",Hộp số Số sàn,Nhiên liệu Máy xăng
Mazda 3 Sedan 1.5L Luxury 2021,550000000.0,Năm SX 2021,Kiểu dáng Sedan,Tình trạng Xe cũ,Xuất xứ Trong nước,Km đã đi 120.000 km,"Tỉnh thành
Tp.HCM",Hộp số Số tự động,Nhiên liệu Máy xăng
Hyundai Santa Fe 2021,1020000000.0,Năm SX 2021,Kiểu dáng SUV,Tình trạng Xe cũ,Na,Km đã đi 33.000 km,"Tỉnh thành
Hà Nội",Hộp số Số tự động,Nhiên liệu Máy xăng
Mercedes-Benz C300 AMG 2019,1068000000.0,Năm SX 2019,Kiểu dáng Sedan,Tình trạng Xe cũ,Xuất xứ Nhập khẩu,Km đã đi 01 km,"Tỉnh thành
Tp.HCM",Hộp số Số tự động,Nhiên liệu Máy xăng
MG ZS 1.5L LUX+ 2025,525000000.0,Năm SX 2025,Kiểu dáng Crossover,Tình trạng Xe cũ,Xuất xứ Nhập khẩu,Km đã đi 5.000 km,"Tỉnh thành
Cần Thơ",Hộp số Số tự động,Nhiên liệu Máy xăng
Mitsubishi Grandis 2.4 MIVEC 2009,272000000.0,Năm SX 2009,Kiểu dáng MPV,Tình trạng Xe cũ,Xuất xứ Trong nước,Km đã đi 110.000 km,"Tỉnh thành
Tp.HCM",Hộp số Số tự động,Nhiên liệu Máy xăng
Mitsubishi Xpander 1.5 MT 2019,340000000.0,Năm SX 2019,Kiểu dáng Crossover,Tình trạng Xe cũ,Xuất xứ Nhập khẩu,Km đã đi 170.000 km,"Tỉnh thành
Hà Nội",Hộp số Số sàn,Nhiên liệu Máy xăng
Toyota Fortuner 2.7 V 4X2 AT 2019,750000000.0,Năm SX 2019,Kiểu dáng MPV,Tình trạng Xe cũ,Xuất xứ Nhập khẩu,Km đã đi 8.000 km,"Tỉnh thành
Hà Nội",Hộp số Số tự động,Nhiên liệu Máy xăng
Nissan X trail 2.5 SV 4WD 2016,475000000.0,Năm SX 2016,Kiểu dáng SUV,Tình trạng Xe cũ,Xuất xứ Trong nước,Km đã đi 8.000 km,"Tỉnh thành
Hà Nội",Hộp số Số tự động,Nhiên liệu Máy xăng
Toyota Innova 2.0E 2017,395000000.0,Năm SX 2017,Kiểu dáng MPV,Tình trạng Xe cũ,Xuất xứ Trong nước,Km đã đi 120.000 km,"Tỉnh thành
Hải Phòng",Hộp số Số tự động,Nhiên liệu Máy xăng
Ford Focus 1.8L 2008,110000000.0,Năm SX 2008,Kiểu dáng Sedan,Tình trạng Xe cũ,Xuất xứ Nhập khẩu,Km đã đi 25.000 km,"Tỉnh thành
Vĩnh Phúc",Hộp số Số sàn,Nhiên liệu Máy xăng
Hyundai Accent 1.4 AT 2018,375000000.0,Năm SX 2018,Kiểu dáng Sedan,Tình trạng Xe cũ,Xuất xứ Trong nước,Km đã đi 75.000 km,"Tỉnh thành
Hải Phòng",Hộp số Số tự động,Nhiên liệu Máy xăng
Hyundai Accent 1.4 AT 2018,365000000.0,Năm SX 2018,Kiểu dáng Sedan,Tình trạng Xe cũ,Xuất xứ Trong nước,Km đã đi 100.000 km,"Tỉnh thành
Hải Phòng",Hộp số Số tự động,Nhiên liệu Máy xăng
Hyundai Tucson 1.6 Turbo HTRAC 2019,638000000.0,Năm SX 2019,Kiểu dáng SUV,Tình trạng Xe cũ,Xuất xứ Trong nước,Km đã đi 60.000 km,"Tỉnh thành
Hải Phòng",Hộp số Số tự động,Nhiên liệu Máy xăng
Toyota Fortuner 2009,275000000.0,Năm SX 2009,Na,Tình trạng Xe cũ,Xuất xứ Trong nước,Km đã đi 100.000 km,"Tỉnh thành
Hải Phòng",Hộp số Số tự động,Nhiên liệu Máy xăng
Mazda CX-5 2019,500000000.0,Năm SX 2019,Kiểu dáng SUV,Tình trạng Xe cũ,Xuất xứ Trong nước,Km đã đi 20.000 km,"Tỉnh thành
Đà Nẵng",Hộp số Số tự động,Nhiên liệu Máy xăng
Toyota Corolla Altis 1.8E CVT 2019,520000000.0,Năm SX 2019,Kiểu dáng Sedan,Tình trạng Xe cũ,Xuất xứ Trong nước,Km đã đi 59.000 km,"Tỉnh thành
Tp.HCM",Hộp số Số tự động,Nhiên liệu Máy xăng
Mitsubishi Xpander 2020,430000000.0,Năm SX 2020,Kiểu dáng MPV,Tình trạng Xe cũ,Xuất xứ Nhập khẩu,Km đã đi 157.000 km,"Tỉnh thành
Quảng Ngãi",Hộp số Số sàn,Nhiên liệu Máy xăng
Toyota Camry 2.0E 2013,390000000.0,Năm SX 2013,Kiểu dáng Sedan,Tình trạng Xe cũ,Xuất xứ Nhập khẩu,Km đã đi 157.000 km,"Tỉnh thành
Đồng Nai",Hộp số Số tự động,Nhiên liệu Máy xăng
Ford Everest Wildtrak 2.0L AT 4x4 2019,590000000.0,Năm SX 2019,Kiểu dáng SUV,Tình trạng Xe cũ,Xuất xứ Nhập khẩu,Km đã đi 18.000 km,"Tỉnh thành
Thái Nguyên",Hộp số Số tự động,Nhiên liệu Máy dầu
Mitsubishi Xpander AT Premium 2022,495000000.0,Năm SX 2022,Kiểu dáng MPV,Tình trạng Xe cũ,Xuất xứ Nhập khẩu,Km đã đi 85.000 km,"Tỉnh thành
Tp.HCM",Hộp số Số tự động,Nhiên liệu Máy xăng
Hyundai Elantra 1.6 AT Đặc biệt 2022,495000000.0,Năm SX 2022,Kiểu dáng Sedan,Tình trạng Xe cũ,Xuất xứ Trong nước,Km đã đi 65.000 km,"Tỉnh thành
Tp.HCM",Hộp số Số tự động,Nhiên liệu Máy xăng
Toyota Avanza 1.5 AT 2022,465000000.0,Năm SX 2022,Kiểu dáng MPV,Tình trạng Xe cũ,Xuất xứ Nhập khẩu,Km đã đi 65.000 km,"Tỉnh thành
Tp.HCM",Hộp số Số tự động,Nhiên liệu Máy xăng
Toyota Venza 3.5 AWD AT 2009,450000000.0,Năm SX 2009,Kiểu dáng SUV,Tình trạng Xe cũ,Xuất xứ Nhập khẩu,Km đã đi 110.000 km,"Tỉnh thành
Tp.HCM",Hộp số Số tự động,Nhiên liệu Máy xăng
Toyota Corolla Altis 1.8 G 2019,485000000.0,Năm SX 2019,Kiểu dáng Sedan,Tình trạng Xe cũ,Xuất xứ Trong nước,Km đã đi 75.000 km,"Tỉnh thành
Tp.HCM",Hộp số Số tự động,Nhiên liệu Máy xăng
Audi A4 1.8L TFSI 2013,385000000.0,Năm SX 2013,Kiểu dáng Sedan,Tình trạng Xe cũ,Xuất xứ Nhập khẩu,Km đã đi 120.000 km,"Tỉnh thành
Tp.HCM",Hộp số Số tự động,Nhiên liệu Máy xăng
Ford EcoSport Titanium 1.0L AT 2016,325000000.0,Năm SX 2016,Na,Tình trạng Xe cũ,Xuất xứ Trong nước,Km đã đi 40.000 km,"Tỉnh thành
Tp.HCM",Hộp số Số tự động,Nhiên liệu Máy xăng
Ford Transit Tiêu chuẩn 2024,680000000.0,Năm SX 2024,Kiểu dáng Minibus,Tình trạng Xe cũ,Xuất xứ Trong nước,Km đã đi 16.000 km,"Tỉnh thành
Tp.HCM",Hộp số Số sàn,Nhiên liệu Máy dầu
Audi A4 1.8L TFSI 2013,385000000.0,Năm SX 2013,Kiểu dáng Sedan,Tình trạng Xe cũ,Xuất xứ Nhập khẩu,Km đã đi 120.000 km,"Tỉnh thành
Tp.HCM",Hộp số Số tự động,Nhiên liệu Máy xăng
Ford EcoSport Titanium 1.0L AT 2016,325000000.0,Năm SX 2016,Na,Tình trạng Xe cũ,Xuất xứ Trong nước,Km đã đi 40.000 km,"Tỉnh thành
Tp.HCM",Hộp số Số tự động,Nhiên liệu Máy xăng
Ford Transit Tiêu chuẩn 2024,680000000.0,Năm SX 2024,Kiểu dáng Minibus,Tình trạng Xe cũ,Xuất xứ Trong nước,Km đã đi 16.000 km,"Tỉnh thành
Tp.HCM",Hộp số Số sàn,Nhiên liệu Máy dầu
Mazda 3 1.5 Hatchback 2016,385000000.0,Năm SX 2016,Kiểu dáng Hatchback,Tình trạng Xe cũ,Xuất xứ Trong nước,Km đã đi 45.000 km,"Tỉnh thành
Lâm Đồng",Hộp số Số tự động,Nhiên liệu Máy xăng
VinFast VF 3 2024,250000000.0,Năm SX 2024,Kiểu dáng SUV,Tình trạng Xe cũ,Xuất xứ Trong nước,Km đã đi 10.670 km,"Tỉnh thành
Hà Tĩnh",Hộp số Số tự động,Nhiên liệu Điện
VinFast LUX A2.0 Tiêu chuẩn 2020,475000000.0,Năm SX 2020,Kiểu dáng Sedan,Tình trạng Xe cũ,Xuất xứ Trong nước,Km đã đi 90.000 km,"Tỉnh thành
Hà Nội",Hộp số Số tự động,Nhiên liệu Máy xăng
Nissan X trail 2.5 SV 4WD 2019,605000000.0,Năm SX 2019,Kiểu dáng SUV,Tình trạng Xe cũ,Xuất xứ Trong nước,Km đã đi 8.000 km,"Tỉnh thành
Hà Nội",Hộp số Số tự động,Nhiên liệu Máy xăng
Kia Morning LX 1.0 MT 2010,101000000.0,Năm SX 2010,Kiểu dáng Sedan,Tình trạng Xe cũ,Xuất xứ Trong nước,Km đã đi 333.996 km,"Tỉnh thành
Hà Nội",Hộp số Số sàn,Nhiên liệu Máy xăng
Toyota Innova 2.0 Venturer AT 2019,560000000.0,Năm SX 2019,Kiểu dáng MPV,Tình trạng Xe cũ,Xuất xứ Trong nước,Km đã đi 160 km,"Tỉnh thành
Tp.HCM",Hộp số Số tự động,Nhiên liệu Máy xăng
Mazda 3 Sedan 1.5L Deluxe 2020,485000000.0,Năm SX 2020,Kiểu dáng Sedan,Tình trạng Xe cũ,Xuất xứ Trong nước,Km đã đi 75.000 km,"Tỉnh thành
Hải Phòng",Hộp số Số tự động,Nhiên liệu Máy xăng
Kia Cerato 1.6 MT 2017,325000000.0,Năm SX 2017,Na,Tình trạng Xe cũ,Xuất xứ Trong nước,Km đã đi 83.901 km,"Tỉnh thành
Hải Phòng",Hộp số Số sàn,Nhiên liệu Máy xăng
Hyundai Santa Fe 2.2 Dầu Cao cấp 2021,999000000.0,Năm SX 2021,Kiểu dáng SUV,Tình trạng Xe cũ,Xuất xứ Trong nước,Km đã đi 76.000 km,"Tỉnh thành
Tp.HCM",Hộp số Số tự động,Nhiên liệu Máy dầu
Hyundai Verna ls 2009,220000000.0,Năm SX 2009,Kiểu dáng Sedan,Tình trạng Xe cũ,Xuất xứ Nhập khẩu,Km đã đi 150.000 km,"Tỉnh thành
Hà Nội",Hộp số Số tự động,Nhiên liệu Máy xăng
VinFast LUX A2.0 Tiêu chuẩn 2022,575000000.0,Năm SX 2022,Kiểu dáng Sedan,Tình trạng Xe cũ,Xuất xứ Trong nước,Km đã đi 30.000 km,"Tỉnh thành
Hà Nội",Hộp số Số tự động,Nhiên liệu Máy xăng
Kia Sportage 2.0D Signature 2022,826000000.0,Năm SX 2022,Kiểu dáng SUV,Tình trạng Xe cũ,Xuất xứ Nhập khẩu,Km đã đi 50.000 km,"Tỉnh thành
Hà Nội",Hộp số Số tự động,Nhiên liệu Máy dầu
Kia Sportage 2.0D Signature 2022,826000000.0,Năm SX 2022,Kiểu dáng SUV,Tình trạng Xe cũ,Xuất xứ Nhập khẩu,Km đã đi 50.000 km,"Tỉnh thành
Hà Nội",Hộp số Số tự động,Nhiên liệu Máy dầu
Peugeot 2008 Active 2022,550000000.0,Năm SX 2022,Kiểu dáng SUV,Tình trạng Xe cũ,Xuất xứ Nhập khẩu,Km đã đi 49.000 km,"Tỉnh thành
Hà Nội",Hộp số Số tự động,Nhiên liệu Máy xăng
Mazda CX-5 2.0 Luxury 2024,758000000.0,Năm SX 2024,Kiểu dáng SUV,Tình trạng Xe cũ,Xuất xứ Trong nước,Km đã đi 20.000 km,"Tỉnh thành
Hà Nội",Hộp số Số tự động,Nhiên liệu Máy xăng
Hyundai i30 1.6 AT 2009,230000000.0,Năm SX 2009,Kiểu dáng Hatchback,Tình trạng Xe cũ,Xuất xứ Nhập khẩu,Km đã đi 100.000 km,"Tỉnh thành
Hà Nội",Hộp số Số tự động,Nhiên liệu Máy xăng
Toyota Innova 2.0E 2015,275000000.0,Năm SX 2015,Kiểu dáng SUV,Tình trạng Xe cũ,Xuất xứ Trong nước,Km đã đi 10.000 km,"Tỉnh thành
Hà Nội",Hộp số Số sàn,Nhiên liệu Máy xăng
Mitsubishi Xpander Cross 1.5 AT 2022,500000000.0,Năm SX 2022,Kiểu dáng MPV,Tình trạng Xe cũ,Xuất xứ Trong nước,Km đã đi 47.000 km,"Tỉnh thành
Bình Dương",Hộp số Số tự động,Nhiên liệu Máy xăng
BMW 320i 2024,1598000000.0,Năm SX 2024,Kiểu dáng Sedan,Tình trạng Xe cũ,Xuất xứ Nhập khẩu,Km đã đi 9.000 km,"Tỉnh thành
Tp.HCM",Hộp số Số tự động,Nhiên liệu Máy xăng
Mitsubishi Xpander 1.5 AT  2020,465000000.0,Năm SX 2020,Na,Tình trạng Xe cũ,Xuất xứ Nhập khẩu,Km đã đi 80.000 km,"Tỉnh thành
Hải Phòng",Hộp số Số tự động,Nhiên liệu Máy xăng
Toyota Fortuner 2.4 MT 4x2 2018,600000000.0,Năm SX 2018,Kiểu dáng SUV,Tình trạng Xe cũ,Xuất xứ Nhập khẩu,Km đã đi 49.000 km,"Tỉnh thành
Tp.HCM",Hộp số Số sàn,Nhiên liệu Máy dầu
Hyundai Santa Fe 2.5 Xăng Cao cấp 2022,1040000000.0,Năm SX 2022,Kiểu dáng SUV,Tình trạng Xe cũ,Xuất xứ Trong nước,Km đã đi 23.800 km,"Tỉnh thành
Hà Nội",Hộp số Số tự động,Nhiên liệu Máy xăng
BMW X5 xDrive 40i xLine Plus 2023,3999000000.0,Năm SX 2023,Kiểu dáng SUV,Tình trạng Xe cũ,Xuất xứ Nhập khẩu,Km đã đi 3.333 km,"Tỉnh thành
Tp.HCM",Hộp số Số tự động,Nhiên liệu Máy xăng
Hyundai Elantra 1.8 MT 2020,388000000.0,Năm SX 2020,Kiểu dáng Sedan,Tình trạng Xe cũ,Xuất xứ Trong nước,Km đã đi 66.000 km,"Tỉnh thành
Hải Phòng",Hộp số Số sàn,Nhiên liệu Máy xăng
VinFast VF6 Plus 2023,600000000.0,Năm SX 2023,Kiểu dáng Crossover,Tình trạng Xe cũ,Xuất xứ Trong nước,Km đã đi 45.000 km,"Tỉnh thành
Hà Nội",Hộp số Số tự động,Nhiên liệu Điện
Toyota Vios 1.5E MT 2021,350000000.0,Năm SX 2021,Kiểu dáng Sedan,Tình trạng Xe cũ,Xuất xứ Trong nước,Km đã đi 140.000 km,"Tỉnh thành
Tp.HCM",Hộp số Số sàn,Nhiên liệu Máy xăng
Suzuki XL7 GLX 2021,455000000.0,Năm SX 2021,Kiểu dáng SUV,Tình trạng Xe cũ,Xuất xứ Nhập khẩu,Km đã đi 67.000 km,"Tỉnh thành
Bình Phước",Hộp số Số tự động,Nhiên liệu Máy xăng
Mitsubishi Triton GLS MT 2019,370000000.0,Năm SX 2019,Kiểu dáng Bán tải,Tình trạng Xe cũ,Xuất xứ Nhập khẩu,Km đã đi 116.000 km,"Tỉnh thành
Tp.HCM",Hộp số Số sàn,Nhiên liệu Máy dầu
Toyota Camry 2.5Q 2020,870000000.0,Năm SX 2020,Kiểu dáng Sedan,Tình trạng Xe cũ,Xuất xứ Nhập khẩu,Km đã đi 101.650 km,"Tỉnh thành
Hà Nội",Hộp số Số tự động,Nhiên liệu Máy xăng
Kia Carens SX 2.0 AT 2010,195000000.0,Năm SX 2010,Kiểu dáng MPV,Tình trạng Xe cũ,Xuất xứ Trong nước,Km đã đi 210.000 km,"Tỉnh thành
Hà Nội",Hộp số Số tự động,Nhiên liệu Máy xăng
Kia Cerato 1.6 MT 2019,375000000.0,Năm SX 2019,Kiểu dáng Sedan,Tình trạng Xe cũ,Xuất xứ Trong nước,Km đã đi 90.000 km,"Tỉnh thành
Hải Phòng",Hộp số Số sàn,Nhiên liệu Máy xăng
Toyota Corolla Cross 1.8 V  2023,700000000.0,Năm SX 2023,Kiểu dáng SUV,Tình trạng Xe cũ,Xuất xứ Trong nước,Km đã đi 43.000 km,"Tỉnh thành
Hải Phòng",Hộp số Số tự động,Nhiên liệu Máy xăng
Mazda CX-5 2.5 AWD 2016,440000000.0,Năm SX 2016,Kiểu dáng SUV,Tình trạng Xe cũ,Xuất xứ Nhập khẩu,Km đã đi 87.000 km,"Tỉnh thành
Tp.HCM",Hộp số Số tự động,Nhiên liệu Máy xăng
Ford Ranger Wildtrak 3.2 4x4 AT 2016,470000000.0,Năm SX 2016,Kiểu dáng Bán tải,Tình trạng Xe cũ,Xuất xứ Nhập khẩu,Km đã đi 140.000 km,"Tỉnh thành
Tp.HCM",Hộp số Số tự động,Nhiên liệu Máy dầu
Kia Morning Si 1.25 AT 2016,265000000.0,Năm SX 2016,Kiểu dáng Hatchback,Tình trạng Xe cũ,Xuất xứ Trong nước,Km đã đi 39.000 km,"Tỉnh thành
Tp.HCM",Hộp số Số tự động,Nhiên liệu Máy xăng
Honda CR-V 1.5 E 2019,658000000.0,Năm SX 2019,Kiểu dáng SUV,Tình trạng Xe cũ,Xuất xứ Nhập khẩu,Km đã đi 68.000 km,"Tỉnh thành
Hải Phòng",Hộp số Số tự động,Nhiên liệu Máy xăng
Toyota Rush 1.5 AT 2021,520000000.0,Năm SX 2021,Kiểu dáng SUV,Tình trạng Xe cũ,Xuất xứ Nhập khẩu,Km đã đi 80.000 km,"Tỉnh thành
Thừa Thiên Huế",Hộp số Số tự động,Nhiên liệu Máy xăng
Kia Cerato 1.6 MT 2018,285000000.0,Năm SX 2018,Kiểu dáng Sedan,Tình trạng Xe cũ,Xuất xứ Trong nước,Km đã đi 140.000 km,"Tỉnh thành
Hải Dương",Hộp số Số sàn,Nhiên liệu Máy xăng
Toyota Corolla Altis 1.8G CVT 2014,350000000.0,Năm SX 2014,Kiểu dáng Sedan,Tình trạng Xe cũ,Xuất xứ Trong nước,Km đã đi 15.000 km,"Tỉnh thành
Hà Nam",Hộp số Số tự động,Nhiên liệu Máy xăng
Kia Cerato 1.6 MT 2019,375000000.0,Năm SX 2019,Kiểu dáng Sedan,Tình trạng Xe cũ,Xuất xứ Trong nước,Km đã đi 90.000 km,"Tỉnh thành
Hải Phòng",Hộp số Số sàn,Nhiên liệu Máy xăng
Toyota Vios 1.5 E CVT 2024,400000000.0,Năm SX 2024,Kiểu dáng Sedan,Tình trạng Xe cũ,Xuất xứ Nhập khẩu,Km đã đi 32.000 km,"Tỉnh thành
Hà Nội",Hộp số Số tự động,Nhiên liệu Máy xăng
Mazda 3 Sedan 1.5L Luxury 2022,538000000.0,Năm SX 2022,Kiểu dáng Sedan,Tình trạng Xe cũ,Xuất xứ Nhập khẩu,Km đã đi 68.000 km,"Tỉnh thành
Quảng Bình",Hộp số Số tự động,Nhiên liệu Máy xăng
Toyota Vios 1.5 E CVT 2024,400000000.0,Năm SX 2024,Kiểu dáng Sedan,Tình trạng Xe cũ,Xuất xứ Nhập khẩu,Km đã đi 32.000 km,"Tỉnh thành
Hà Nội",Hộp số Số tự động,Nhiên liệu Máy xăng
Mazda 3 Sedan 1.5L Luxury 2022,538000000.0,Năm SX 2022,Kiểu dáng Sedan,Tình trạng Xe cũ,Xuất xứ Nhập khẩu,Km đã đi 68.000 km,"Tỉnh thành
Quảng Bình",Hộp số Số tự động,Nhiên liệu Máy xăng
Hyundai Stargazer 1.5 AT Cao cấp 2024,550000000.0,Năm SX 2024,Kiểu dáng MPV,Tình trạng Xe cũ,Xuất xứ Nhập khẩu,Km đã đi 10.000 km,"Tỉnh thành
Hà Nội",Hộp số Số tự động,Nhiên liệu Máy xăng
Ford Ranger XLS 2.2 4x2 MT 2017,300000000.0,Năm SX 2017,Kiểu dáng Bán tải,Tình trạng Xe cũ,Xuất xứ Trong nước,Km đã đi 10.000 km,"Tỉnh thành
Hà Nội",Hộp số Số sàn,Nhiên liệu Máy dầu
Mazda 2 2016,295000000.0,Năm SX 2016,Kiểu dáng Sedan,Tình trạng Xe cũ,Xuất xứ Trong nước,Km đã đi 50.000 km,"Tỉnh thành
Hải Phòng",Hộp số Số tự động,Nhiên liệu Máy xăng
Hyundai Grand i10 1.0 AT 2015,235000000.0,Năm SX 2015,Na,Tình trạng Xe cũ,Xuất xứ Trong nước,Km đã đi 75.284 km,"Tỉnh thành
Hải Phòng",Hộp số Số tự động,Nhiên liệu Máy xăng
VinFast Fadil 2022,328000000.0,Năm SX 2022,Kiểu dáng Hatchback,Tình trạng Xe cũ,Xuất xứ Nhập khẩu,Km đã đi 58.000 km,"Tỉnh thành
Tp.HCM",Hộp số Số tự động,Nhiên liệu Máy xăng
Kia Sorento 2WD 2.4 GAT 2016,390000000.0,Năm SX 2016,Kiểu dáng SUV,Tình trạng Xe cũ,Xuất xứ Trong nước,Km đã đi 115.000 km,"Tỉnh thành
Tp.HCM",Hộp số Số tự động,Nhiên liệu Máy xăng
Honda CR-V 1.5 L 2018,715000000.0,Năm SX 2018,Kiểu dáng SUV,Tình trạng Xe cũ,Xuất xứ Nhập khẩu,Km đã đi 8.000 km,"Tỉnh thành
Hà Nội",Hộp số Số tự động,Nhiên liệu Máy xăng
Mercedes-Benz AMG G63 4.0 v8 2022,10999000000.0,Năm SX 2022,Kiểu dáng SUV,Tình trạng Xe cũ,Xuất xứ Nhập khẩu,Km đã đi 19.999 km,"Tỉnh thành
Tp.HCM",Hộp số Số tự động,Nhiên liệu Máy xăng
Toyota Vios 1.5G AT 2019,389000000.0,Năm SX 2019,Kiểu dáng Sedan,Tình trạng Xe cũ,Xuất xứ Trong nước,Km đã đi 77.459 km,"Tỉnh thành
Hải Phòng",Hộp số Số tự động,Nhiên liệu Máy xăng
Toyota Vios 1.5E MT 2020,300000000.0,Năm SX 2020,Kiểu dáng Sedan,Tình trạng Xe cũ,Xuất xứ Trong nước,Km đã đi 124.500 km,"Tỉnh thành
Phú Thọ",Hộp số Số sàn,Nhiên liệu Máy xăng
VinFast Fadil Cao cấp 2022,342000000.0,Năm SX 2022,Kiểu dáng Hatchback,Tình trạng Xe cũ,Xuất xứ Trong nước,Km đã đi 20.000 km,"Tỉnh thành
Hà Nội",Hộp số Số tự động,Nhiên liệu Máy xăng
Toyota Corolla Altis 1.8 G 2021,610000000.0,Năm SX 2021,Kiểu dáng Sedan,Tình trạng Xe cũ,Xuất xứ Trong nước,Km đã đi 40.000 km,"Tỉnh thành
Hà Nội",Hộp số Số tự động,Nhiên liệu Máy xăng
Mazda 6 2.5L Signature Premium 2021,595000000.0,Năm SX 2021,Na,Tình trạng Xe cũ,Xuất xứ Trong nước,Km đã đi 29.000 km,"Tỉnh thành
Hải Phòng",Hộp số Số tự động,Nhiên liệu Máy xăng
Hyundai Accent 1.4 AT 2019,368000000.0,Năm SX 2019,Kiểu dáng Sedan,Tình trạng Xe cũ,Xuất xứ Trong nước,Km đã đi 11.000 km,"Tỉnh thành
Hải Phòng",Hộp số Số tự động,Nhiên liệu Máy xăng
Mazda 6 2.0 AT 2015,358000000.0,Năm SX 2015,Kiểu dáng Sedan,Tình trạng Xe cũ,Xuất xứ Trong nước,Km đã đi 120.000 km,"Tỉnh thành
Hải Phòng",Hộp số Số tự động,Nhiên liệu Máy xăng
Toyota Innova 2017,395000000.0,Năm SX 2017,Na,Tình trạng Xe cũ,Xuất xứ Trong nước,Km đã đi 100.000 km,"Tỉnh thành
Hải Phòng",Hộp số Số tự động,Nhiên liệu Máy xăng
Mazda CX-5 2.0 Luxury 2012,399000000.0,Năm SX 2012,Kiểu dáng SUV,Tình trạng Xe cũ,Xuất xứ Nhập khẩu,Km đã đi 8.000 km,"Tỉnh thành
Hà Nội",Hộp số Số tự động,Nhiên liệu Máy xăng
Toyota Innova 2016,358000000.0,Năm SX 2016,Na,Tình trạng Xe cũ,Xuất xứ Trong nước,Km đã đi 151.667 km,"Tỉnh thành
Hải Phòng",Hộp số Số tự động,Nhiên liệu Máy xăng
VinFast VF5 Plus 2024,470000000.0,Năm SX 2024,Kiểu dáng SUV,Tình trạng Xe cũ,Xuất xứ Nhập khẩu,Km đã đi 23.000 km,"Tỉnh thành
Bắc Ninh",Hộp số Số tự động,Nhiên liệu Điện
Toyota Yaris 1.5G 2018,415000000.0,Năm SX 2018,Kiểu dáng Hatchback,Tình trạng Xe cũ,Xuất xứ Nhập khẩu,Km đã đi 80.000 km,"Tỉnh thành
Hải Phòng",Hộp số Số tự động,Nhiên liệu Máy xăng
Suzuki Ertiga 2019,365000000.0,Năm SX 2019,Kiểu dáng MPV,Tình trạng Xe cũ,Xuất xứ Trong nước,Km đã đi 50.000 km,"Tỉnh thành
Lâm Đồng",Hộp số Số tự động,Nhiên liệu Máy xăng
Kia Sedona 2.2 Platinum D 2017,620000000.0,Năm SX 2017,Kiểu dáng MPV,Tình trạng Xe cũ,Xuất xứ Trong nước,Km đã đi 9.000 km,"Tỉnh thành
Hà Nội",Hộp số Số tự động,Nhiên liệu Máy dầu
Ford Ranger XLS 2.2 4x2 AT 2016,350000000.0,Năm SX 2016,Kiểu dáng Bán tải,Tình trạng Xe cũ,Xuất xứ Nhập khẩu,Km đã đi 200.000 km,"Tỉnh thành
Yên Bái",Hộp số Số tự động,Nhiên liệu Máy dầu
Hyundai Grand i10 Sedan 1.2 AT 2017,290000000.0,Năm SX 2017,Kiểu dáng Sedan,Tình trạng Xe cũ,Xuất xứ Trong nước,Km đã đi 60.243 km,"Tỉnh thành
Hải Phòng",Hộp số Số tự động,Nhiên liệu Máy xăng
VinFast VF5 Plus 2025,445000000.0,Năm SX 2025,Kiểu dáng Crossover,Tình trạng Xe cũ,Xuất xứ Nhập khẩu,Km đã đi 20.000 km,"Tỉnh thành
Hà Nội",Hộp số Số tự động,Nhiên liệu Điện
Ford Transit SVP 2022,620000000.0,Năm SX 2022,Kiểu dáng Van/Minivan,Tình trạng Xe cũ,Xuất xứ Trong nước,Km đã đi 110.000 km,"Tỉnh thành
Tp.HCM",Hộp số Số sàn,Nhiên liệu Máy dầu
Mazda 2 Sedan 1.5L Deluxe 2015,295000000.0,Năm SX 2015,Kiểu dáng Sedan,Tình trạng Xe cũ,Xuất xứ Nhập khẩu,Km đã đi 120.000 km,"Tỉnh thành
Hải Phòng",Hộp số Số tự động,Nhiên liệu Máy xăng
Ford Transit SVP 2022,620000000.0,Năm SX 2022,Kiểu dáng Van/Minivan,Tình trạng Xe cũ,Xuất xứ Trong nước,Km đã đi 110.000 km,"Tỉnh thành
Tp.HCM",Hộp số Số sàn,Nhiên liệu Máy dầu
Mazda 2 Sedan 1.5L Deluxe 2015,295000000.0,Năm SX 2015,Kiểu dáng Sedan,Tình trạng Xe cũ,Xuất xứ Nhập khẩu,Km đã đi 120.000 km,"Tỉnh thành
Hải Phòng",Hộp số Số tự động,Nhiên liệu Máy xăng
MG 5 1.5L Luxury 2022,380000000.0,Năm SX 2022,Kiểu dáng Sedan,Tình trạng Xe cũ,Xuất xứ Nhập khẩu,Km đã đi 34.000 km,"Tỉnh thành
Tp.HCM",Hộp số Số tự động,Nhiên liệu Máy xăng
Honda City 1.5 CVT 2017,335000000.0,Năm SX 2017,Kiểu dáng Sedan,Tình trạng Xe cũ,Xuất xứ Trong nước,Km đã đi 115.000 km,"Tỉnh thành
Hà Nội",Hộp số Số tự động,Nhiên liệu Máy xăng
Ford Everest 2.5 AT 2011,265000000.0,Năm SX 2011,Kiểu dáng SUV,Tình trạng Xe cũ,Xuất xứ Trong nước,Km đã đi 150.000 km,"Tỉnh thành
Hà Nội",Hộp số Số tự động,Nhiên liệu Máy dầu
BMW 430i 2023,2638000000.0,Năm SX 2023,Kiểu dáng Convertible,Tình trạng Xe cũ,Xuất xứ Nhập khẩu,Km đã đi 22.000 km,"Tỉnh thành
Tp.HCM",Hộp số Số tự động,Nhiên liệu Máy xăng
Isuzu mu-X 2018,499000000.0,Năm SX 2018,Kiểu dáng Bán tải,Tình trạng Xe cũ,Xuất xứ Nhập khẩu,Km đã đi 282.000 km,"Tỉnh thành
Quảng Nam",Hộp số Số tự động,Nhiên liệu Máy dầu
Toyota Vios G 2018,357000000.0,Năm SX 2018,Kiểu dáng Sedan,Tình trạng Xe cũ,Xuất xứ Trong nước,Km đã đi 110.000 km,"Tỉnh thành
Đà Nẵng",Hộp số Số tự động,Nhiên liệu Máy xăng
Peugeot 2008 GT Line 2022,630000000.0,Năm SX 2022,Kiểu dáng SUV,Tình trạng Xe cũ,Xuất xứ Nhập khẩu,Km đã đi 40.000 km,"Tỉnh thành
Hà Nội",Hộp số Số tự động,Nhiên liệu Máy xăng
Hyundai Elantra   2.0 AT 2019,515000000.0,Năm SX 2019,Kiểu dáng Sedan,Tình trạng Xe cũ,Xuất xứ Trong nước,Km đã đi 19.000 km,"Tỉnh thành
Hà Nội",Hộp số Số tự động,Nhiên liệu Máy xăng
Ford Ranger Raptor 2023,860000000.0,Năm SX 2023,Kiểu dáng Bán tải,Tình trạng Xe cũ,Xuất xứ Nhập khẩu,Km đã đi 50.000 km,"Tỉnh thành
Tp.HCM",Hộp số Số tự động,Nhiên liệu Máy dầu
Kia Cerato 1.6 AT Deluxe 2016,365000000.0,Năm SX 2016,Kiểu dáng Sedan,Tình trạng Xe cũ,Xuất xứ Trong nước,Km đã đi 130.000 km,"Tỉnh thành
Hải Phòng",Hộp số Số tự động,Nhiên liệu Máy xăng
Mazda CX-5 2.0 Deluxe 2023,712000000.0,Năm SX 2023,Kiểu dáng SUV,Tình trạng Xe cũ,Xuất xứ Trong nước,Km đã đi 8.000 km,"Tỉnh thành
Hà Nội",Hộp số Số tự động,Nhiên liệu Máy xăng
Kia K3 1.6 Luxury 2022,600000000.0,Năm SX 2022,Kiểu dáng Sedan,Tình trạng Xe cũ,Xuất xứ Trong nước,Km đã đi 30.000 km,"Tỉnh thành
Đà Nẵng",Hộp số Số tự động,Nhiên liệu Máy xăng
Toyota Corolla Cross 1.8 HV 2025,860000000.0,Năm SX 2025,Kiểu dáng Crossover,Tình trạng Xe cũ,Xuất xứ Trong nước,Km đã đi 25 km,"Tỉnh thành
Hải Phòng",Hộp số Số tự động,Nhiên liệu Hybrid
Mitsubishi Outlander 2.0 CVT 2022,679000000.0,Năm SX 2022,Kiểu dáng SUV,Tình trạng Xe cũ,Xuất xứ Trong nước,Km đã đi 50.000 km,"Tỉnh thành
Hà Nội",Hộp số Số tự động,Nhiên liệu Máy xăng
Mitsubishi Outlander 2.0 CVT 2022,680000000.0,Năm SX 2022,Kiểu dáng SUV,Tình trạng Xe cũ,Xuất xứ Trong nước,Km đã đi 10.500 km,"Tỉnh thành
Bình Định",Hộp số Số tự động,Nhiên liệu Máy xăng
Mitsubishi Pajero Sport D 4x2 AT 2018,675000000.0,Năm SX 2018,Kiểu dáng SUV,Tình trạng Xe cũ,Xuất xứ Nhập khẩu,Km đã đi 100.000 km,"Tỉnh thành
Phú Thọ",Hộp số Số tự động,Nhiên liệu Máy dầu
Ford Escape XLT 2.3 AT 4x4 2010,179000000.0,Năm SX 2010,Kiểu dáng SUV,Tình trạng Xe cũ,Xuất xứ Nhập khẩu,Km đã đi 18.000 km,"Tỉnh thành
Tp.HCM",Hộp số Số tự động,Nhiên liệu Máy xăng
Toyota Fortuner 2.5G 4x2 MT 2016,625000000.0,Năm SX 2016,Kiểu dáng SUV,Tình trạng Xe cũ,Xuất xứ Nhập khẩu,Km đã đi 104.500 km,"Tỉnh thành
Bình Dương",Hộp số Số sàn,Nhiên liệu Máy dầu
Hyundai Accent 1.4 AT 2021,405000000.0,Năm SX 2021,Kiểu dáng Sedan,Tình trạng Xe cũ,Xuất xứ Trong nước,Km đã đi 41.000 km,"Tỉnh thành
Quảng Nam",Hộp số Số tự động,Nhiên liệu Máy xăng
Hyundai Verna 2010,135000000.0,Năm SX 2010,Kiểu dáng Sedan,Tình trạng Xe cũ,Xuất xứ Nhập khẩu,Km đã đi 180.000 km,"Tỉnh thành
Phú Thọ",Hộp số Số sàn,Nhiên liệu Máy xăng
Chevrolet Cruze LS 1.6 2010,150000000.0,Năm SX 2010,Kiểu dáng Sedan,Tình trạng Xe cũ,Xuất xứ Trong nước,Km đã đi 107.000 km,"Tỉnh thành
Bến Tre",Hộp số Số sàn,Nhiên liệu Máy xăng
Mazda 2 Sedan 1.5L Deluxe 2017,340000000.0,Năm SX 2017,Kiểu dáng Sedan,Tình trạng Xe cũ,Xuất xứ Nhập khẩu,Km đã đi 85.000 km,"Tỉnh thành
Hà Nội",Hộp số Số tự động,Nhiên liệu Máy xăng
Toyota Camry XLI 1997,145000000.0,Năm SX 1997,Kiểu dáng Sedan,Tình trạng Xe cũ,Xuất xứ Nhập khẩu,Km đã đi 170.000 km,"Tỉnh thành
Cần Thơ",Hộp số Số sàn,Nhiên liệu Máy xăng
Mitsubishi Attrage 1.2L MT 2016,186000000.0,Năm SX 2016,Kiểu dáng Sedan,Tình trạng Xe cũ,Xuất xứ Nhập khẩu,Km đã đi 241.824 km,"Tỉnh thành
Tp.HCM",Hộp số Số sàn,Nhiên liệu Máy xăng
Kia Sportage Limited 2.0 AT 2015,465000000.0,Năm SX 2015,Kiểu dáng SUV,Tình trạng Xe cũ,Xuất xứ Nhập khẩu,Km đã đi 130.000 km,"Tỉnh thành
Hà Nội",Hộp số Số tự động,Nhiên liệu Máy xăng
Mazda 3 2019,490000000.0,Năm SX 2019,Kiểu dáng Sedan,Tình trạng Xe cũ,Xuất xứ Nhập khẩu,Km đã đi 25.974 km,"Tỉnh thành
Tp.HCM",Hộp số Số tự động,Nhiên liệu Máy xăng
Mazda 3 2019,490000000.0,Năm SX 2019,Kiểu dáng Sedan,Tình trạng Xe cũ,Xuất xứ Nhập khẩu,Km đã đi 25.974 km,"Tỉnh thành
Tp.HCM",Hộp số Số tự động,Nhiên liệu Máy xăng
Kia Spectra 2003,75000000.0,Năm SX 2003,Kiểu dáng Sedan,Tình trạng Xe cũ,Xuất xứ Trong nước,Km đã đi 150.000 km,"Tỉnh thành
Phú Thọ",Hộp số Số sàn,Nhiên liệu Máy xăng
Mazda 3 1.6 AT 2017,395000000.0,Năm SX 2017,Kiểu dáng Sedan,Tình trạng Xe cũ,Xuất xứ Trong nước,Km đã đi 84.000 km,"Tỉnh thành
Tp.HCM",Hộp số Số tự động,Nhiên liệu Máy xăng
Hyundai Grand i10 Sedan 1.2 MT 2016,155000000.0,Năm SX 2016,Kiểu dáng Sedan,Tình trạng Xe cũ,Xuất xứ Nhập khẩu,Km đã đi 200.000 km,"Tỉnh thành
Phú Thọ",Hộp số Số sàn,Nhiên liệu Máy xăng
Peugeot 3008 Allure 2022,800000000.0,Năm SX 2022,Kiểu dáng SUV,Tình trạng Xe cũ,Xuất xứ Trong nước,Km đã đi 29.000 km,"Tỉnh thành
Tp.HCM",Hộp số Số tự động,Nhiên liệu Máy xăng
Ford Fiesta 1.5AT Titanium 2017,265000000.0,Năm SX 2017,Na,Tình trạng Xe cũ,Xuất xứ Trong nước,Km đã đi 120.000 km,"Tỉnh thành
Hà Nội",Hộp số Số tự động,Nhiên liệu Máy xăng
Kia Morning Si 1.25 AT 2017,265000000.0,Năm SX 2017,Kiểu dáng Hatchback,Tình trạng Xe cũ,Xuất xứ Trong nước,Km đã đi 38.000 km,"Tỉnh thành
Hà Nội",Hộp số Số tự động,Nhiên liệu Máy xăng
Honda CR-V 2.4L TG 2010,290000000.0,Năm SX 2010,Kiểu dáng SUV,Tình trạng Xe cũ,Xuất xứ Trong nước,Km đã đi 130.000 km,"Tỉnh thành
Phú Thọ",Hộp số Số tự động,Nhiên liệu Máy xăng
Mercedes-Benz GLC 250 2017,838000000.0,Năm SX 2017,Kiểu dáng SUV,Tình trạng Xe cũ,Xuất xứ Trong nước,Km đã đi 78.000 km,"Tỉnh thành
Tp.HCM",Hộp số Số tự động,Nhiên liệu Máy xăng
Honda CR-V 2.4L TG 2017,570000000.0,Năm SX 2017,Kiểu dáng SUV,Tình trạng Xe cũ,Xuất xứ Trong nước,Km đã đi 90.000 km,"Tỉnh thành
Hà Nội",Hộp số Số tự động,Nhiên liệu Máy xăng
Toyota Camry 2.4G 2011,345000000.0,Năm SX 2011,Kiểu dáng Sedan,Tình trạng Xe cũ,Xuất xứ Trong nước,Km đã đi 100.000 km,"Tỉnh thành
Phú Thọ",Hộp số Số tự động,Nhiên liệu Máy xăng
Toyota Zace 2002,110000000.0,Năm SX 2002,Kiểu dáng MPV,Tình trạng Xe cũ,Xuất xứ Nhập khẩu,Km đã đi 350.000 km,"Tỉnh thành
Bạc Liêu",Hộp số Số sàn,Nhiên liệu Máy xăng
Hyundai Stargazer 1.5 AT Tiêu chuẩn 2022,400000000.0,Năm SX 2022,Kiểu dáng MPV,Tình trạng Xe cũ,Xuất xứ Nhập khẩu,Km đã đi 89.000 km,"Tỉnh thành
Cần Thơ",Hộp số Số tự động,Nhiên liệu Máy xăng
Mazda CX-5 2.0 AWD 2015,465000000.0,Năm SX 2015,Kiểu dáng SUV,Tình trạng Xe cũ,Xuất xứ Trong nước,Km đã đi 150.000 km,"Tỉnh thành
Phú Thọ",Hộp số Số tự động,Nhiên liệu Máy xăng
BMW X6 xDrive35i 2008,330000000.0,Năm SX 2008,Kiểu dáng SUV,Tình trạng Xe cũ,Xuất xứ Nhập khẩu,Km đã đi 150.000 km,"Tỉnh thành
Phú Thọ",Hộp số Số tự động,Nhiên liệu Máy xăng
Hyundai Santa Fe 2.2L Dầu Cao cấp 2020,900000000.0,Năm SX 2020,Kiểu dáng SUV,Tình trạng Xe cũ,Xuất xứ Trong nước,Km đã đi 41.000 km,"Tỉnh thành
Trà Vinh",Hộp số Số tự động,Nhiên liệu Máy dầu
Mazda CX-8 Premium AWD 2019,770000000.0,Năm SX 2019,Kiểu dáng SUV,Tình trạng Xe cũ,Xuất xứ Nhập khẩu,Km đã đi 48.000 km,"Tỉnh thành
Tp.HCM",Hộp số Số tự động,Nhiên liệu Máy xăng
Toyota Corolla Altis 1.8E MT 2002,125000000.0,Năm SX 2002,Kiểu dáng Sedan,Tình trạng Xe cũ,Xuất xứ Trong nước,Km đã đi 105.000 km,"Tỉnh thành
Phú Thọ",Hộp số Số sàn,Nhiên liệu Máy xăng
Toyota Zace 2005,145000000.0,Năm SX 2005,Kiểu dáng SUV,Tình trạng Xe cũ,Xuất xứ Trong nước,Km đã đi 150.000 km,"Tỉnh thành
Hà Nội",Hộp số Số sàn,Nhiên liệu Máy xăng
Hyundai Grand i10 Sedan 1.2 MT 2020,300000000.0,Năm SX 2020,Kiểu dáng Sedan,Tình trạng Xe cũ,Xuất xứ Nhập khẩu,Km đã đi 86.000 km,"Tỉnh thành
Nam Định",Hộp số Số sàn,Nhiên liệu Máy xăng
Daewoo Lacetti EX 1.6 MT 2010,120000000.0,Năm SX 2010,Kiểu dáng Sedan,Tình trạng Xe cũ,Xuất xứ Trong nước,Km đã đi 130.000 km,"Tỉnh thành
Bến Tre",Hộp số Số sàn,Nhiên liệu Máy xăng
Mitsubishi Attrage CVT 2020,299000000.0,Năm SX 2020,Kiểu dáng Sedan,Tình trạng Xe cũ,Xuất xứ Nhập khẩu,Km đã đi 52.000 km,"Tỉnh thành
Hà Nội",Hộp số Số tự động,Nhiên liệu Máy xăng
Hyundai Avante 1.6 MT 2012,200000000.0,Năm SX 2012,Kiểu dáng Sedan,Tình trạng Xe cũ,Xuất xứ Trong nước,Km đã đi 130.000 km,"Tỉnh thành
Phú Thọ",Hộp số Số sàn,Nhiên liệu Máy xăng
Kia Sorento 2020,660000000.0,Năm SX 2020,Kiểu dáng SUV,Tình trạng Xe cũ,Xuất xứ Nhập khẩu,Km đã đi 67.000 km,"Tỉnh thành
Tp.HCM",Hộp số Số tự động,Nhiên liệu Máy xăng
Chevrolet Vivant 2.0 2009,85000000.0,Năm SX 2009,Kiểu dáng Crossover,Tình trạng Xe cũ,Xuất xứ Trong nước,Km đã đi 150.000 km,"Tỉnh thành
Phú Thọ",Hộp số Số sàn,Nhiên liệu Máy xăng
Hyundai Grand Starex 2.4 MT 2017,460000000.0,Năm SX 2017,Kiểu dáng Van/Minivan,Tình trạng Xe cũ,Xuất xứ Nhập khẩu,Km đã đi 10.000 km,"Tỉnh thành
Hà Nội",Hộp số Số sàn,Nhiên liệu Máy dầu
Honda City RS 2022,420000000.0,Năm SX 2022,Kiểu dáng Sedan,Tình trạng Xe cũ,Xuất xứ Trong nước,Km đã đi 27.000 km,"Tỉnh thành
Tp.HCM",Hộp số Số tự động,Nhiên liệu Máy xăng
Mitsubishi Triton 4×4 AT 2013,295000000.0,Năm SX 2013,Kiểu dáng Bán tải,Tình trạng Xe cũ,Xuất xứ Trong nước,Km đã đi 140.000 km,"Tỉnh thành
Hà Nội",Hộp số Số tự động,Nhiên liệu Máy xăng
Ford Ranger Wildtrak 2.0L 4x4 AT 2018,590000000.0,Năm SX 2018,Kiểu dáng Bán tải,Tình trạng Xe cũ,Xuất xứ Trong nước,Km đã đi 100.000 km,"Tỉnh thành
Phú Thọ",Hộp số Số tự động,Nhiên liệu Máy dầu
Ford Ranger XLS 2.2 4x2 AT 2016,395000000.0,Năm SX 2016,Kiểu dáng Bán tải,Tình trạng Xe cũ,Xuất xứ Trong nước,Km đã đi 78.000 km,"Tỉnh thành
Hà Nội",Hộp số Số tự động,Nhiên liệu Máy xăng
Ford Ranger XLS 2.2 4x2 AT 2016,395000000.0,Năm SX 2016,Kiểu dáng Bán tải,Tình trạng Xe cũ,Xuất xứ Trong nước,Km đã đi 78.000 km,"Tỉnh thành
Hà Nội",Hộp số Số tự động,Nhiên liệu Máy xăng
VinFast VF8 Eco 2023,777000000.0,Năm SX 2023,Kiểu dáng Crossover,Tình trạng Xe cũ,Xuất xứ Trong nước,Km đã đi 40.000 km,"Tỉnh thành
Hà Nội",Hộp số Số tự động,Nhiên liệu Điện
Kia Cerato 2.0 AT Premium 2019,450000000.0,Năm SX 2019,Kiểu dáng Sedan,Tình trạng Xe cũ,Xuất xứ Trong nước,Km đã đi 64.000 km,"Tỉnh thành
Hà Nội",Hộp số Số tự động,Nhiên liệu Máy xăng
Mazda CX-8 Premium 2023,960000000.0,Năm SX 2023,Kiểu dáng SUV,Tình trạng Xe cũ,Xuất xứ Trong nước,Km đã đi 7.000 km,"Tỉnh thành
Tp.HCM",Hộp số Số tự động,Nhiên liệu Máy xăng
Hyundai Santa Fe 2.4L Xăng Tiêu chuẩn 2017,550000000.0,Năm SX 2017,Kiểu dáng SUV,Tình trạng Xe cũ,Xuất xứ Nhập khẩu,Km đã đi 130.000 km,"Tỉnh thành
Tp.HCM",Hộp số Số tự động,Nhiên liệu Máy xăng
Honda Civic 1.8 AT 2019,495000000.0,Năm SX 2019,Kiểu dáng Sedan,Tình trạng Xe cũ,Xuất xứ Nhập khẩu,Km đã đi 65.000 km,"Tỉnh thành
Hà Nội",Hộp số Số tự động,Nhiên liệu Máy xăng
Kia Morning S 1.25 AT 2017,275000000.0,Năm SX 2017,Kiểu dáng Hatchback,Tình trạng Xe cũ,Xuất xứ Trong nước,Km đã đi 100.000 km,"Tỉnh thành
Phú Thọ",Hộp số Số tự động,Nhiên liệu Máy xăng
Hyundai Grand i10 Sedan 1.2 MT 2019,220000000.0,Năm SX 2019,Kiểu dáng Sedan,Tình trạng Xe cũ,Xuất xứ Trong nước,Km đã đi 230.000 km,"Tỉnh thành
Hà Nội",Hộp số Số sàn,Nhiên liệu Máy xăng
Ford Ranger XLS 2.0L 4x2 AT 2022,668000000.0,Năm SX 2022,Kiểu dáng Bán tải,Tình trạng Xe cũ,Xuất xứ Trong nước,Km đã đi 60.000 km,"Tỉnh thành
Đồng Nai",Hộp số Số tự động,Nhiên liệu Máy dầu
VinFast LUX A2.0 Cao cấp 2019,550000000.0,Năm SX 2019,Kiểu dáng Sedan,Tình trạng Xe cũ,Xuất xứ Trong nước,Km đã đi 70.000 km,"Tỉnh thành
Hà Nội",Hộp số Số tự động,Nhiên liệu Máy xăng
Ford Ranger XLS 2.2L 4x2 MT 2017,430000000.0,Năm SX 2017,Kiểu dáng Bán tải,Tình trạng Xe cũ,Xuất xứ Nhập khẩu,Km đã đi 110.000 km,"Tỉnh thành
Hà Nội",Hộp số Số tự động,Nhiên liệu Máy dầu
Mercedes-Benz C300 AMG 2021,1468000000.0,Năm SX 2021,Kiểu dáng Sedan,Tình trạng Xe cũ,Xuất xứ Trong nước,Km đã đi 9.000 km,"Tỉnh thành
Tp.HCM",Hộp số Số tự động,Nhiên liệu Máy xăng
Peugeot 3008 Allure 2018,555000000.0,Năm SX 2018,Kiểu dáng SUV,Tình trạng Xe cũ,Xuất xứ Nhập khẩu,Km đã đi 98.000 km,"Tỉnh thành
Hà Nội",Hộp số Số tự động,Nhiên liệu Máy xăng
Nissan Navara EL 2020,485000000.0,Năm SX 2020,Na,Tình trạng Xe cũ,Xuất xứ Trong nước,Km đã đi 100.000 km,"Tỉnh thành
Hà Nội",Hộp số Số tự động,Nhiên liệu Máy xăng
Mazda 6 2.0 AT 2018,505000000.0,Năm SX 2018,Kiểu dáng Sedan,Tình trạng Xe cũ,Xuất xứ Trong nước,Km đã đi 100.000 km,"Tỉnh thành
Phú Thọ",Hộp số Số tự động,Nhiên liệu Máy xăng
Hyundai Santa Fe 2.2 Dầu Đặc biệt 2022,1070000000.0,Năm SX 2022,Kiểu dáng SUV,Tình trạng Xe cũ,Xuất xứ Trong nước,Km đã đi 58.000 km,"Tỉnh thành
Phú Thọ",Hộp số Số tự động,Nhiên liệu Máy dầu
Ford Ranger Wildtrak 2.0L 4x4 AT 2021,750000000.0,Năm SX 2021,Kiểu dáng Bán tải,Tình trạng Xe cũ,Xuất xứ Nhập khẩu,Km đã đi 60.000 km,"Tỉnh thành
Tp.HCM",Hộp số Số tự động,Nhiên liệu Máy dầu
Volvo XC90 2022,3300000000.0,Năm SX 2022,Kiểu dáng SUV,Tình trạng Xe cũ,Xuất xứ Nhập khẩu,Km đã đi 19.000 km,"Tỉnh thành
Tp.HCM",Hộp số Số tự động,Nhiên liệu Hybrid
Lexus ES 250 2021,1980000000.0,Năm SX 2021,Kiểu dáng Sedan,Tình trạng Xe cũ,Xuất xứ Nhập khẩu,Km đã đi 29.000 km,"Tỉnh thành
Tp.HCM",Hộp số Số tự động,Nhiên liệu Máy xăng
Hyundai Accent 1.4 MT Tiêu chuẩn 2021,310000000.0,Năm SX 2021,Kiểu dáng Sedan,Tình trạng Xe cũ,Xuất xứ Trong nước,Km đã đi 96.000 km,"Tỉnh thành
Hà Nội",Hộp số Số sàn,Nhiên liệu Máy xăng
Lexus GX 460 2016,2350000000.0,Năm SX 2016,Kiểu dáng SUV,Tình trạng Xe cũ,Xuất xứ Nhập khẩu,Km đã đi 68.000 km,"Tỉnh thành
Tp.HCM",Hộp số Số tự động,Nhiên liệu Máy xăng
Ford Ranger XLS 2.2 4x2 AT 2022,585000000.0,Năm SX 2022,Kiểu dáng Bán tải,Tình trạng Xe cũ,Xuất xứ Trong nước,Km đã đi 40.000 km,"Tỉnh thành
Tp.HCM",Hộp số Số tự động,Nhiên liệu Máy dầu
Lexus GX 460 2016,2350000000.0,Năm SX 2016,Kiểu dáng SUV,Tình trạng Xe cũ,Xuất xứ Nhập khẩu,Km đã đi 68.000 km,"Tỉnh thành
Tp.HCM",Hộp số Số tự động,Nhiên liệu Máy xăng
Toyota Fortuner 2.7V 2017,635000000.0,Năm SX 2017,Kiểu dáng SUV,Tình trạng Xe cũ,Xuất xứ Nhập khẩu,Km đã đi 01 km,"Tỉnh thành
Hà Nội",Hộp số Số tự động,Nhiên liệu Máy xăng
Mercedes-Benz GLC 200 4Matic 2022,1180000000.0,Năm SX 2022,Kiểu dáng SUV,Tình trạng Xe cũ,Xuất xứ Nhập khẩu,Km đã đi 59.000 km,"Tỉnh thành
Tp.HCM",Hộp số Số tự động,Nhiên liệu Máy xăng
VinFast LUX A2.0 Cao cấp 2020,580000000.0,Năm SX 2020,Na,Tình trạng Xe cũ,Xuất xứ Trong nước,Km đã đi 76.000 km,"Tỉnh thành
Hà Nội",Hộp số Số tự động,Nhiên liệu Máy xăng
Ford EcoSport Titanium 1.5L AT 2015,295000000.0,Năm SX 2015,Kiểu dáng SUV,Tình trạng Xe cũ,Xuất xứ Trong nước,Km đã đi 120.000 km,"Tỉnh thành
Hà Nội",Hộp số Số tự động,Nhiên liệu Máy xăng
Mini Cooper S 3 cửa 2022,1590000000.0,Năm SX 2022,Kiểu dáng Hatchback,Tình trạng Xe cũ,Xuất xứ Nhập khẩu,Km đã đi 9.500 km,"Tỉnh thành
Tp.HCM",Hộp số Số tự động,Nhiên liệu Máy xăng
Lexus GX 470 2007,650000000.0,Năm SX 2007,Na,Tình trạng Xe cũ,Xuất xứ Nhập khẩu,Km đã đi 162.000 km,"Tỉnh thành
Hà Nội",Hộp số Số tự động,Nhiên liệu Máy xăng
Kia Cerato 1.6 AT Luxury 2018,399000000.0,Năm SX 2018,Kiểu dáng Sedan,Tình trạng Xe cũ,Xuất xứ Trong nước,Km đã đi 91.289 km,"Tỉnh thành
Hà Nội",Hộp số Số tự động,Nhiên liệu Máy xăng
Mazda 3 1.5L Sedan 2019,455000000.0,Năm SX 2019,Kiểu dáng Sedan,Tình trạng Xe cũ,Xuất xứ Trong nước,Km đã đi 65.689 km,"Tỉnh thành
Hà Nội",Hộp số Số tự động,Nhiên liệu Máy xăng
VinFast LUX A2.0 Cao cấp 2019,499000000.0,Năm SX 2019,Kiểu dáng Sedan,Tình trạng Xe cũ,Xuất xứ Trong nước,Km đã đi 67.899 km,"Tỉnh thành
Hà Nội",Hộp số Số tự động,Nhiên liệu Máy xăng
Mercedes-Benz GLC 300 4Matic 2023,2298000000.0,Năm SX 2023,Na,Tình trạng Xe cũ,Xuất xứ Trong nước,Km đã đi 28.000 km,"Tỉnh thành
Tp.HCM",Hộp số Số tự động,Nhiên liệu Máy xăng
Kia Forte SX 1.6 AT 2009,235000000.0,Năm SX 2009,Kiểu dáng Sedan,Tình trạng Xe cũ,Xuất xứ Trong nước,Km đã đi 200.000 km,"Tỉnh thành
Hải Phòng",Hộp số Số tự động,Nhiên liệu Máy xăng
Ford Ranger XLS 2.2L 4x2 MT 2019,485000000.0,Năm SX 2019,Kiểu dáng Bán tải,Tình trạng Xe cũ,Xuất xứ Trong nước,Km đã đi 85.000 km,"Tỉnh thành
Tp.HCM",Hộp số Số sàn,Nhiên liệu Máy dầu
Kia Carens SX 2.0 AT 2012,225000000.0,Năm SX 2012,Kiểu dáng MPV,Tình trạng Xe cũ,Xuất xứ Trong nước,Km đã đi 130.000 km,"Tỉnh thành
Hưng Yên",Hộp số Số tự động,Nhiên liệu Máy xăng
Toyota Corolla Altis 2.0V  2014,370000000.0,Năm SX 2014,Kiểu dáng Sedan,Tình trạng Xe cũ,Xuất xứ Trong nước,Km đã đi 120.000 km,"Tỉnh thành
Hưng Yên",Hộp số Số tự động,Nhiên liệu Máy xăng
Hyundai Grand i10 Sedan 1.2 MT 2018,218000000.0,Năm SX 2018,Kiểu dáng Sedan,Tình trạng Xe cũ,Xuất xứ Trong nước,Km đã đi 120.000 km,"Tỉnh thành
Hưng Yên",Hộp số Số sàn,Nhiên liệu Máy xăng
Kia Rondo 1.7 DAT 2015,350000000.0,Năm SX 2015,Kiểu dáng SUV,Tình trạng Xe cũ,Xuất xứ Trong nước,Km đã đi 130.000 km,"Tỉnh thành
Hưng Yên",Hộp số Số tự động,Nhiên liệu Máy dầu
Toyota Vios 1.5E MT 2018,279000000.0,Năm SX 2018,Kiểu dáng Sedan,Tình trạng Xe cũ,Xuất xứ Trong nước,Km đã đi 120.000 km,"Tỉnh thành
Hưng Yên",Hộp số Số sàn,Nhiên liệu Máy xăng
Ford Ranger Wildtrak 2.0L 4x4 AT 2020,715000000.0,Năm SX 2020,Kiểu dáng Bán tải,Tình trạng Xe cũ,Xuất xứ Trong nước,Km đã đi 58.000 km,"Tỉnh thành
Tp.HCM",Hộp số Số tự động,Nhiên liệu Máy dầu
Mercedes-Benz S450 4Matic Luxury 2019,2199000000.0,Năm SX 2019,Kiểu dáng Sedan,Tình trạng Xe cũ,Xuất xứ Nhập khẩu,Km đã đi 56.000 km,"Tỉnh thành
Tp.HCM",Hộp số Số tự động,Nhiên liệu Máy xăng
Land Rover Range Rover Autobiography 3.0L P400 2020,6380000000.0,Năm SX 2020,Kiểu dáng SUV,Tình trạng Xe cũ,Xuất xứ Nhập khẩu,Km đã đi 40.000 km,"Tỉnh thành
Hà Nội",Hộp số Số tự động,Nhiên liệu Máy xăng
Mercedes-Benz GLC 300 4Matic 2019,1088000000.0,Năm SX 2019,Kiểu dáng SUV,Tình trạng Xe cũ,Xuất xứ Trong nước,Km đã đi 83.000 km,"Tỉnh thành
Tp.HCM",Hộp số Số tự động,Nhiên liệu Máy xăng
Kia Carnival 2022,998000000.0,Năm SX 2022,Kiểu dáng MPV,Tình trạng Xe cũ,Xuất xứ Trong nước,Km đã đi 46.000 km,"Tỉnh thành
Tp.HCM",Hộp số Số tự động,Nhiên liệu Máy dầu
Mercedes-Benz GLC 200 4Matic 2022,1399000000.0,Năm SX 2022,Kiểu dáng SUV,Tình trạng Xe cũ,Xuất xứ Trong nước,Km đã đi 45.000 km,"Tỉnh thành
Tp.HCM",Hộp số Số tự động,Nhiên liệu Máy xăng
Mercedes-Benz C300 AMG 2019,1068000000.0,Năm SX 2019,Kiểu dáng SUV,Tình trạng Xe cũ,Xuất xứ Nhập khẩu,Km đã đi 49.890 km,"Tỉnh thành
Tp.HCM",Hộp số Số tự động,Nhiên liệu Máy xăng
Mercedes-Benz C300 AMG 2016,630000000.0,Năm SX 2016,Kiểu dáng Sedan,Tình trạng Xe cũ,Xuất xứ Trong nước,Km đã đi 789.000 km,"Tỉnh thành
Tp.HCM",Hộp số Số tự động,Nhiên liệu Máy xăng
Hyundai Accent 1.4 AT Đặc biệt 2019,365000000.0,Năm SX 2019,Kiểu dáng Sedan,Tình trạng Xe cũ,Xuất xứ Trong nước,Km đã đi 60.000 km,"Tỉnh thành
Hà Nội",Hộp số Số tự động,Nhiên liệu Máy xăng
Mercedes-Benz E200 Exclusive 2020,1059000000.0,Năm SX 2020,Kiểu dáng Sedan,Tình trạng Xe cũ,Xuất xứ Trong nước,Km đã đi 50.000 km,"Tỉnh thành
Tp.HCM",Hộp số Số tự động,Nhiên liệu Máy xăng
Ford Ranger XLS 2.2 4x2 AT 2015,398000000.0,Năm SX 2015,Kiểu dáng Bán tải,Tình trạng Xe cũ,Xuất xứ Nhập khẩu,Km đã đi 100 km,"Tỉnh thành
Tp.HCM",Hộp số Số tự động,Nhiên liệu Máy dầu
Lexus RX 350 2024,3500000000.0,Năm SX 2024,Kiểu dáng SUV,Tình trạng Xe cũ,Xuất xứ Nhập khẩu,Km đã đi 10.000 km,"Tỉnh thành
Hà Nội",Hộp số Số tự động,Nhiên liệu Máy xăng
Suzuki Vitara 1.6 AT 2015,350000000.0,Năm SX 2015,Kiểu dáng SUV,Tình trạng Xe cũ,Xuất xứ Nhập khẩu,Km đã đi 82.000 km,"Tỉnh thành
Tp.HCM",Hộp số Số tự động,Nhiên liệu Máy xăng
Hyundai Porter II 2016,360000000.0,Năm SX 2016,Kiểu dáng Xe tải,Tình trạng Xe cũ,Xuất xứ Nhập khẩu,Km đã đi 60.000 km,"Tỉnh thành
Hà Nội",Hộp số Số sàn,Nhiên liệu Máy dầu
Volvo S60 Inscription 2021,1100000000.0,Năm SX 2021,Kiểu dáng Sedan,Tình trạng Xe cũ,Xuất xứ Nhập khẩu,Km đã đi 75.000 km,"Tỉnh thành
Hà Nội",Hộp số Số tự động,Nhiên liệu Máy xăng
Hyundai Tucson 1.6 Turbo HTRAC 2023,888000000.0,Năm SX 2023,Kiểu dáng Hatchback,Tình trạng Xe cũ,Xuất xứ Trong nước,Km đã đi 40.000 km,"Tỉnh thành
Hà Nội",Hộp số Số tự động,Nhiên liệu Máy xăng
Suzuki Blind Van Suzuki Blind Van 2022,215000000.0,Năm SX 2022,Kiểu dáng Bán tải,Tình trạng Xe cũ,Xuất xứ Trong nước,Km đã đi 52.000 km,"Tỉnh thành
Tp.HCM",Hộp số Số sàn,Nhiên liệu Máy xăng
Volvo XC60 B6 AWD Inscription 2021,1599000000.0,Năm SX 2021,Kiểu dáng SUV,Tình trạng Xe cũ,Xuất xứ Nhập khẩu,Km đã đi 80.000 km,"Tỉnh thành
Hà Nội",Hộp số Số tự động,Nhiên liệu Máy xăng
Toyota Vios 1.5G AT 2019,380000000.0,Năm SX 2019,Kiểu dáng Sedan,Tình trạng Xe cũ,Xuất xứ Trong nước,Km đã đi 125.000 km,"Tỉnh thành
Hà Nội",Hộp số Số tự động,Nhiên liệu Máy xăng
Ford Transit MID Tiêu chuẩn 2016,375000000.0,Năm SX 2016,Kiểu dáng Van/Minivan,Tình trạng Xe cũ,Xuất xứ Trong nước,Km đã đi 80.000 km,"Tỉnh thành
Hà Nội",Hộp số Số sàn,Nhiên liệu Máy dầu
VinFast LUX A2.0 Nâng cao 2021,545000000.0,Năm SX 2021,Kiểu dáng Sedan,Tình trạng Xe cũ,Xuất xứ Trong nước,Km đã đi 79.000 km,"Tỉnh thành
Hà Nội",Hộp số Số tự động,Nhiên liệu Máy xăng
Hyundai i30 CW 1.6 AT 2009,220000000.0,Năm SX 2009,Kiểu dáng Hatchback,Tình trạng Xe cũ,Xuất xứ Nhập khẩu,Km đã đi 120.000 km,"Tỉnh thành
Hà Nội",Hộp số Số tự động,Nhiên liệu Máy xăng
Kia K165 2016,240000000.0,Năm SX 2016,Kiểu dáng Xe tải,Tình trạng Xe cũ,Xuất xứ Trong nước,Km đã đi 10.000 km,"Tỉnh thành
Hà Nội",Hộp số Số sàn,Nhiên liệu Máy dầu
Mercedes-Benz AMG G63 4.0 v8 2021,9650000000.0,Năm SX 2021,Kiểu dáng SUV,Tình trạng Xe cũ,Xuất xứ Nhập khẩu,Km đã đi 19.999 km,"Tỉnh thành
Tp.HCM",Hộp số Số tự động,Nhiên liệu Máy xăng
Suzuki Super Carry Van Blind Van 2015,140000000.0,Năm SX 2015,Kiểu dáng Van/Minivan,Tình trạng Xe cũ,Xuất xứ Trong nước,Km đã đi 10.000 km,"Tỉnh thành
Hà Nội",Hộp số Số sàn,Nhiên liệu Máy xăng
Mitsubishi Outlander 2.4 Premium 2017,575000000.0,Năm SX 2017,Kiểu dáng SUV,Tình trạng Xe cũ,Xuất xứ Nhập khẩu,Km đã đi 36.000 km,"Tỉnh thành
Hà Nội",Hộp số Số tự động,Nhiên liệu Máy xăng
Kia Sonet 1.5 Premium 2023,565000000.0,Năm SX 2023,Na,Tình trạng Xe cũ,Xuất xứ Trong nước,Km đã đi 30.000 km,"Tỉnh thành
Hải Phòng",Hộp số Số tự động,Nhiên liệu Máy xăng
Kia Sonet 1.5 Deluxe 2023,495000000.0,Năm SX 2023,Na,Tình trạng Xe cũ,Xuất xứ Trong nước,Km đã đi 24.000 km,"Tỉnh thành
Hải Phòng",Hộp số Số tự động,Nhiên liệu Máy xăng
Mercedes-Benz E200 E200 2019,1055000000.0,Năm SX 2019,Kiểu dáng Sedan,Tình trạng Xe cũ,Xuất xứ Nhập khẩu,Km đã đi 40.000 km,"Tỉnh thành
Hải Phòng",Hộp số Số tự động,Nhiên liệu Máy xăng
Peugeot 408 Premium 2023,890000000.0,Năm SX 2023,Kiểu dáng Sedan,Tình trạng Xe cũ,Xuất xứ Nhập khẩu,Km đã đi 19.000 km,"Tỉnh thành
Hải Phòng",Hộp số Số tự động,Nhiên liệu Máy xăng
Toyota Corolla Cross 1.8 V  2021,685000000.0,Năm SX 2021,Na,Tình trạng Xe cũ,Xuất xứ Trong nước,Km đã đi 61.000 km,"Tỉnh thành
Hải Phòng",Hộp số Số tự động,Nhiên liệu Máy xăng
Hyundai Kona 2.0 AT Đặc biệt 2019,470000000.0,Năm SX 2019,Na,Tình trạng Xe cũ,Xuất xứ Trong nước,Km đã đi 85.000 km,"Tỉnh thành
Hải Phòng",Hộp số Số tự động,Nhiên liệu Máy xăng
VinFast VF e34 Tiêu chuẩn 2022,440000000.0,Năm SX 2022,Kiểu dáng SUV,Tình trạng Xe cũ,Xuất xứ Trong nước,Km đã đi 40.000 km,"Tỉnh thành
Hải Phòng",Hộp số Số tự động,Nhiên liệu Điện
Kia K3 2.0 Premium 2022,525000000.0,Năm SX 2022,Kiểu dáng Sedan,Tình trạng Xe cũ,Xuất xứ Trong nước,Km đã đi 40.000 km,"Tỉnh thành
Hải Phòng",Hộp số Số tự động,Nhiên liệu Máy xăng
Mercedes-Benz C200 2.0 AT 2016,585000000.0,Năm SX 2016,Kiểu dáng Sedan,Tình trạng Xe cũ,Xuất xứ Nhập khẩu,Km đã đi 70.000 km,"Tỉnh thành
Hải Phòng",Hộp số Số tự động,Nhiên liệu Máy xăng
Mercedes-Benz GLC 250 4Matic 2017,820000000.0,Năm SX 2017,Kiểu dáng SUV,Tình trạng Xe cũ,Xuất xứ Nhập khẩu,Km đã đi 94.000 km,"Tỉnh thành
Hải Phòng",Hộp số Số tự động,Nhiên liệu Máy xăng
Mercedes-Benz GLC 200 4Matic 2018,880000000.0,Năm SX 2018,Kiểu dáng SUV,Tình trạng Xe cũ,Xuất xứ Trong nước,Km đã đi 86.000 km,"Tỉnh thành
Hải Phòng",Hộp số Số tự động,Nhiên liệu Máy xăng
Honda City 1.5 L 2022,445000000.0,Năm SX 2022,Kiểu dáng Sedan,Tình trạng Xe cũ,Xuất xứ Trong nước,Km đã đi 70.000 km,"Tỉnh thành
Hải Phòng",Hộp số Số tự động,Nhiên liệu Máy xăng
Toyota Veloz 2025,609000000.0,Năm SX 2025,Na,Tình trạng Xe cũ,Xuất xứ Trong nước,Km đã đi 10.000 km,"Tỉnh thành
Đồng Nai",Hộp số Số tự động,Nhiên liệu Máy xăng
Kia Sedona 2.2 DATH 2018,680000000.0,Năm SX 2018,Kiểu dáng MPV,Tình trạng Xe cũ,Xuất xứ Trong nước,Km đã đi 81.000 km,"Tỉnh thành
Hà Nội",Hộp số Số tự động,Nhiên liệu Máy dầu
Mercedes-Benz GLB 200 2022,1258000000.0,Năm SX 2022,Kiểu dáng SUV,Tình trạng Xe cũ,Xuất xứ Nhập khẩu,Km đã đi 46.000 km,"Tỉnh thành
Tp.HCM",Hộp số Số tự động,Nhiên liệu Máy xăng
MG RX5 1.5 LUX 2024,665000000.0,Năm SX 2024,Kiểu dáng SUV,Tình trạng Xe cũ,Xuất xứ Nhập khẩu,Km đã đi 1.000 km,"Tỉnh thành
Hà Nội",Hộp số Số tự động,Nhiên liệu Máy xăng
Hyundai Kona 2.0 AT Tiêu chuẩn 2019,440000000.0,Năm SX 2019,Na,Tình trạng Xe cũ,Xuất xứ Trong nước,Km đã đi 80.000 km,"Tỉnh thành
Long An",Hộp số Số tự động,Nhiên liệu Máy xăng
Ford Transit SVP Bản trung 2019,455000000.0,Năm SX 2019,Kiểu dáng Van/Minivan,Tình trạng Xe cũ,Xuất xứ Trong nước,Km đã đi 80.000 km,"Tỉnh thành
Hà Nội",Hộp số Số sàn,Nhiên liệu Máy dầu
Ford EcoSport Ambiente 1.5L AT 2017,310000000.0,Năm SX 2017,Kiểu dáng SUV,Tình trạng Xe cũ,Xuất xứ Trong nước,Km đã đi 100.000 km,"Tỉnh thành
Hải Phòng",Hộp số Số tự động,Nhiên liệu Máy xăng
Ford Ranger Raptor 2023,1120000000.0,Năm SX 2023,Kiểu dáng Bán tải,Tình trạng Xe cũ,Xuất xứ Nhập khẩu,Km đã đi 44.000 km,"Tỉnh thành
Tp.HCM",Hộp số Số tự động,Nhiên liệu Máy dầu
Ford Ranger Wildtrak 2.0L 4x4 AT 2023,855000000.0,Năm SX 2023,Kiểu dáng Bán tải,Tình trạng Xe cũ,Xuất xứ Trong nước,Km đã đi 33.000 km,"Tỉnh thành
Tp.HCM",Hộp số Số tự động,Nhiên liệu Máy dầu
Kia K3 1.6AT 2022,540000000.0,Năm SX 2022,Na,Tình trạng Xe cũ,Xuất xứ Trong nước,Km đã đi 45.000 km,"Tỉnh thành
Hà Nội",Hộp số Số tự động,Nhiên liệu Máy xăng
Kia Sonet 1.5 Premium 2024,588000000.0,Năm SX 2024,Kiểu dáng Hatchback,Tình trạng Xe cũ,Xuất xứ Trong nước,Km đã đi 20.000 km,"Tỉnh thành
Hà Nội",Hộp số Số tự động,Nhiên liệu Máy xăng
Suzuki Swift 2014,255000000.0,Năm SX 2014,Kiểu dáng Hatchback,Tình trạng Xe cũ,Xuất xứ Nhập khẩu,Km đã đi 86.000 km,"Tỉnh thành
Hà Nội",Hộp số Số tự động,Nhiên liệu Máy xăng
Mitsubishi Xpander Cross 1.5 AT 2020,475000000.0,Năm SX 2020,Kiểu dáng SUV,Tình trạng Xe cũ,Xuất xứ Trong nước,Km đã đi 61.000 km,"Tỉnh thành
Hà Nội",Hộp số Số tự động,Nhiên liệu Máy xăng
Kia Carens SX 2.0 AT 2011,230000000.0,Năm SX 2011,Kiểu dáng MPV,Tình trạng Xe cũ,Xuất xứ Trong nước,Km đã đi 120.000 km,"Tỉnh thành
Hà Nội",Hộp số Số tự động,Nhiên liệu Máy xăng
Hyundai Tucson 1.6 Turbo HTRAC 2025,980000000.0,Năm SX 2025,Kiểu dáng SUV,Tình trạng Xe cũ,Xuất xứ Trong nước,Km đã đi 4.000 km,"Tỉnh thành
Hà Nội",Hộp số Số tự động,Nhiên liệu Máy xăng
Ford Ranger Raptor 2022,975000000.0,Năm SX 2022,Kiểu dáng Bán tải,Tình trạng Xe cũ,Xuất xứ Nhập khẩu,Km đã đi 50.000 km,"Tỉnh thành
Tp.HCM",Hộp số Số tự động,Nhiên liệu Máy dầu
Lexus RX 350 Luxury 2016,2050000000.0,Năm SX 2016,Kiểu dáng SUV,Tình trạng Xe cũ,Xuất xứ Nhập khẩu,Km đã đi 160.000 km,"Tỉnh thành
Hà Nội",Hộp số Số tự động,Nhiên liệu Máy xăng
VinFast VF 3 2025,305000000.0,Năm SX 2025,Kiểu dáng Hatchback,Tình trạng Xe cũ,Xuất xứ Trong nước,Km đã đi 550 km,"Tỉnh thành
Tp.HCM",Hộp số Số tự động,Nhiên liệu Điện
Honda CR-V 1.5 L 2020,815000000.0,Năm SX 2020,Kiểu dáng SUV,Tình trạng Xe cũ,Xuất xứ Trong nước,Km đã đi 68.000 km,"Tỉnh thành
Tp.HCM",Hộp số Số tự động,Nhiên liệu Máy xăng
Kia Sorento 2WD 2.2 DATH 2019,655000000.0,Năm SX 2019,Kiểu dáng SUV,Tình trạng Xe cũ,Xuất xứ Trong nước,Km đã đi 93.000 km,"Tỉnh thành
Tp.HCM",Hộp số Số tự động,Nhiên liệu Máy dầu
Chevrolet Captiva Maxx LTZ 2.4 2011,235000000.0,Năm SX 2011,Kiểu dáng SUV,Tình trạng Xe cũ,Xuất xứ Trong nước,Km đã đi 126.000 km,"Tỉnh thành
Tp.HCM",Hộp số Số tự động,Nhiên liệu Máy xăng
Kia Rondo 1.7 DAT 2015,350000000.0,Năm SX 2015,Kiểu dáng SUV,Tình trạng Xe cũ,Xuất xứ Trong nước,Km đã đi 130.000 km,"Tỉnh thành
Hưng Yên",Hộp số Số tự động,Nhiên liệu Máy dầu
Toyota Vios 1.5E MT 2018,279000000.0,Năm SX 2018,Kiểu dáng Sedan,Tình trạng Xe cũ,Xuất xứ Trong nước,Km đã đi 120.000 km,"Tỉnh thành
Hưng Yên",Hộp số Số sàn,Nhiên liệu Máy xăng
Kia Carens SX 2.0 AT 2012,225000000.0,Năm SX 2012,Kiểu dáng MPV,Tình trạng Xe cũ,Xuất xứ Trong nước,Km đã đi 130.000 km,"Tỉnh thành
Hưng Yên",Hộp số Số tự động,Nhiên liệu Máy xăng
Ford Transit Tiêu chuẩn 2023,650000000.0,Năm SX 2023,Kiểu dáng Van/Minivan,Tình trạng Xe cũ,Xuất xứ Trong nước,Km đã đi 80.000 km,"Tỉnh thành
Hà Nội",Hộp số Số sàn,Nhiên liệu Máy dầu
Toyota Land Cruiser Prado TX-L 2014,960000000.0,Năm SX 2014,Kiểu dáng SUV,Tình trạng Xe cũ,Xuất xứ Nhập khẩu,Km đã đi 120.000 km,"Tỉnh thành
Hà Nội",Hộp số Số tự động,Nhiên liệu Máy xăng
Toyota Fortuner 2021,928000000.0,Năm SX 2021,Kiểu dáng SUV,Tình trạng Xe cũ,Xuất xứ Trong nước,Km đã đi 60.000 km,"Tỉnh thành
Hà Nội",Hộp số Số tự động,Nhiên liệu Máy dầu
Hyundai Palisade Prestige 7 chỗ 2023,1380000000.0,Năm SX 2023,Kiểu dáng SUV,Tình trạng Xe cũ,Xuất xứ Nhập khẩu,Km đã đi 40.000 km,"Tỉnh thành
Hà Nội",Hộp số Số tự động,Nhiên liệu Máy dầu
Hyundai Santa Fe 2.2L Dầu Cao cấp 2022,1179000000.0,Năm SX 2022,Kiểu dáng SUV,Tình trạng Xe cũ,Xuất xứ Trong nước,Km đã đi 50.000 km,"Tỉnh thành
Hà Nội",Hộp số Số tự động,Nhiên liệu Máy dầu
Hyundai Santa Fe 2.5 Xăng Cao cấp 2024,1219000000.0,Năm SX 2024,Kiểu dáng SUV,Tình trạng Xe cũ,Xuất xứ Trong nước,Km đã đi 40.000 km,"Tỉnh thành
Hà Nội",Hộp số Số tự động,Nhiên liệu Máy xăng
Ford Explorer 2.3L Ecoboost 2023,1780000000.0,Năm SX 2023,Kiểu dáng SUV,Tình trạng Xe cũ,Xuất xứ Nhập khẩu,Km đã đi 10.000 km,"Tỉnh thành
Hà Nội",Hộp số Số tự động,Nhiên liệu Máy xăng
Toyota Land Cruiser Prado GX 2019,1929000000.0,Năm SX 2019,Kiểu dáng SUV,Tình trạng Xe cũ,Xuất xứ Nhập khẩu,Km đã đi 100.000 km,"Tỉnh thành
Hà Nội",Hộp số Số tự động,Nhiên liệu Máy xăng
Daewoo Matiz 2009,138000000.0,Năm SX 2009,Kiểu dáng Hatchback,Tình trạng Xe cũ,Xuất xứ Nhập khẩu,Km đã đi 200.000 km,"Tỉnh thành
Hải Phòng",Hộp số Số tự động,Nhiên liệu Máy xăng
Ford Territory Titanium X 2025,875000000.0,Năm SX 2025,Kiểu dáng SUV,Tình trạng Xe cũ,Xuất xứ Nhập khẩu,Km đã đi 2.000 km,"Tỉnh thành
Hà Nội",Hộp số Số tự động,Nhiên liệu Máy xăng
Toyota Camry 2.0G 2021,835000000.0,Năm SX 2021,Kiểu dáng Sedan,Tình trạng Xe cũ,Xuất xứ Trong nước,Km đã đi 20.000 km,"Tỉnh thành
Hà Nội",Hộp số Số tự động,Nhiên liệu Máy xăng
Ford Everest Titanium 2.0L AT 4WD 2022,1265000000.0,Năm SX 2022,Kiểu dáng SUV,Tình trạng Xe cũ,Xuất xứ Nhập khẩu,Km đã đi 70.000 km,"Tỉnh thành
Hà Nội",Hộp số Số tự động,Nhiên liệu Máy dầu
Kia Cerato 1.6 AT Deluxe 2016,368000000.0,Năm SX 2016,Kiểu dáng Sedan,Tình trạng Xe cũ,Xuất xứ Trong nước,Km đã đi 130.000 km,"Tỉnh thành
Hải Phòng",Hộp số Số tự động,Nhiên liệu Máy xăng
Mazda 2 1.5AT 2015,295000000.0,Năm SX 2015,Kiểu dáng Sedan,Tình trạng Xe cũ,Xuất xứ Nhập khẩu,Km đã đi 120.000 km,"Tỉnh thành
Hải Phòng",Hộp số Số tự động,Nhiên liệu Máy xăng
Kia K5 2.0 Luxury 2022,645000000.0,Năm SX 2022,Kiểu dáng Sedan,Tình trạng Xe cũ,Xuất xứ Trong nước,Km đã đi 58.000 km,"Tỉnh thành
Hà Nội",Hộp số Số tự động,Nhiên liệu Máy xăng
Toyota Camry 2.5Q 2022,1150000000.0,Năm SX 2022,Kiểu dáng Sedan,Tình trạng Xe cũ,Xuất xứ Trong nước,Km đã đi 32.000 km,"Tỉnh thành
Hà Nội",Hộp số Số tự động,Nhiên liệu Máy xăng
Mercedes-Benz C200 2015,575000000.0,Năm SX 2015,Kiểu dáng Sedan,Tình trạng Xe cũ,Xuất xứ Trong nước,Km đã đi 60.000 km,"Tỉnh thành
Tp.HCM",Hộp số Số tự động,Nhiên liệu Máy xăng
Toyota Fortuner 2.4 AT 4x2 Legender 2022,1035000000.0,Năm SX 2022,Kiểu dáng SUV,Tình trạng Xe cũ,Xuất xứ Trong nước,Km đã đi 20.000 km,"Tỉnh thành
Tp.HCM",Hộp số Số tự động,Nhiên liệu Máy dầu
Toyota Fortuner 2.4 MT 4x2 2019,775000000.0,Năm SX 2019,Kiểu dáng SUV,Tình trạng Xe cũ,Xuất xứ Trong nước,Km đã đi 20.000 km,"Tỉnh thành
Tp.HCM",Hộp số Số sàn,Nhiên liệu Máy dầu
Ford Ranger XLS 2.2 4x2 AT 2022,545000000.0,Năm SX 2022,Kiểu dáng Bán tải,Tình trạng Xe cũ,Xuất xứ Trong nước,Km đã đi 40.000 km,"Tỉnh thành
Hưng Yên",Hộp số Số tự động,Nhiên liệu Máy xăng
Hyundai Grand i10 Hatchback 1.2 AT 2023,385000000.0,Năm SX 2023,Kiểu dáng Hatchback,Tình trạng Xe cũ,Xuất xứ Trong nước,Km đã đi 20.000 km,"Tỉnh thành
Hà Nội",Hộp số Số tự động,Nhiên liệu Máy xăng
Kia K140 2016,245000000.0,Năm SX 2016,Kiểu dáng Xe tải,Tình trạng Xe cũ,Xuất xứ Trong nước,Km đã đi 80.000 km,"Tỉnh thành
Hà Nội",Hộp số Số sàn,Nhiên liệu Máy dầu
Porsche Macan tiêu chuẩn 2020,2299000000.0,Năm SX 2020,Kiểu dáng SUV,Tình trạng Xe cũ,Xuất xứ Nhập khẩu,Km đã đi 56.000 km,"Tỉnh thành
Tp.HCM",Hộp số Số tự động,Nhiên liệu Máy xăng
Mercedes-Benz S450L 2018,1999000000.0,Năm SX 2018,Kiểu dáng Sedan,Tình trạng Xe cũ,Xuất xứ Nhập khẩu,Km đã đi 68.000 km,"Tỉnh thành
Tp.HCM",Hộp số Số tự động,Nhiên liệu Máy xăng
Porsche Macan tiêu chuẩn 2021,2999000000.0,Năm SX 2021,Kiểu dáng SUV,Tình trạng Xe cũ,Xuất xứ Nhập khẩu,Km đã đi 55.000 km,"Tỉnh thành
Tp.HCM",Hộp số Số tự động,Nhiên liệu Máy xăng
Honda City 1.5 TOP CVT 2019,395000000.0,Năm SX 2019,Kiểu dáng Sedan,Tình trạng Xe cũ,Xuất xứ Trong nước,Km đã đi 59.000 km,"Tỉnh thành
Hà Nội",Hộp số Số tự động,Nhiên liệu Máy xăng
Kia Carnival 2025,1800000000.0,Năm SX 2025,Kiểu dáng MPV,Tình trạng Xe cũ,Xuất xứ Trong nước,Km đã đi 1.000 km,"Tỉnh thành
Hải Phòng",Hộp số Số tự động,Nhiên liệu Hybrid
Mercedes-Benz S400 3.0 V6 2014,1100000000.0,Năm SX 2014,Kiểu dáng Sedan,Tình trạng Xe cũ,Xuất xứ Trong nước,Km đã đi 109.134 km,"Tỉnh thành
Tp.HCM",Hộp số Số tự động,Nhiên liệu Máy xăng
Ford Ranger XLS 2.0L 4x2 AT 2023,630000000.0,Năm SX 2023,Kiểu dáng Bán tải,Tình trạng Xe cũ,Xuất xứ Trong nước,Km đã đi 36.000 km,"Tỉnh thành
Tp.HCM",Hộp số Số tự động,Nhiên liệu Máy xăng
Kia K3 2.0 Premium 2022,579000000.0,Năm SX 2022,Na,Tình trạng Xe cũ,Xuất xứ Trong nước,Km đã đi 37.000 km,"Tỉnh thành
Tp.HCM",Hộp số Số tự động,Nhiên liệu Máy xăng
Hyundai Elantra   2.0 AT 2021,518000000.0,Năm SX 2021,Kiểu dáng Sedan,Tình trạng Xe cũ,Xuất xứ Trong nước,Km đã đi 30.000 km,"Tỉnh thành
Tp.HCM",Hộp số Số tự động,Nhiên liệu Máy xăng
BMW 320i 2024,1598000000.0,Năm SX 2024,Na,Tình trạng Xe cũ,Xuất xứ Trong nước,Km đã đi 9.000 km,"Tỉnh thành
Tp.HCM",Hộp số Số tự động,Nhiên liệu Máy xăng
Toyota Land Cruiser VX 4.6 V8 2019,3800000000.0,Năm SX 2019,Kiểu dáng SUV,Tình trạng Xe cũ,Xuất xứ Nhập khẩu,Km đã đi 140.000 km,"Tỉnh thành
Hà Nội",Hộp số Số tự động,Nhiên liệu Máy xăng
Hyundai Santa Fe 2.4L Xăng Đặc biệt 2018,580000000.0,Năm SX 2018,Kiểu dáng SUV,Tình trạng Xe cũ,Xuất xứ Trong nước,Km đã đi 122.000 km,"Tỉnh thành
Bình Định",Hộp số Số tự động,Nhiên liệu Máy xăng
Kia Sonet 1.5 Premium 2022,518000000.0,Năm SX 2022,Kiểu dáng SUV,Tình trạng Xe cũ,Xuất xứ Trong nước,Km đã đi 67.000 km,"Tỉnh thành
Bình Định",Hộp số Số tự động,Nhiên liệu Máy xăng
Toyota Corolla Altis 1.8 G 2009,280000000.0,Năm SX 2009,Kiểu dáng Sedan,Tình trạng Xe cũ,Xuất xứ Trong nước,Km đã đi 107.000 km,"Tỉnh thành
Bình Định",Hộp số Số tự động,Nhiên liệu Máy xăng
Hyundai Grand i10 Hatchback 1.2 AT 2010,185000000.0,Năm SX 2010,Kiểu dáng Hatchback,Tình trạng Xe cũ,Xuất xứ Trong nước,Km đã đi 140 km,"Tỉnh thành
Bình Định",Hộp số Số tự động,Nhiên liệu Máy xăng
Lexus RX 350 F-Sport 2009,719000000.0,Năm SX 2009,Kiểu dáng SUV,Tình trạng Xe cũ,Xuất xứ Nhập khẩu,Km đã đi 70.000 km,"Tỉnh thành
Hà Nội",Hộp số Số tự động,Nhiên liệu Máy xăng
Kia Seltos 1.4 Premium 2022,628000000.0,Năm SX 2022,Kiểu dáng SUV,Tình trạng Xe cũ,Xuất xứ Trong nước,Km đã đi 40.000 km,"Tỉnh thành
Hải Phòng",Hộp số Số tự động,Nhiên liệu Máy xăng
Mazda CX-5 2.0 Premium 2020,669000000.0,Năm SX 2020,Kiểu dáng SUV,Tình trạng Xe cũ,Xuất xứ Trong nước,Km đã đi 70.000 km,"Tỉnh thành
Hải Phòng",Hộp số Số tự động,Nhiên liệu Máy xăng
Mazda 3 1.5L Sedan 2023,538000000.0,Năm SX 2023,Kiểu dáng Sedan,Tình trạng Xe cũ,Xuất xứ Trong nước,Km đã đi 30.000 km,"Tỉnh thành
Hải Phòng",Hộp số Số tự động,Nhiên liệu Máy xăng
Kia Sonet 1.5 Premium 2023,568000000.0,Năm SX 2023,Kiểu dáng SUV,Tình trạng Xe cũ,Xuất xứ Trong nước,Km đã đi 31.000 km,"Tỉnh thành
Hải Phòng",Hộp số Số tự động,Nhiên liệu Máy xăng
Hyundai Creta 1.5L Đặc biệt 2022,565000000.0,Năm SX 2022,Kiểu dáng SUV,Tình trạng Xe cũ,Xuất xứ Nhập khẩu,Km đã đi 39.000 km,"Tỉnh thành
Hải Phòng",Hộp số Số tự động,Nhiên liệu Máy xăng
Hyundai Elantra   2.0 AT 2021,490000000.0,Năm SX 2021,Kiểu dáng Sedan,Tình trạng Xe cũ,Xuất xứ Trong nước,Km đã đi 40.000 km,"Tỉnh thành
Hà Nội",Hộp số Số tự động,Nhiên liệu Máy xăng
Mercedes-Benz E200 Exclusive V1 2022,1699000000.0,Năm SX 2022,Kiểu dáng Sedan,Tình trạng Xe cũ,Xuất xứ Trong nước,Km đã đi 30.000 km,"Tỉnh thành
Hà Nội",Hộp số Số tự động,Nhiên liệu Máy xăng
Mercedes-Benz GLS 450 4Matic 2021,3850000000.0,Năm SX 2021,Kiểu dáng SUV,Tình trạng Xe cũ,Xuất xứ Nhập khẩu,Km đã đi 53.000 km,"Tỉnh thành
Tp.HCM",Hộp số Số tự động,Nhiên liệu Máy xăng
Mercedes-Benz GLC 300 4Matic 2017,899000000.0,Năm SX 2017,Kiểu dáng SUV,Tình trạng Xe cũ,Xuất xứ Nhập khẩu,Km đã đi 66.000 km,"Tỉnh thành
Tp.HCM",Hộp số Số tự động,Nhiên liệu Máy xăng
Toyota Fortuner 2.7V 2015,419000000.0,Năm SX 2015,Kiểu dáng SUV,Tình trạng Xe cũ,Xuất xứ Trong nước,Km đã đi 140.000 km,"Tỉnh thành
Hà Nội",Hộp số Số tự động,Nhiên liệu Máy xăng
Ford Tourneo Titanium 2019,595000000.0,Năm SX 2019,Kiểu dáng MPV,Tình trạng Xe cũ,Xuất xứ Nhập khẩu,Km đã đi 90.000 km,"Tỉnh thành
Hà Nội",Hộp số Số tự động,Nhiên liệu Máy xăng
Toyota Corolla Cross 1.8 G 2022,645000000.0,Năm SX 2022,Kiểu dáng Crossover,Tình trạng Xe cũ,Xuất xứ Trong nước,Km đã đi 60.000 km,"Tỉnh thành
Hà Nội",Hộp số Số tự động,Nhiên liệu Máy xăng
Ford EcoSport Titanium 1.5L AT 2014,259000000.0,Năm SX 2014,Kiểu dáng SUV,Tình trạng Xe cũ,Xuất xứ Trong nước,Km đã đi 100.000 km,"Tỉnh thành
Hà Nội",Hộp số Số tự động,Nhiên liệu Máy xăng
Lexus LX 570 Super Sport 2019,7449000000.0,Năm SX 2019,Kiểu dáng SUV,Tình trạng Xe cũ,Xuất xứ Nhập khẩu,Km đã đi 41.000 km,"Tỉnh thành
Tp.HCM",Hộp số Số tự động,Nhiên liệu Máy xăng
Lexus RX 350 Luxury 2023,4379000000.0,Năm SX 2023,Kiểu dáng SUV,Tình trạng Xe cũ,Xuất xứ Nhập khẩu,Km đã đi 10.000 km,"Tỉnh thành
Tp.HCM",Hộp số Số tự động,Nhiên liệu Máy xăng
Toyota Alphard Executive Lounge 2019,2979000000.0,Năm SX 2019,Kiểu dáng MPV,Tình trạng Xe cũ,Xuất xứ Nhập khẩu,Km đã đi 62.000 km,"Tỉnh thành
Tp.HCM",Hộp số Số tự động,Nhiên liệu Máy xăng
Mercedes-Benz S450L 4Matic 2019,2450000000.0,Năm SX 2019,Kiểu dáng Sedan,Tình trạng Xe cũ,Xuất xứ Nhập khẩu,Km đã đi 29.000 km,"Tỉnh thành
Tp.HCM",Hộp số Số tự động,Nhiên liệu Máy xăng
Audi Q8 55 TFSI Quattro 2021,2980000000.0,Năm SX 2021,Kiểu dáng SUV,Tình trạng Xe cũ,Xuất xứ Nhập khẩu,Km đã đi 23.999 km,"Tỉnh thành
Tp.HCM",Hộp số Số tự động,Nhiên liệu Máy xăng
BMW X5 xDrive 40i xLine Plus 2024,4099000000.0,Năm SX 2024,Kiểu dáng SUV,Tình trạng Xe cũ,Xuất xứ Nhập khẩu,Km đã đi 4.000 km,"Tỉnh thành
Tp.HCM",Hộp số Số tự động,Nhiên liệu Máy xăng
Mercedes-Benz C200 2.0 AT 2019,885000000.0,Năm SX 2019,Kiểu dáng Sedan,Tình trạng Xe cũ,Xuất xứ Trong nước,Km đã đi 9.000 km,"Tỉnh thành
Tp.HCM",Hộp số Số tự động,Nhiên liệu Máy xăng
Mercedes-Benz Maybach S450 4Matic 2019,3879000000.0,Năm SX 2019,Kiểu dáng Sedan,Tình trạng Xe cũ,Xuất xứ Nhập khẩu,Km đã đi 38.000 km,"Tỉnh thành
Tp.HCM",Hộp số Số tự động,Nhiên liệu Máy xăng
Lexus RX 350L 2023,4089000000.0,Năm SX 2023,Kiểu dáng SUV,Tình trạng Xe cũ,Xuất xứ Nhập khẩu,Km đã đi 5.000 km,"Tỉnh thành
Tp.HCM",Hộp số Số tự động,Nhiên liệu Máy xăng
Kia Cerato 2.0 AT Premium 2019,450000000.0,Năm SX 2019,Kiểu dáng Sedan,Tình trạng Xe cũ,Xuất xứ Trong nước,Km đã đi 76.000 km,"Tỉnh thành
Hà Nội",Hộp số Số tự động,Nhiên liệu Máy xăng
VinFast Fadil Cao cấp 2020,335000000.0,Năm SX 2020,Kiểu dáng Hatchback,Tình trạng Xe cũ,Xuất xứ Trong nước,Km đã đi 25.000 km,"Tỉnh thành
Hà Nội",Hộp số Số tự động,Nhiên liệu Máy xăng
Hyundai Grand i10 1.0 AT 2015,238000000.0,Năm SX 2015,Kiểu dáng Hatchback,Tình trạng Xe cũ,Xuất xứ Nhập khẩu,Km đã đi 120.840 km,"Tỉnh thành
Hải Phòng",Hộp số Số tự động,Nhiên liệu Máy xăng
Kia Sportage 1.6 T Signature X-line AWD 2024,900000000.0,Năm SX 2024,Kiểu dáng SUV,Tình trạng Xe cũ,Xuất xứ Nhập khẩu,Km đã đi 6.666 km,"Tỉnh thành
Tp.HCM",Hộp số Số tự động,Nhiên liệu Máy xăng
Suzuki XL7 1.5L 2022,460000000.0,Năm SX 2022,Kiểu dáng SUV,Tình trạng Xe cũ,Xuất xứ Nhập khẩu,Km đã đi 95.000 km,"Tỉnh thành
Tp.HCM",Hộp số Số tự động,Nhiên liệu Máy xăng
Toyota Vios 1.5E MT 2013,175000000.0,Năm SX 2013,Kiểu dáng Sedan,Tình trạng Xe cũ,Xuất xứ Trong nước,Km đã đi 150.000 km,"Tỉnh thành
Hải Phòng",Hộp số Số sàn,Nhiên liệu Máy xăng
Mazda 3 1.5L Sedan 2018,428000000.0,Năm SX 2018,Kiểu dáng Sedan,Tình trạng Xe cũ,Xuất xứ Trong nước,Km đã đi 82.000 km,"Tỉnh thành
Hải Phòng",Hộp số Số tự động,Nhiên liệu Máy xăng
Hyundai Grand i10 Sedan 1.2 AT 2017,295000000.0,Năm SX 2017,Kiểu dáng Sedan,Tình trạng Xe cũ,Xuất xứ Trong nước,Km đã đi 60.243 km,"Tỉnh thành
Hải Phòng",Hộp số Số tự động,Nhiên liệu Máy xăng
Toyota Vios 1.3J MT 2016,228000000.0,Năm SX 2016,Kiểu dáng Sedan,Tình trạng Xe cũ,Xuất xứ Trong nước,Km đã đi 120.000 km,"Tỉnh thành
Hải Phòng",Hộp số Số sàn,Nhiên liệu Máy xăng
Hyundai Accent 1.4 AT 2018,379000000.0,Năm SX 2018,Kiểu dáng Sedan,Tình trạng Xe cũ,Xuất xứ Trong nước,Km đã đi 94.548 km,"Tỉnh thành
Hải Phòng",Hộp số Số tự động,Nhiên liệu Máy xăng
Kia K3 1.6AT 2013,298000000.0,Năm SX 2013,Kiểu dáng Sedan,Tình trạng Xe cũ,Xuất xứ Trong nước,Km đã đi 110.275 km,"Tỉnh thành
Hải Phòng",Hộp số Số tự động,Nhiên liệu Máy xăng
Toyota Corolla 1.6 XLi 2009,255000000.0,Năm SX 2009,Kiểu dáng Sedan,Tình trạng Xe cũ,Xuất xứ Nhập khẩu,Km đã đi 120.000 km,"Tỉnh thành
Hà Nội",Hộp số Số tự động,Nhiên liệu Máy xăng
Mitsubishi Pajero Sport D 4x2 AT 2019,715000000.0,Năm SX 2019,Kiểu dáng SUV,Tình trạng Xe cũ,Xuất xứ Trong nước,Km đã đi 55.000 km,"Tỉnh thành
Tp.HCM",Hộp số Số tự động,Nhiên liệu Máy dầu
Mercedes-Benz GLC 300 2019,1150000000.0,Năm SX 2019,Na,Tình trạng Xe cũ,Xuất xứ Trong nước,Km đã đi 50.000 km,"Tỉnh thành
Hà Nội",Hộp số Số tự động,Nhiên liệu Máy xăng
Mercedes-Benz GLC 200 4Matic 2021,1280000000.0,Năm SX 2021,Kiểu dáng SUV,Tình trạng Xe cũ,Xuất xứ Trong nước,Km đã đi 40.000 km,"Tỉnh thành
Hà Nội",Hộp số Số tự động,Nhiên liệu Máy xăng
Mercedes-Benz AMG G63 2021,8950000000.0,Năm SX 2021,Kiểu dáng SUV,Tình trạng Xe cũ,Xuất xứ Nhập khẩu,Km đã đi 30.000 km,"Tỉnh thành
Hà Nội",Hộp số Số tự động,Nhiên liệu Máy xăng
VinFast VF8 Eco 2023,770000000.0,Năm SX 2023,Kiểu dáng SUV,Tình trạng Xe cũ,Xuất xứ Trong nước,Km đã đi 42.000 km,"Tỉnh thành
Bình Dương",Hộp số Số tự động,Nhiên liệu Điện
VinFast VF8 Plus 2022,840000000.0,Năm SX 2022,Na,Tình trạng Xe cũ,Xuất xứ Trong nước,Km đã đi 50.000 km,"Tỉnh thành
Bình Dương",Hộp số Số tự động,Nhiên liệu Điện
VinFast VF8 Eco 2023,800000000.0,Năm SX 2023,Kiểu dáng SUV,Tình trạng Xe cũ,Xuất xứ Trong nước,Km đã đi 48.000 km,"Tỉnh thành
Bình Dương",Hộp số Số tự động,Nhiên liệu Điện
Hyundai Accent 1.4 AT 2018,345000000.0,Năm SX 2018,Kiểu dáng Sedan,Tình trạng Xe cũ,Xuất xứ Trong nước,Km đã đi 80 km,"Tỉnh thành
Thanh Hóa",Hộp số Số tự động,Nhiên liệu Máy xăng
Toyota Raize 2022,445000000.0,Năm SX 2022,Kiểu dáng Crossover,Tình trạng Xe cũ,Xuất xứ Nhập khẩu,Km đã đi 40.000 km,"Tỉnh thành
Thanh Hóa",Hộp số Số tự động,Nhiên liệu Máy xăng
Ford Ranger XLS 2.2 4x2 AT 2020,529000000.0,Năm SX 2020,Kiểu dáng Bán tải,Tình trạng Xe cũ,Xuất xứ Trong nước,Km đã đi 55.000 km,"Tỉnh thành
Hà Nội",Hộp số Số tự động,Nhiên liệu Máy dầu
Toyota Fortuner 2.7 V 4X2 AT 2015,450000000.0,Năm SX 2015,Kiểu dáng SUV,Tình trạng Xe cũ,Xuất xứ Trong nước,Km đã đi 90.000 km,"Tỉnh thành
Hà Nội",Hộp số Số tự động,Nhiên liệu Máy xăng
Toyota Veloz Cross 1.5 CVT 2022,495000000.0,Năm SX 2022,Kiểu dáng Crossover,Tình trạng Xe cũ,Xuất xứ Nhập khẩu,Km đã đi 50.000 km,"Tỉnh thành
Hà Nội",Hộp số Số tự động,Nhiên liệu Máy xăng
VinFast LUX A2.0 Cao cấp 2020,508000000.0,Năm SX 2020,Kiểu dáng Sedan,Tình trạng Xe cũ,Xuất xứ Trong nước,Km đã đi 69.000 km,"Tỉnh thành
Hà Nội",Hộp số Số tự động,Nhiên liệu Máy xăng
Ford Everest Titanium 2.0 AT 4x2 2023,1225000000.0,Năm SX 2023,Kiểu dáng SUV,Tình trạng Xe cũ,Xuất xứ Nhập khẩu,Km đã đi 22.000 km,"Tỉnh thành
Hà Nội",Hộp số Số tự động,Nhiên liệu Máy dầu
Toyota Fortuner 2.5G 4x2 MT 2013,455000000.0,Năm SX 2013,Kiểu dáng SUV,Tình trạng Xe cũ,Xuất xứ Trong nước,Km đã đi 80.000 km,"Tỉnh thành
Hà Nội",Hộp số Số sàn,Nhiên liệu Máy xăng
Honda City RS 2023,479000000.0,Năm SX 2023,Kiểu dáng Sedan,Tình trạng Xe cũ,Xuất xứ Trong nước,Km đã đi 1.200 km,"Tỉnh thành
Hà Nội",Hộp số Số tự động,Nhiên liệu Máy xăng
Hyundai Sonata 2.0L-6AT 2009,199000000.0,Năm SX 2009,Kiểu dáng Sedan,Tình trạng Xe cũ,Xuất xứ Nhập khẩu,Km đã đi 120.000 km,"Tỉnh thành
Hà Nội",Hộp số Số tự động,Nhiên liệu Máy xăng
Ford Explorer Limited 2017,830000000.0,Năm SX 2017,Kiểu dáng SUV,Tình trạng Xe cũ,Xuất xứ Nhập khẩu,Km đã đi 80.000 km,"Tỉnh thành
Hà Nội",Hộp số Số tự động,Nhiên liệu Máy xăng
VinFast LUX A2.0 Cao cấp 2020,545000000.0,Năm SX 2020,Kiểu dáng Sedan,Tình trạng Xe cũ,Xuất xứ Trong nước,Km đã đi 60.000 km,"Tỉnh thành
Hà Nội",Hộp số Số tự động,Nhiên liệu Máy xăng
Mitsubishi Attrage CVT 2021,299000000.0,Năm SX 2021,Kiểu dáng Sedan,Tình trạng Xe cũ,Xuất xứ Nhập khẩu,Km đã đi 80.000 km,"Tỉnh thành
Bình Dương",Hộp số Số tự động,Nhiên liệu Máy xăng
Mercedes-Benz AMG G63 4.0 v8 2022,10200000000.0,Năm SX 2022,Kiểu dáng SUV,Tình trạng Xe cũ,Xuất xứ Nhập khẩu,Km đã đi 17.000 km,"Tỉnh thành
Hà Nội",Hộp số Số tự động,Nhiên liệu Máy xăng
Mitsubishi Xpander 1.5 AT  2023,499000000.0,Năm SX 2023,Kiểu dáng MPV,Tình trạng Xe cũ,Xuất xứ Nhập khẩu,Km đã đi 36.000 km,"Tỉnh thành
Bình Dương",Hộp số Số tự động,Nhiên liệu Máy xăng
Kia Morning Luxury 2020,299000000.0,Năm SX 2020,Kiểu dáng Hatchback,Tình trạng Xe cũ,Xuất xứ Trong nước,Km đã đi 60.000 km,"Tỉnh thành
Bình Dương",Hộp số Số tự động,Nhiên liệu Máy xăng
Kia Soluto AT Deluxe 2020,319000000.0,Năm SX 2020,Kiểu dáng Sedan,Tình trạng Xe cũ,Xuất xứ Trong nước,Km đã đi 26.000 km,"Tỉnh thành
Bình Dương",Hộp số Số tự động,Nhiên liệu Máy xăng
VinFast Fadil Nâng Cao 2022,329000000.0,Năm SX 2022,Kiểu dáng Hatchback,Tình trạng Xe cũ,Xuất xứ Trong nước,Km đã đi 30.000 km,"Tỉnh thành
Bình Dương",Hộp số Số tự động,Nhiên liệu Máy xăng
VinFast LUX SA2.0 Cao cấp 2020,669000000.0,Năm SX 2020,Kiểu dáng SUV,Tình trạng Xe cũ,Xuất xứ Trong nước,Km đã đi 89.000 km,"Tỉnh thành
Bình Dương",Hộp số Số tự động,Nhiên liệu Máy xăng
Suzuki Ertiga Hybrid Ertiga AT 2022,429000000.0,Năm SX 2022,Na,Tình trạng Xe cũ,Xuất xứ Nhập khẩu,Km đã đi 58.000 km,"Tỉnh thành
Bình Dương",Hộp số Số tự động,Nhiên liệu Máy xăng
Toyota Camry 2.5Q 2020,865000000.0,Năm SX 2020,Kiểu dáng Sedan,Tình trạng Xe cũ,Xuất xứ Trong nước,Km đã đi 80.000 km,"Tỉnh thành
Hà Nội",Hộp số Số tự động,Nhiên liệu Máy xăng
Kia Morning Si 1.25 AT 2016,245000000.0,Năm SX 2016,Kiểu dáng Hatchback,Tình trạng Xe cũ,Xuất xứ Trong nước,Km đã đi 89.000 km,"Tỉnh thành
Bình Dương",Hộp số Số tự động,Nhiên liệu Máy xăng
Kia Morning AT 2011,219000000.0,Năm SX 2011,Kiểu dáng Hatchback,Tình trạng Xe cũ,Xuất xứ Nhập khẩu,Km đã đi 133.000 km,"Tỉnh thành
Bình Dương",Hộp số Số tự động,Nhiên liệu Máy xăng
Subaru Tribeca 3.6R 2013,439000000.0,Năm SX 2013,Kiểu dáng SUV,Tình trạng Xe cũ,Xuất xứ Nhập khẩu,Km đã đi 130.000 km,"Tỉnh thành
Bình Dương",Hộp số Số tự động,Nhiên liệu Máy xăng
Chevrolet Cruze LTZ 2017,289000000.0,Năm SX 2017,Kiểu dáng Sedan,Tình trạng Xe cũ,Xuất xứ Trong nước,Km đã đi 58.000 km,"Tỉnh thành
Bình Dương",Hộp số Số tự động,Nhiên liệu Máy xăng
Mitsubishi Attrage CVT 2021,329000000.0,Năm SX 2021,Kiểu dáng Sedan,Tình trạng Xe cũ,Xuất xứ Nhập khẩu,Km đã đi 73.000 km,"Tỉnh thành
Bình Dương",Hộp số Số tự động,Nhiên liệu Máy xăng
Mitsubishi Attrage CVT 2021,329000000.0,Năm SX 2021,Kiểu dáng Sedan,Tình trạng Xe cũ,Xuất xứ Nhập khẩu,Km đã đi 73.000 km,"Tỉnh thành
Bình Dương",Hộp số Số tự động,Nhiên liệu Máy xăng
VinFast VF8 Eco 2023,738000000.0,Năm SX 2023,Kiểu dáng SUV,Tình trạng Xe cũ,Xuất xứ Trong nước,Km đã đi 100 km,"Tỉnh thành
Hà Nội",Hộp số Số tự động,Nhiên liệu Điện
VinFast VF8 Eco 2024,809000000.0,Năm SX 2024,Kiểu dáng SUV,Tình trạng Xe cũ,Xuất xứ Trong nước,Km đã đi 30 km,"Tỉnh thành
Hà Nội",Hộp số Số tự động,Nhiên liệu Điện
Hyundai Grand i10 2014,126000000.0,Năm SX 2014,Kiểu dáng Hatchback,Tình trạng Xe cũ,Xuất xứ Nhập khẩu,Km đã đi 78.000 km,"Tỉnh thành
Hà Tĩnh",Hộp số Số sàn,Nhiên liệu Máy xăng
Mercedes-Benz C250 AMG 2010,220000000.0,Năm SX 2010,Kiểu dáng Sedan,Tình trạng Xe cũ,Xuất xứ Nhập khẩu,Km đã đi 81.000 km,"Tỉnh thành
Nghệ An",Hộp số Số tự động,Nhiên liệu Máy xăng
Hyundai Grand i10 2014,118000000.0,Năm SX 2014,Kiểu dáng Hatchback,Tình trạng Xe cũ,Xuất xứ Nhập khẩu,Km đã đi 101.000 km,"Tỉnh thành
Hà Tĩnh",Hộp số Số sàn,Nhiên liệu Máy xăng
VinFast VF8 S 2024,849000000.0,Năm SX 2024,Kiểu dáng SUV,Tình trạng Xe cũ,Xuất xứ Trong nước,Km đã đi 40 km,"Tỉnh thành
Hải Phòng",Hộp số Số tự động,Nhiên liệu Điện
VinFast VF8 S 2024,855000000.0,Năm SX 2024,Kiểu dáng SUV,Tình trạng Xe cũ,Xuất xứ Trong nước,Km đã đi 30 km,"Tỉnh thành
Hà Nội",Hộp số Số tự động,Nhiên liệu Điện
Kia Seltos 1.6 Luxury 2024,635000000.0,Năm SX 2024,Kiểu dáng SUV,Tình trạng Xe cũ,Xuất xứ Trong nước,Km đã đi 22.000 km,"Tỉnh thành
Tp.HCM",Hộp số Số tự động,Nhiên liệu Máy xăng
VinFast VF8 2023,760000000.0,Năm SX 2023,Na,Tình trạng Xe cũ,Xuất xứ Trong nước,Km đã đi 32.000 km,"Tỉnh thành
Tp.HCM",Hộp số Số tự động,Nhiên liệu Máy xăng
Mercedes-Benz GLC 200 4Matic 2023,1920000000.0,Năm SX 2023,Kiểu dáng SUV,Tình trạng Xe cũ,Xuất xứ Trong nước,Km đã đi 9.000 km,"Tỉnh thành
Hà Nội",Hộp số Số tự động,Nhiên liệu Máy xăng
Honda CR-V 2.4L TG 2012,335000000.0,Năm SX 2012,Kiểu dáng SUV,Tình trạng Xe cũ,Xuất xứ Nhập khẩu,Km đã đi 100.000 km,"Tỉnh thành
Hà Nội",Hộp số Số tự động,Nhiên liệu Máy xăng
Mercedes-Benz GLC 200 2021,1280000000.0,Năm SX 2021,Kiểu dáng SUV,Tình trạng Xe cũ,Xuất xứ Trong nước,Km đã đi 50.000 km,"Tỉnh thành
Hà Nội",Hộp số Số tự động,Nhiên liệu Máy xăng
Lexus LX 570 Super Sport 2018,6100000000.0,Năm SX 2018,Kiểu dáng SUV,Tình trạng Xe cũ,Xuất xứ Nhập khẩu,Km đã đi 70.000 km,"Tỉnh thành
Hà Nội",Hộp số Số tự động,Nhiên liệu Máy xăng
BMW X5 xDrive40i xLine 2019,2100000000.0,Năm SX 2019,Kiểu dáng SUV,Tình trạng Xe cũ,Xuất xứ Nhập khẩu,Km đã đi 65.000 km,"Tỉnh thành
Hà Nội",Hộp số Số tự động,Nhiên liệu Máy xăng
Mercedes-Benz E180 1.5 I4 2020,970000000.0,Năm SX 2020,Kiểu dáng Sedan,Tình trạng Xe cũ,Xuất xứ Trong nước,Km đã đi 55.000 km,"Tỉnh thành
Hà Nội",Hộp số Số tự động,Nhiên liệu Máy xăng
Lexus ES 250 F-Sport 2019,1850000000.0,Năm SX 2019,Kiểu dáng Sedan,Tình trạng Xe cũ,Xuất xứ Nhập khẩu,Km đã đi 68.000 km,"Tỉnh thành
Tp.HCM",Hộp số Số tự động,Nhiên liệu Máy xăng
Mazda 3 1.5L Sedan 2015,345000000.0,Năm SX 2015,Kiểu dáng Sedan,Tình trạng Xe cũ,Xuất xứ Trong nước,Km đã đi 88.000 km,"Tỉnh thành
Hà Nội",Hộp số Số tự động,Nhiên liệu Máy xăng
Lexus RX 350 2023,3250000000.0,Năm SX 2023,Kiểu dáng SUV,Tình trạng Xe cũ,Xuất xứ Nhập khẩu,Km đã đi 52.000 km,"Tỉnh thành
Hà Nội",Hộp số Số tự động,Nhiên liệu Máy xăng
Honda CR-V 1.5 L 2022,855000000.0,Năm SX 2022,Kiểu dáng SUV,Tình trạng Xe cũ,Xuất xứ Trong nước,Km đã đi 55.000 km,"Tỉnh thành
Hà Nội",Hộp số Số tự động,Nhiên liệu Máy xăng
Hyundai Grand i10 Hatchback 1.2 AT 2021,360000000.0,Năm SX 2021,Kiểu dáng Hatchback,Tình trạng Xe cũ,Xuất xứ Trong nước,Km đã đi 30.000 km,"Tỉnh thành
Hà Nội",Hộp số Số tự động,Nhiên liệu Máy xăng
Mercedes-Benz GLS 450 4Matic 2021,3889000000.0,Năm SX 2021,Kiểu dáng SUV,Tình trạng Xe cũ,Xuất xứ Nhập khẩu,Km đã đi 65.000 km,"Tỉnh thành
Hà Nội",Hộp số Số tự động,Nhiên liệu Máy xăng
Mercedes-Benz V250 Luxury 2020,1699000000.0,Năm SX 2020,Kiểu dáng MPV,Tình trạng Xe cũ,Xuất xứ Nhập khẩu,Km đã đi 36.000 km,"Tỉnh thành
Hà Nội",Hộp số Số tự động,Nhiên liệu Máy xăng
Hyundai Santa Fe 2.4L Xăng Cao cấp 2019,789000000.0,Năm SX 2019,Kiểu dáng SUV,Tình trạng Xe cũ,Xuất xứ Trong nước,Km đã đi 83.000 km,"Tỉnh thành
Hà Nội",Hộp số Số tự động,Nhiên liệu Máy xăng
Porsche Cayenne 3.0 2023,6579000000.0,Năm SX 2023,Kiểu dáng SUV,Tình trạng Xe cũ,Xuất xứ Nhập khẩu,Km đã đi 3.000 km,"Tỉnh thành
Hà Nội",Hộp số Số tự động,Nhiên liệu Máy xăng
Nissan Almera CVT Cao cấp 2021,409000000.0,Năm SX 2021,Kiểu dáng Sedan,Tình trạng Xe cũ,Xuất xứ Nhập khẩu,Km đã đi 53.000 km,"Tỉnh thành
Tp.HCM",Hộp số Số tự động,Nhiên liệu Máy xăng
Porsche Panamera 4 2021,5299000000.0,Năm SX 2021,Kiểu dáng Sedan,Tình trạng Xe cũ,Xuất xứ Nhập khẩu,Km đã đi 39.000 km,"Tỉnh thành
Tp.HCM",Hộp số Số tự động,Nhiên liệu Máy xăng
Mercedes-Benz S450L 2017,1799000000.0,Năm SX 2017,Kiểu dáng Sedan,Tình trạng Xe cũ,Xuất xứ Nhập khẩu,Km đã đi 70.000 km,"Tỉnh thành
Tp.HCM",Hộp số Số tự động,Nhiên liệu Máy xăng
Honda City RS 2023,485000000.0,Năm SX 2023,Kiểu dáng Sedan,Tình trạng Xe cũ,Xuất xứ Trong nước,Km đã đi 40.000 km,"Tỉnh thành
Hà Nội",Hộp số Số tự động,Nhiên liệu Máy xăng
Ford Ranger XLS 2.2 4x2 AT 2019,499000000.0,Năm SX 2019,Kiểu dáng Bán tải,Tình trạng Xe cũ,Xuất xứ Nhập khẩu,Km đã đi 92.000 km,"Tỉnh thành
Hà Nội",Hộp số Số tự động,Nhiên liệu Máy dầu
Mercedes-Benz E280 2008,195000000.0,Năm SX 2008,Kiểu dáng Sedan,Tình trạng Xe cũ,Xuất xứ Nhập khẩu,Km đã đi 260.000 km,"Tỉnh thành
Hà Nội",Hộp số Số tự động,Nhiên liệu Máy xăng
Peugeot 3008 GT Line 2022,820000000.0,Năm SX 2022,Na,Tình trạng Xe cũ,Xuất xứ Trong nước,Km đã đi 50.000 km,"Tỉnh thành
Hà Nội",Hộp số Số tự động,Nhiên liệu Máy xăng
Ford Ranger XLS 2.2 4x2 AT 2019,499000000.0,Năm SX 2019,Kiểu dáng Bán tải,Tình trạng Xe cũ,Xuất xứ Nhập khẩu,Km đã đi 92.000 km,"Tỉnh thành
Hà Nội",Hộp số Số tự động,Nhiên liệu Máy dầu
Mercedes-Benz E280 2008,195000000.0,Năm SX 2008,Kiểu dáng Sedan,Tình trạng Xe cũ,Xuất xứ Nhập khẩu,Km đã đi 260.000 km,"Tỉnh thành
Hà Nội",Hộp số Số tự động,Nhiên liệu Máy xăng
Peugeot 3008 GT Line 2022,820000000.0,Năm SX 2022,Na,Tình trạng Xe cũ,Xuất xứ Trong nước,Km đã đi 50.000 km,"Tỉnh thành
Hà Nội",Hộp số Số tự động,Nhiên liệu Máy xăng
Nissan Almera CVT Cao cấp 2021,419000000.0,Năm SX 2021,Kiểu dáng Sedan,Tình trạng Xe cũ,Xuất xứ Nhập khẩu,Km đã đi 64.000 km,"Tỉnh thành
Tp.HCM",Hộp số Số tự động,Nhiên liệu Máy xăng
Nissan Almera CVT 2023,400000000.0,Năm SX 2023,Kiểu dáng Sedan,Tình trạng Xe cũ,Xuất xứ Nhập khẩu,Km đã đi 69.000 km,"Tỉnh thành
Tp.HCM",Hộp số Số tự động,Nhiên liệu Máy xăng
Mercedes-Benz Maybach S450 4Matic 2018,3499000000.0,Năm SX 2018,Kiểu dáng Sedan,Tình trạng Xe cũ,Xuất xứ Nhập khẩu,Km đã đi 87.000 km,"Tỉnh thành
Tp.HCM",Hộp số Số tự động,Nhiên liệu Máy xăng
Kia Morning SLX 1.0 AT 2010,150000000.0,Năm SX 2010,Kiểu dáng Hatchback,Tình trạng Xe cũ,Xuất xứ Nhập khẩu,Km đã đi 170.000 km,"Tỉnh thành
Vĩnh Phúc",Hộp số Số tự động,Nhiên liệu Máy xăng
Kia Forte Koup 2010,228000000.0,Năm SX 2010,Kiểu dáng Coupe,Tình trạng Xe cũ,Xuất xứ Nhập khẩu,Km đã đi 100.000 km,"Tỉnh thành
Tp.HCM",Hộp số Số tự động,Nhiên liệu Máy xăng
Toyota Corolla Altis 1.8 G 2016,475000000.0,Năm SX 2016,Kiểu dáng Sedan,Tình trạng Xe cũ,Xuất xứ Trong nước,Km đã đi 35.000 km,"Tỉnh thành
Hà Nội",Hộp số Số tự động,Nhiên liệu Máy xăng
Toyota Innova 2.0G 2017,495000000.0,Năm SX 2017,Kiểu dáng MPV,Tình trạng Xe cũ,Xuất xứ Trong nước,Km đã đi 150.000 km,"Tỉnh thành
Hà Nội",Hộp số Số tự động,Nhiên liệu Máy xăng
Toyota Corolla Altis 1.8 G 2010,268000000.0,Năm SX 2010,Kiểu dáng Sedan,Tình trạng Xe cũ,Xuất xứ Trong nước,Km đã đi 170.000 km,"Tỉnh thành
Hà Nội",Hộp số Số tự động,Nhiên liệu Máy xăng
Toyota Corolla Altis 1.8 G 2010,269000000.0,Năm SX 2010,Kiểu dáng Sedan,Tình trạng Xe cũ,Xuất xứ Trong nước,Km đã đi 170.000 km,"Tỉnh thành
Hà Nội",Hộp số Số tự động,Nhiên liệu Máy xăng
Hyundai Grand i10 Hatchback 1.2 AT 2019,315000000.0,Năm SX 2019,Kiểu dáng Hatchback,Tình trạng Xe cũ,Xuất xứ Trong nước,Km đã đi 30.000 km,"Tỉnh thành
Hà Nội",Hộp số Số tự động,Nhiên liệu Máy xăng
Kia Morning 2018,278000000.0,Năm SX 2018,Kiểu dáng Hatchback,Tình trạng Xe cũ,Xuất xứ Trong nước,Km đã đi 50.000 km,"Tỉnh thành
Hà Nội",Hộp số Số tự động,Nhiên liệu Máy xăng
Honda City 1.5 CVT 2014,290000000.0,Năm SX 2014,Kiểu dáng Sedan,Tình trạng Xe cũ,Xuất xứ Trong nước,Km đã đi 90.000 km,"Tỉnh thành
Hà Nội",Hộp số Số tự động,Nhiên liệu Máy xăng
Hyundai Tucson 2.0 Tiêu chuẩn 2019,595000000.0,Năm SX 2019,Kiểu dáng SUV,Tình trạng Xe cũ,Xuất xứ Trong nước,Km đã đi 60.000 km,"Tỉnh thành
Hà Nội",Hộp số Số tự động,Nhiên liệu Máy xăng
Mercedes-Benz GLC 300 4Matic 2020,1539000000.0,Năm SX 2020,Kiểu dáng SUV,Tình trạng Xe cũ,Xuất xứ Nhập khẩu,Km đã đi 60.000 km,"Tỉnh thành
Hà Nội",Hộp số Số tự động,Nhiên liệu Máy xăng
Chevrolet Captiva LS 2.4 2007,148000000.0,Năm SX 2007,Kiểu dáng SUV,Tình trạng Xe cũ,Xuất xứ Trong nước,Km đã đi 195.000 km,"Tỉnh thành
Hà Nội",Hộp số Số sàn,Nhiên liệu Máy xăng
Toyota Corolla Cross 1.8 V  2022,725000000.0,Năm SX 2022,Kiểu dáng Crossover,Tình trạng Xe cũ,Xuất xứ Nhập khẩu,Km đã đi 49.486 km,"Tỉnh thành
Hà Nội",Hộp số Số tự động,Nhiên liệu Máy xăng
Mitsubishi Outlander 2.0 CVT 2023,735000000.0,Năm SX 2023,Kiểu dáng SUV,Tình trạng Xe cũ,Xuất xứ Trong nước,Km đã đi 42.438 km,"Tỉnh thành
Hà Nội",Hộp số Số tự động,Nhiên liệu Máy xăng
Mazda CX-5 2.0 Luxury 2021,675000000.0,Năm SX 2021,Kiểu dáng SUV,Tình trạng Xe cũ,Xuất xứ Trong nước,Km đã đi 65.819 km,"Tỉnh thành
Hà Nội",Hộp số Số tự động,Nhiên liệu Máy xăng
Mazda CX-5 2.0 Premium 2022,730000000.0,Năm SX 2022,Kiểu dáng SUV,Tình trạng Xe cũ,Xuất xứ Trong nước,Km đã đi 50.836 km,"Tỉnh thành
Hà Nội",Hộp số Số tự động,Nhiên liệu Máy xăng
VinFast LUX A2.0 Tiêu chuẩn 2022,535000000.0,Năm SX 2022,Kiểu dáng Sedan,Tình trạng Xe cũ,Xuất xứ Trong nước,Km đã đi 48.609 km,"Tỉnh thành
Hà Nội",Hộp số Số tự động,Nhiên liệu Máy xăng
Peugeot 5008 1.6L Turbo 2020,680000000.0,Năm SX 2020,Kiểu dáng SUV,Tình trạng Xe cũ,Xuất xứ Nhập khẩu,Km đã đi 54.420 km,"Tỉnh thành
Hà Nội",Hộp số Số tự động,Nhiên liệu Máy xăng
Ford Everest Titanium 2.0 AT 4x2 2019,810000000.0,Năm SX 2019,Kiểu dáng SUV,Tình trạng Xe cũ,Xuất xứ Nhập khẩu,Km đã đi 01 km,"Tỉnh thành
Hà Nội",Hộp số Số tự động,Nhiên liệu Máy dầu
Nissan X trail 2.0 SL 2WD Premium 2020,610000000.0,Năm SX 2020,Kiểu dáng SUV,Tình trạng Xe cũ,Xuất xứ Trong nước,Km đã đi 01 km,"Tỉnh thành
Hà Nội",Hộp số Số tự động,Nhiên liệu Máy xăng
Suzuki Swift 1.4 AT 2017,329000000.0,Năm SX 2017,Kiểu dáng Hatchback,Tình trạng Xe cũ,Xuất xứ Nhập khẩu,Km đã đi 50.000 km,"Tỉnh thành
Hà Nội",Hộp số Số tự động,Nhiên liệu Máy xăng
Acura MDX 2008,299000000.0,Năm SX 2008,Kiểu dáng SUV,Tình trạng Xe cũ,Xuất xứ Nhập khẩu,Km đã đi 100.000 km,"Tỉnh thành
Phú Thọ",Hộp số Số tự động,Nhiên liệu Máy xăng
BMW 430i 2023,2638000000.0,Năm SX 2023,Na,Tình trạng Xe cũ,Xuất xứ Trong nước,Km đã đi 22.222 km,"Tỉnh thành
Tp.HCM",Hộp số Số tự động,Nhiên liệu Máy xăng
Volkswagen Viloran 2023,1738000000.0,Năm SX 2023,Na,Tình trạng Xe cũ,Xuất xứ Trong nước,Km đã đi 32.000 km,"Tỉnh thành
Tp.HCM",Hộp số Số tự động,Nhiên liệu Máy xăng
Kia Sedona 3.3 GAT 2020,1400000000.0,Năm SX 2020,Kiểu dáng Van/Minivan,Tình trạng Xe cũ,Xuất xứ Trong nước,Km đã đi 108.000 km,"Tỉnh thành
Tp.HCM",Hộp số Số tự động,Nhiên liệu Máy xăng
Kia Forte EX 1.6 MT 2011,215000000.0,Năm SX 2011,Kiểu dáng Sedan,Tình trạng Xe cũ,Xuất xứ Trong nước,Km đã đi 70.000 km,"Tỉnh thành
Tp.HCM",Hộp số Số sàn,Nhiên liệu Máy xăng
Mazda BT-50 Standard 4x4 2.2 MT 2014,295000000.0,Năm SX 2014,Kiểu dáng Bán tải,Tình trạng Xe cũ,Xuất xứ Nhập khẩu,Km đã đi 120.000 km,"Tỉnh thành
Tp.HCM",Hộp số Số sàn,Nhiên liệu Máy dầu
Mitsubishi Zinger 2008,185000000.0,Năm SX 2008,Kiểu dáng MPV,Tình trạng Xe cũ,Xuất xứ Trong nước,Km đã đi 90.000 km,"Tỉnh thành
Tp.HCM",Hộp số Số sàn,Nhiên liệu Máy xăng
Toyota Hiace 2.8 MT 2009,265000000.0,Năm SX 2009,Kiểu dáng Van/Minivan,Tình trạng Xe cũ,Xuất xứ Trong nước,Km đã đi 140.000 km,"Tỉnh thành
Hà Nội",Hộp số Số sàn,Nhiên liệu Máy dầu
Suzuki Blind Van Suzuki Blind Van 2015,135000000.0,Năm SX 2015,Kiểu dáng Xe tải,Tình trạng Xe cũ,Xuất xứ Trong nước,Km đã đi 70.000 km,"Tỉnh thành
Hà Nội",Hộp số Số tự động,Nhiên liệu Máy xăng
Hyundai Grand Starex 2.5 MT 2016,395000000.0,Năm SX 2016,Kiểu dáng Van/Minivan,Tình trạng Xe cũ,Xuất xứ Nhập khẩu,Km đã đi 120.000 km,"Tỉnh thành
Hà Nội",Hộp số Số sàn,Nhiên liệu Máy xăng
Hyundai Grand Starex 2.4 AT 2008,425000000.0,Năm SX 2008,Kiểu dáng Van/Minivan,Tình trạng Xe cũ,Xuất xứ Nhập khẩu,Km đã đi 160.000 km,"Tỉnh thành
Hà Nội",Hộp số Số tự động,Nhiên liệu Máy dầu
Mitsubishi Triton 2011,248000000.0,Năm SX 2011,Kiểu dáng Bán tải,Tình trạng Xe cũ,Xuất xứ Trong nước,Km đã đi 155.000 km,"Tỉnh thành
Hà Nội",Hộp số Số sàn,Nhiên liệu Máy xăng
Dongben X30 2017,110000000.0,Năm SX 2017,Kiểu dáng Van/Minivan,Tình trạng Xe cũ,Xuất xứ Trong nước,Km đã đi 120.000 km,"Tỉnh thành
Hà Nội",Hộp số Số sàn,Nhiên liệu Máy xăng
Isuzu D-Max LS 3.0 4x2 AT 2008,195000000.0,Năm SX 2008,Kiểu dáng Bán tải,Tình trạng Xe cũ,Xuất xứ Trong nước,Km đã đi 160.000 km,"Tỉnh thành
Hà Nội",Hộp số Số tự động,Nhiên liệu Máy dầu
Toyota Hiace 2.8 MT 2008,145000000.0,Năm SX 2008,Na,Tình trạng Xe cũ,Xuất xứ Trong nước,Km đã đi 160.000 km,"Tỉnh thành
Hà Nội",Hộp số Số sàn,Nhiên liệu Máy xăng
Toyota Hiace Commuter 2.5 2010,285000000.0,Năm SX 2010,Kiểu dáng Van/Minivan,Tình trạng Xe cũ,Xuất xứ Trong nước,Km đã đi 140.000 km,"Tỉnh thành
Hà Nội",Hộp số Số sàn,Nhiên liệu Máy dầu
Hyundai Starex 2.4 MT 2014,425000000.0,Năm SX 2014,Kiểu dáng Van/Minivan,Tình trạng Xe cũ,Xuất xứ Nhập khẩu,Km đã đi 140.000 km,"Tỉnh thành
Hà Nội",Hộp số Số sàn,Nhiên liệu Máy xăng
Chevrolet Colorado  2016,330000000.0,Năm SX 2016,Kiểu dáng Bán tải,Tình trạng Xe cũ,Xuất xứ Nhập khẩu,Km đã đi 130.000 km,"Tỉnh thành
Hà Nội",Hộp số Số tự động,Nhiên liệu Máy dầu
Mitsubishi Triton 4×4 AT 2013,315000000.0,Năm SX 2013,Kiểu dáng Bán tải,Tình trạng Xe cũ,Xuất xứ Nhập khẩu,Km đã đi 160.000 km,"Tỉnh thành
Hà Nội",Hộp số Số tự động,Nhiên liệu Máy dầu
Peugeot 2008 GT Line 2021,593000000.0,Năm SX 2021,Kiểu dáng Crossover,Tình trạng Xe cũ,Xuất xứ Nhập khẩu,Km đã đi 38.000 km,"Tỉnh thành
Hà Nội",Hộp số Số tự động,Nhiên liệu Máy xăng
MG ZS 1.5 2WD LUX+ 2025,529000000.0,Năm SX 2025,Kiểu dáng SUV,Tình trạng Xe cũ,Xuất xứ Nhập khẩu,Km đã đi 300 km,"Tỉnh thành
Tp.HCM",Hộp số Số tự động,Nhiên liệu Máy xăng
Lexus LX 570 2014,2800000000.0,Năm SX 2014,Kiểu dáng SUV,Tình trạng Xe cũ,Xuất xứ Nhập khẩu,Km đã đi 110.000 km,"Tỉnh thành
Hà Nội",Hộp số Số tự động,Nhiên liệu Máy xăng
Mazda CX-8 Premium 2023,895000000.0,Năm SX 2023,Kiểu dáng SUV,Tình trạng Xe cũ,Xuất xứ Trong nước,Km đã đi 54.000 km,"Tỉnh thành
Hà Nội",Hộp số Số tự động,Nhiên liệu Máy xăng
Ford Everest Titanium 2.0 AT 4x2 2019,755000000.0,Năm SX 2019,Kiểu dáng SUV,Tình trạng Xe cũ,Xuất xứ Nhập khẩu,Km đã đi 90.000 km,"Tỉnh thành
Tp.HCM",Hộp số Số tự động,Nhiên liệu Máy dầu
Hyundai i20 1.4 AT 2015,313000000.0,Năm SX 2015,Kiểu dáng Hatchback,Tình trạng Xe cũ,Xuất xứ Nhập khẩu,Km đã đi 110.000 km,"Tỉnh thành
Phú Thọ",Hộp số Số tự động,Nhiên liệu Máy xăng
Honda City 1.5 CVT 2014,296000000.0,Năm SX 2014,Kiểu dáng Sedan,Tình trạng Xe cũ,Xuất xứ Trong nước,Km đã đi 132.000 km,"Tỉnh thành
Hà Nội",Hộp số Số tự động,Nhiên liệu Máy xăng
Hyundai Grand i10 2019,315000000.0,Năm SX 2019,Kiểu dáng Hatchback,Tình trạng Xe cũ,Xuất xứ Trong nước,Km đã đi 56.000 km,"Tỉnh thành
Hà Nội",Hộp số Số tự động,Nhiên liệu Máy xăng
Hyundai Grand i10 2019,315000000.0,Năm SX 2019,Kiểu dáng Hatchback,Tình trạng Xe cũ,Xuất xứ Trong nước,Km đã đi 56.000 km,"Tỉnh thành
Hà Nội",Hộp số Số tự động,Nhiên liệu Máy xăng
Mitsubishi Xpander 2023,500000000.0,Năm SX 2023,Kiểu dáng MPV,Tình trạng Xe cũ,Xuất xứ Nhập khẩu,Km đã đi 50.000 km,"Tỉnh thành
Hà Nội",Hộp số Số tự động,Nhiên liệu Máy xăng
Mazda 2 Sedan 1.5L Luxury 2020,395000000.0,Năm SX 2020,Kiểu dáng Sedan,Tình trạng Xe cũ,Xuất xứ Nhập khẩu,Km đã đi 34.000 km,"Tỉnh thành
Hà Nội",Hộp số Số tự động,Nhiên liệu Máy xăng
Ford Ranger Wildtrak 2.0L 4x4 AT 2023,855000000.0,Năm SX 2023,Kiểu dáng Bán tải,Tình trạng Xe cũ,Xuất xứ Nhập khẩu,Km đã đi 24.000 km,"Tỉnh thành
Tp.HCM",Hộp số Số tự động,Nhiên liệu Máy dầu
Kia Morning 1.25 MT 2021,225000000.0,Năm SX 2021,Na,Tình trạng Xe cũ,Xuất xứ Trong nước,Km đã đi 50.000 km,"Tỉnh thành
Hà Nội",Hộp số Số tự động,Nhiên liệu Máy xăng
Mercedes-Benz C250 AMG 2010,220000000.0,Năm SX 2010,Kiểu dáng Sedan,Tình trạng Xe cũ,Xuất xứ Nhập khẩu,Km đã đi 78.000 km,"Tỉnh thành
Hà Tĩnh",Hộp số Số tự động,Nhiên liệu Máy xăng
Mazda 3 Sedan 1.5L Luxury 2020,495000000.0,Năm SX 2020,Kiểu dáng Sedan,Tình trạng Xe cũ,Xuất xứ Trong nước,Km đã đi 33.000 km,"Tỉnh thành
Hưng Yên",Hộp số Số tự động,Nhiên liệu Máy xăng
Mitsubishi Xpander AT Premium 2024,589000000.0,Năm SX 2024,Kiểu dáng MPV,Tình trạng Xe cũ,Xuất xứ Trong nước,Km đã đi 25.000 km,"Tỉnh thành
Hải Phòng",Hộp số Số tự động,Nhiên liệu Máy xăng
Mitsubishi Xforce Ultimate 2025,630000000.0,Năm SX 2025,Kiểu dáng SUV,Tình trạng Xe cũ,Xuất xứ Nhập khẩu,Km đã đi 3.000 km,"Tỉnh thành
Hà Nội",Hộp số Số tự động,Nhiên liệu Máy xăng
VinFast VF5 Plus 2024,450000000.0,Năm SX 2024,Kiểu dáng Crossover,Tình trạng Xe cũ,Xuất xứ Trong nước,Km đã đi 9.000 km,"Tỉnh thành
Hà Nội",Hộp số Số tự động,Nhiên liệu Điện
Mercedes-Benz GLB 200 AMG 2022,1259000000.0,Năm SX 2022,Kiểu dáng SUV,Tình trạng Xe cũ,Xuất xứ Nhập khẩu,Km đã đi 47.000 km,"Tỉnh thành
Tp.HCM",Hộp số Số tự động,Nhiên liệu Máy xăng
Mercedes-Benz GLC 250 2017,839000000.0,Năm SX 2017,Kiểu dáng SUV,Tình trạng Xe cũ,Xuất xứ Trong nước,Km đã đi 78.000 km,"Tỉnh thành
Tp.HCM",Hộp số Số tự động,Nhiên liệu Máy xăng
Toyota Innova 2.0E 2016,328000000.0,Năm SX 2016,Kiểu dáng MPV,Tình trạng Xe cũ,Xuất xứ Trong nước,Km đã đi 176.000 km,"Tỉnh thành
Tp.HCM",Hộp số Số tự động,Nhiên liệu Máy xăng
Mercedes-Benz E250 E250 2018,999000000.0,Năm SX 2018,Kiểu dáng Sedan,Tình trạng Xe cũ,Xuất xứ Trong nước,Km đã đi 42.000 km,"Tỉnh thành
Tp.HCM",Hộp số Số tự động,Nhiên liệu Máy xăng
Mercedes-Benz C300 AMG 2021,1469000000.0,Năm SX 2021,Kiểu dáng Sedan,Tình trạng Xe cũ,Xuất xứ Nhập khẩu,Km đã đi 9.000 km,"Tỉnh thành
Tp.HCM",Hộp số Số tự động,Nhiên liệu Máy xăng
Land Rover Range Rover AutoBiography 3.0 2013,1999000000.0,Năm SX 2013,Kiểu dáng SUV,Tình trạng Xe cũ,Xuất xứ Nhập khẩu,Km đã đi 115.000 km,"Tỉnh thành
Tp.HCM",Hộp số Số tự động,Nhiên liệu Máy xăng
Audi Q5 2021,1799000000.0,Năm SX 2021,Kiểu dáng SUV,Tình trạng Xe cũ,Xuất xứ Nhập khẩu,Km đã đi 14.500 km,"Tỉnh thành
Tp.HCM",Hộp số Số tự động,Nhiên liệu Máy xăng
VinFast VF8 Eco 2022,695000000.0,Năm SX 2022,Kiểu dáng SUV,Tình trạng Xe cũ,Xuất xứ Trong nước,Km đã đi 58.000 km,"Tỉnh thành
Tp.HCM",Hộp số Số tự động,Nhiên liệu Điện
Hyundai Santa Fe 2.5 Xăng Cao cấp 2023,1119000000.0,Năm SX 2023,Kiểu dáng SUV,Tình trạng Xe cũ,Xuất xứ Nhập khẩu,Km đã đi 48.000 km,"Tỉnh thành
Hà Nội",Hộp số Số tự động,Nhiên liệu Máy xăng
Mazda CX-5 2.0L Premium Sport  2024,811000000.0,Năm SX 2024,Kiểu dáng SUV,Tình trạng Xe cũ,Xuất xứ Trong nước,Km đã đi 17.000 km,"Tỉnh thành
Hà Nội",Hộp số Số tự động,Nhiên liệu Máy xăng
Ford Ranger XLS 2.0L 4x2 AT 2014,344000000.0,Năm SX 2014,Kiểu dáng Bán tải,Tình trạng Xe cũ,Xuất xứ Nhập khẩu,Km đã đi 100.000 km,"Tỉnh thành
Hà Nội",Hộp số Số tự động,Nhiên liệu Máy dầu
Toyota Vios 1.5E MT 2019,320000000.0,Năm SX 2019,Kiểu dáng Sedan,Tình trạng Xe cũ,Xuất xứ Trong nước,Km đã đi 80.000 km,"Tỉnh thành
Hà Nội",Hộp số Số sàn,Nhiên liệu Máy xăng
VinFast LUX SA2.0 Cao cấp 2022,788000000.0,Năm SX 2022,Kiểu dáng MPV,Tình trạng Xe cũ,Xuất xứ Trong nước,Km đã đi 75.000 km,"Tỉnh thành
Hà Nội",Hộp số Số tự động,Nhiên liệu Máy xăng
MG ZS 1.5L LUX+ 2025,525000000.0,Năm SX 2025,Kiểu dáng SUV,Tình trạng Xe cũ,Xuất xứ Nhập khẩu,Km đã đi 1.000 km,"Tỉnh thành
Cần Thơ",Hộp số Số tự động,Nhiên liệu Máy xăng
MG 5 1.5L Luxury 2022,399000000.0,Năm SX 2022,Kiểu dáng Sedan,Tình trạng Xe cũ,Xuất xứ Nhập khẩu,Km đã đi 34.000 km,"Tỉnh thành
Hà Nội",Hộp số Số tự động,Nhiên liệu Máy xăng
Mazda BT-50 1.9 AT 4x2 2020,470000000.0,Năm SX 2020,Kiểu dáng Bán tải,Tình trạng Xe cũ,Xuất xứ Nhập khẩu,Km đã đi 70.000 km,"Tỉnh thành
Hà Nội",Hộp số Số tự động,Nhiên liệu Máy dầu
Ford Ranger XLS 2.0L 4x2 AT 2018,470000000.0,Năm SX 2018,Na,Tình trạng Xe cũ,Xuất xứ Trong nước,Km đã đi 120.000 km,"Tỉnh thành
Hà Nội",Hộp số Số tự động,Nhiên liệu Máy xăng
Toyota RAV4 2008,310000000.0,Năm SX 2008,Kiểu dáng SUV,Tình trạng Xe cũ,Xuất xứ Nhập khẩu,Km đã đi 90.000 km,"Tỉnh thành
Hà Nội",Hộp số Số tự động,Nhiên liệu Máy xăng
Ford EcoSport Titanium 1.5L AT 2016,310000000.0,Năm SX 2016,Kiểu dáng SUV,Tình trạng Xe cũ,Xuất xứ Trong nước,Km đã đi 120.000 km,"Tỉnh thành
Hà Nội",Hộp số Số tự động,Nhiên liệu Máy xăng
Toyota Corolla Altis 1.8 G 2017,460000000.0,Năm SX 2017,Kiểu dáng Sedan,Tình trạng Xe cũ,Xuất xứ Trong nước,Km đã đi 120.000 km,"Tỉnh thành
Hà Nội",Hộp số Số tự động,Nhiên liệu Máy xăng
Ford Ranger XLS 2.2 4x2 AT 2020,510000000.0,Năm SX 2020,Na,Tình trạng Xe cũ,Xuất xứ Nhập khẩu,Km đã đi 90.000 km,"Tỉnh thành
Hà Nội",Hộp số Số tự động,Nhiên liệu Máy dầu
Mitsubishi Triton 4X2 AT MIVEC PREMIUM 2020,555000000.0,Năm SX 2020,Kiểu dáng Bán tải,Tình trạng Xe cũ,Xuất xứ Nhập khẩu,Km đã đi 80.000 km,"Tỉnh thành
Hà Nội",Hộp số Số tự động,Nhiên liệu Máy dầu
Toyota Fortuner 2022,935000000.0,Năm SX 2022,Kiểu dáng SUV,Tình trạng Xe cũ,Xuất xứ Trong nước,Km đã đi 60.000 km,"Tỉnh thành
Hà Nội",Hộp số Số tự động,Nhiên liệu Máy dầu
Toyota Fortuner 2.8 AT 4x4 Legender 2021,1020000000.0,Năm SX 2021,Kiểu dáng SUV,Tình trạng Xe cũ,Xuất xứ Trong nước,Km đã đi 50.000 km,"Tỉnh thành
Hà Nội",Hộp số Số tự động,Nhiên liệu Máy dầu
Nissan Juke 1.6 CVT 2015,499000000.0,Năm SX 2015,Kiểu dáng Hatchback,Tình trạng Xe cũ,Xuất xứ Nhập khẩu,Km đã đi 57.000 km,"Tỉnh thành
Bình Dương",Hộp số Số tự động,Nhiên liệu Máy xăng
Ford Explorer 2.3L Ecoboost 2016,695000000.0,Năm SX 2016,Na,Tình trạng Xe cũ,Xuất xứ Nhập khẩu,Km đã đi 100.000 km,"Tỉnh thành
Hà Nội",Hộp số Số tự động,Nhiên liệu Máy xăng
Mazda CX-5 2.0 Premium 2024,805000000.0,Năm SX 2024,Kiểu dáng SUV,Tình trạng Xe cũ,Xuất xứ Trong nước,Km đã đi 8.900 km,"Tỉnh thành
Hà Nội",Hộp số Số tự động,Nhiên liệu Máy xăng
Kia Sorento 2022,945000000.0,Năm SX 2022,Kiểu dáng SUV,Tình trạng Xe cũ,Xuất xứ Trong nước,Km đã đi 50.000 km,"Tỉnh thành
Hà Nội",Hộp số Số tự động,Nhiên liệu Máy dầu
Hyundai Tucson 2020,699000000.0,Năm SX 2020,Na,Tình trạng Xe cũ,Xuất xứ Trong nước,Km đã đi 78.000 km,"Tỉnh thành
Hà Nội",Hộp số Số tự động,Nhiên liệu Máy dầu
Toyota Fortuner 2.7 V 4X2 AT 2013,400000000.0,Năm SX 2013,Kiểu dáng SUV,Tình trạng Xe cũ,Xuất xứ Trong nước,Km đã đi 130.000 km,"Tỉnh thành
Tp.HCM",Hộp số Số tự động,Nhiên liệu Máy xăng
Suzuki Swift 1.4 AT 2017,325000000.0,Năm SX 2017,Kiểu dáng Hatchback,Tình trạng Xe cũ,Xuất xứ Trong nước,Km đã đi 50.000 km,"Tỉnh thành
Đà Nẵng",Hộp số Số tự động,Nhiên liệu Máy xăng
Toyota Vios 1.3J MT 2015,195000000.0,Năm SX 2015,Kiểu dáng Sedan,Tình trạng Xe cũ,Xuất xứ Trong nước,Km đã đi 95.000 km,"Tỉnh thành
Lâm Đồng",Hộp số Số sàn,Nhiên liệu Máy xăng
Kia Morning AT 2018,295000000.0,Năm SX 2018,Kiểu dáng Hatchback,Tình trạng Xe cũ,Xuất xứ Trong nước,Km đã đi 27.000 km,"Tỉnh thành
Tp.HCM",Hộp số Số tự động,Nhiên liệu Máy xăng
Suzuki Swift 1.4 AT 2017,330000000.0,Năm SX 2017,Kiểu dáng Hatchback,Tình trạng Xe cũ,Xuất xứ Trong nước,Km đã đi 51.000 km,"Tỉnh thành
Đà Nẵng",Hộp số Số tự động,Nhiên liệu Máy xăng
MG ZS 1.5 2WD Luxury 2025,525000000.0,Năm SX 2025,Kiểu dáng SUV,Tình trạng Xe cũ,Xuất xứ Nhập khẩu,Km đã đi 1.000 km,"Tỉnh thành
Tp.HCM",Hộp số Số tự động,Nhiên liệu Máy xăng
VinFast Fadil Cao cấp 2020,269000000.0,Năm SX 2020,Kiểu dáng Hatchback,Tình trạng Xe cũ,Xuất xứ Trong nước,Km đã đi 60.000 km,"Tỉnh thành
Hưng Yên",Hộp số Số tự động,Nhiên liệu Máy xăng
VinFast LUX SA2.0 Nâng cao 2020,700000000.0,Năm SX 2020,Kiểu dáng SUV,Tình trạng Xe cũ,Xuất xứ Trong nước,Km đã đi 20.000 km,"Tỉnh thành
Long An",Hộp số Số tự động,Nhiên liệu Máy xăng
Ford Focus S 2.0AT 2011,190000000.0,Năm SX 2011,Kiểu dáng Sedan,Tình trạng Xe cũ,Xuất xứ Trong nước,Km đã đi 118.000 km,"Tỉnh thành
Bà Rịa Vũng Tàu",Hộp số Số tự động,Nhiên liệu Máy xăng
VinFast VF7 Base 2024,705000000.0,Năm SX 2024,Kiểu dáng SUV,Tình trạng Xe cũ,Xuất xứ Trong nước,Km đã đi 11.000 km,"Tỉnh thành
Long An",Hộp số Số tự động,Nhiên liệu Điện
Mercedes-Benz E250 2018,998000000.0,Năm SX 2018,Kiểu dáng Sedan,Tình trạng Xe cũ,Xuất xứ Trong nước,Km đã đi 01 km,"Tỉnh thành
Tp.HCM",Hộp số Số tự động,Nhiên liệu Máy xăng
Suzuki Swift GLX 1.2 CVT 2018,390000000.0,Năm SX 2018,Kiểu dáng Coupe,Tình trạng Xe cũ,Xuất xứ Nhập khẩu,Km đã đi 54.000 km,"Tỉnh thành
Hà Nội",Hộp số Số tự động,Nhiên liệu Máy xăng
Toyota Land Cruiser 5.7 V8 2010,1300000000.0,Năm SX 2010,Kiểu dáng SUV,Tình trạng Xe cũ,Xuất xứ Nhập khẩu,Km đã đi 100.000 km,"Tỉnh thành
Hà Nội",Hộp số Số tự động,Nhiên liệu Máy xăng
VinFast Fadil Tiêu Chuẩn 2021,300000000.0,Năm SX 2021,Kiểu dáng Hatchback,Tình trạng Xe cũ,Xuất xứ Trong nước,Km đã đi 40.000 km,"Tỉnh thành
Thanh Hóa",Hộp số Số tự động,Nhiên liệu Máy xăng
Mazda 2 Sport 1.5L Premium 2016,295000000.0,Năm SX 2016,Kiểu dáng Hatchback,Tình trạng Xe cũ,Xuất xứ Trong nước,Km đã đi 130 km,"Tỉnh thành
Thanh Hóa",Hộp số Số tự động,Nhiên liệu Máy xăng
VinFast VF8 Eco 2024,865000000.0,Năm SX 2024,Kiểu dáng SUV,Tình trạng Xe cũ,Xuất xứ Trong nước,Km đã đi 30 km,"Tỉnh thành
Lâm Đồng",Hộp số Số tự động,Nhiên liệu Điện
VinFast VF8 Plus 2023,855000000.0,Năm SX 2023,Kiểu dáng SUV,Tình trạng Xe cũ,Xuất xứ Trong nước,Km đã đi 45.000 km,"Tỉnh thành
Lâm Đồng",Hộp số Số tự động,Nhiên liệu Điện
VinFast VF 3 2024,246000000.0,Năm SX 2024,Kiểu dáng Hatchback,Tình trạng Xe cũ,Xuất xứ Trong nước,Km đã đi 9.000 km,"Tỉnh thành
Tp.HCM",Hộp số Số tự động,Nhiên liệu Điện
Toyota Innova 2.0E 2016,395000000.0,Năm SX 2016,Kiểu dáng MPV,Tình trạng Xe cũ,Xuất xứ Trong nước,Km đã đi 60.000 km,"Tỉnh thành
Tp.HCM",Hộp số Số tự động,Nhiên liệu Máy xăng
Toyota Fortuner 2.7 V 4X2 AT 2015,525000000.0,Năm SX 2015,Kiểu dáng SUV,Tình trạng Xe cũ,Xuất xứ Trong nước,Km đã đi 90.000 km,"Tỉnh thành
Tp.HCM",Hộp số Số tự động,Nhiên liệu Máy xăng
Toyota Fortuner 2.4 AT 4x2 Legender 2021,990000000.0,Năm SX 2021,Kiểu dáng SUV,Tình trạng Xe cũ,Xuất xứ Trong nước,Km đã đi 45.000 km,"Tỉnh thành
Tp.HCM",Hộp số Số tự động,Nhiên liệu Máy dầu
Lexus RX 300 T 2019,2450000000.0,Năm SX 2019,Kiểu dáng SUV,Tình trạng Xe cũ,Xuất xứ Nhập khẩu,Km đã đi 65.000 km,"Tỉnh thành
Hà Nội",Hộp số Số tự động,Nhiên liệu Máy xăng
Porsche Macan 2.0 2021,2750000000.0,Năm SX 2021,Kiểu dáng SUV,Tình trạng Xe cũ,Xuất xứ Nhập khẩu,Km đã đi 40.000 km,"Tỉnh thành
Hà Nội",Hộp số Số tự động,Nhiên liệu Máy xăng
Kia K3 1.6AT 2022,500000000.0,Năm SX 2022,Kiểu dáng Sedan,Tình trạng Xe cũ,Xuất xứ Trong nước,Km đã đi 110.000 km,"Tỉnh thành
Hà Nội",Hộp số Số tự động,Nhiên liệu Máy xăng
VinFast VF8 Eco 2023,730000000.0,Năm SX 2023,Na,Tình trạng Xe cũ,Xuất xứ Trong nước,Km đã đi 68.000 km,"Tỉnh thành
Tp.HCM",Hộp số Số tự động,Nhiên liệu Máy xăng
VinFast LUX A2.0 Tiêu chuẩn 2021,400000000.0,Năm SX 2021,Kiểu dáng Sedan,Tình trạng Xe cũ,Xuất xứ Trong nước,Km đã đi 57.000 km,"Tỉnh thành
Hà Nội",Hộp số Số tự động,Nhiên liệu Máy xăng
Toyota Corolla Cross 1.8 V  2021,688000000.0,Năm SX 2021,Kiểu dáng SUV,Tình trạng Xe cũ,Xuất xứ Trong nước,Km đã đi 50.000 km,"Tỉnh thành
Hà Nội",Hộp số Số tự động,Nhiên liệu Máy xăng
Toyota Innova 2.0E 2018,440000000.0,Năm SX 2018,Kiểu dáng MPV,Tình trạng Xe cũ,Xuất xứ Trong nước,Km đã đi 100.456 km,"Tỉnh thành
Bình Dương",Hộp số Số sàn,Nhiên liệu Máy xăng
Ford Everest Trend 2.0 AT 4x2 2019,750000000.0,Năm SX 2019,Kiểu dáng SUV,Tình trạng Xe cũ,Xuất xứ Trong nước,Km đã đi 79.000 km,"Tỉnh thành
Bình Dương",Hộp số Số tự động,Nhiên liệu Máy xăng
Nissan Almera CVT Cao cấp 2022,440000000.0,Năm SX 2022,Kiểu dáng Sedan,Tình trạng Xe cũ,Xuất xứ Nhập khẩu,Km đã đi 53.000 km,"Tỉnh thành
Hà Nội",Hộp số Số tự động,Nhiên liệu Máy xăng
VinFast Fadil Nâng Cao 2020,295000000.0,Năm SX 2020,Na,Tình trạng Xe cũ,Xuất xứ Trong nước,Km đã đi 28.000 km,"Tỉnh thành
Long An",Hộp số Số tự động,Nhiên liệu Máy xăng
MG 5 1.5L Luxury 2022,375000000.0,Năm SX 2022,Kiểu dáng Sedan,Tình trạng Xe cũ,Xuất xứ Nhập khẩu,Km đã đi 35.000 km,"Tỉnh thành
Hà Nội",Hộp số Số tự động,Nhiên liệu Máy xăng
Hyundai i20 1.4 AT 2012,226000000.0,Năm SX 2012,Kiểu dáng Hatchback,Tình trạng Xe cũ,Xuất xứ Nhập khẩu,Km đã đi 91.000 km,"Tỉnh thành
Hà Nội",Hộp số Số tự động,Nhiên liệu Máy xăng
Ford Everest Platinum 2.0L 4x4 AT 2020,900000000.0,Năm SX 2020,Kiểu dáng SUV,Tình trạng Xe cũ,Xuất xứ Nhập khẩu,Km đã đi 85.000 km,"Tỉnh thành
Lâm Đồng",Hộp số Số tự động,Nhiên liệu Máy dầu
Kia Morning Si 1.25 MT 2018,225000000.0,Năm SX 2018,Kiểu dáng Hatchback,Tình trạng Xe cũ,Xuất xứ Trong nước,Km đã đi 80.000 km,"Tỉnh thành
Lâm Đồng",Hộp số Số sàn,Nhiên liệu Máy xăng
Mazda CX-5 2.0 Deluxe 2021,635000000.0,Năm SX 2021,Kiểu dáng SUV,Tình trạng Xe cũ,Xuất xứ Trong nước,Km đã đi 52.000 km,"Tỉnh thành
Hải Phòng",Hộp số Số tự động,Nhiên liệu Máy xăng
Hyundai Kona 2.0 AT Tiêu chuẩn 2020,465000000.0,Năm SX 2020,Kiểu dáng SUV,Tình trạng Xe cũ,Xuất xứ Trong nước,Km đã đi 58.000 km,"Tỉnh thành
Hải Phòng",Hộp số Số tự động,Nhiên liệu Máy xăng
VinFast Fadil Tiêu Chuẩn 2021,289000000.0,Năm SX 2021,Na,Tình trạng Xe cũ,Xuất xứ Trong nước,Km đã đi 72.000 km,"Tỉnh thành
Hải Phòng",Hộp số Số tự động,Nhiên liệu Máy xăng
Chevrolet Colorado LTZ 2.8 AT 4x4 2017,390000000.0,Năm SX 2017,Kiểu dáng Bán tải,Tình trạng Xe cũ,Xuất xứ Nhập khẩu,Km đã đi 130.000 km,"Tỉnh thành
Hà Nội",Hộp số Số tự động,Nhiên liệu Máy dầu
Ford Focus 1.8L 2011,220000000.0,Năm SX 2011,Kiểu dáng Hatchback,Tình trạng Xe cũ,Xuất xứ Trong nước,Km đã đi 125.000 km,"Tỉnh thành
Hà Nội",Hộp số Số tự động,Nhiên liệu Máy xăng
Kia Sedona 3.3 Platinum G 2019,698000000.0,Năm SX 2019,Kiểu dáng MPV,Tình trạng Xe cũ,Xuất xứ Trong nước,Km đã đi 60.000 km,"Tỉnh thành
Tp.HCM",Hộp số Số tự động,Nhiên liệu Máy xăng
Subaru Outback 2.5i-T EyeSight 2022,1350000000.0,Năm SX 2022,Kiểu dáng Crossover,Tình trạng Xe cũ,Xuất xứ Nhập khẩu,Km đã đi 16.000 km,"Tỉnh thành
Hà Nội",Hộp số Số tự động,Nhiên liệu Máy xăng
Ford EcoSport Titanium 1.5L AT 2021,445000000.0,Năm SX 2021,Kiểu dáng SUV,Tình trạng Xe cũ,Xuất xứ Trong nước,Km đã đi 55.000 km,"Tỉnh thành
Hà Nội",Hộp số Số tự động,Nhiên liệu Máy xăng
Porsche Cayenne 3.6 V6 2014,1200000000.0,Năm SX 2014,Kiểu dáng SUV,Tình trạng Xe cũ,Xuất xứ Nhập khẩu,Km đã đi 88.888 km,"Tỉnh thành
Hà Nội",Hộp số Số tự động,Nhiên liệu Máy xăng
Chevrolet Spark LTZ 2013,175000000.0,Năm SX 2013,Kiểu dáng Hatchback,Tình trạng Xe cũ,Xuất xứ Trong nước,Km đã đi 80.000 km,"Tỉnh thành
Hà Nội",Hộp số Số tự động,Nhiên liệu Máy xăng
Kia Sedona 3.3 GATH 2015,488000000.0,Năm SX 2015,Kiểu dáng MPV,Tình trạng Xe cũ,Xuất xứ Trong nước,Km đã đi 160.000 km,"Tỉnh thành
Hà Nội",Hộp số Số tự động,Nhiên liệu Máy xăng
Toyota Innova 2.0 Venturer AT 2021,698000000.0,Năm SX 2021,Na,Tình trạng Xe cũ,Xuất xứ Trong nước,Km đã đi 50.000 km,"Tỉnh thành
Đồng Nai",Hộp số Số tự động,Nhiên liệu Máy xăng
Kia Carnival 2.2D Signature 2023,1259000000.0,Năm SX 2023,Kiểu dáng MPV,Tình trạng Xe cũ,Xuất xứ Trong nước,Km đã đi 60.000 km,"Tỉnh thành
Hà Nội",Hộp số Số tự động,Nhiên liệu Máy dầu
Mitsubishi Xpander 1.5 AT  2020,465000000.0,Năm SX 2020,Kiểu dáng MPV,Tình trạng Xe cũ,Xuất xứ Trong nước,Km đã đi 88.000 km,"Tỉnh thành
Bình Dương",Hộp số Số tự động,Nhiên liệu Máy xăng
Toyota Innova 2.0G 2009,210000000.0,Năm SX 2009,Kiểu dáng MPV,Tình trạng Xe cũ,Xuất xứ Trong nước,Km đã đi 120.000 km,"Tỉnh thành
Bình Dương",Hộp số Số sàn,Nhiên liệu Máy xăng
Mazda 2 1.5AT 2019,368000000.0,Năm SX 2019,Kiểu dáng Hatchback,Tình trạng Xe cũ,Xuất xứ Nhập khẩu,Km đã đi 30.000 km,"Tỉnh thành
Phú Thọ",Hộp số Số tự động,Nhiên liệu Máy xăng
Toyota Vios 1.5E MT 2018,295000000.0,Năm SX 2018,Kiểu dáng Sedan,Tình trạng Xe cũ,Xuất xứ Trong nước,Km đã đi 115.000 km,"Tỉnh thành
Tp.HCM",Hộp số Số sàn,Nhiên liệu Máy xăng
Toyota Fortuner 2.7 V 4X2 AT 2016,522000000.0,Năm SX 2016,Kiểu dáng SUV,Tình trạng Xe cũ,Xuất xứ Trong nước,Km đã đi 115.000 km,"Tỉnh thành
Tp.HCM",Hộp số Số tự động,Nhiên liệu Máy xăng
Toyota Innova 2.0 Venturer AT 2017,495000000.0,Năm SX 2017,Kiểu dáng MPV,Tình trạng Xe cũ,Xuất xứ Trong nước,Km đã đi 580.000 km,"Tỉnh thành
Tp.HCM",Hộp số Số tự động,Nhiên liệu Máy xăng
BMW 320i Executive 2016,558000000.0,Năm SX 2016,Kiểu dáng Sedan,Tình trạng Xe cũ,Xuất xứ Nhập khẩu,Km đã đi 90.000 km,"Tỉnh thành
Tp.HCM",Hộp số Số tự động,Nhiên liệu Máy xăng
Bentley Bentayga 2021,12900000000.0,Năm SX 2021,Na,Tình trạng Xe cũ,Xuất xứ Nhập khẩu,Km đã đi 7.000 km,"Tỉnh thành
Hà Nội",Hộp số Số tự động,Nhiên liệu Máy xăng
Ford Ranger 2017,575000000.0,Năm SX 2017,Kiểu dáng Bán tải,Tình trạng Xe cũ,Xuất xứ Nhập khẩu,Km đã đi 90.000 km,"Tỉnh thành
Hà Nội",Hộp số Số tự động,Nhiên liệu Máy dầu
Toyota Corolla Altis 2014,415000000.0,Năm SX 2014,Na,Tình trạng Xe cũ,Xuất xứ Trong nước,Km đã đi 180.000 km,"Tỉnh thành
Hà Nội",Hộp số Số tự động,Nhiên liệu Máy xăng
Ford Ranger 2022,585000000.0,Năm SX 2022,Kiểu dáng Bán tải,Tình trạng Xe cũ,Xuất xứ Trong nước,Km đã đi 30.000 km,"Tỉnh thành
Hà Nội",Hộp số Số tự động,Nhiên liệu Máy dầu
Ford Everest Titanium 2.0 AT 4x2 2020,860000000.0,Năm SX 2020,Kiểu dáng SUV,Tình trạng Xe cũ,Xuất xứ Nhập khẩu,Km đã đi 80.000 km,"Tỉnh thành
Hà Nội",Hộp số Số tự động,Nhiên liệu Máy dầu
Mazda CX-5 2022,740000000.0,Năm SX 2022,Kiểu dáng SUV,Tình trạng Xe cũ,Xuất xứ Trong nước,Km đã đi 30.000 km,"Tỉnh thành
Hà Nội",Hộp số Số tự động,Nhiên liệu Máy xăng
Toyota Veloz Cross 1.5 CVT TOP 2022,555000000.0,Năm SX 2022,Na,Tình trạng Xe cũ,Xuất xứ Nhập khẩu,Km đã đi 50.000 km,"Tỉnh thành
Nam Định",Hộp số Số tự động,Nhiên liệu Máy xăng
Mitsubishi Triton 4×4 AT MIVEC PREMIUM 2021,630000000.0,Năm SX 2021,Kiểu dáng Bán tải,Tình trạng Xe cũ,Xuất xứ Nhập khẩu,Km đã đi 80.000 km,"Tỉnh thành
Hà Nội",Hộp số Số tự động,Nhiên liệu Máy dầu
Ford Everest 2020,860000000.0,Năm SX 2020,Na,Tình trạng Xe cũ,Xuất xứ Trong nước,Km đã đi 8.200 km,"Tỉnh thành
Hà Nội",Hộp số Số tự động,Nhiên liệu Máy xăng
Nissan Navara EL Premium 2019,485000000.0,Năm SX 2019,Na,Tình trạng Xe cũ,Xuất xứ Trong nước,Km đã đi 45.000 km,"Tỉnh thành
Hà Nội",Hộp số Số tự động,Nhiên liệu Máy dầu
Toyota Vios 1.5 G CVT 2022,445000000.0,Năm SX 2022,Kiểu dáng Sedan,Tình trạng Xe cũ,Xuất xứ Trong nước,Km đã đi 61.000 km,"Tỉnh thành
Thái Nguyên",Hộp số Số tự động,Nhiên liệu Máy xăng
Mazda 3 1.5L Sedan 2017,396000000.0,Năm SX 2017,Kiểu dáng Sedan,Tình trạng Xe cũ,Xuất xứ Trong nước,Km đã đi 100.000 km,"Tỉnh thành
Hà Nội",Hộp số Số tự động,Nhiên liệu Máy xăng
Toyota Camry 2.0E 2014,439000000.0,Năm SX 2014,Kiểu dáng Sedan,Tình trạng Xe cũ,Xuất xứ Nhập khẩu,Km đã đi 135.000 km,"Tỉnh thành
Tp.HCM",Hộp số Số tự động,Nhiên liệu Máy xăng
Mercedes-Benz C300 AMG 2020,999000000.0,Năm SX 2020,Kiểu dáng Sedan,Tình trạng Xe cũ,Xuất xứ Trong nước,Km đã đi 51.000 km,"Tỉnh thành
Tp.HCM",Hộp số Số tự động,Nhiên liệu Máy xăng
Mercedes-Benz GLC 200 4Matic 2021,1399000000.0,Năm SX 2021,Kiểu dáng SUV,Tình trạng Xe cũ,Xuất xứ Nhập khẩu,Km đã đi 40.000 km,"Tỉnh thành
Hà Nội",Hộp số Số tự động,Nhiên liệu Máy xăng
Porsche Cayenne 3.6 V6 2014,1188000000.0,Năm SX 2014,Kiểu dáng SUV,Tình trạng Xe cũ,Xuất xứ Nhập khẩu,Km đã đi 92 km,"Tỉnh thành
Tp.HCM",Hộp số Số tự động,Nhiên liệu Máy xăng
VinFast VF 3 2024,240000000.0,Năm SX 2024,Kiểu dáng Crossover,Tình trạng Xe cũ,Xuất xứ Trong nước,Km đã đi 6.611 km,"Tỉnh thành
Hà Nội",Hộp số Số tự động,Nhiên liệu Điện
Mercedes-Benz GLC 300 4Matic V1 2022,1839000000.0,Năm SX 2022,Kiểu dáng SUV,Tình trạng Xe cũ,Xuất xứ Trong nước,Km đã đi 32.000 km,"Tỉnh thành
Hà Nội",Hộp số Số tự động,Nhiên liệu Máy xăng
Porsche Cayenne V6 3.0 2021,3899000000.0,Năm SX 2021,Kiểu dáng SUV,Tình trạng Xe cũ,Xuất xứ Nhập khẩu,Km đã đi 63.000 km,"Tỉnh thành
Hà Nội",Hộp số Số tự động,Nhiên liệu Máy xăng
Mercedes-Benz S450 4Matic 2022,3799000000.0,Năm SX 2022,Kiểu dáng Sedan,Tình trạng Xe cũ,Xuất xứ Nhập khẩu,Km đã đi 24.000 km,"Tỉnh thành
Hà Nội",Hộp số Số tự động,Nhiên liệu Máy xăng
Mercedes-Benz GLC 300 4Matic 2023,1850000000.0,Năm SX 2023,Kiểu dáng SUV,Tình trạng Xe cũ,Xuất xứ Nhập khẩu,Km đã đi 19.000 km,"Tỉnh thành
Hà Nội",Hộp số Số tự động,Nhiên liệu Máy xăng
MG 5 1.5L Luxury 2023,435000000.0,Năm SX 2023,Kiểu dáng Sedan,Tình trạng Xe cũ,Xuất xứ Nhập khẩu,Km đã đi 12.895 km,"Tỉnh thành
Tp.HCM",Hộp số Số tự động,Nhiên liệu Máy xăng
Kia Cerato 2.0 AT Premium 2020,485000000.0,Năm SX 2020,Kiểu dáng Sedan,Tình trạng Xe cũ,Xuất xứ Trong nước,Km đã đi 39.000 km,"Tỉnh thành
Hà Nội",Hộp số Số tự động,Nhiên liệu Máy xăng
Toyota Innova 2.0E 2017,435000000.0,Năm SX 2017,Kiểu dáng MPV,Tình trạng Xe cũ,Xuất xứ Trong nước,Km đã đi 82.000 km,"Tỉnh thành
Tp.HCM",Hộp số Số sàn,Nhiên liệu Máy xăng
Nissan X trail 2.5 SV 4WD Premium 2018,595000000.0,Năm SX 2018,Kiểu dáng SUV,Tình trạng Xe cũ,Xuất xứ Trong nước,Km đã đi 50.000 km,"Tỉnh thành
Tp.HCM",Hộp số Số tự động,Nhiên liệu Máy xăng
Nissan X trail 2.5 SV 4WD Premium 2018,595000000.0,Năm SX 2018,Kiểu dáng SUV,Tình trạng Xe cũ,Xuất xứ Trong nước,Km đã đi 50.000 km,"Tỉnh thành
Tp.HCM",Hộp số Số tự động,Nhiên liệu Máy xăng
Toyota Fortuner 2.4 MT 4x2 2019,715000000.0,Năm SX 2019,Kiểu dáng SUV,Tình trạng Xe cũ,Xuất xứ Trong nước,Km đã đi 107.000 km,"Tỉnh thành
Tp.HCM",Hộp số Số sàn,Nhiên liệu Máy dầu
Kia Forte SLI 1.6 AT 2011,240000000.0,Năm SX 2011,Kiểu dáng Sedan,Tình trạng Xe cũ,Xuất xứ Trong nước,Km đã đi 99.000 km,"Tỉnh thành
Bình Dương",Hộp số Số tự động,Nhiên liệu Máy xăng
Suzuki XL7 2020,420000000.0,Năm SX 2020,Kiểu dáng SUV,Tình trạng Xe cũ,Xuất xứ Trong nước,Km đã đi 55.000 km,"Tỉnh thành
Bình Phước",Hộp số Số tự động,Nhiên liệu Máy xăng
Toyota Vios 1.5G AT 2021,438000000.0,Năm SX 2021,Na,Tình trạng Xe cũ,Xuất xứ Trong nước,Km đã đi 55.000 km,"Tỉnh thành
Bình Phước",Hộp số Số tự động,Nhiên liệu Máy xăng
Kia Sorento 2.4L AT 2017,429000000.0,Năm SX 2017,Kiểu dáng SUV,Tình trạng Xe cũ,Xuất xứ Trong nước,Km đã đi 90.100 km,"Tỉnh thành
Hà Nội",Hộp số Số tự động,Nhiên liệu Máy xăng
Mercedes-Benz GLC 300 4Matic 2023,2399000000.0,Năm SX 2023,Kiểu dáng SUV,Tình trạng Xe cũ,Xuất xứ Trong nước,Km đã đi 15.000 km,"Tỉnh thành
Hà Nội",Hộp số Số tự động,Nhiên liệu Máy xăng
Lexus LX 570 2021,8340000000.0,Năm SX 2021,Na,Tình trạng Xe cũ,Xuất xứ Nhập khẩu,Km đã đi 10.000 km,"Tỉnh thành
Hà Nội",Hộp số Số tự động,Nhiên liệu Máy xăng
Toyota Innova 2.0E 2017,396000000.0,Năm SX 2017,Kiểu dáng MPV,Tình trạng Xe cũ,Xuất xứ Trong nước,Km đã đi 110.000 km,"Tỉnh thành
Hà Nội",Hộp số Số sàn,Nhiên liệu Máy xăng
Kia Rio 1.4 AT 2016,316000000.0,Năm SX 2016,Kiểu dáng Sedan,Tình trạng Xe cũ,Xuất xứ Nhập khẩu,Km đã đi 65.000 km,"Tỉnh thành
Hà Nội",Hộp số Số tự động,Nhiên liệu Máy xăng
VinFast Fadil Cao cấp 2021,319000000.0,Năm SX 2021,Kiểu dáng Hatchback,Tình trạng Xe cũ,Xuất xứ Trong nước,Km đã đi 30.000 km,"Tỉnh thành
Hà Nội",Hộp số Số tự động,Nhiên liệu Máy xăng
Honda CR-V 1.5 L 2018,708000000.0,Năm SX 2018,Kiểu dáng SUV,Tình trạng Xe cũ,Xuất xứ Nhập khẩu,Km đã đi 100.000 km,"Tỉnh thành
Hà Nội",Hộp số Số tự động,Nhiên liệu Máy xăng
Toyota Corolla Altis 2.0V  2015,450000000.0,Năm SX 2015,Kiểu dáng Sedan,Tình trạng Xe cũ,Xuất xứ Trong nước,Km đã đi 115.000 km,"Tỉnh thành
Tp.HCM",Hộp số Số tự động,Nhiên liệu Máy xăng
Hyundai Santa Fe 2.2 Dầu Cao cấp 2022,1119000000.0,Năm SX 2022,Kiểu dáng SUV,Tình trạng Xe cũ,Xuất xứ Trong nước,Km đã đi 48.000 km,"Tỉnh thành
Hà Nội",Hộp số Số tự động,Nhiên liệu Máy dầu
Hyundai Tucson 2015,530000000.0,Năm SX 2015,Kiểu dáng SUV,Tình trạng Xe cũ,Xuất xứ Nhập khẩu,Km đã đi 88.000 km,"Tỉnh thành
Bình Dương",Hộp số Số tự động,Nhiên liệu Máy xăng
Honda HR-V L 2019,510000000.0,Năm SX 2019,Kiểu dáng Crossover,Tình trạng Xe cũ,Xuất xứ Nhập khẩu,Km đã đi 60.000 km,"Tỉnh thành
Tp.HCM",Hộp số Số tự động,Nhiên liệu Máy xăng
Kia Sorento 2.2 DAT Premium 2021,850000000.0,Năm SX 2021,Kiểu dáng SUV,Tình trạng Xe cũ,Xuất xứ Trong nước,Km đã đi 51.000 km,"Tỉnh thành
Bình Phước",Hộp số Số tự động,Nhiên liệu Máy dầu
Kia Sorento 2.4AT 2017,530000000.0,Năm SX 2017,Kiểu dáng SUV,Tình trạng Xe cũ,Xuất xứ Trong nước,Km đã đi 70.000 km,"Tỉnh thành
Bình Phước",Hộp số Số tự động,Nhiên liệu Máy xăng
Ford Ranger 2015,315000000.0,Năm SX 2015,Na,Tình trạng Xe cũ,Xuất xứ Trong nước,Km đã đi 90.000 km,"Tỉnh thành
Bình Phước",Hộp số Số tự động,Nhiên liệu Máy xăng
Ford Ranger XL 2.0L 4x4 MT 2022,560000000.0,Năm SX 2022,Kiểu dáng Bán tải,Tình trạng Xe cũ,Xuất xứ Trong nước,Km đã đi 33.000 km,"Tỉnh thành
Bình Phước",Hộp số Số sàn,Nhiên liệu Máy dầu
Toyota Fortuner 2017,850000000.0,Năm SX 2017,Kiểu dáng SUV,Tình trạng Xe cũ,Xuất xứ Trong nước,Km đã đi 51.000 km,"Tỉnh thành
Bình Phước",Hộp số Số tự động,Nhiên liệu Máy dầu
Toyota Fortuner 2.4 MT 4x2 2017,700000000.0,Năm SX 2017,Kiểu dáng SUV,Tình trạng Xe cũ,Xuất xứ Trong nước,Km đã đi 54.000 km,"Tỉnh thành
Bình Phước",Hộp số Số sàn,Nhiên liệu Máy dầu
Mercedes-Benz AMG GLE 53 4MATIC Coupe 2022,3899000000.0,Năm SX 2022,Kiểu dáng SUV,Tình trạng Xe cũ,Xuất xứ Nhập khẩu,Km đã đi 13.333 km,"Tỉnh thành
Tp.HCM",Hộp số Số tự động,Nhiên liệu Máy xăng
Jeep Wrangler Rubicon 2021,2499000000.0,Năm SX 2021,Kiểu dáng SUV,Tình trạng Xe cũ,Xuất xứ Nhập khẩu,Km đã đi 45.000 km,"Tỉnh thành
Tp.HCM",Hộp số Số tự động,Nhiên liệu Máy xăng
Porsche 718 Boxster T 2023,4950000000.0,Năm SX 2023,Kiểu dáng Convertible,Tình trạng Xe cũ,Xuất xứ Nhập khẩu,Km đã đi 1.300 km,"Tỉnh thành
Tp.HCM",Hộp số Số tự động,Nhiên liệu Máy xăng
Ford EcoSport Trend 2018,350000000.0,Năm SX 2018,Kiểu dáng SUV,Tình trạng Xe cũ,Xuất xứ Nhập khẩu,Km đã đi 120.000 km,"Tỉnh thành
Đà Nẵng",Hộp số Số tự động,Nhiên liệu Máy xăng
Hyundai Santa Fe 2.5 Xăng Cao cấp 2020,810000000.0,Năm SX 2020,Kiểu dáng SUV,Tình trạng Xe cũ,Xuất xứ Trong nước,Km đã đi 40.000 km,"Tỉnh thành
Hà Nội",Hộp số Số tự động,Nhiên liệu Máy xăng
Hyundai Santa Fe 2.4L Xăng Cao cấp 2017,655000000.0,Năm SX 2017,Kiểu dáng SUV,Tình trạng Xe cũ,Xuất xứ Trong nước,Km đã đi 70.000 km,"Tỉnh thành
Hà Nội",Hộp số Số tự động,Nhiên liệu Máy xăng
Hyundai Santa Fe 2.2 Dầu Cao cấp 2020,855000000.0,Năm SX 2020,Kiểu dáng SUV,Tình trạng Xe cũ,Xuất xứ Trong nước,Km đã đi 85.000 km,"Tỉnh thành
Hà Nội",Hộp số Số tự động,Nhiên liệu Máy dầu
Hyundai Santa Fe 2009,386000000.0,Năm SX 2009,Kiểu dáng SUV,Tình trạng Xe cũ,Xuất xứ Nhập khẩu,Km đã đi 130.000 km,"Tỉnh thành
Hà Nội",Hộp số Số tự động,Nhiên liệu Máy xăng
Kia Rondo 2016,360000000.0,Năm SX 2016,Kiểu dáng MPV,Tình trạng Xe cũ,Xuất xứ Trong nước,Km đã đi 90.000 km,"Tỉnh thành
Hà Nội",Hộp số Số tự động,Nhiên liệu Máy xăng
Honda Civic 1.8 AT 2011,255000000.0,Năm SX 2011,Kiểu dáng Sedan,Tình trạng Xe cũ,Xuất xứ Trong nước,Km đã đi 150.000 km,"Tỉnh thành
Phú Thọ",Hộp số Số tự động,Nhiên liệu Máy xăng
Toyota Fortuner 2.7 V 4X2 AT 2017,659000000.0,Năm SX 2017,Kiểu dáng SUV,Tình trạng Xe cũ,Xuất xứ Trong nước,Km đã đi 83.000 km,"Tỉnh thành
Hà Nội",Hộp số Số tự động,Nhiên liệu Máy xăng
GAC M8 2024,1699000000.0,Năm SX 2024,Kiểu dáng MPV,Tình trạng Xe cũ,Xuất xứ Nhập khẩu,Km đã đi 7.000 km,"Tỉnh thành
Hà Nội",Hộp số Số tự động,Nhiên liệu Máy xăng
Ford Ranger Raptor 2024,1135000000.0,Năm SX 2024,Kiểu dáng Bán tải,Tình trạng Xe cũ,Xuất xứ Nhập khẩu,Km đã đi 35.000 km,"Tỉnh thành
Hà Nội",Hộp số Số tự động,Nhiên liệu Máy dầu
Hyundai Accent 1.4 AT 2018,350000000.0,Năm SX 2018,Kiểu dáng Sedan,Tình trạng Xe cũ,Xuất xứ Trong nước,Km đã đi 80 km,"Tỉnh thành
Thanh Hóa",Hộp số Số tự động,Nhiên liệu Máy xăng
Ford Everest Titanium 2.0 AT 4x2 2020,820000000.0,Năm SX 2020,Kiểu dáng SUV,Tình trạng Xe cũ,Xuất xứ Nhập khẩu,Km đã đi 70 km,"Tỉnh thành
Thanh Hóa",Hộp số Số tự động,Nhiên liệu Máy dầu
Mazda 2 1.5AT 2016,290000000.0,Năm SX 2016,Kiểu dáng Sedan,Tình trạng Xe cũ,Xuất xứ Trong nước,Km đã đi 80 km,"Tỉnh thành
Thanh Hóa",Hộp số Số tự động,Nhiên liệu Máy xăng
Ford Ranger XLS 2.0L 4x2 AT 2015,360000000.0,Năm SX 2015,Kiểu dáng Bán tải,Tình trạng Xe cũ,Xuất xứ Nhập khẩu,Km đã đi 90 km,"Tỉnh thành
Thanh Hóa",Hộp số Số tự động,Nhiên liệu Máy dầu
Mazda BT-50 1.9 AT 4x2 2017,390000000.0,Năm SX 2017,Kiểu dáng Bán tải,Tình trạng Xe cũ,Xuất xứ Nhập khẩu,Km đã đi 90 km,"Tỉnh thành
Thanh Hóa",Hộp số Số tự động,Nhiên liệu Máy dầu
Kia Morning Si 1.25 AT 2016,235000000.0,Năm SX 2016,Kiểu dáng Hatchback,Tình trạng Xe cũ,Xuất xứ Trong nước,Km đã đi 110.000 km,"Tỉnh thành
Hà Nội",Hộp số Số tự động,Nhiên liệu Máy xăng
VinFast Fadil Nâng Cao 2019,310000000.0,Năm SX 2019,Kiểu dáng Hatchback,Tình trạng Xe cũ,Xuất xứ Trong nước,Km đã đi 40.000 km,"Tỉnh thành
Bình Dương",Hộp số Số tự động,Nhiên liệu Máy xăng
Toyota Innova 2.0 Venturer AT 2022,720000000.0,Năm SX 2022,Kiểu dáng MPV,Tình trạng Xe cũ,Xuất xứ Trong nước,Km đã đi 100.000 km,"Tỉnh thành
Bình Dương",Hộp số Số tự động,Nhiên liệu Máy xăng
VinFast Fadil Nâng Cao 2019,310000000.0,Năm SX 2019,Kiểu dáng Hatchback,Tình trạng Xe cũ,Xuất xứ Trong nước,Km đã đi 40.000 km,"Tỉnh thành
Bình Dương",Hộp số Số tự động,Nhiên liệu Máy xăng
Toyota Innova 2.0 Venturer AT 2022,720000000.0,Năm SX 2022,Kiểu dáng MPV,Tình trạng Xe cũ,Xuất xứ Trong nước,Km đã đi 100.000 km,"Tỉnh thành
Bình Dương",Hộp số Số tự động,Nhiên liệu Máy xăng
Mercedes-Benz E300 AMG 2021,1699000000.0,Năm SX 2021,Kiểu dáng Sedan,Tình trạng Xe cũ,Xuất xứ Nhập khẩu,Km đã đi 41.000 km,"Tỉnh thành
Tp.HCM",Hộp số Số tự động,Nhiên liệu Máy xăng
Toyota Land Cruiser 2020,828000000.0,Năm SX 2020,Kiểu dáng SUV,Tình trạng Xe cũ,Xuất xứ Nhập khẩu,Km đã đi 76.000 km,"Tỉnh thành
Hà Nội",Hộp số Số tự động,Nhiên liệu Máy xăng
Volkswagen Tiguan  2010,345000000.0,Năm SX 2010,Kiểu dáng SUV,Tình trạng Xe cũ,Xuất xứ Nhập khẩu,Km đã đi 95.000 km,"Tỉnh thành
Tp.HCM",Hộp số Số tự động,Nhiên liệu Máy xăng
Toyota Fortuner 2.7V TRD 4x4 2016,535000000.0,Năm SX 2016,Kiểu dáng SUV,Tình trạng Xe cũ,Xuất xứ Trong nước,Km đã đi 140.000 km,"Tỉnh thành
Hà Nội",Hộp số Số tự động,Nhiên liệu Máy xăng
Ford Ranger XLS 2.2 4x2 AT 2016,380000000.0,Năm SX 2016,Kiểu dáng Bán tải,Tình trạng Xe cũ,Xuất xứ Trong nước,Km đã đi 80.000 km,"Tỉnh thành
Hà Nội",Hộp số Số tự động,Nhiên liệu Máy dầu
Hyundai Accent 1.4 AT Đặc biệt 2022,435000000.0,Năm SX 2022,Kiểu dáng Sedan,Tình trạng Xe cũ,Xuất xứ Trong nước,Km đã đi 40.000 km,"Tỉnh thành
Hà Nội",Hộp số Số tự động,Nhiên liệu Máy xăng
Chevrolet Cruze LTZ 1.8 2016,260000000.0,Năm SX 2016,Kiểu dáng Sedan,Tình trạng Xe cũ,Xuất xứ Trong nước,Km đã đi 50.000 km,"Tỉnh thành
Tp.HCM",Hộp số Số tự động,Nhiên liệu Máy xăng
VinFast VF8 2023,710000000.0,Năm SX 2023,Na,Tình trạng Xe cũ,Xuất xứ Trong nước,Km đã đi 55.000 km,"Tỉnh thành
Vĩnh Phúc",Hộp số Số tự động,Nhiên liệu Máy xăng
VinFast VF8 2023,710000000.0,Năm SX 2023,Na,Tình trạng Xe cũ,Xuất xứ Trong nước,Km đã đi 45.000 km,"Tỉnh thành
Vĩnh Phúc",Hộp số Số tự động,Nhiên liệu Máy xăng
VinFast VF8 2023,695000000.0,Năm SX 2023,Na,Tình trạng Xe cũ,Xuất xứ Trong nước,Km đã đi 56.000 km,"Tỉnh thành
Vĩnh Phúc",Hộp số Số tự động,Nhiên liệu Máy xăng
VinFast LUX A2.0 2020,500000000.0,Năm SX 2020,Na,Tình trạng Xe cũ,Xuất xứ Trong nước,Km đã đi 50.000 km,"Tỉnh thành
Vĩnh Phúc",Hộp số Số tự động,Nhiên liệu Máy xăng
VinFast Fadil 2020,275000000.0,Năm SX 2020,Na,Tình trạng Xe cũ,Xuất xứ Trong nước,Km đã đi 50.000 km,"Tỉnh thành
Vĩnh Phúc",Hộp số Số tự động,Nhiên liệu Máy xăng
Mitsubishi Attrage 2022,255000000.0,Năm SX 2022,Na,Tình trạng Xe cũ,Xuất xứ Trong nước,Km đã đi 45.000 km,"Tỉnh thành
Vĩnh Phúc",Hộp số Số tự động,Nhiên liệu Máy xăng
Suzuki Ertiga 1.5L Sport AT 2017,335000000.0,Năm SX 2017,Kiểu dáng MPV,Tình trạng Xe cũ,Xuất xứ Nhập khẩu,Km đã đi 90.000 km,"Tỉnh thành
Hà Nội",Hộp số Số tự động,Nhiên liệu Máy xăng
Mitsubishi Xpander AT Premium 2021,475000000.0,Năm SX 2021,Kiểu dáng SUV,Tình trạng Xe cũ,Xuất xứ Nhập khẩu,Km đã đi 50.000 km,"Tỉnh thành
Hà Nội",Hộp số Số tự động,Nhiên liệu Máy xăng
Mercedes-Benz GLA 45 AMG 2015,678000000.0,Năm SX 2015,Kiểu dáng Crossover,Tình trạng Xe cũ,Xuất xứ Nhập khẩu,Km đã đi 85.000 km,"Tỉnh thành
Hà Nội",Hộp số Số tự động,Nhiên liệu Máy xăng
Mazda 6 2.0 Premium 2022,678000000.0,Năm SX 2022,Kiểu dáng Sedan,Tình trạng Xe cũ,Xuất xứ Trong nước,Km đã đi 36.000 km,"Tỉnh thành
Hà Nội",Hộp số Số tự động,Nhiên liệu Máy xăng
Hyundai Accent 1.4 AT 2022,429000000.0,Năm SX 2022,Kiểu dáng Sedan,Tình trạng Xe cũ,Xuất xứ Trong nước,Km đã đi 50.000 km,"Tỉnh thành
Hà Nội",Hộp số Số tự động,Nhiên liệu Máy xăng
Kia Cerato 2021,479000000.0,Năm SX 2021,Kiểu dáng Sedan,Tình trạng Xe cũ,Xuất xứ Trong nước,Km đã đi 70.000 km,"Tỉnh thành
Hà Nội",Hộp số Số tự động,Nhiên liệu Máy xăng
Hyundai Accent 1.4 AT Đặc biệt 2022,439000000.0,Năm SX 2022,Kiểu dáng Sedan,Tình trạng Xe cũ,Xuất xứ Trong nước,Km đã đi 50.000 km,"Tỉnh thành
Hà Nội",Hộp số Số tự động,Nhiên liệu Máy xăng
Toyota Fortuner 2.4 MT 4x2 2019,775000000.0,Năm SX 2019,Kiểu dáng SUV,Tình trạng Xe cũ,Xuất xứ Nhập khẩu,Km đã đi 20.000 km,"Tỉnh thành
Tp.HCM",Hộp số Số sàn,Nhiên liệu Máy dầu
Toyota Camry 2.0E 2013,436000000.0,Năm SX 2013,Kiểu dáng Sedan,Tình trạng Xe cũ,Xuất xứ Trong nước,Km đã đi 128.000 km,"Tỉnh thành
Hà Nội",Hộp số Số tự động,Nhiên liệu Máy xăng
Hyundai Santa Fe 2.2L Dầu Tiêu chuẩn 2022,969000000.0,Năm SX 2022,Kiểu dáng SUV,Tình trạng Xe cũ,Xuất xứ Trong nước,Km đã đi 63.000 km,"Tỉnh thành
Hà Nội",Hộp số Số tự động,Nhiên liệu Máy dầu
Toyota Vios 1.5E MT 2023,379000000.0,Năm SX 2023,Kiểu dáng Sedan,Tình trạng Xe cũ,Xuất xứ Trong nước,Km đã đi 47.000 km,"Tỉnh thành
Hà Nội",Hộp số Số sàn,Nhiên liệu Máy xăng
Toyota Raize 2023,495000000.0,Năm SX 2023,Kiểu dáng SUV,Tình trạng Xe cũ,Xuất xứ Trong nước,Km đã đi 15.000 km,"Tỉnh thành
Bình Dương",Hộp số Số tự động,Nhiên liệu Máy xăng
Toyota Fortuner 2022,955000000.0,Năm SX 2022,Kiểu dáng SUV,Tình trạng Xe cũ,Xuất xứ Trong nước,Km đã đi 42.000 km,"Tỉnh thành
Đồng Nai",Hộp số Số tự động,Nhiên liệu Máy dầu
Honda City 1.5 TOP CVT 2018,375000000.0,Năm SX 2018,Kiểu dáng Sedan,Tình trạng Xe cũ,Xuất xứ Trong nước,Km đã đi 80.000 km,"Tỉnh thành
Bình Dương",Hộp số Số tự động,Nhiên liệu Máy xăng
Toyota Vios 1.5G AT 2016,315000000.0,Năm SX 2016,Kiểu dáng Sedan,Tình trạng Xe cũ,Xuất xứ Trong nước,Km đã đi 100.000 km,"Tỉnh thành
Bình Dương",Hộp số Số tự động,Nhiên liệu Máy xăng
Toyota Vios 1.5E MT 2018,268000000.0,Năm SX 2018,Kiểu dáng Sedan,Tình trạng Xe cũ,Xuất xứ Trong nước,Km đã đi 90.000 km,"Tỉnh thành
Bình Dương",Hộp số Số sàn,Nhiên liệu Máy xăng
Hyundai Elantra 2022,499000000.0,Năm SX 2022,Kiểu dáng Sedan,Tình trạng Xe cũ,Xuất xứ Trong nước,Km đã đi 43.000 km,"Tỉnh thành
Hà Nội",Hộp số Số tự động,Nhiên liệu Máy xăng
Kia Sportage 1.6 T Signature X-line AWD 2022,839000000.0,Năm SX 2022,Kiểu dáng SUV,Tình trạng Xe cũ,Xuất xứ Nhập khẩu,Km đã đi 27.000 km,"Tỉnh thành
Hà Nội",Hộp số Số tự động,Nhiên liệu Máy xăng
Hyundai Elantra Sport 1.6 2020,509000000.0,Năm SX 2020,Kiểu dáng Sedan,Tình trạng Xe cũ,Xuất xứ Trong nước,Km đã đi 61.000 km,"Tỉnh thành
Hà Nội",Hộp số Số tự động,Nhiên liệu Máy xăng
Hyundai Accent 1.4 AT 2023,475000000.0,Năm SX 2023,Kiểu dáng Sedan,Tình trạng Xe cũ,Xuất xứ Trong nước,Km đã đi 13.000 km,"Tỉnh thành
Hà Nội",Hộp số Số tự động,Nhiên liệu Máy xăng
VinFast LUX SA2.0 Nâng cao 2021,730000000.0,Năm SX 2021,Kiểu dáng SUV,Tình trạng Xe cũ,Xuất xứ Trong nước,Km đã đi 50.000 km,"Tỉnh thành
Bình Dương",Hộp số Số tự động,Nhiên liệu Máy xăng
Toyota Land Cruiser VXS V8 5.7L 2021,4539000000.0,Năm SX 2021,Kiểu dáng SUV,Tình trạng Xe cũ,Xuất xứ Nhập khẩu,Km đã đi 60.000 km,"Tỉnh thành
Hà Nội",Hộp số Số tự động,Nhiên liệu Máy xăng
Mercedes-Benz Maybach S450 4Matic 2020,4286000000.0,Năm SX 2020,Kiểu dáng Sedan,Tình trạng Xe cũ,Xuất xứ Nhập khẩu,Km đã đi 30.000 km,"Tỉnh thành
Hà Nội",Hộp số Số tự động,Nhiên liệu Máy xăng
Mercedes-Benz Maybach S450 4Matic 2020,4286000000.0,Năm SX 2020,Kiểu dáng Sedan,Tình trạng Xe cũ,Xuất xứ Nhập khẩu,Km đã đi 30.000 km,"Tỉnh thành
Hà Nội",Hộp số Số tự động,Nhiên liệu Máy xăng
VinFast VF8 2023,690000000.0,Năm SX 2023,Kiểu dáng SUV,Tình trạng Xe cũ,Xuất xứ Trong nước,Km đã đi 55.000 km,"Tỉnh thành
Hà Nội",Hộp số Số tự động,Nhiên liệu Điện
VinFast LUX SA2.0 2022,745000000.0,Năm SX 2022,Kiểu dáng SUV,Tình trạng Xe cũ,Xuất xứ Trong nước,Km đã đi 75.000 km,"Tỉnh thành
Hà Nội",Hộp số Số tự động,Nhiên liệu Máy xăng
Toyota Corolla Altis 2.0V Sport 2017,489000000.0,Năm SX 2017,Kiểu dáng Sedan,Tình trạng Xe cũ,Xuất xứ Trong nước,Km đã đi 108.000 km,"Tỉnh thành
Hà Nội",Hộp số Số tự động,Nhiên liệu Máy xăng
Mercedes-Benz G63 4.0 V8 2019,7439000000.0,Năm SX 2019,Kiểu dáng SUV,Tình trạng Xe cũ,Xuất xứ Nhập khẩu,Km đã đi 65.000 km,"Tỉnh thành
Hà Nội",Hộp số Số tự động,Nhiên liệu Máy xăng
Maserati Ghibli GrandSport 2018,2333000000.0,Năm SX 2018,Kiểu dáng Sedan,Tình trạng Xe cũ,Xuất xứ Nhập khẩu,Km đã đi 20.000 km,"Tỉnh thành
Hà Nội",Hộp số Số tự động,Nhiên liệu Máy xăng
Mercedes-Benz E180 V1 2022,1559000000.0,Năm SX 2022,Kiểu dáng Sedan,Tình trạng Xe cũ,Xuất xứ Trong nước,Km đã đi 5.999 km,"Tỉnh thành
Hà Nội",Hộp số Số tự động,Nhiên liệu Máy xăng
Maserati Ghibli GrandSport 2018,2333000000.0,Năm SX 2018,Kiểu dáng Sedan,Tình trạng Xe cũ,Xuất xứ Nhập khẩu,Km đã đi 20.000 km,"Tỉnh thành
Hà Nội",Hộp số Số tự động,Nhiên liệu Máy xăng
Mercedes-Benz E180 V1 2022,1559000000.0,Năm SX 2022,Kiểu dáng Sedan,Tình trạng Xe cũ,Xuất xứ Trong nước,Km đã đi 5.999 km,"Tỉnh thành
Hà Nội",Hộp số Số tự động,Nhiên liệu Máy xăng
Suzuki Swift GLX 1.2 CVT 2023,529000000.0,Năm SX 2023,Kiểu dáng Hatchback,Tình trạng Xe cũ,Xuất xứ Nhập khẩu,Km đã đi 22.000 km,"Tỉnh thành
Hà Nội",Hộp số Số tự động,Nhiên liệu Máy xăng
Mazda 3 Sedan 1.5L Deluxe 2022,515000000.0,Năm SX 2022,Kiểu dáng Sedan,Tình trạng Xe cũ,Xuất xứ Trong nước,Km đã đi 11.000 km,"Tỉnh thành
Hà Nội",Hộp số Số tự động,Nhiên liệu Máy xăng
Chevrolet Cruze LS 2011,150000000.0,Năm SX 2011,Na,Tình trạng Xe cũ,Xuất xứ Trong nước,Km đã đi 74.000 km,"Tỉnh thành
Thanh Hóa",Hộp số Số tự động,Nhiên liệu Máy xăng
Hyundai Tucson 2.0 Dầu đặc biệt 2022,815000000.0,Năm SX 2022,Kiểu dáng SUV,Tình trạng Xe cũ,Xuất xứ Trong nước,Km đã đi 100.000 km,"Tỉnh thành
Tây Ninh",Hộp số Số tự động,Nhiên liệu Máy dầu
Toyota Fortuner 2.7V 2021,896000000.0,Năm SX 2021,Kiểu dáng SUV,Tình trạng Xe cũ,Xuất xứ Nhập khẩu,Km đã đi 39.000 km,"Tỉnh thành
Hà Nội",Hộp số Số tự động,Nhiên liệu Máy xăng
Toyota Innova 2.0E 2018,425000000.0,Năm SX 2018,Kiểu dáng MPV,Tình trạng Xe cũ,Xuất xứ Trong nước,Km đã đi 86.000 km,"Tỉnh thành
Hà Nội",Hộp số Số sàn,Nhiên liệu Máy xăng
Peugeot 3008 GT 2022,840000000.0,Năm SX 2022,Kiểu dáng SUV,Tình trạng Xe cũ,Xuất xứ Nhập khẩu,Km đã đi 22.000 km,"Tỉnh thành
Tp.HCM",Hộp số Số tự động,Nhiên liệu Máy xăng
Ford Mustang EcoBoost 2019,1750000000.0,Năm SX 2019,Kiểu dáng Sport Car,Tình trạng Xe cũ,Xuất xứ Nhập khẩu,Km đã đi 30.000 km,"Tỉnh thành
Tp.HCM",Hộp số Số tự động,Nhiên liệu Máy xăng
Kia Cerato 1.6 MT 2017,325000000.0,Năm SX 2017,Kiểu dáng Sedan,Tình trạng Xe cũ,Xuất xứ Trong nước,Km đã đi 96.000 km,"Tỉnh thành
Đà Nẵng",Hộp số Số tự động,Nhiên liệu Máy xăng
Mercedes-Benz C200 2.0 AT 2015,566000000.0,Năm SX 2015,Kiểu dáng Sedan,Tình trạng Xe cũ,Xuất xứ Nhập khẩu,Km đã đi 100.000 km,"Tỉnh thành
Hà Nội",Hộp số Số tự động,Nhiên liệu Máy xăng
Kia Sonet 1.5 Premium 2023,550000000.0,Năm SX 2023,Kiểu dáng Crossover,Tình trạng Xe cũ,Xuất xứ Trong nước,Km đã đi 13.000 km,"Tỉnh thành
Hà Nội",Hộp số Số tự động,Nhiên liệu Máy xăng
Suzuki Ertiga 1.5L Sport AT 2020,385000000.0,Năm SX 2020,Kiểu dáng MPV,Tình trạng Xe cũ,Xuất xứ Nhập khẩu,Km đã đi 90.000 km,"Tỉnh thành
Tp.HCM",Hộp số Số tự động,Nhiên liệu Máy xăng
Toyota Fortuner 2.4 MT 4x2 2022,815000000.0,Năm SX 2022,Kiểu dáng SUV,Tình trạng Xe cũ,Xuất xứ Trong nước,Km đã đi 89.000 km,"Tỉnh thành
Tp.HCM",Hộp số Số sàn,Nhiên liệu Máy dầu
Hyundai i20 1.4 AT 2009,195000000.0,Năm SX 2009,Kiểu dáng Hatchback,Tình trạng Xe cũ,Xuất xứ Nhập khẩu,Km đã đi 123.000 km,"Tỉnh thành
Tp.HCM",Hộp số Số tự động,Nhiên liệu Máy xăng
Porsche Cayenne 2024,6580000000.0,Năm SX 2024,Kiểu dáng SUV,Tình trạng Xe cũ,Xuất xứ Nhập khẩu,Km đã đi 2.999 km,"Tỉnh thành
Hà Nội",Hộp số Số tự động,Nhiên liệu Máy xăng
Mercedes-Benz E180 V1 2022,1489000000.0,Năm SX 2022,Kiểu dáng Sedan,Tình trạng Xe cũ,Xuất xứ Trong nước,Km đã đi 6.789 km,"Tỉnh thành
Hà Nội",Hộp số Số tự động,Nhiên liệu Máy xăng
Mazda 3 1.5L Sedan 2017,410000000.0,Năm SX 2017,Kiểu dáng Sedan,Tình trạng Xe cũ,Xuất xứ Trong nước,Km đã đi 70.000 km,"Tỉnh thành
Hà Nội",Hộp số Số tự động,Nhiên liệu Máy xăng
Suzuki Celerio 1.0 MT 2018,185000000.0,Năm SX 2018,Kiểu dáng Hatchback,Tình trạng Xe cũ,Xuất xứ Nhập khẩu,Km đã đi 109.000 km,"Tỉnh thành
Lâm Đồng",Hộp số Số sàn,Nhiên liệu Máy xăng
Toyota Vios 2020,402000000.0,Năm SX 2020,Kiểu dáng Sedan,Tình trạng Xe cũ,Xuất xứ Trong nước,Km đã đi 70.000 km,"Tỉnh thành
Hà Nội",Hộp số Số tự động,Nhiên liệu Máy xăng
VinFast VF8 Plus 2022,720000000.0,Năm SX 2022,Kiểu dáng SUV,Tình trạng Xe cũ,Xuất xứ Trong nước,Km đã đi 56.000 km,"Tỉnh thành
Hà Nội",Hộp số Số tự động,Nhiên liệu Điện
Ford Territory 1.5L Titanium 2024,768000000.0,Năm SX 2024,Kiểu dáng SUV,Tình trạng Xe cũ,Xuất xứ Nhập khẩu,Km đã đi 16.000 km,"Tỉnh thành
Bình Dương",Hộp số Số tự động,Nhiên liệu Máy xăng
Mitsubishi Xpander 1.5 AT  2019,428000000.0,Năm SX 2019,Kiểu dáng MPV,Tình trạng Xe cũ,Xuất xứ Nhập khẩu,Km đã đi 80.000 km,"Tỉnh thành
Bình Dương",Hộp số Số tự động,Nhiên liệu Máy xăng
Mazda 3 1.6 AT 2017,408000000.0,Năm SX 2017,Kiểu dáng Sedan,Tình trạng Xe cũ,Xuất xứ Trong nước,Km đã đi 80.000 km,"Tỉnh thành
Bình Dương",Hộp số Số tự động,Nhiên liệu Máy xăng
Toyota Innova 2.0G 2015,350000000.0,Năm SX 2015,Kiểu dáng SUV,Tình trạng Xe cũ,Xuất xứ Trong nước,Km đã đi 110.000 km,"Tỉnh thành
Lâm Đồng",Hộp số Số sàn,Nhiên liệu Máy xăng
Mazda 2 1.5AT 2016,280000000.0,Năm SX 2016,Kiểu dáng Sedan,Tình trạng Xe cũ,Xuất xứ Nhập khẩu,Km đã đi 101.260 km,"Tỉnh thành
Hải Phòng",Hộp số Số tự động,Nhiên liệu Máy xăng
Kia Sedona 2.2 Platinum D 2019,760000000.0,Năm SX 2019,Kiểu dáng MPV,Tình trạng Xe cũ,Xuất xứ Trong nước,Km đã đi 120.000 km,"Tỉnh thành
Hà Nội",Hộp số Số tự động,Nhiên liệu Máy dầu
Lexus RX 300 T 2019,2290000000.0,Năm SX 2019,Kiểu dáng Sedan,Tình trạng Xe cũ,Xuất xứ Nhập khẩu,Km đã đi 83.000 km,"Tỉnh thành
Tp.HCM",Hộp số Số tự động,Nhiên liệu Máy xăng
Kia Seltos 1.6 Premium 2021,585000000.0,Năm SX 2021,Kiểu dáng Crossover,Tình trạng Xe cũ,Xuất xứ Trong nước,Km đã đi 65.000 km,"Tỉnh thành
Hà Nội",Hộp số Số tự động,Nhiên liệu Máy xăng
Toyota Corolla Cross 1.8 V  2021,685000000.0,Năm SX 2021,Kiểu dáng Crossover,Tình trạng Xe cũ,Xuất xứ Trong nước,Km đã đi 46.000 km,"Tỉnh thành
Hà Nội",Hộp số Số tự động,Nhiên liệu Máy xăng
Mazda CX-5 2.5L Luxury 2019,575000000.0,Năm SX 2019,Kiểu dáng SUV,Tình trạng Xe cũ,Xuất xứ Trong nước,Km đã đi 140.000 km,"Tỉnh thành
Hà Nội",Hộp số Số tự động,Nhiên liệu Máy xăng
Ford EcoSport Titanium 1.5L AT 2017,335000000.0,Năm SX 2017,Kiểu dáng SUV,Tình trạng Xe cũ,Xuất xứ Trong nước,Km đã đi 69.000 km,"Tỉnh thành
Tp.HCM",Hộp số Số tự động,Nhiên liệu Máy xăng
Peugeot 5008 1.6L Turbo 2022,850000000.0,Năm SX 2022,Kiểu dáng SUV,Tình trạng Xe cũ,Xuất xứ Nhập khẩu,Km đã đi 17.000 km,"Tỉnh thành
Tp.HCM",Hộp số Số tự động,Nhiên liệu Máy xăng
Toyota Innova 2.0V 2010,279000000.0,Năm SX 2010,Kiểu dáng MPV,Tình trạng Xe cũ,Xuất xứ Trong nước,Km đã đi 186.000 km,"Tỉnh thành
Tp.HCM",Hộp số Số tự động,Nhiên liệu Máy xăng
Lexus RX 300 F-Sport 2022,3168000000.0,Năm SX 2022,Kiểu dáng SUV,Tình trạng Xe cũ,Xuất xứ Nhập khẩu,Km đã đi 42.000 km,"Tỉnh thành
Tp.HCM",Hộp số Số tự động,Nhiên liệu Máy xăng
Toyota Fortuner 2.4 MT 4x2 2022,868000000.0,Năm SX 2022,Kiểu dáng SUV,Tình trạng Xe cũ,Xuất xứ Trong nước,Km đã đi 62.000 km,"Tỉnh thành
Tp.HCM",Hộp số Số sàn,Nhiên liệu Máy dầu
Mazda 2 Sport 1.5L Luxury 2016,303000000.0,Năm SX 2016,Kiểu dáng Hatchback,Tình trạng Xe cũ,Xuất xứ Trong nước,Km đã đi 100.000 km,"Tỉnh thành
Hà Nội",Hộp số Số tự động,Nhiên liệu Máy xăng
Mazda 3 2.0L Sedan 2017,380000000.0,Năm SX 2017,Kiểu dáng Sedan,Tình trạng Xe cũ,Xuất xứ Trong nước,Km đã đi 60.000 km,"Tỉnh thành
Hà Nội",Hộp số Số tự động,Nhiên liệu Máy xăng
BMW 323i 2009,250000000.0,Năm SX 2009,Kiểu dáng Sedan,Tình trạng Xe cũ,Xuất xứ Nhập khẩu,Km đã đi 136.000 km,"Tỉnh thành
Tp.HCM",Hộp số Số tự động,Nhiên liệu Máy xăng
Hyundai Santa Fe 2.4L Xăng Cao cấp 2020,765000000.0,Năm SX 2020,Kiểu dáng SUV,Tình trạng Xe cũ,Xuất xứ Trong nước,Km đã đi 80.000 km,"Tỉnh thành
Hà Nội",Hộp số Số tự động,Nhiên liệu Máy xăng
Lynk & Co 01 2023,767000000.0,Năm SX 2023,Kiểu dáng SUV,Tình trạng Xe cũ,Xuất xứ Nhập khẩu,Km đã đi 25.000 km,"Tỉnh thành
Hà Nội",Hộp số Số tự động,Nhiên liệu Máy xăng
Kia Carnival 2.2D Premium 2022,1125000000.0,Năm SX 2022,Kiểu dáng MPV,Tình trạng Xe cũ,Xuất xứ Trong nước,Km đã đi 79.000 km,"Tỉnh thành
Hà Nội",Hộp số Số tự động,Nhiên liệu Máy xăng
VinFast Fadil Cao cấp 2020,320000000.0,Năm SX 2020,Na,Tình trạng Xe cũ,Xuất xứ Trong nước,Km đã đi 37.666 km,"Tỉnh thành
Tp.HCM",Hộp số Số tự động,Nhiên liệu Máy xăng
Mazda 2 Sedan 1.5L Luxury 2021,438000000.0,Năm SX 2021,Kiểu dáng Sedan,Tình trạng Xe cũ,Xuất xứ Trong nước,Km đã đi 7.900 km,"Tỉnh thành
Tp.HCM",Hộp số Số tự động,Nhiên liệu Máy xăng
Ford Transit 2015,310000000.0,Năm SX 2015,Kiểu dáng Van/Minivan,Tình trạng Xe cũ,Xuất xứ Trong nước,Km đã đi 150.000 km,"Tỉnh thành
Khánh Hòa",Hộp số Số sàn,Nhiên liệu Máy dầu
Hyundai Kona 1.6 Turbo 2018,450000000.0,Năm SX 2018,Kiểu dáng Crossover,Tình trạng Xe cũ,Xuất xứ Trong nước,Km đã đi 90.000 km,"Tỉnh thành
Hà Nội",Hộp số Số tự động,Nhiên liệu Máy xăng
Nissan Terra 2.5L V 4WD AT 2019,680000000.0,Năm SX 2019,Kiểu dáng SUV,Tình trạng Xe cũ,Xuất xứ Nhập khẩu,Km đã đi 76.000 km,"Tỉnh thành
Hà Nội",Hộp số Số tự động,Nhiên liệu Máy xăng
Chevrolet Cruze LT 1.8 2010,155000000.0,Năm SX 2010,Kiểu dáng Sedan,Tình trạng Xe cũ,Xuất xứ Trong nước,Km đã đi 139.790 km,"Tỉnh thành
Đồng Nai",Hộp số Số sàn,Nhiên liệu Máy xăng
Audi A4 2.0 TFSI 2016,699000000.0,Năm SX 2016,Kiểu dáng Sedan,Tình trạng Xe cũ,Xuất xứ Nhập khẩu,Km đã đi 29.800 km,"Tỉnh thành
Hà Nội",Hộp số Số tự động,Nhiên liệu Máy xăng
Mercedes-Benz E300 AMG 2019,1350000000.0,Năm SX 2019,Kiểu dáng Sedan,Tình trạng Xe cũ,Xuất xứ Nhập khẩu,Km đã đi 40.000 km,"Tỉnh thành
Hà Nội",Hộp số Số tự động,Nhiên liệu Máy xăng
Honda CR-V 1.5 L 2019,750000000.0,Năm SX 2019,Kiểu dáng SUV,Tình trạng Xe cũ,Xuất xứ Nhập khẩu,Km đã đi 62.000 km,"Tỉnh thành
Đồng Nai",Hộp số Số tự động,Nhiên liệu Máy xăng
Peugeot 3008 Allure 2022,780000000.0,Năm SX 2022,Kiểu dáng SUV,Tình trạng Xe cũ,Xuất xứ Trong nước,Km đã đi 24.000 km,"Tỉnh thành
Tp.HCM",Hộp số Số tự động,Nhiên liệu Máy xăng
Hyundai Elantra Sport 1.6 2019,450000000.0,Năm SX 2019,Kiểu dáng Sedan,Tình trạng Xe cũ,Xuất xứ Nhập khẩu,Km đã đi 74.000 km,"Tỉnh thành
Hà Nội",Hộp số Số tự động,Nhiên liệu Máy xăng
Hyundai Kona 2019,436000000.0,Năm SX 2019,Kiểu dáng SUV,Tình trạng Xe cũ,Xuất xứ Nhập khẩu,Km đã đi 68.000 km,"Tỉnh thành
Bắc Giang",Hộp số Số tự động,Nhiên liệu Máy xăng
Kia Sportage 2022,825000000.0,Năm SX 2022,Kiểu dáng SUV,Tình trạng Xe cũ,Na,Km đã đi 50.000 km,"Tỉnh thành
Hà Nội",Hộp số Số tự động,Nhiên liệu Máy xăng
Mitsubishi Xpander AT Premium 2023,570000000.0,Năm SX 2023,Kiểu dáng MPV,Tình trạng Xe cũ,Xuất xứ Nhập khẩu,Km đã đi 23.000 km,"Tỉnh thành
Hà Nội",Hộp số Số tự động,Nhiên liệu Máy xăng
Toyota Innova 2.0E 2016,375000000.0,Năm SX 2016,Kiểu dáng MPV,Tình trạng Xe cũ,Xuất xứ Trong nước,Km đã đi 118.000 km,"Tỉnh thành
Đồng Nai",Hộp số Số sàn,Nhiên liệu Máy xăng
Toyota Vios 1.5G AT 2022,440000000.0,Năm SX 2022,Kiểu dáng Sedan,Tình trạng Xe cũ,Xuất xứ Trong nước,Km đã đi 74.000 km,"Tỉnh thành
Nam Định",Hộp số Số tự động,Nhiên liệu Máy xăng
Mazda CX-30 2.0L Luxury 2022,599000000.0,Năm SX 2022,Kiểu dáng Hatchback,Tình trạng Xe cũ,Xuất xứ Nhập khẩu,Km đã đi 40.000 km,"Tỉnh thành
Tp.HCM",Hộp số Số tự động,Nhiên liệu Máy xăng
Kia Morning MT 2019,169000000.0,Năm SX 2019,Kiểu dáng Hatchback,Tình trạng Xe cũ,Xuất xứ Trong nước,Km đã đi 113.000 km,"Tỉnh thành
Tp.HCM",Hộp số Số sàn,Nhiên liệu Máy xăng
Mercedes-Benz GLC 200 4Matic 2021,1399000000.0,Năm SX 2021,Kiểu dáng SUV,Tình trạng Xe cũ,Xuất xứ Trong nước,Km đã đi 60.000 km,"Tỉnh thành
Tp.HCM",Hộp số Số tự động,Nhiên liệu Máy xăng
Mercedes-Benz E200 2019,999000000.0,Năm SX 2019,Kiểu dáng Sedan,Tình trạng Xe cũ,Xuất xứ Trong nước,Km đã đi 65.000 km,"Tỉnh thành
Tp.HCM",Hộp số Số tự động,Nhiên liệu Máy xăng
Mercedes-Benz C300 AMG 2020,999000000.0,Năm SX 2020,Kiểu dáng Sedan,Tình trạng Xe cũ,Xuất xứ Trong nước,Km đã đi 01 km,"Tỉnh thành
Tp.HCM",Hộp số Số tự động,Nhiên liệu Máy xăng
Hyundai Grand i10 Sedan 1.2 MT 2014,109000000.0,Năm SX 2014,Kiểu dáng Sedan,Tình trạng Xe cũ,Xuất xứ Nhập khẩu,Km đã đi 16.000 km,"Tỉnh thành
Thái Bình",Hộp số Số sàn,Nhiên liệu Máy xăng
Lexus GX 550 2024,6390000000.0,Năm SX 2024,Kiểu dáng SUV,Tình trạng Xe cũ,Xuất xứ Nhập khẩu,Km đã đi 4.000 km,"Tỉnh thành
Hà Nội",Hộp số Số tự động,Nhiên liệu Máy xăng
Kia Carnival 2.2D Signature 2023,1318000000.0,Năm SX 2023,Kiểu dáng MPV,Tình trạng Xe cũ,Xuất xứ Trong nước,Km đã đi 25.000 km,"Tỉnh thành
Tp.HCM",Hộp số Số tự động,Nhiên liệu Máy dầu
VinFast LUX A2.0 Tiêu chuẩn 2022,569000000.0,Năm SX 2022,Kiểu dáng Sedan,Tình trạng Xe cũ,Xuất xứ Nhập khẩu,Km đã đi 30.000 km,"Tỉnh thành
Tp.HCM",Hộp số Số tự động,Nhiên liệu Máy xăng
Mazda CX-5 2.0 Premium 2021,698000000.0,Năm SX 2021,Kiểu dáng SUV,Tình trạng Xe cũ,Xuất xứ Trong nước,Km đã đi 45.000 km,"Tỉnh thành
Tp.HCM",Hộp số Số tự động,Nhiên liệu Máy xăng
Honda CR-V 2019,728000000.0,Năm SX 2019,Kiểu dáng SUV,Tình trạng Xe cũ,Xuất xứ Nhập khẩu,Km đã đi 39.000 km,"Tỉnh thành
Tp.HCM",Hộp số Số tự động,Nhiên liệu Máy xăng
Ford Everest Platinum 2.0L 4x4 AT 2020,835000000.0,Năm SX 2020,Kiểu dáng SUV,Tình trạng Xe cũ,Xuất xứ Nhập khẩu,Km đã đi 88.000 km,"Tỉnh thành
Tp.HCM",Hộp số Số tự động,Nhiên liệu Máy dầu
Kia Carens SX 2.0 AT 2012,255000000.0,Năm SX 2012,Kiểu dáng MPV,Tình trạng Xe cũ,Xuất xứ Trong nước,Km đã đi 61.000 km,"Tỉnh thành
Đà Nẵng",Hộp số Số tự động,Nhiên liệu Máy xăng
Kia Forte SX 1.6 MT 2011,165000000.0,Năm SX 2011,Kiểu dáng Sedan,Tình trạng Xe cũ,Xuất xứ Nhập khẩu,Km đã đi 130.000 km,"Tỉnh thành
Hà Tĩnh",Hộp số Số sàn,Nhiên liệu Máy xăng
Peugeot 3008 2021,735000000.0,Năm SX 2021,Kiểu dáng SUV,Tình trạng Xe cũ,Xuất xứ Trong nước,Km đã đi 11.000 km,"Tỉnh thành
Tp.HCM",Hộp số Số tự động,Nhiên liệu Máy xăng
VinFast LUX A2.0 Tiêu chuẩn 2022,569000000.0,Năm SX 2022,Kiểu dáng Sedan,Tình trạng Xe cũ,Xuất xứ Trong nước,Km đã đi 37.000 km,"Tỉnh thành
Tp.HCM",Hộp số Số tự động,Nhiên liệu Máy xăng
Mazda CX-5 2016,450000000.0,Năm SX 2016,Na,Tình trạng Xe cũ,Xuất xứ Trong nước,Km đã đi 120.000 km,"Tỉnh thành
Gia Lai",Hộp số Số tự động,Nhiên liệu Máy xăng
Mitsubishi Xpander 1.5 AT  2019,378000000.0,Năm SX 2019,Kiểu dáng MPV,Tình trạng Xe cũ,Xuất xứ Nhập khẩu,Km đã đi 72.000 km,"Tỉnh thành
Đồng Tháp",Hộp số Số tự động,Nhiên liệu Máy xăng
Ford Ranger Wildtrak 3.2 4x4 AT 2016,515000000.0,Năm SX 2016,Kiểu dáng Bán tải,Tình trạng Xe cũ,Xuất xứ Nhập khẩu,Km đã đi 59.000 km,"Tỉnh thành
Tp.HCM",Hộp số Số tự động,Nhiên liệu Máy dầu
Suzuki Ertiga 1.5L Sport AT 2019,385000000.0,Năm SX 2019,Kiểu dáng MPV,Tình trạng Xe cũ,Xuất xứ Nhập khẩu,Km đã đi 50.000 km,"Tỉnh thành
Tp.HCM",Hộp số Số tự động,Nhiên liệu Máy xăng
Ford Everest Sport 2.0 AT 4x2 2023,1099000000.0,Năm SX 2023,Kiểu dáng SUV,Tình trạng Xe cũ,Xuất xứ Nhập khẩu,Km đã đi 59.000 km,"Tỉnh thành
Tp.HCM",Hộp số Số tự động,Nhiên liệu Máy xăng
Mercedes-Benz GLC 300 4Matic 2019,1050000000.0,Năm SX 2019,Kiểu dáng SUV,Tình trạng Xe cũ,Xuất xứ Trong nước,Km đã đi 01 km,"Tỉnh thành
Tp.HCM",Hộp số Số tự động,Nhiên liệu Máy xăng
Porsche Macan S 2019,2480000000.0,Năm SX 2019,Kiểu dáng SUV,Tình trạng Xe cũ,Xuất xứ Nhập khẩu,Km đã đi 49.800 km,"Tỉnh thành
Hà Nội",Hộp số Số tự động,Nhiên liệu Máy xăng
Mercedes-Benz GLC 250 4Matic 2017,999000000.0,Năm SX 2017,Kiểu dáng SUV,Tình trạng Xe cũ,Xuất xứ Trong nước,Km đã đi 70.000 km,"Tỉnh thành
Tp.HCM",Hộp số Số tự động,Nhiên liệu Máy xăng
Toyota Innova 2017,378000000.0,Năm SX 2017,Kiểu dáng MPV,Tình trạng Xe cũ,Xuất xứ Trong nước,Km đã đi 101.000 km,"Tỉnh thành
Bình Dương",Hộp số Số sàn,Nhiên liệu Máy xăng
Mercedes-Benz GLC 300 4Matic 2019,1068000000.0,Năm SX 2019,Kiểu dáng SUV,Tình trạng Xe cũ,Xuất xứ Trong nước,Km đã đi 85 km,"Tỉnh thành
Tp.HCM",Hộp số Số tự động,Nhiên liệu Máy xăng
Mercedes-Benz GLC 200 4Matic 2022,1399000000.0,Năm SX 2022,Kiểu dáng SUV,Tình trạng Xe cũ,Xuất xứ Trong nước,Km đã đi 40.000 km,"Tỉnh thành
Tp.HCM",Hộp số Số tự động,Nhiên liệu Máy xăng
Hyundai i30 1.6 AT 2009,235000000.0,Năm SX 2009,Kiểu dáng Hatchback,Tình trạng Xe cũ,Xuất xứ Nhập khẩu,Km đã đi 10.000 km,"Tỉnh thành
Hà Nội",Hộp số Số tự động,Nhiên liệu Máy xăng
Hyundai Accent 1.4 AT Đặc biệt 2023,470000000.0,Năm SX 2023,Kiểu dáng Sedan,Tình trạng Xe cũ,Na,Km đã đi 35.000 km,"Tỉnh thành
Hà Nội",Hộp số Số tự động,Nhiên liệu Máy xăng
Toyota Innova 2.0V 2009,248000000.0,Năm SX 2009,Kiểu dáng MPV,Tình trạng Xe cũ,Xuất xứ Trong nước,Km đã đi 168.000 km,"Tỉnh thành
Đồng Nai",Hộp số Số tự động,Nhiên liệu Máy xăng
Ford Focus 1.5L EcoBoost Trend Sedan 2018,355000000.0,Năm SX 2018,Kiểu dáng Sedan,Tình trạng Xe cũ,Xuất xứ Trong nước,Km đã đi 71.000 km,"Tỉnh thành
Lâm Đồng",Hộp số Số tự động,Nhiên liệu Máy xăng
Suzuki Ertiga Hybrid Ertiga AT 2019,385000000.0,Năm SX 2019,Kiểu dáng MPV,Tình trạng Xe cũ,Xuất xứ Nhập khẩu,Km đã đi 78.000 km,"Tỉnh thành
Lâm Đồng",Hộp số Số tự động,Nhiên liệu Máy xăng
VinFast LUX SA2.0 Tiêu chuẩn 2022,710000000.0,Năm SX 2022,Kiểu dáng SUV,Tình trạng Xe cũ,Xuất xứ Trong nước,Km đã đi 38.000 km,"Tỉnh thành
Tp.HCM",Hộp số Số tự động,Nhiên liệu Máy xăng
Kia Rondo 2.0 GMT 2017,268000000.0,Năm SX 2017,Kiểu dáng MPV,Tình trạng Xe cũ,Xuất xứ Trong nước,Km đã đi 80.000 km,"Tỉnh thành
Hải Phòng",Hộp số Số sàn,Nhiên liệu Máy xăng
Mitsubishi Xpander 1.5 AT  2019,410000000.0,Năm SX 2019,Kiểu dáng MPV,Tình trạng Xe cũ,Xuất xứ Nhập khẩu,Km đã đi 136.000 km,"Tỉnh thành
An Giang",Hộp số Số tự động,Nhiên liệu Máy xăng
Kia Sorento 2WD 2.4 GAT 2017,445000000.0,Năm SX 2017,Kiểu dáng SUV,Tình trạng Xe cũ,Xuất xứ Trong nước,Km đã đi 70.000 km,"Tỉnh thành
Tp.HCM",Hộp số Số tự động,Nhiên liệu Máy xăng
Hyundai Creta 2023,605000000.0,Năm SX 2023,Kiểu dáng SUV,Tình trạng Xe cũ,Xuất xứ Nhập khẩu,Km đã đi 14.000 km,"Tỉnh thành
Tp.HCM",Hộp số Số tự động,Nhiên liệu Máy xăng
Chevrolet Cruze LTZ 2016,248000000.0,Năm SX 2016,Kiểu dáng Sedan,Tình trạng Xe cũ,Xuất xứ Nhập khẩu,Km đã đi 95.000 km,"Tỉnh thành
Tp.HCM",Hộp số Số tự động,Nhiên liệu Máy xăng
Ford Ranger XLS 2.2L 4x2 MT 2017,438000000.0,Năm SX 2017,Kiểu dáng Bán tải,Tình trạng Xe cũ,Xuất xứ Nhập khẩu,Km đã đi 120.000 km,"Tỉnh thành
Hà Nội",Hộp số Số tự động,Nhiên liệu Máy dầu
VinFast LUX SA2.0 Tiêu chuẩn 2021,638000000.0,Năm SX 2021,Kiểu dáng SUV,Tình trạng Xe cũ,Xuất xứ Trong nước,Km đã đi 70.000 km,"Tỉnh thành
Hà Nội",Hộp số Số tự động,Nhiên liệu Máy xăng
Toyota Corolla Cross 1.8 G 2023,699000000.0,Năm SX 2023,Kiểu dáng SUV,Tình trạng Xe cũ,Xuất xứ Nhập khẩu,Km đã đi 17.000 km,"Tỉnh thành
Hà Nội",Hộp số Số tự động,Nhiên liệu Máy xăng
Toyota Land Cruiser Prado GX 2015,1150000000.0,Năm SX 2015,Kiểu dáng SUV,Tình trạng Xe cũ,Xuất xứ Nhập khẩu,Km đã đi 130.000 km,"Tỉnh thành
Hà Nội",Hộp số Số tự động,Nhiên liệu Máy xăng
Mercedes-Benz E300 2010,360000000.0,Năm SX 2010,Kiểu dáng Sedan,Tình trạng Xe cũ,Xuất xứ Trong nước,Km đã đi 123.456 km,"Tỉnh thành
Cần Thơ",Hộp số Số tự động,Nhiên liệu Máy xăng
Kia Cerato 1.6 AT Luxury 2019,445000000.0,Năm SX 2019,Kiểu dáng Sedan,Tình trạng Xe cũ,Xuất xứ Trong nước,Km đã đi 59.000 km,"Tỉnh thành
Hà Nội",Hộp số Số tự động,Nhiên liệu Máy xăng
Mercedes-Benz C250 Exclusive 2018,739000000.0,Năm SX 2018,Kiểu dáng Sedan,Tình trạng Xe cũ,Xuất xứ Trong nước,Km đã đi 58.000 km,"Tỉnh thành
Tp.HCM",Hộp số Số tự động,Nhiên liệu Máy xăng
Ford Explorer Limited 2022,1789000000.0,Năm SX 2022,Kiểu dáng SUV,Tình trạng Xe cũ,Xuất xứ Nhập khẩu,Km đã đi 23.600 km,"Tỉnh thành
Tp.HCM",Hộp số Số tự động,Nhiên liệu Máy xăng
Toyota Fortuner 2.4G 4x2 AT  2019,700000000.0,Năm SX 2019,Kiểu dáng SUV,Tình trạng Xe cũ,Xuất xứ Trong nước,Km đã đi 22.000 km,"Tỉnh thành
Đồng Nai",Hộp số Số sàn,Nhiên liệu Máy dầu
Ford Transit SVP 2022,620000000.0,Năm SX 2022,Kiểu dáng Van/Minivan,Tình trạng Xe cũ,Xuất xứ Trong nước,Km đã đi 110.000 km,"Tỉnh thành
Tp.HCM",Hộp số Số sàn,Nhiên liệu Máy dầu
Mazda 2 Sedan 1.5L Deluxe 2015,295000000.0,Năm SX 2015,Kiểu dáng Sedan,Tình trạng Xe cũ,Xuất xứ Nhập khẩu,Km đã đi 120.000 km,"Tỉnh thành
Hải Phòng",Hộp số Số tự động,Nhiên liệu Máy xăng
MG 5 1.5L Luxury 2022,380000000.0,Năm SX 2022,Kiểu dáng Sedan,Tình trạng Xe cũ,Xuất xứ Nhập khẩu,Km đã đi 34.000 km,"Tỉnh thành
Tp.HCM",Hộp số Số tự động,Nhiên liệu Máy xăng
Honda City 1.5 CVT 2017,335000000.0,Năm SX 2017,Kiểu dáng Sedan,Tình trạng Xe cũ,Xuất xứ Trong nước,Km đã đi 115.000 km,"Tỉnh thành
Hà Nội",Hộp số Số tự động,Nhiên liệu Máy xăng
BMW 430i 2023,2638000000.0,Năm SX 2023,Kiểu dáng Convertible,Tình trạng Xe cũ,Xuất xứ Nhập khẩu,Km đã đi 22.000 km,"Tỉnh thành
Tp.HCM",Hộp số Số tự động,Nhiên liệu Máy xăng
Isuzu mu-X 2018,499000000.0,Năm SX 2018,Kiểu dáng Bán tải,Tình trạng Xe cũ,Xuất xứ Nhập khẩu,Km đã đi 282.000 km,"Tỉnh thành
Quảng Nam",Hộp số Số tự động,Nhiên liệu Máy dầu
Toyota Vios G 2018,357000000.0,Năm SX 2018,Kiểu dáng Sedan,Tình trạng Xe cũ,Xuất xứ Trong nước,Km đã đi 110.000 km,"Tỉnh thành
Đà Nẵng",Hộp số Số tự động,Nhiên liệu Máy xăng
Hyundai Elantra   2.0 AT 2019,515000000.0,Năm SX 2019,Kiểu dáng Sedan,Tình trạng Xe cũ,Xuất xứ Trong nước,Km đã đi 19.000 km,"Tỉnh thành
Hà Nội",Hộp số Số tự động,Nhiên liệu Máy xăng
Kia Cerato 1.6 AT Deluxe 2016,365000000.0,Năm SX 2016,Kiểu dáng Sedan,Tình trạng Xe cũ,Xuất xứ Trong nước,Km đã đi 130.000 km,"Tỉnh thành
Hải Phòng",Hộp số Số tự động,Nhiên liệu Máy xăng
Kia K3 1.6 Luxury 2022,600000000.0,Năm SX 2022,Kiểu dáng Sedan,Tình trạng Xe cũ,Xuất xứ Trong nước,Km đã đi 30.000 km,"Tỉnh thành
Đà Nẵng",Hộp số Số tự động,Nhiên liệu Máy xăng
Mitsubishi Outlander 2.0 CVT 2022,680000000.0,Năm SX 2022,Kiểu dáng SUV,Tình trạng Xe cũ,Xuất xứ Trong nước,Km đã đi 10.500 km,"Tỉnh thành
Bình Định",Hộp số Số tự động,Nhiên liệu Máy xăng
Toyota Fortuner 2021,1025000000.0,Năm SX 2021,Kiểu dáng SUV,Tình trạng Xe cũ,Na,Km đã đi 51.000 km,"Tỉnh thành
Hà Nội",Hộp số Số tự động,Nhiên liệu Máy xăng
Ford Escape XLT 2.3 AT 4x4 2010,179000000.0,Năm SX 2010,Kiểu dáng SUV,Tình trạng Xe cũ,Xuất xứ Nhập khẩu,Km đã đi 18.000 km,"Tỉnh thành
Tp.HCM",Hộp số Số tự động,Nhiên liệu Máy xăng
Toyota Fortuner 2.5G 4x2 MT 2016,625000000.0,Năm SX 2016,Kiểu dáng SUV,Tình trạng Xe cũ,Xuất xứ Nhập khẩu,Km đã đi 104.500 km,"Tỉnh thành
Bình Dương",Hộp số Số sàn,Nhiên liệu Máy dầu
Hyundai Accent 1.4 AT 2021,405000000.0,Năm SX 2021,Kiểu dáng Sedan,Tình trạng Xe cũ,Xuất xứ Trong nước,Km đã đi 41.000 km,"Tỉnh thành
Quảng Nam",Hộp số Số tự động,Nhiên liệu Máy xăng
Hyundai Verna 2010,135000000.0,Năm SX 2010,Kiểu dáng Sedan,Tình trạng Xe cũ,Xuất xứ Nhập khẩu,Km đã đi 180.000 km,"Tỉnh thành
Phú Thọ",Hộp số Số sàn,Nhiên liệu Máy xăng
Chevrolet Cruze LS 1.6 2010,150000000.0,Năm SX 2010,Kiểu dáng Sedan,Tình trạng Xe cũ,Xuất xứ Trong nước,Km đã đi 107.000 km,"Tỉnh thành
Bến Tre",Hộp số Số sàn,Nhiên liệu Máy xăng
Mazda 2 Sedan 1.5L Deluxe 2017,340000000.0,Năm SX 2017,Kiểu dáng Sedan,Tình trạng Xe cũ,Xuất xứ Nhập khẩu,Km đã đi 85.000 km,"Tỉnh thành
Hà Nội",Hộp số Số tự động,Nhiên liệu Máy xăng
Toyota Camry XLI 1997,145000000.0,Năm SX 1997,Kiểu dáng Sedan,Tình trạng Xe cũ,Xuất xứ Nhập khẩu,Km đã đi 170.000 km,"Tỉnh thành
Cần Thơ",Hộp số Số sàn,Nhiên liệu Máy xăng
Mitsubishi Attrage 1.2L MT 2016,186000000.0,Năm SX 2016,Kiểu dáng Sedan,Tình trạng Xe cũ,Xuất xứ Nhập khẩu,Km đã đi 241.824 km,"Tỉnh thành
Tp.HCM",Hộp số Số sàn,Nhiên liệu Máy xăng
Toyota Camry XLI 1997,145000000.0,Năm SX 1997,Kiểu dáng Sedan,Tình trạng Xe cũ,Xuất xứ Nhập khẩu,Km đã đi 170.000 km,"Tỉnh thành
Cần Thơ",Hộp số Số sàn,Nhiên liệu Máy xăng
Mitsubishi Attrage 1.2L MT 2016,186000000.0,Năm SX 2016,Kiểu dáng Sedan,Tình trạng Xe cũ,Xuất xứ Nhập khẩu,Km đã đi 241.824 km,"Tỉnh thành
Tp.HCM",Hộp số Số sàn,Nhiên liệu Máy xăng
Toyota Fortuner 2.7 V 4X2 AT 2017,599000000.0,Năm SX 2017,Kiểu dáng SUV,Tình trạng Xe cũ,Xuất xứ Nhập khẩu,Km đã đi 123.000 km,"Tỉnh thành
Hà Nội",Hộp số Số tự động,Nhiên liệu Máy xăng
Kia Sportage Limited 2.0 AT 2015,465000000.0,Năm SX 2015,Kiểu dáng SUV,Tình trạng Xe cũ,Xuất xứ Nhập khẩu,Km đã đi 130.000 km,"Tỉnh thành
Hà Nội",Hộp số Số tự động,Nhiên liệu Máy xăng
Mitsubishi Outlander 2.0 CVT 2021,635000000.0,Năm SX 2021,Kiểu dáng SUV,Tình trạng Xe cũ,Xuất xứ Trong nước,Km đã đi 65.000 km,"Tỉnh thành
Hà Nội",Hộp số Số tự động,Nhiên liệu Máy xăng
Mitsubishi Outlander 2.0 CVT 2021,650000000.0,Năm SX 2021,Kiểu dáng SUV,Tình trạng Xe cũ,Xuất xứ Trong nước,Km đã đi 69.000 km,"Tỉnh thành
Tp.HCM",Hộp số Số tự động,Nhiên liệu Máy xăng
Mazda 3 2019,490000000.0,Năm SX 2019,Kiểu dáng Sedan,Tình trạng Xe cũ,Xuất xứ Nhập khẩu,Km đã đi 25.974 km,"Tỉnh thành
Tp.HCM",Hộp số Số tự động,Nhiên liệu Máy xăng
Ford Everest 2022,1269000000.0,Năm SX 2022,Kiểu dáng SUV,Tình trạng Xe cũ,Na,Km đã đi 57.000 km,"Tỉnh thành
Hà Nội",Hộp số Số tự động,Nhiên liệu Máy xăng
Kia Cerato 1.6 AT Deluxe 2017,388000000.0,Năm SX 2017,Kiểu dáng Sedan,Tình trạng Xe cũ,Xuất xứ Trong nước,Km đã đi 120.000 km,"Tỉnh thành
Hải Phòng",Hộp số Số tự động,Nhiên liệu Máy xăng
Honda City 1.5 CVT 2013,269000000.0,Năm SX 2013,Kiểu dáng Sedan,Tình trạng Xe cũ,Xuất xứ Trong nước,Km đã đi 110.000 km,"Tỉnh thành
Bắc Ninh",Hộp số Số tự động,Nhiên liệu Máy xăng
Kia Cerato 1.6 AT Deluxe 2017,388000000.0,Năm SX 2017,Kiểu dáng Sedan,Tình trạng Xe cũ,Xuất xứ Trong nước,Km đã đi 121.529 km,"Tỉnh thành
Hải Phòng",Hộp số Số tự động,Nhiên liệu Máy xăng
Kia Spectra 2003,75000000.0,Năm SX 2003,Kiểu dáng Sedan,Tình trạng Xe cũ,Xuất xứ Trong nước,Km đã đi 150.000 km,"Tỉnh thành
Phú Thọ",Hộp số Số sàn,Nhiên liệu Máy xăng
Mazda 3 1.6 AT 2017,395000000.0,Năm SX 2017,Kiểu dáng Sedan,Tình trạng Xe cũ,Xuất xứ Trong nước,Km đã đi 84.000 km,"Tỉnh thành
Tp.HCM",Hộp số Số tự động,Nhiên liệu Máy xăng
Peugeot 3008 Allure 2022,800000000.0,Năm SX 2022,Kiểu dáng SUV,Tình trạng Xe cũ,Xuất xứ Trong nước,Km đã đi 29.000 km,"Tỉnh thành
Tp.HCM",Hộp số Số tự động,Nhiên liệu Máy xăng
Ford Fiesta 1.5AT Titanium 2017,265000000.0,Năm SX 2017,Na,Tình trạng Xe cũ,Xuất xứ Trong nước,Km đã đi 120.000 km,"Tỉnh thành
Hà Nội",Hộp số Số tự động,Nhiên liệu Máy xăng
Honda CR-V 2.4L TG 2017,570000000.0,Năm SX 2017,Kiểu dáng SUV,Tình trạng Xe cũ,Xuất xứ Trong nước,Km đã đi 90.000 km,"Tỉnh thành
Hà Nội",Hộp số Số tự động,Nhiên liệu Máy xăng
Toyota Camry 2.4G 2011,345000000.0,Năm SX 2011,Kiểu dáng Sedan,Tình trạng Xe cũ,Xuất xứ Trong nước,Km đã đi 100.000 km,"Tỉnh thành
Phú Thọ",Hộp số Số tự động,Nhiên liệu Máy xăng
Toyota Zace 2002,110000000.0,Năm SX 2002,Kiểu dáng MPV,Tình trạng Xe cũ,Xuất xứ Nhập khẩu,Km đã đi 350.000 km,"Tỉnh thành
Bạc Liêu",Hộp số Số sàn,Nhiên liệu Máy xăng
Hyundai Stargazer 1.5 AT Tiêu chuẩn 2022,400000000.0,Năm SX 2022,Kiểu dáng MPV,Tình trạng Xe cũ,Xuất xứ Nhập khẩu,Km đã đi 89.000 km,"Tỉnh thành
Cần Thơ",Hộp số Số tự động,Nhiên liệu Máy xăng
BMW X6 xDrive35i 2008,330000000.0,Năm SX 2008,Kiểu dáng SUV,Tình trạng Xe cũ,Xuất xứ Nhập khẩu,Km đã đi 150.000 km,"Tỉnh thành
Phú Thọ",Hộp số Số tự động,Nhiên liệu Máy xăng
Kia Morning SLX 1.0 AT 2009,150000000.0,Năm SX 2009,Kiểu dáng Hatchback,Tình trạng Xe cũ,Xuất xứ Nhập khẩu,Km đã đi 90.000 km,"Tỉnh thành
An Giang",Hộp số Số tự động,Nhiên liệu Máy xăng
Mitsubishi Mirage 1.2 MT 2017,180000000.0,Năm SX 2017,Kiểu dáng Hatchback,Tình trạng Xe cũ,Xuất xứ Nhập khẩu,Km đã đi 155.000 km,"Tỉnh thành
Đà Nẵng",Hộp số Số sàn,Nhiên liệu Máy xăng
Mercedes-Benz E280 2008,250000000.0,Năm SX 2008,Kiểu dáng Sedan,Tình trạng Xe cũ,Xuất xứ Nhập khẩu,Km đã đi 243.421 km,"Tỉnh thành
Hà Nội",Hộp số Số tự động,Nhiên liệu Máy xăng
Hyundai Santa Fe 2.2L Dầu Cao cấp 2020,900000000.0,Năm SX 2020,Kiểu dáng SUV,Tình trạng Xe cũ,Xuất xứ Trong nước,Km đã đi 41.000 km,"Tỉnh thành
Trà Vinh",Hộp số Số tự động,Nhiên liệu Máy dầu
Mazda CX-8 Premium AWD 2019,770000000.0,Năm SX 2019,Kiểu dáng SUV,Tình trạng Xe cũ,Xuất xứ Nhập khẩu,Km đã đi 48.000 km,"Tỉnh thành
Tp.HCM",Hộp số Số tự động,Nhiên liệu Máy xăng
Toyota Camry 2.4G 2007,260000000.0,Năm SX 2007,Kiểu dáng Sedan,Tình trạng Xe cũ,Xuất xứ Trong nước,Km đã đi 180.000 km,"Tỉnh thành
Bà Rịa Vũng Tàu",Hộp số Số tự động,Nhiên liệu Máy xăng
Toyota Corolla Cross 1.8 G 2023,685000000.0,Năm SX 2023,Kiểu dáng SUV,Tình trạng Xe cũ,Xuất xứ Trong nước,Km đã đi 27.000 km,"Tỉnh thành
Hà Nội",Hộp số Số tự động,Nhiên liệu Máy xăng
Toyota Corolla Cross 1.8 G 2023,685000000.0,Năm SX 2023,Kiểu dáng SUV,Tình trạng Xe cũ,Xuất xứ Trong nước,Km đã đi 27.000 km,"Tỉnh thành
Hà Nội",Hộp số Số tự động,Nhiên liệu Máy xăng
Toyota Corolla Altis 1.8E MT 2002,125000000.0,Năm SX 2002,Kiểu dáng Sedan,Tình trạng Xe cũ,Xuất xứ Trong nước,Km đã đi 105.000 km,"Tỉnh thành
Phú Thọ",Hộp số Số sàn,Nhiên liệu Máy xăng
Toyota Innova 2.0E 2017,375000000.0,Năm SX 2017,Kiểu dáng MPV,Tình trạng Xe cũ,Xuất xứ Trong nước,Km đã đi 138.000 km,"Tỉnh thành
Đồng Nai",Hộp số Số sàn,Nhiên liệu Máy xăng
Toyota Zace 2005,145000000.0,Năm SX 2005,Kiểu dáng SUV,Tình trạng Xe cũ,Xuất xứ Trong nước,Km đã đi 150.000 km,"Tỉnh thành
Hà Nội",Hộp số Số sàn,Nhiên liệu Máy xăng
Hyundai Grand i10 Sedan 1.2 MT 2020,300000000.0,Năm SX 2020,Kiểu dáng Sedan,Tình trạng Xe cũ,Xuất xứ Nhập khẩu,Km đã đi 86.000 km,"Tỉnh thành
Nam Định",Hộp số Số sàn,Nhiên liệu Máy xăng
Daewoo Lacetti EX 1.6 MT 2010,120000000.0,Năm SX 2010,Kiểu dáng Sedan,Tình trạng Xe cũ,Xuất xứ Trong nước,Km đã đi 130.000 km,"Tỉnh thành
Bến Tre",Hộp số Số sàn,Nhiên liệu Máy xăng
Mitsubishi Attrage CVT 2020,299000000.0,Năm SX 2020,Kiểu dáng Sedan,Tình trạng Xe cũ,Xuất xứ Nhập khẩu,Km đã đi 52.000 km,"Tỉnh thành
Hà Nội",Hộp số Số tự động,Nhiên liệu Máy xăng
Hyundai Avante 1.6 MT 2012,200000000.0,Năm SX 2012,Kiểu dáng Sedan,Tình trạng Xe cũ,Xuất xứ Trong nước,Km đã đi 130.000 km,"Tỉnh thành
Phú Thọ",Hộp số Số sàn,Nhiên liệu Máy xăng
Kia Sorento 2020,660000000.0,Năm SX 2020,Kiểu dáng SUV,Tình trạng Xe cũ,Xuất xứ Nhập khẩu,Km đã đi 67.000 km,"Tỉnh thành
Tp.HCM",Hộp số Số tự động,Nhiên liệu Máy xăng
Daewoo Lacetti  2009,65000000.0,Năm SX 2009,Kiểu dáng Sedan,Tình trạng Xe cũ,Xuất xứ Trong nước,Km đã đi 40 km,"Tỉnh thành
Bắc Giang",Hộp số Số sàn,Nhiên liệu Máy xăng
Chevrolet Vivant 2.0 2009,85000000.0,Năm SX 2009,Kiểu dáng Crossover,Tình trạng Xe cũ,Xuất xứ Trong nước,Km đã đi 150.000 km,"Tỉnh thành
Phú Thọ",Hộp số Số sàn,Nhiên liệu Máy xăng
Hyundai Grand Starex 2.4 MT 2017,460000000.0,Năm SX 2017,Kiểu dáng Van/Minivan,Tình trạng Xe cũ,Xuất xứ Nhập khẩu,Km đã đi 10.000 km,"Tỉnh thành
Hà Nội",Hộp số Số sàn,Nhiên liệu Máy dầu
Honda City RS 2022,420000000.0,Năm SX 2022,Kiểu dáng Sedan,Tình trạng Xe cũ,Xuất xứ Trong nước,Km đã đi 27.000 km,"Tỉnh thành
Tp.HCM",Hộp số Số tự động,Nhiên liệu Máy xăng
Mitsubishi Triton 4×4 AT 2013,295000000.0,Năm SX 2013,Kiểu dáng Bán tải,Tình trạng Xe cũ,Xuất xứ Trong nước,Km đã đi 140.000 km,"Tỉnh thành
Hà Nội",Hộp số Số tự động,Nhiên liệu Máy xăng
Daewoo Matiz SE 2008,36000000.0,Năm SX 2008,Kiểu dáng Van/Minivan,Tình trạng Xe cũ,Xuất xứ Trong nước,Km đã đi 40 km,"Tỉnh thành
Bắc Giang",Hộp số Số sàn,Nhiên liệu Máy xăng
Daewoo Matiz SE 2008,36000000.0,Năm SX 2008,Kiểu dáng Van/Minivan,Tình trạng Xe cũ,Xuất xứ Trong nước,Km đã đi 40 km,"Tỉnh thành
Bắc Giang",Hộp số Số sàn,Nhiên liệu Máy xăng
Ford Ranger XLS 2.2 4x2 AT 2016,395000000.0,Năm SX 2016,Kiểu dáng Bán tải,Tình trạng Xe cũ,Xuất xứ Trong nước,Km đã đi 78.000 km,"Tỉnh thành
Hà Nội",Hộp số Số tự động,Nhiên liệu Máy xăng
Mazda CX-8 Premium 2023,960000000.0,Năm SX 2023,Kiểu dáng SUV,Tình trạng Xe cũ,Xuất xứ Trong nước,Km đã đi 7.000 km,"Tỉnh thành
Tp.HCM",Hộp số Số tự động,Nhiên liệu Máy xăng
Hyundai Santa Fe 2.4L Xăng Tiêu chuẩn 2017,550000000.0,Năm SX 2017,Kiểu dáng SUV,Tình trạng Xe cũ,Xuất xứ Nhập khẩu,Km đã đi 130.000 km,"Tỉnh thành
Tp.HCM",Hộp số Số tự động,Nhiên liệu Máy xăng
Ford Fiesta 2015,290000000.0,Năm SX 2015,Kiểu dáng Hatchback,Tình trạng Xe cũ,Xuất xứ Nhập khẩu,Km đã đi 42.000 km,"Tỉnh thành
Tp.HCM",Hộp số Số tự động,Nhiên liệu Máy xăng
Honda Civic 1.8 AT 2019,495000000.0,Năm SX 2019,Kiểu dáng Sedan,Tình trạng Xe cũ,Xuất xứ Nhập khẩu,Km đã đi 65.000 km,"Tỉnh thành
Hà Nội",Hộp số Số tự động,Nhiên liệu Máy xăng
Kia Morning S 1.25 AT 2017,275000000.0,Năm SX 2017,Kiểu dáng Hatchback,Tình trạng Xe cũ,Xuất xứ Trong nước,Km đã đi 100.000 km,"Tỉnh thành
Phú Thọ",Hộp số Số tự động,Nhiên liệu Máy xăng
Kia Cerato 1.6 MT 2016,305000000.0,Năm SX 2016,Kiểu dáng Sedan,Tình trạng Xe cũ,Xuất xứ Trong nước,Km đã đi 155.000 km,"Tỉnh thành
Đà Nẵng",Hộp số Số sàn,Nhiên liệu Máy xăng
Hyundai Grand i10 Sedan 1.2 MT 2019,220000000.0,Năm SX 2019,Kiểu dáng Sedan,Tình trạng Xe cũ,Xuất xứ Trong nước,Km đã đi 230.000 km,"Tỉnh thành
Hà Nội",Hộp số Số sàn,Nhiên liệu Máy xăng
Honda City 2020,435000000.0,Năm SX 2020,Kiểu dáng Sedan,Tình trạng Xe cũ,Na,Km đã đi 80.000 km,"Tỉnh thành
Hà Nội",Hộp số Số tự động,Nhiên liệu Máy xăng
Ford Ranger XLS 2.0L 4x2 AT 2022,668000000.0,Năm SX 2022,Kiểu dáng Bán tải,Tình trạng Xe cũ,Xuất xứ Trong nước,Km đã đi 60.000 km,"Tỉnh thành
Đồng Nai",Hộp số Số tự động,Nhiên liệu Máy dầu
Ford Ranger XLS 2.2L 4x2 MT 2017,430000000.0,Năm SX 2017,Kiểu dáng Bán tải,Tình trạng Xe cũ,Xuất xứ Nhập khẩu,Km đã đi 110.000 km,"Tỉnh thành
Hà Nội",Hộp số Số tự động,Nhiên liệu Máy dầu
Peugeot 3008 Allure 2018,555000000.0,Năm SX 2018,Kiểu dáng SUV,Tình trạng Xe cũ,Xuất xứ Nhập khẩu,Km đã đi 98.000 km,"Tỉnh thành
Hà Nội",Hộp số Số tự động,Nhiên liệu Máy xăng
Nissan Navara EL 2020,485000000.0,Năm SX 2020,Na,Tình trạng Xe cũ,Xuất xứ Trong nước,Km đã đi 100.000 km,"Tỉnh thành
Hà Nội",Hộp số Số tự động,Nhiên liệu Máy xăng
Mazda 6 2.0 AT 2018,505000000.0,Năm SX 2018,Kiểu dáng Sedan,Tình trạng Xe cũ,Xuất xứ Trong nước,Km đã đi 100.000 km,"Tỉnh thành
Phú Thọ",Hộp số Số tự động,Nhiên liệu Máy xăng
Nissan Sunny 1.5 XV 2013,215000000.0,Năm SX 2013,Kiểu dáng Sedan,Tình trạng Xe cũ,Xuất xứ Trong nước,Km đã đi 140.000 km,"Tỉnh thành
Hà Nội",Hộp số Số tự động,Nhiên liệu Máy xăng
Toyota Corolla Altis 1.8G MT 2004,135000000.0,Năm SX 2004,Kiểu dáng Sedan,Tình trạng Xe cũ,Xuất xứ Trong nước,Km đã đi 230.000 km,"Tỉnh thành
Phú Thọ",Hộp số Số sàn,Nhiên liệu Máy xăng
Kia Cerato 2.0 AT Premium 2021,500000000.0,Năm SX 2021,Kiểu dáng Sedan,Tình trạng Xe cũ,Xuất xứ Trong nước,Km đã đi 450.000 km,"Tỉnh thành
Khánh Hòa",Hộp số Số tự động,Nhiên liệu Máy xăng
Daewoo Lacetti CDX 1.6 AT 2009,135000000.0,Năm SX 2009,Kiểu dáng Sedan,Tình trạng Xe cũ,Xuất xứ Nhập khẩu,Km đã đi 30 km,"Tỉnh thành
Bắc Giang",Hộp số Số tự động,Nhiên liệu Máy xăng
Kia Soluto 2020,330000000.0,Năm SX 2020,Na,Tình trạng Xe cũ,Na,Km đã đi 31.000 km,"Tỉnh thành
Thái Nguyên",Hộp số Số tự động,Nhiên liệu Máy xăng
Mazda 3 2.0L Sedan 2015,395000000.0,Năm SX 2015,Kiểu dáng Sedan,Tình trạng Xe cũ,Xuất xứ Trong nước,Km đã đi 63.000 km,"Tỉnh thành
Hà Nội",Hộp số Số tự động,Nhiên liệu Máy xăng
Mercedes-Benz E280 2008,195000000.0,Năm SX 2008,Kiểu dáng Sedan,Tình trạng Xe cũ,Xuất xứ Trong nước,Km đã đi 200.000 km,"Tỉnh thành
Tp.HCM",Hộp số Số tự động,Nhiên liệu Máy xăng
Mitsubishi Attrage 1.2L MT 2021,265000000.0,Năm SX 2021,Kiểu dáng Sedan,Tình trạng Xe cũ,Xuất xứ Nhập khẩu,Km đã đi 38.000 km,"Tỉnh thành
Long An",Hộp số Số sàn,Nhiên liệu Máy xăng
Hyundai Getz 1.1 MT 2009,80000000.0,Năm SX 2009,Kiểu dáng Crossover,Tình trạng Xe cũ,Xuất xứ Nhập khẩu,Km đã đi 40 km,"Tỉnh thành
Bắc Giang",Hộp số Số sàn,Nhiên liệu Máy xăng
Daewoo Lacetti CDX 1.6 AT 2009,135000000.0,Năm SX 2009,Kiểu dáng Sedan,Tình trạng Xe cũ,Xuất xứ Nhập khẩu,Km đã đi 40 km,"Tỉnh thành
Bắc Giang",Hộp số Số tự động,Nhiên liệu Máy xăng
Mitsubishi Xpander 1.5 AT  2019,389000000.0,Năm SX 2019,Kiểu dáng MPV,Tình trạng Xe cũ,Xuất xứ Nhập khẩu,Km đã đi 146.000 km,"Tỉnh thành
Đồng Nai",Hộp số Số tự động,Nhiên liệu Máy xăng
Toyota Vios Limo 2010,115000000.0,Năm SX 2010,Kiểu dáng Sedan,Tình trạng Xe cũ,Xuất xứ Trong nước,Km đã đi 45 km,"Tỉnh thành
Bắc Giang",Hộp số Số sàn,Nhiên liệu Máy xăng
Honda City 1.5 TOP CVT 2019,395000000.0,Năm SX 2019,Kiểu dáng Sedan,Tình trạng Xe cũ,Xuất xứ Trong nước,Km đã đi 89.000 km,"Tỉnh thành
Hà Nội",Hộp số Số tự động,Nhiên liệu Máy xăng
Toyota Fortuner 2.4G 4x2 AT  2017,680000000.0,Năm SX 2017,Kiểu dáng SUV,Tình trạng Xe cũ,Xuất xứ Nhập khẩu,Km đã đi 68.600 km,"Tỉnh thành
Tp.HCM",Hộp số Số sàn,Nhiên liệu Máy dầu
Toyota Vios Limo 2010,115000000.0,Năm SX 2010,Kiểu dáng Sedan,Tình trạng Xe cũ,Xuất xứ Trong nước,Km đã đi 45 km,"Tỉnh thành
Bắc Giang",Hộp số Số sàn,Nhiên liệu Máy xăng
Honda City 1.5 TOP CVT 2019,395000000.0,Năm SX 2019,Kiểu dáng Sedan,Tình trạng Xe cũ,Xuất xứ Trong nước,Km đã đi 89.000 km,"Tỉnh thành
Hà Nội",Hộp số Số tự động,Nhiên liệu Máy xăng
Toyota Fortuner 2.4G 4x2 AT  2017,680000000.0,Năm SX 2017,Kiểu dáng SUV,Tình trạng Xe cũ,Xuất xứ Nhập khẩu,Km đã đi 68.600 km,"Tỉnh thành
Tp.HCM",Hộp số Số sàn,Nhiên liệu Máy dầu
Daewoo Gentra SX 2011,115000000.0,Năm SX 2011,Kiểu dáng Sedan,Tình trạng Xe cũ,Xuất xứ Nhập khẩu,Km đã đi 100.000 km,"Tỉnh thành
Bình Dương",Hộp số Số tự động,Nhiên liệu Máy xăng
Honda City RS 2021,495000000.0,Năm SX 2021,Kiểu dáng Sedan,Tình trạng Xe cũ,Xuất xứ Trong nước,Km đã đi 38.000 km,"Tỉnh thành
Tp.HCM",Hộp số Số tự động,Nhiên liệu Máy xăng
Chevrolet Spark LT 1.0 MT 2016,165000000.0,Năm SX 2016,Kiểu dáng Hatchback,Tình trạng Xe cũ,Xuất xứ Nhập khẩu,Km đã đi 01 km,"Tỉnh thành
Gia Lai",Hộp số Số sàn,Nhiên liệu Máy xăng
Toyota Corolla Altis 2.0V  2009,235000000.0,Năm SX 2009,Kiểu dáng Sedan,Tình trạng Xe cũ,Xuất xứ Trong nước,Km đã đi 150.000 km,"Tỉnh thành
Phú Thọ",Hộp số Số tự động,Nhiên liệu Máy xăng
Hyundai i30 CW 1.6 AT 2011,267000000.0,Năm SX 2011,Kiểu dáng Hatchback,Tình trạng Xe cũ,Xuất xứ Nhập khẩu,Km đã đi 93.000 km,"Tỉnh thành
Bình Dương",Hộp số Số tự động,Nhiên liệu Máy xăng
Toyota Camry LE 2.4 2008,275000000.0,Năm SX 2008,Kiểu dáng Sedan,Tình trạng Xe cũ,Xuất xứ Nhập khẩu,Km đã đi 15.000 km,"Tỉnh thành
Hà Nội",Hộp số Số tự động,Nhiên liệu Máy xăng
Hyundai Accent 1.4 MT 2019,320000000.0,Năm SX 2019,Kiểu dáng Sedan,Tình trạng Xe cũ,Xuất xứ Nhập khẩu,Km đã đi 54.000 km,"Tỉnh thành
Hà Nội",Hộp số Số sàn,Nhiên liệu Máy xăng
Lexus RX 350 F-Sport 2013,960000000.0,Năm SX 2013,Kiểu dáng SUV,Tình trạng Xe cũ,Xuất xứ Nhập khẩu,Km đã đi 80.000 km,"Tỉnh thành
Tp.HCM",Hộp số Số tự động,Nhiên liệu Máy xăng
Mercedes-Benz C300 AMG 2019,998000000.0,Năm SX 2019,Kiểu dáng Sedan,Tình trạng Xe cũ,Xuất xứ Trong nước,Km đã đi 50.000 km,"Tỉnh thành
Tp.HCM",Hộp số Số tự động,Nhiên liệu Máy xăng
Ford Transit Standard 2015,290000000.0,Năm SX 2015,Kiểu dáng Van/Minivan,Tình trạng Xe cũ,Xuất xứ Trong nước,Km đã đi 300.000 km,"Tỉnh thành
Bình Phước",Hộp số Số sàn,Nhiên liệu Máy dầu
Toyota Corolla Altis 1.8G MT 2014,295000000.0,Năm SX 2014,Kiểu dáng Sedan,Tình trạng Xe cũ,Xuất xứ Nhập khẩu,Km đã đi 01 km,"Tỉnh thành
Gia Lai",Hộp số Số sàn,Nhiên liệu Máy xăng
Toyota Raize 2022,425000000.0,Năm SX 2022,Kiểu dáng SUV,Tình trạng Xe cũ,Xuất xứ Nhập khẩu,Km đã đi 50.000 km,"Tỉnh thành
Bình Phước",Hộp số Số tự động,Nhiên liệu Máy xăng
Kia Cerato 2.0 AT Premium 2016,350000000.0,Năm SX 2016,Kiểu dáng Sedan,Tình trạng Xe cũ,Xuất xứ Trong nước,Km đã đi 88.200 km,"Tỉnh thành
Tp.HCM",Hộp số Số tự động,Nhiên liệu Máy xăng
BMW X6 xDrive30d 2014,990000000.0,Năm SX 2014,Kiểu dáng SUV,Tình trạng Xe cũ,Xuất xứ Nhập khẩu,Km đã đi 100.000 km,"Tỉnh thành
Phú Thọ",Hộp số Số tự động,Nhiên liệu Máy dầu
Mercedes-Benz E250 E250 2014,535000000.0,Năm SX 2014,Kiểu dáng Sedan,Tình trạng Xe cũ,Xuất xứ Trong nước,Km đã đi 185.000 km,"Tỉnh thành
Hà Nội",Hộp số Số tự động,Nhiên liệu Máy xăng
Ford Ranger XLT 2.0 4x4 AT 2022,780000000.0,Năm SX 2022,Kiểu dáng Bán tải,Tình trạng Xe cũ,Xuất xứ Trong nước,Km đã đi 70.000 km,"Tỉnh thành
Đắk Lắk",Hộp số Số tự động,Nhiên liệu Máy dầu
Kia Sonet 1.5 Premium 2023,545000000.0,Năm SX 2023,Kiểu dáng Crossover,Tình trạng Xe cũ,Xuất xứ Trong nước,Km đã đi 60.000 km,"Tỉnh thành
Phú Thọ",Hộp số Số tự động,Nhiên liệu Máy xăng
Ford Laser 2005,85000000.0,Năm SX 2005,Kiểu dáng Sedan,Tình trạng Xe cũ,Xuất xứ Trong nước,Km đã đi 210.000 km,"Tỉnh thành
Phú Thọ",Hộp số Số sàn,Nhiên liệu Máy xăng
Toyota Vios 1.5E MT 2019,270000000.0,Năm SX 2019,Kiểu dáng Sedan,Tình trạng Xe cũ,Xuất xứ Nhập khẩu,Km đã đi 240.000 km,"Tỉnh thành
Quảng Nam",Hộp số Số sàn,Nhiên liệu Máy xăng
Mazda CX-5 2.0 Luxury 2019,650000000.0,Năm SX 2019,Kiểu dáng SUV,Tình trạng Xe cũ,Xuất xứ Trong nước,Km đã đi 70.000 km,"Tỉnh thành
Hà Nội",Hộp số Số tự động,Nhiên liệu Máy xăng
Peugeot 3008 Allure 2022,750000000.0,Năm SX 2022,Kiểu dáng SUV,Tình trạng Xe cũ,Na,Km đã đi 49.000 km,"Tỉnh thành
Hà Nội",Hộp số Số tự động,Nhiên liệu Máy xăng
Hyundai Accent 1.4 AT 2011,185000000.0,Năm SX 2011,Kiểu dáng Sedan,Tình trạng Xe cũ,Xuất xứ Nhập khẩu,Km đã đi 80.000 km,"Tỉnh thành
Tp.HCM",Hộp số Số tự động,Nhiên liệu Máy xăng
Honda Civic 2009,185000000.0,Năm SX 2009,Kiểu dáng Sedan,Tình trạng Xe cũ,Xuất xứ Trong nước,Km đã đi 150.000 km,"Tỉnh thành
Phú Thọ",Hộp số Số sàn,Nhiên liệu Máy xăng
Mitsubishi Xpander 1.5 AT  2024,500000000.0,Năm SX 2024,Kiểu dáng Crossover,Tình trạng Xe cũ,Xuất xứ Nhập khẩu,Km đã đi 20.000 km,"Tỉnh thành
Tp.HCM",Hộp số Số tự động,Nhiên liệu Máy xăng
Kia Morning MT 2018,215000000.0,Năm SX 2018,Kiểu dáng Hatchback,Tình trạng Xe cũ,Xuất xứ Trong nước,Km đã đi 73.000 km,"Tỉnh thành
Bình Dương",Hộp số Số sàn,Nhiên liệu Máy xăng
Kia Cerato 1.6 AT Deluxe 2018,389000000.0,Năm SX 2018,Kiểu dáng Sedan,Tình trạng Xe cũ,Xuất xứ Trong nước,Km đã đi 160.000 km,"Tỉnh thành
Hà Nội",Hộp số Số tự động,Nhiên liệu Máy xăng
Toyota Vios G 2022,485000000.0,Năm SX 2022,Kiểu dáng Sedan,Tình trạng Xe cũ,Xuất xứ Nhập khẩu,Km đã đi 45.000 km,"Tỉnh thành
Hà Nội",Hộp số Số tự động,Nhiên liệu Máy xăng
Suzuki Swift 1.4 AT 2013,230000000.0,Năm SX 2013,Kiểu dáng Hatchback,Tình trạng Xe cũ,Xuất xứ Nhập khẩu,Km đã đi 121.248 km,"Tỉnh thành
Hà Nội",Hộp số Số tự động,Nhiên liệu Máy xăng
Chevrolet Lacetti EX 1.6 MT 2013,165000000.0,Năm SX 2013,Kiểu dáng Sedan,Tình trạng Xe cũ,Xuất xứ Trong nước,Km đã đi 150.000 km,"Tỉnh thành
Phú Thọ",Hộp số Số sàn,Nhiên liệu Máy xăng
Hyundai Avante 1.6 AT 2011,210000000.0,Năm SX 2011,Kiểu dáng Sedan,Tình trạng Xe cũ,Xuất xứ Trong nước,Km đã đi 118.481 km,"Tỉnh thành
Hà Nội",Hộp số Số tự động,Nhiên liệu Máy xăng
Kia Cerato 1.6 MT 2017,325000000.0,Năm SX 2017,Kiểu dáng Sedan,Tình trạng Xe cũ,Xuất xứ Trong nước,Km đã đi 90.000 km,"Tỉnh thành
Phú Thọ",Hộp số Số sàn,Nhiên liệu Máy xăng
Toyota Hilux 2.5E 4x2 MT 2011,255000000.0,Năm SX 2011,Kiểu dáng Bán tải,Tình trạng Xe cũ,Xuất xứ Nhập khẩu,Km đã đi 222.020 km,"Tỉnh thành
Hà Nội",Hộp số Số sàn,Nhiên liệu Máy dầu
Kia Soul 2014,355000000.0,Năm SX 2014,Kiểu dáng Crossover,Tình trạng Xe cũ,Xuất xứ Trong nước,Km đã đi 13.800 km,"Tỉnh thành
Hà Nội",Hộp số Số tự động,Nhiên liệu Máy xăng
Chevrolet Cruze LT 1.6 2017,235000000.0,Năm SX 2017,Kiểu dáng Sedan,Tình trạng Xe cũ,Xuất xứ Nhập khẩu,Km đã đi 80.000 km,"Tỉnh thành
Tp.HCM",Hộp số Số sàn,Nhiên liệu Máy xăng
Toyota Vios 1.5E MT 2009,145000000.0,Năm SX 2009,Kiểu dáng Sedan,Tình trạng Xe cũ,Xuất xứ Nhập khẩu,Km đã đi 92.000 km,"Tỉnh thành
Đắk Lắk",Hộp số Số sàn,Nhiên liệu Máy xăng
Mitsubishi Attrage 1.2L MT 2023,315000000.0,Năm SX 2023,Kiểu dáng Sedan,Tình trạng Xe cũ,Xuất xứ Nhập khẩu,Km đã đi 45.000 km,"Tỉnh thành
Hà Nội",Hộp số Số sàn,Nhiên liệu Máy xăng
Mazda BT-50 Standard 4x4 2.2 MT 2018,420000000.0,Năm SX 2018,Kiểu dáng Bán tải,Tình trạng Xe cũ,Xuất xứ Trong nước,Km đã đi 89.000 km,"Tỉnh thành
Hà Nội",Hộp số Số sàn,Nhiên liệu Máy xăng
Toyota Rush S 1.5 AT 2021,478000000.0,Năm SX 2021,Kiểu dáng SUV,Tình trạng Xe cũ,Xuất xứ Nhập khẩu,Km đã đi 63.000 km,"Tỉnh thành
Tp.HCM",Hộp số Số tự động,Nhiên liệu Máy xăng
Toyota Fortuner 2.5G 4x2 MT 2016,500000000.0,Năm SX 2016,Kiểu dáng SUV,Tình trạng Xe cũ,Xuất xứ Nhập khẩu,Km đã đi 01 km,"Tỉnh thành
Gia Lai",Hộp số Số tự động,Nhiên liệu Máy dầu
Toyota Fortuner 2.5G 4x2 MT 2018,660000000.0,Năm SX 2018,Kiểu dáng SUV,Tình trạng Xe cũ,Xuất xứ Nhập khẩu,Km đã đi 01 km,"Tỉnh thành
Gia Lai",Hộp số Số sàn,Nhiên liệu Máy dầu
Ford Focus 1.8L 2010,140000000.0,Năm SX 2010,Kiểu dáng Sedan,Tình trạng Xe cũ,Xuất xứ Nhập khẩu,Km đã đi 15.000 km,"Tỉnh thành
Hà Nội",Hộp số Số tự động,Nhiên liệu Máy xăng
Chevrolet Cruze LS 2014,200000000.0,Năm SX 2014,Kiểu dáng Sedan,Tình trạng Xe cũ,Xuất xứ Trong nước,Km đã đi 190.000 km,"Tỉnh thành
Tiền Giang",Hộp số Số tự động,Nhiên liệu Máy xăng
Ford Focus 1.8L 2010,140000000.0,Năm SX 2010,Kiểu dáng Sedan,Tình trạng Xe cũ,Xuất xứ Nhập khẩu,Km đã đi 15.000 km,"Tỉnh thành
Hà Nội",Hộp số Số tự động,Nhiên liệu Máy xăng
Chevrolet Cruze LS 2014,200000000.0,Năm SX 2014,Kiểu dáng Sedan,Tình trạng Xe cũ,Xuất xứ Trong nước,Km đã đi 190.000 km,"Tỉnh thành
Tiền Giang",Hộp số Số tự động,Nhiên liệu Máy xăng
Ford Escape XLS 2.3 AT 4x2 2010,222000000.0,Năm SX 2010,Kiểu dáng SUV,Tình trạng Xe cũ,Xuất xứ Trong nước,Km đã đi 118.000 km,"Tỉnh thành
Bình Dương",Hộp số Số tự động,Nhiên liệu Máy xăng
Hyundai Grand i10 Sedan 1.2 AT 2019,270000000.0,Năm SX 2019,Kiểu dáng Sedan,Tình trạng Xe cũ,Xuất xứ Trong nước,Km đã đi 103.000 km,"Tỉnh thành
Tp.HCM",Hộp số Số tự động,Nhiên liệu Máy xăng
Kia Soluto AT Deluxe 2019,300000000.0,Năm SX 2019,Kiểu dáng Sedan,Tình trạng Xe cũ,Xuất xứ Nhập khẩu,Km đã đi 01 km,"Tỉnh thành
Quảng Nam",Hộp số Số tự động,Nhiên liệu Máy xăng
Hyundai Starex 2.5 MT 2017,628000000.0,Năm SX 2017,Kiểu dáng Van/Minivan,Tình trạng Xe cũ,Xuất xứ Nhập khẩu,Km đã đi 91.000 km,"Tỉnh thành
Tp.HCM",Hộp số Số sàn,Nhiên liệu Máy dầu
VinFast LUX A2.0 2021,450000000.0,Năm SX 2021,Kiểu dáng Sedan,Tình trạng Xe cũ,Xuất xứ Trong nước,Km đã đi 71.000 km,"Tỉnh thành
Đà Nẵng",Hộp số Số tự động,Nhiên liệu Máy xăng
Mercedes-Benz C300 AMG 2016,630000000.0,Năm SX 2016,Kiểu dáng Sedan,Tình trạng Xe cũ,Xuất xứ Trong nước,Km đã đi 6.789 km,"Tỉnh thành
Tp.HCM",Hộp số Số tự động,Nhiên liệu Máy xăng
Toyota Vios 1.5 E CVT 2019,360000000.0,Năm SX 2019,Kiểu dáng Sedan,Tình trạng Xe cũ,Xuất xứ Nhập khẩu,Km đã đi 103.500 km,"Tỉnh thành
Lâm Đồng",Hộp số Số tự động,Nhiên liệu Máy xăng
Mitsubishi Outlander 2.0 CVT 2022,650000000.0,Năm SX 2022,Kiểu dáng SUV,Tình trạng Xe cũ,Xuất xứ Trong nước,Km đã đi 39.000 km,"Tỉnh thành
Hà Nội",Hộp số Số tự động,Nhiên liệu Máy xăng
Hyundai Tucson 2.0 Đặc biệt 2015,550000000.0,Năm SX 2015,Kiểu dáng SUV,Tình trạng Xe cũ,Xuất xứ Nhập khẩu,Km đã đi 620.000 km,"Tỉnh thành
Hà Nội",Hộp số Số tự động,Nhiên liệu Máy xăng
Kia Soluto AT Deluxe 2022,320000000.0,Năm SX 2022,Kiểu dáng Sedan,Tình trạng Xe cũ,Xuất xứ Nhập khẩu,Km đã đi 96.000 km,"Tỉnh thành
Khánh Hòa",Hộp số Số tự động,Nhiên liệu Máy xăng
Suzuki Super Carry Van Blind Van 2014,120000000.0,Năm SX 2014,Kiểu dáng Van/Minivan,Tình trạng Xe cũ,Xuất xứ Trong nước,Km đã đi 10.000 km,"Tỉnh thành
Hà Nội",Hộp số Số sàn,Nhiên liệu Máy xăng
Toyota Hilux 2.5E 4x2 MT 2009,240000000.0,Năm SX 2009,Kiểu dáng Bán tải,Tình trạng Xe cũ,Xuất xứ Nhập khẩu,Km đã đi 200.000 km,"Tỉnh thành
Bình Dương",Hộp số Số sàn,Nhiên liệu Máy dầu
Suzuki Super Carry Van Blind Van 2014,120000000.0,Năm SX 2014,Kiểu dáng Van/Minivan,Tình trạng Xe cũ,Xuất xứ Trong nước,Km đã đi 10.000 km,"Tỉnh thành
Hà Nội",Hộp số Số sàn,Nhiên liệu Máy xăng
Toyota Hilux 2.5E 4x2 MT 2009,240000000.0,Năm SX 2009,Kiểu dáng Bán tải,Tình trạng Xe cũ,Xuất xứ Nhập khẩu,Km đã đi 200.000 km,"Tỉnh thành
Bình Dương",Hộp số Số sàn,Nhiên liệu Máy dầu
Mitsubishi Xpander 1.5 MT 2024,480000000.0,Năm SX 2024,Kiểu dáng Crossover,Tình trạng Xe cũ,Xuất xứ Nhập khẩu,Km đã đi 31.000 km,"Tỉnh thành
Đắk Lắk",Hộp số Số sàn,Nhiên liệu Máy xăng
Toyota Corolla Altis 1.8 G 2009,280000000.0,Năm SX 2009,Kiểu dáng Sedan,Tình trạng Xe cũ,Xuất xứ Trong nước,Km đã đi 150.000 km,"Tỉnh thành
Hà Nội",Hộp số Số tự động,Nhiên liệu Máy xăng
Chevrolet Cruze 2017,190000000.0,Năm SX 2017,Kiểu dáng Sedan,Tình trạng Xe cũ,Xuất xứ Nhập khẩu,Km đã đi 190.000 km,"Tỉnh thành
Quảng Nam",Hộp số Số sàn,Nhiên liệu Máy xăng
Kia Sorento 2022,935000000.0,Năm SX 2022,Kiểu dáng SUV,Tình trạng Xe cũ,Na,Km đã đi 50.000 km,"Tỉnh thành
Hà Nội",Hộp số Số tự động,Nhiên liệu Máy xăng
Chevrolet Cruze LS 1.6 2011,169000000.0,Năm SX 2011,Kiểu dáng Sedan,Tình trạng Xe cũ,Xuất xứ Nhập khẩu,Km đã đi 80.000 km,"Tỉnh thành
Tp.HCM",Hộp số Số tự động,Nhiên liệu Máy xăng
Suzuki Ertiga 2019,385000000.0,Năm SX 2019,Kiểu dáng MPV,Tình trạng Xe cũ,Xuất xứ Nhập khẩu,Km đã đi 53.000 km,"Tỉnh thành
Tp.HCM",Hộp số Số tự động,Nhiên liệu Máy xăng
Mitsubishi Xpander AT 2020,530000000.0,Năm SX 2020,Kiểu dáng MPV,Tình trạng Xe cũ,Xuất xứ Nhập khẩu,Km đã đi 4.900 km,"Tỉnh thành
Hà Nội",Hộp số Số tự động,Nhiên liệu Máy xăng
Ford Fiesta 1.6 AT 2013,210000000.0,Năm SX 2013,Kiểu dáng Hatchback,Tình trạng Xe cũ,Xuất xứ Trong nước,Km đã đi 100.000 km,"Tỉnh thành
Tp.HCM",Hộp số Số tự động,Nhiên liệu Máy xăng
Kia Morning AT 2019,270000000.0,Năm SX 2019,Kiểu dáng Hatchback,Tình trạng Xe cũ,Xuất xứ Nhập khẩu,Km đã đi 77.000 km,"Tỉnh thành
Bình Dương",Hộp số Số tự động,Nhiên liệu Máy xăng
VinFast Fadil Tiêu Chuẩn 2020,288000000.0,Năm SX 2020,Kiểu dáng Hatchback,Tình trạng Xe cũ,Xuất xứ Trong nước,Km đã đi 42.000 km,"Tỉnh thành
Quảng Bình",Hộp số Số tự động,Nhiên liệu Máy xăng
MG 5 1.5L Luxury 2023,405000000.0,Năm SX 2023,Kiểu dáng Sedan,Tình trạng Xe cũ,Xuất xứ Nhập khẩu,Km đã đi 30.000 km,"Tỉnh thành
Tp.HCM",Hộp số Số tự động,Nhiên liệu Máy xăng
Kia Cerato 1.6 AT Luxury 2019,440000000.0,Năm SX 2019,Kiểu dáng Sedan,Tình trạng Xe cũ,Xuất xứ Trong nước,Km đã đi 80.000 km,"Tỉnh thành
Vĩnh Phúc",Hộp số Số tự động,Nhiên liệu Máy xăng
Ford Ranger XLS 2.0L 4x2 AT 2023,599000000.0,Năm SX 2023,Kiểu dáng Bán tải,Tình trạng Xe cũ,Xuất xứ Trong nước,Km đã đi 60.000 km,"Tỉnh thành
Thanh Hóa",Hộp số Số tự động,Nhiên liệu Máy dầu
Toyota Fortuner 2.7V 2020,755000000.0,Năm SX 2020,Kiểu dáng SUV,Tình trạng Xe cũ,Xuất xứ Nhập khẩu,Km đã đi 66.127 km,"Tỉnh thành
Hà Nội",Hộp số Số tự động,Nhiên liệu Máy xăng
Mazda CX-5 2.0L Premium 2021,698000000.0,Năm SX 2021,Kiểu dáng SUV,Tình trạng Xe cũ,Xuất xứ Trong nước,Km đã đi 45.000 km,"Tỉnh thành
Tp.HCM",Hộp số Số tự động,Nhiên liệu Máy xăng
Hyundai Accent 2019,370000000.0,Năm SX 2019,Kiểu dáng Sedan,Tình trạng Xe cũ,Na,Km đã đi 90.000 km,"Tỉnh thành
Nghệ An",Hộp số Số tự động,Nhiên liệu Máy xăng
Mazda 2 Sedan 1.5L Deluxe 2024,395000000.0,Năm SX 2024,Kiểu dáng Sedan,Tình trạng Xe cũ,Xuất xứ Nhập khẩu,Km đã đi 17.000 km,"Tỉnh thành
Đồng Nai",Hộp số Số tự động,Nhiên liệu Máy xăng
Toyota Veloz Cross 2022,475000000.0,Năm SX 2022,Kiểu dáng MPV,Tình trạng Xe cũ,Xuất xứ Nhập khẩu,Km đã đi 60.000 km,"Tỉnh thành
Hà Nội",Hộp số Số tự động,Nhiên liệu Máy xăng
Toyota Fortuner 2.7 V 4X2 AT 2014,450000000.0,Năm SX 2014,Kiểu dáng SUV,Tình trạng Xe cũ,Xuất xứ Trong nước,Km đã đi 110.000 km,"Tỉnh thành
Tp.HCM",Hộp số Số tự động,Nhiên liệu Máy xăng
Kia Morning 2015,160000000.0,Năm SX 2015,Kiểu dáng Hatchback,Tình trạng Xe cũ,Xuất xứ Trong nước,Km đã đi 105.000 km,"Tỉnh thành
Hà Nam",Hộp số Số sàn,Nhiên liệu Máy xăng
Toyota Wigo 1.2 G AT 2021,302000000.0,Năm SX 2021,Kiểu dáng Hatchback,Tình trạng Xe cũ,Xuất xứ Nhập khẩu,Km đã đi 38.700 km,"Tỉnh thành
Bà Rịa Vũng Tàu",Hộp số Số tự động,Nhiên liệu Máy xăng
VinFast LUX SA2.0 Cao cấp 2021,620000000.0,Năm SX 2021,Kiểu dáng SUV,Tình trạng Xe cũ,Xuất xứ Trong nước,Km đã đi 47.000 km,"Tỉnh thành
Hà Nội",Hộp số Số tự động,Nhiên liệu Máy xăng
Hyundai Kona 2.0 AT Tiêu chuẩn 2020,480000000.0,Năm SX 2020,Kiểu dáng SUV,Tình trạng Xe cũ,Xuất xứ Trong nước,Km đã đi 29.000 km,"Tỉnh thành
Thanh Hóa",Hộp số Số tự động,Nhiên liệu Máy xăng
Hyundai Santa Fe 2.2L Dầu Cao cấp 2021,1030000000.0,Năm SX 2021,Kiểu dáng SUV,Tình trạng Xe cũ,Xuất xứ Nhập khẩu,Km đã đi 50.000 km,"Tỉnh thành
Hà Nội",Hộp số Số tự động,Nhiên liệu Máy dầu
VinFast LUX A2.0 Cao cấp 2019,535000000.0,Năm SX 2019,Kiểu dáng Sedan,Tình trạng Xe cũ,Xuất xứ Trong nước,Km đã đi 70.000 km,"Tỉnh thành
Hà Nội",Hộp số Số tự động,Nhiên liệu Máy xăng
Mazda 2 Sport 1.5L Premium 2016,330000000.0,Năm SX 2016,Kiểu dáng Hatchback,Tình trạng Xe cũ,Xuất xứ Trong nước,Km đã đi 70.000 km,"Tỉnh thành
Hà Nội",Hộp số Số tự động,Nhiên liệu Máy xăng
Toyota Corolla Altis 1.8 V 2022,645000000.0,Năm SX 2022,Kiểu dáng Sedan,Tình trạng Xe cũ,Xuất xứ Nhập khẩu,Km đã đi 65.000 km,"Tỉnh thành
Tp.HCM",Hộp số Số tự động,Nhiên liệu Máy xăng
Hyundai Accent 1.4 AT Đặc biệt 2020,410000000.0,Năm SX 2020,Kiểu dáng Sedan,Tình trạng Xe cũ,Xuất xứ Trong nước,Km đã đi 70.000 km,"Tỉnh thành
Hà Nội",Hộp số Số tự động,Nhiên liệu Máy xăng
Hyundai Accent 1.4 AT 2022,425000000.0,Năm SX 2022,Kiểu dáng Sedan,Tình trạng Xe cũ,Xuất xứ Trong nước,Km đã đi 40.000 km,"Tỉnh thành
Hà Nội",Hộp số Số tự động,Nhiên liệu Máy xăng
Ford Escape 2010,200000000.0,Năm SX 2010,Kiểu dáng SUV,Tình trạng Xe cũ,Xuất xứ Trong nước,Km đã đi 170.000 km,"Tỉnh thành
Quảng Ngãi",Hộp số Số tự động,Nhiên liệu Máy xăng
VinFast Fadil 2022,295000000.0,Năm SX 2022,Kiểu dáng Hatchback,Tình trạng Xe cũ,Xuất xứ Nhập khẩu,Km đã đi 60.000 km,"Tỉnh thành
Đà Nẵng",Hộp số Số tự động,Nhiên liệu Máy xăng
Hyundai Porter II 2015,350000000.0,Năm SX 2015,Kiểu dáng Xe tải,Tình trạng Xe cũ,Xuất xứ Nhập khẩu,Km đã đi 10.000 km,"Tỉnh thành
Hà Nội",Hộp số Số sàn,Nhiên liệu Máy dầu
Toyota Wigo 1.2 G AT 2019,288000000.0,Năm SX 2019,Kiểu dáng Hatchback,Tình trạng Xe cũ,Xuất xứ Nhập khẩu,Km đã đi 183.000 km,"Tỉnh thành
Cần Thơ",Hộp số Số tự động,Nhiên liệu Máy xăng
Mitsubishi Attrage CVT 2020,299000000.0,Năm SX 2020,Kiểu dáng Sedan,Tình trạng Xe cũ,Xuất xứ Nhập khẩu,Km đã đi 78.000 km,"Tỉnh thành
Nam Định",Hộp số Số tự động,Nhiên liệu Máy xăng
Toyota Innova 2.0G 2021,685000000.0,Năm SX 2021,Kiểu dáng MPV,Tình trạng Xe cũ,Xuất xứ Nhập khẩu,Km đã đi 71.540 km,"Tỉnh thành
Tp.HCM",Hộp số Số tự động,Nhiên liệu Máy xăng
Chevrolet Captiva LT 2.4 2009,190000000.0,Năm SX 2009,Kiểu dáng SUV,Tình trạng Xe cũ,Xuất xứ Nhập khẩu,Km đã đi 100.000 km,"Tỉnh thành
Tp.HCM",Hộp số Số tự động,Nhiên liệu Máy xăng
Hyundai Grand i10 2014,105000000.0,Năm SX 2014,Kiểu dáng Sedan,Tình trạng Xe cũ,Xuất xứ Nhập khẩu,Km đã đi 330.000 km,"Tỉnh thành
Hà Tĩnh",Hộp số Số sàn,Nhiên liệu Máy xăng
Mitsubishi Xpander Cross 1.5 AT 2021,455000000.0,Năm SX 2021,Kiểu dáng MPV,Tình trạng Xe cũ,Xuất xứ Nhập khẩu,Km đã đi 86.000 km,"Tỉnh thành
Tp.HCM",Hộp số Số tự động,Nhiên liệu Máy xăng
VinFast LUX A2.0 Nâng cao 2021,575000000.0,Năm SX 2021,Kiểu dáng Sedan,Tình trạng Xe cũ,Xuất xứ Trong nước,Km đã đi 46.000 km,"Tỉnh thành
Hà Nội",Hộp số Số tự động,Nhiên liệu Máy xăng
Chevrolet Captiva LT 2.4 2009,190000000.0,Năm SX 2009,Kiểu dáng SUV,Tình trạng Xe cũ,Xuất xứ Nhập khẩu,Km đã đi 100.000 km,"Tỉnh thành
Tp.HCM",Hộp số Số tự động,Nhiên liệu Máy xăng
Hyundai Grand i10 2014,105000000.0,Năm SX 2014,Kiểu dáng Sedan,Tình trạng Xe cũ,Xuất xứ Nhập khẩu,Km đã đi 330.000 km,"Tỉnh thành
Hà Tĩnh",Hộp số Số sàn,Nhiên liệu Máy xăng
Mitsubishi Xpander Cross 1.5 AT 2021,455000000.0,Năm SX 2021,Kiểu dáng MPV,Tình trạng Xe cũ,Xuất xứ Nhập khẩu,Km đã đi 86.000 km,"Tỉnh thành
Tp.HCM",Hộp số Số tự động,Nhiên liệu Máy xăng
VinFast LUX A2.0 Nâng cao 2021,575000000.0,Năm SX 2021,Kiểu dáng Sedan,Tình trạng Xe cũ,Xuất xứ Trong nước,Km đã đi 46.000 km,"Tỉnh thành
Hà Nội",Hộp số Số tự động,Nhiên liệu Máy xăng
Kia Carens 1.5G Luxury 2022,529000000.0,Năm SX 2022,Kiểu dáng MPV,Tình trạng Xe cũ,Xuất xứ Trong nước,Km đã đi 45.000 km,"Tỉnh thành
Tp.HCM",Hộp số Số tự động,Nhiên liệu Máy xăng
Mazda 3 Sport 2020,478000000.0,Năm SX 2020,Kiểu dáng Sedan,Tình trạng Xe cũ,Xuất xứ Trong nước,Km đã đi 82.000 km,"Tỉnh thành
Tp.HCM",Hộp số Số tự động,Nhiên liệu Máy xăng
Kia Seltos 1.4T Premium 2020,520000000.0,Năm SX 2020,Kiểu dáng SUV,Tình trạng Xe cũ,Xuất xứ Trong nước,Km đã đi 55.000 km,"Tỉnh thành
Hải Phòng",Hộp số Số tự động,Nhiên liệu Máy xăng
Toyota Corolla Cross 1.8 G 2023,690000000.0,Năm SX 2023,Kiểu dáng Crossover,Tình trạng Xe cũ,Xuất xứ Nhập khẩu,Km đã đi 30.000 km,"Tỉnh thành
Bắc Ninh",Hộp số Số tự động,Nhiên liệu Máy xăng
Ford EcoSport Titanium 1.5L AT 2020,455000000.0,Năm SX 2020,Kiểu dáng SUV,Tình trạng Xe cũ,Xuất xứ Trong nước,Km đã đi 80.000 km,"Tỉnh thành
Tp.HCM",Hộp số Số tự động,Nhiên liệu Máy xăng
Mercedes-Benz E300 2017,859000000.0,Năm SX 2017,Kiểu dáng Sedan,Tình trạng Xe cũ,Xuất xứ Nhập khẩu,Km đã đi 90.000 km,"Tỉnh thành
Hà Nội",Hộp số Số tự động,Nhiên liệu Máy xăng
Hyundai Tucson 2.0 Tiêu chuẩn 2021,670000000.0,Năm SX 2021,Kiểu dáng SUV,Tình trạng Xe cũ,Xuất xứ Trong nước,Km đã đi 38.000 km,"Tỉnh thành
Hà Nội",Hộp số Số tự động,Nhiên liệu Máy xăng
Nissan X trail 2.5 SV 4WD Xtronic-CVT 2016,430000000.0,Năm SX 2016,Kiểu dáng SUV,Tình trạng Xe cũ,Xuất xứ Trong nước,Km đã đi 78.000 km,"Tỉnh thành
Tp.HCM",Hộp số Số tự động,Nhiên liệu Máy xăng
Hyundai i20 1.4 AT 2010,220000000.0,Năm SX 2010,Kiểu dáng Hatchback,Tình trạng Xe cũ,Xuất xứ Nhập khẩu,Km đã đi 87.000 km,"Tỉnh thành
Bình Dương",Hộp số Số tự động,Nhiên liệu Máy xăng
Mercedes-Benz C200 Avantgarde 2009,235000000.0,Năm SX 2009,Kiểu dáng Sedan,Tình trạng Xe cũ,Xuất xứ Trong nước,Km đã đi 190.000 km,"Tỉnh thành
Hải Phòng",Hộp số Số tự động,Nhiên liệu Máy xăng
Nissan Almera CVT Cao cấp 2022,440000000.0,Năm SX 2022,Kiểu dáng Sedan,Tình trạng Xe cũ,Xuất xứ Nhập khẩu,Km đã đi 53.000 km,"Tỉnh thành
Hà Nội",Hộp số Số tự động,Nhiên liệu Máy xăng
VinFast Fadil Nâng Cao 2020,295000000.0,Năm SX 2020,Na,Tình trạng Xe cũ,Xuất xứ Trong nước,Km đã đi 28.000 km,"Tỉnh thành
Long An",Hộp số Số tự động,Nhiên liệu Máy xăng
MG 5 1.5L Luxury 2022,375000000.0,Năm SX 2022,Kiểu dáng Sedan,Tình trạng Xe cũ,Xuất xứ Nhập khẩu,Km đã đi 35.000 km,"Tỉnh thành
Hà Nội",Hộp số Số tự động,Nhiên liệu Máy xăng
Hyundai i20 1.4 AT 2012,226000000.0,Năm SX 2012,Kiểu dáng Hatchback,Tình trạng Xe cũ,Xuất xứ Nhập khẩu,Km đã đi 91.000 km,"Tỉnh thành
Hà Nội",Hộp số Số tự động,Nhiên liệu Máy xăng
Ford Everest Platinum 2.0L 4x4 AT 2020,900000000.0,Năm SX 2020,Kiểu dáng SUV,Tình trạng Xe cũ,Xuất xứ Nhập khẩu,Km đã đi 85.000 km,"Tỉnh thành
Lâm Đồng",Hộp số Số tự động,Nhiên liệu Máy dầu
Kia Morning Si 1.25 MT 2018,225000000.0,Năm SX 2018,Kiểu dáng Hatchback,Tình trạng Xe cũ,Xuất xứ Trong nước,Km đã đi 80.000 km,"Tỉnh thành
Lâm Đồng",Hộp số Số sàn,Nhiên liệu Máy xăng
Mazda CX-5 2.0 Deluxe 2021,635000000.0,Năm SX 2021,Kiểu dáng SUV,Tình trạng Xe cũ,Xuất xứ Trong nước,Km đã đi 52.000 km,"Tỉnh thành
Hải Phòng",Hộp số Số tự động,Nhiên liệu Máy xăng
Hyundai Kona 2.0 AT Tiêu chuẩn 2020,465000000.0,Năm SX 2020,Kiểu dáng SUV,Tình trạng Xe cũ,Xuất xứ Trong nước,Km đã đi 58.000 km,"Tỉnh thành
Hải Phòng",Hộp số Số tự động,Nhiên liệu Máy xăng
VinFast Fadil Tiêu Chuẩn 2021,289000000.0,Năm SX 2021,Na,Tình trạng Xe cũ,Xuất xứ Trong nước,Km đã đi 72.000 km,"Tỉnh thành
Hải Phòng",Hộp số Số tự động,Nhiên liệu Máy xăng
Chevrolet Colorado LTZ 2.8 AT 4x4 2017,390000000.0,Năm SX 2017,Kiểu dáng Bán tải,Tình trạng Xe cũ,Xuất xứ Nhập khẩu,Km đã đi 130.000 km,"Tỉnh thành
Hà Nội",Hộp số Số tự động,Nhiên liệu Máy dầu
Ford Focus 1.8L 2011,220000000.0,Năm SX 2011,Kiểu dáng Hatchback,Tình trạng Xe cũ,Xuất xứ Trong nước,Km đã đi 125.000 km,"Tỉnh thành
Hà Nội",Hộp số Số tự động,Nhiên liệu Máy xăng
Kia Sedona 3.3 Platinum G 2019,698000000.0,Năm SX 2019,Kiểu dáng MPV,Tình trạng Xe cũ,Xuất xứ Trong nước,Km đã đi 60.000 km,"Tỉnh thành
Tp.HCM",Hộp số Số tự động,Nhiên liệu Máy xăng
Subaru Outback 2.5i-T EyeSight 2022,1350000000.0,Năm SX 2022,Kiểu dáng Crossover,Tình trạng Xe cũ,Xuất xứ Nhập khẩu,Km đã đi 16.000 km,"Tỉnh thành
Hà Nội",Hộp số Số tự động,Nhiên liệu Máy xăng
Ford EcoSport Titanium 1.5L AT 2021,445000000.0,Năm SX 2021,Kiểu dáng SUV,Tình trạng Xe cũ,Xuất xứ Trong nước,Km đã đi 55.000 km,"Tỉnh thành
Hà Nội",Hộp số Số tự động,Nhiên liệu Máy xăng
Porsche Cayenne 3.6 V6 2014,1200000000.0,Năm SX 2014,Kiểu dáng SUV,Tình trạng Xe cũ,Xuất xứ Nhập khẩu,Km đã đi 88.888 km,"Tỉnh thành
Hà Nội",Hộp số Số tự động,Nhiên liệu Máy xăng
Nissan Almera CVT Cao cấp 2022,440000000.0,Năm SX 2022,Kiểu dáng Sedan,Tình trạng Xe cũ,Xuất xứ Nhập khẩu,Km đã đi 53.000 km,"Tỉnh thành
Hà Nội",Hộp số Số tự động,Nhiên liệu Máy xăng
VinFast Fadil Nâng Cao 2020,295000000.0,Năm SX 2020,Na,Tình trạng Xe cũ,Xuất xứ Trong nước,Km đã đi 28.000 km,"Tỉnh thành
Long An",Hộp số Số tự động,Nhiên liệu Máy xăng
MG 5 1.5L Luxury 2022,375000000.0,Năm SX 2022,Kiểu dáng Sedan,Tình trạng Xe cũ,Xuất xứ Nhập khẩu,Km đã đi 35.000 km,"Tỉnh thành
Hà Nội",Hộp số Số tự động,Nhiên liệu Máy xăng
Hyundai i20 1.4 AT 2012,226000000.0,Năm SX 2012,Kiểu dáng Hatchback,Tình trạng Xe cũ,Xuất xứ Nhập khẩu,Km đã đi 91.000 km,"Tỉnh thành
Hà Nội",Hộp số Số tự động,Nhiên liệu Máy xăng
Ford Everest Platinum 2.0L 4x4 AT 2020,900000000.0,Năm SX 2020,Kiểu dáng SUV,Tình trạng Xe cũ,Xuất xứ Nhập khẩu,Km đã đi 85.000 km,"Tỉnh thành
Lâm Đồng",Hộp số Số tự động,Nhiên liệu Máy dầu
Kia Morning Si 1.25 MT 2018,225000000.0,Năm SX 2018,Kiểu dáng Hatchback,Tình trạng Xe cũ,Xuất xứ Trong nước,Km đã đi 80.000 km,"Tỉnh thành
Lâm Đồng",Hộp số Số sàn,Nhiên liệu Máy xăng
Mazda CX-5 2.0 Deluxe 2021,635000000.0,Năm SX 2021,Kiểu dáng SUV,Tình trạng Xe cũ,Xuất xứ Trong nước,Km đã đi 52.000 km,"Tỉnh thành
Hải Phòng",Hộp số Số tự động,Nhiên liệu Máy xăng
Hyundai Kona 2.0 AT Tiêu chuẩn 2020,465000000.0,Năm SX 2020,Kiểu dáng SUV,Tình trạng Xe cũ,Xuất xứ Trong nước,Km đã đi 58.000 km,"Tỉnh thành
Hải Phòng",Hộp số Số tự động,Nhiên liệu Máy xăng
VinFast Fadil Tiêu Chuẩn 2021,289000000.0,Năm SX 2021,Na,Tình trạng Xe cũ,Xuất xứ Trong nước,Km đã đi 72.000 km,"Tỉnh thành
Hải Phòng",Hộp số Số tự động,Nhiên liệu Máy xăng
Chevrolet Colorado LTZ 2.8 AT 4x4 2017,390000000.0,Năm SX 2017,Kiểu dáng Bán tải,Tình trạng Xe cũ,Xuất xứ Nhập khẩu,Km đã đi 130.000 km,"Tỉnh thành
Hà Nội",Hộp số Số tự động,Nhiên liệu Máy dầu
Ford Focus 1.8L 2011,220000000.0,Năm SX 2011,Kiểu dáng Hatchback,Tình trạng Xe cũ,Xuất xứ Trong nước,Km đã đi 125.000 km,"Tỉnh thành
Hà Nội",Hộp số Số tự động,Nhiên liệu Máy xăng
Kia Sedona 3.3 Platinum G 2019,698000000.0,Năm SX 2019,Kiểu dáng MPV,Tình trạng Xe cũ,Xuất xứ Trong nước,Km đã đi 60.000 km,"Tỉnh thành
Tp.HCM",Hộp số Số tự động,Nhiên liệu Máy xăng
Subaru Outback 2.5i-T EyeSight 2022,1350000000.0,Năm SX 2022,Kiểu dáng Crossover,Tình trạng Xe cũ,Xuất xứ Nhập khẩu,Km đã đi 16.000 km,"Tỉnh thành
Hà Nội",Hộp số Số tự động,Nhiên liệu Máy xăng
Ford EcoSport Titanium 1.5L AT 2021,445000000.0,Năm SX 2021,Kiểu dáng SUV,Tình trạng Xe cũ,Xuất xứ Trong nước,Km đã đi 55.000 km,"Tỉnh thành
Hà Nội",Hộp số Số tự động,Nhiên liệu Máy xăng
Porsche Cayenne 3.6 V6 2014,1200000000.0,Năm SX 2014,Kiểu dáng SUV,Tình trạng Xe cũ,Xuất xứ Nhập khẩu,Km đã đi 88.888 km,"Tỉnh thành
Hà Nội",Hộp số Số tự động,Nhiên liệu Máy xăng
Nissan Almera CVT Cao cấp 2022,440000000.0,Năm SX 2022,Kiểu dáng Sedan,Tình trạng Xe cũ,Xuất xứ Nhập khẩu,Km đã đi 53.000 km,"Tỉnh thành
Hà Nội",Hộp số Số tự động,Nhiên liệu Máy xăng
VinFast Fadil Nâng Cao 2020,295000000.0,Năm SX 2020,Na,Tình trạng Xe cũ,Xuất xứ Trong nước,Km đã đi 28.000 km,"Tỉnh thành
Long An",Hộp số Số tự động,Nhiên liệu Máy xăng
MG 5 1.5L Luxury 2022,375000000.0,Năm SX 2022,Kiểu dáng Sedan,Tình trạng Xe cũ,Xuất xứ Nhập khẩu,Km đã đi 35.000 km,"Tỉnh thành
Hà Nội",Hộp số Số tự động,Nhiên liệu Máy xăng
Hyundai i20 1.4 AT 2012,226000000.0,Năm SX 2012,Kiểu dáng Hatchback,Tình trạng Xe cũ,Xuất xứ Nhập khẩu,Km đã đi 91.000 km,"Tỉnh thành
Hà Nội",Hộp số Số tự động,Nhiên liệu Máy xăng
Ford Everest Platinum 2.0L 4x4 AT 2020,900000000.0,Năm SX 2020,Kiểu dáng SUV,Tình trạng Xe cũ,Xuất xứ Nhập khẩu,Km đã đi 85.000 km,"Tỉnh thành
Lâm Đồng",Hộp số Số tự động,Nhiên liệu Máy dầu
Kia Morning Si 1.25 MT 2018,225000000.0,Năm SX 2018,Kiểu dáng Hatchback,Tình trạng Xe cũ,Xuất xứ Trong nước,Km đã đi 80.000 km,"Tỉnh thành
Lâm Đồng",Hộp số Số sàn,Nhiên liệu Máy xăng
Mazda CX-5 2.0 Deluxe 2021,635000000.0,Năm SX 2021,Kiểu dáng SUV,Tình trạng Xe cũ,Xuất xứ Trong nước,Km đã đi 52.000 km,"Tỉnh thành
Hải Phòng",Hộp số Số tự động,Nhiên liệu Máy xăng
Hyundai Kona 2.0 AT Tiêu chuẩn 2020,465000000.0,Năm SX 2020,Kiểu dáng SUV,Tình trạng Xe cũ,Xuất xứ Trong nước,Km đã đi 58.000 km,"Tỉnh thành
Hải Phòng",Hộp số Số tự động,Nhiên liệu Máy xăng
VinFast Fadil Tiêu Chuẩn 2021,289000000.0,Năm SX 2021,Na,Tình trạng Xe cũ,Xuất xứ Trong nước,Km đã đi 72.000 km,"Tỉnh thành
Hải Phòng",Hộp số Số tự động,Nhiên liệu Máy xăng
Chevrolet Colorado LTZ 2.8 AT 4x4 2017,390000000.0,Năm SX 2017,Kiểu dáng Bán tải,Tình trạng Xe cũ,Xuất xứ Nhập khẩu,Km đã đi 130.000 km,"Tỉnh thành
Hà Nội",Hộp số Số tự động,Nhiên liệu Máy dầu
Ford Focus 1.8L 2011,220000000.0,Năm SX 2011,Kiểu dáng Hatchback,Tình trạng Xe cũ,Xuất xứ Trong nước,Km đã đi 125.000 km,"Tỉnh thành
Hà Nội",Hộp số Số tự động,Nhiên liệu Máy xăng
Kia Sedona 3.3 Platinum G 2019,698000000.0,Năm SX 2019,Kiểu dáng MPV,Tình trạng Xe cũ,Xuất xứ Trong nước,Km đã đi 60.000 km,"Tỉnh thành
Tp.HCM",Hộp số Số tự động,Nhiên liệu Máy xăng
Subaru Outback 2.5i-T EyeSight 2022,1350000000.0,Năm SX 2022,Kiểu dáng Crossover,Tình trạng Xe cũ,Xuất xứ Nhập khẩu,Km đã đi 16.000 km,"Tỉnh thành
Hà Nội",Hộp số Số tự động,Nhiên liệu Máy xăng
Ford EcoSport Titanium 1.5L AT 2021,445000000.0,Năm SX 2021,Kiểu dáng SUV,Tình trạng Xe cũ,Xuất xứ Trong nước,Km đã đi 55.000 km,"Tỉnh thành
Hà Nội",Hộp số Số tự động,Nhiên liệu Máy xăng
Porsche Cayenne 3.6 V6 2014,1200000000.0,Năm SX 2014,Kiểu dáng SUV,Tình trạng Xe cũ,Xuất xứ Nhập khẩu,Km đã đi 88.888 km,"Tỉnh thành
Hà Nội",Hộp số Số tự động,Nhiên liệu Máy xăng
Nissan Almera CVT Cao cấp 2022,440000000.0,Năm SX 2022,Kiểu dáng Sedan,Tình trạng Xe cũ,Xuất xứ Nhập khẩu,Km đã đi 53.000 km,"Tỉnh thành
Hà Nội",Hộp số Số tự động,Nhiên liệu Máy xăng
VinFast Fadil Nâng Cao 2020,295000000.0,Năm SX 2020,Na,Tình trạng Xe cũ,Xuất xứ Trong nước,Km đã đi 28.000 km,"Tỉnh thành
Long An",Hộp số Số tự động,Nhiên liệu Máy xăng
MG 5 1.5L Luxury 2022,375000000.0,Năm SX 2022,Kiểu dáng Sedan,Tình trạng Xe cũ,Xuất xứ Nhập khẩu,Km đã đi 35.000 km,"Tỉnh thành
Hà Nội",Hộp số Số tự động,Nhiên liệu Máy xăng
Hyundai i20 1.4 AT 2012,226000000.0,Năm SX 2012,Kiểu dáng Hatchback,Tình trạng Xe cũ,Xuất xứ Nhập khẩu,Km đã đi 91.000 km,"Tỉnh thành
Hà Nội",Hộp số Số tự động,Nhiên liệu Máy xăng
Ford Everest Platinum 2.0L 4x4 AT 2020,900000000.0,Năm SX 2020,Kiểu dáng SUV,Tình trạng Xe cũ,Xuất xứ Nhập khẩu,Km đã đi 85.000 km,"Tỉnh thành
Lâm Đồng",Hộp số Số tự động,Nhiên liệu Máy dầu
Kia Morning Si 1.25 MT 2018,225000000.0,Năm SX 2018,Kiểu dáng Hatchback,Tình trạng Xe cũ,Xuất xứ Trong nước,Km đã đi 80.000 km,"Tỉnh thành
Lâm Đồng",Hộp số Số sàn,Nhiên liệu Máy xăng
Mazda CX-5 2.0 Deluxe 2021,635000000.0,Năm SX 2021,Kiểu dáng SUV,Tình trạng Xe cũ,Xuất xứ Trong nước,Km đã đi 52.000 km,"Tỉnh thành
Hải Phòng",Hộp số Số tự động,Nhiên liệu Máy xăng
Hyundai Kona 2.0 AT Tiêu chuẩn 2020,465000000.0,Năm SX 2020,Kiểu dáng SUV,Tình trạng Xe cũ,Xuất xứ Trong nước,Km đã đi 58.000 km,"Tỉnh thành
Hải Phòng",Hộp số Số tự động,Nhiên liệu Máy xăng
VinFast Fadil Tiêu Chuẩn 2021,289000000.0,Năm SX 2021,Na,Tình trạng Xe cũ,Xuất xứ Trong nước,Km đã đi 72.000 km,"Tỉnh thành
Hải Phòng",Hộp số Số tự động,Nhiên liệu Máy xăng
Chevrolet Colorado LTZ 2.8 AT 4x4 2017,390000000.0,Năm SX 2017,Kiểu dáng Bán tải,Tình trạng Xe cũ,Xuất xứ Nhập khẩu,Km đã đi 130.000 km,"Tỉnh thành
Hà Nội",Hộp số Số tự động,Nhiên liệu Máy dầu
Ford Focus 1.8L 2011,220000000.0,Năm SX 2011,Kiểu dáng Hatchback,Tình trạng Xe cũ,Xuất xứ Trong nước,Km đã đi 125.000 km,"Tỉnh thành
Hà Nội",Hộp số Số tự động,Nhiên liệu Máy xăng
Kia Sedona 3.3 Platinum G 2019,698000000.0,Năm SX 2019,Kiểu dáng MPV,Tình trạng Xe cũ,Xuất xứ Trong nước,Km đã đi 60.000 km,"Tỉnh thành
Tp.HCM",Hộp số Số tự động,Nhiên liệu Máy xăng
Subaru Outback 2.5i-T EyeSight 2022,1350000000.0,Năm SX 2022,Kiểu dáng Crossover,Tình trạng Xe cũ,Xuất xứ Nhập khẩu,Km đã đi 16.000 km,"Tỉnh thành
Hà Nội",Hộp số Số tự động,Nhiên liệu Máy xăng
Ford EcoSport Titanium 1.5L AT 2021,445000000.0,Năm SX 2021,Kiểu dáng SUV,Tình trạng Xe cũ,Xuất xứ Trong nước,Km đã đi 55.000 km,"Tỉnh thành
Hà Nội",Hộp số Số tự động,Nhiên liệu Máy xăng
Porsche Cayenne 3.6 V6 2014,1200000000.0,Năm SX 2014,Kiểu dáng SUV,Tình trạng Xe cũ,Xuất xứ Nhập khẩu,Km đã đi 88.888 km,"Tỉnh thành
Hà Nội",Hộp số Số tự động,Nhiên liệu Máy xăng
Nissan Almera CVT Cao cấp 2022,440000000.0,Năm SX 2022,Kiểu dáng Sedan,Tình trạng Xe cũ,Xuất xứ Nhập khẩu,Km đã đi 53.000 km,"Tỉnh thành
Hà Nội",Hộp số Số tự động,Nhiên liệu Máy xăng
VinFast Fadil Nâng Cao 2020,295000000.0,Năm SX 2020,Na,Tình trạng Xe cũ,Xuất xứ Trong nước,Km đã đi 28.000 km,"Tỉnh thành
Long An",Hộp số Số tự động,Nhiên liệu Máy xăng
MG 5 1.5L Luxury 2022,375000000.0,Năm SX 2022,Kiểu dáng Sedan,Tình trạng Xe cũ,Xuất xứ Nhập khẩu,Km đã đi 35.000 km,"Tỉnh thành
Hà Nội",Hộp số Số tự động,Nhiên liệu Máy xăng
Hyundai i20 1.4 AT 2012,226000000.0,Năm SX 2012,Kiểu dáng Hatchback,Tình trạng Xe cũ,Xuất xứ Nhập khẩu,Km đã đi 91.000 km,"Tỉnh thành
Hà Nội",Hộp số Số tự động,Nhiên liệu Máy xăng
Ford Everest Platinum 2.0L 4x4 AT 2020,900000000.0,Năm SX 2020,Kiểu dáng SUV,Tình trạng Xe cũ,Xuất xứ Nhập khẩu,Km đã đi 85.000 km,"Tỉnh thành
Lâm Đồng",Hộp số Số tự động,Nhiên liệu Máy dầu
Kia Morning Si 1.25 MT 2018,225000000.0,Năm SX 2018,Kiểu dáng Hatchback,Tình trạng Xe cũ,Xuất xứ Trong nước,Km đã đi 80.000 km,"Tỉnh thành
Lâm Đồng",Hộp số Số sàn,Nhiên liệu Máy xăng
Mazda CX-5 2.0 Deluxe 2021,635000000.0,Năm SX 2021,Kiểu dáng SUV,Tình trạng Xe cũ,Xuất xứ Trong nước,Km đã đi 52.000 km,"Tỉnh thành
Hải Phòng",Hộp số Số tự động,Nhiên liệu Máy xăng
Hyundai Kona 2.0 AT Tiêu chuẩn 2020,465000000.0,Năm SX 2020,Kiểu dáng SUV,Tình trạng Xe cũ,Xuất xứ Trong nước,Km đã đi 58.000 km,"Tỉnh thành
Hải Phòng",Hộp số Số tự động,Nhiên liệu Máy xăng
VinFast Fadil Tiêu Chuẩn 2021,289000000.0,Năm SX 2021,Na,Tình trạng Xe cũ,Xuất xứ Trong nước,Km đã đi 72.000 km,"Tỉnh thành
Hải Phòng",Hộp số Số tự động,Nhiên liệu Máy xăng
Chevrolet Colorado LTZ 2.8 AT 4x4 2017,390000000.0,Năm SX 2017,Kiểu dáng Bán tải,Tình trạng Xe cũ,Xuất xứ Nhập khẩu,Km đã đi 130.000 km,"Tỉnh thành
Hà Nội",Hộp số Số tự động,Nhiên liệu Máy dầu
Ford Focus 1.8L 2011,220000000.0,Năm SX 2011,Kiểu dáng Hatchback,Tình trạng Xe cũ,Xuất xứ Trong nước,Km đã đi 125.000 km,"Tỉnh thành
Hà Nội",Hộp số Số tự động,Nhiên liệu Máy xăng
Kia Sedona 3.3 Platinum G 2019,698000000.0,Năm SX 2019,Kiểu dáng MPV,Tình trạng Xe cũ,Xuất xứ Trong nước,Km đã đi 60.000 km,"Tỉnh thành
Tp.HCM",Hộp số Số tự động,Nhiên liệu Máy xăng
Subaru Outback 2.5i-T EyeSight 2022,1350000000.0,Năm SX 2022,Kiểu dáng Crossover,Tình trạng Xe cũ,Xuất xứ Nhập khẩu,Km đã đi 16.000 km,"Tỉnh thành
Hà Nội",Hộp số Số tự động,Nhiên liệu Máy xăng
Ford EcoSport Titanium 1.5L AT 2021,445000000.0,Năm SX 2021,Kiểu dáng SUV,Tình trạng Xe cũ,Xuất xứ Trong nước,Km đã đi 55.000 km,"Tỉnh thành
Hà Nội",Hộp số Số tự động,Nhiên liệu Máy xăng
Porsche Cayenne 3.6 V6 2014,1200000000.0,Năm SX 2014,Kiểu dáng SUV,Tình trạng Xe cũ,Xuất xứ Nhập khẩu,Km đã đi 88.888 km,"Tỉnh thành
Hà Nội",Hộp số Số tự động,Nhiên liệu Máy xăng
Nissan Almera CVT Cao cấp 2022,440000000.0,Năm SX 2022,Kiểu dáng Sedan,Tình trạng Xe cũ,Xuất xứ Nhập khẩu,Km đã đi 53.000 km,"Tỉnh thành
Hà Nội",Hộp số Số tự động,Nhiên liệu Máy xăng
VinFast Fadil Nâng Cao 2020,295000000.0,Năm SX 2020,Na,Tình trạng Xe cũ,Xuất xứ Trong nước,Km đã đi 28.000 km,"Tỉnh thành
Long An",Hộp số Số tự động,Nhiên liệu Máy xăng
MG 5 1.5L Luxury 2022,375000000.0,Năm SX 2022,Kiểu dáng Sedan,Tình trạng Xe cũ,Xuất xứ Nhập khẩu,Km đã đi 35.000 km,"Tỉnh thành
Hà Nội",Hộp số Số tự động,Nhiên liệu Máy xăng
Hyundai i20 1.4 AT 2012,226000000.0,Năm SX 2012,Kiểu dáng Hatchback,Tình trạng Xe cũ,Xuất xứ Nhập khẩu,Km đã đi 91.000 km,"Tỉnh thành
Hà Nội",Hộp số Số tự động,Nhiên liệu Máy xăng
Ford Everest Platinum 2.0L 4x4 AT 2020,900000000.0,Năm SX 2020,Kiểu dáng SUV,Tình trạng Xe cũ,Xuất xứ Nhập khẩu,Km đã đi 85.000 km,"Tỉnh thành
Lâm Đồng",Hộp số Số tự động,Nhiên liệu Máy dầu
Kia Morning Si 1.25 MT 2018,225000000.0,Năm SX 2018,Kiểu dáng Hatchback,Tình trạng Xe cũ,Xuất xứ Trong nước,Km đã đi 80.000 km,"Tỉnh thành
Lâm Đồng",Hộp số Số sàn,Nhiên liệu Máy xăng
Mazda CX-5 2.0 Deluxe 2021,635000000.0,Năm SX 2021,Kiểu dáng SUV,Tình trạng Xe cũ,Xuất xứ Trong nước,Km đã đi 52.000 km,"Tỉnh thành
Hải Phòng",Hộp số Số tự động,Nhiên liệu Máy xăng
Hyundai Kona 2.0 AT Tiêu chuẩn 2020,465000000.0,Năm SX 2020,Kiểu dáng SUV,Tình trạng Xe cũ,Xuất xứ Trong nước,Km đã đi 58.000 km,"Tỉnh thành
Hải Phòng",Hộp số Số tự động,Nhiên liệu Máy xăng
VinFast Fadil Tiêu Chuẩn 2021,289000000.0,Năm SX 2021,Na,Tình trạng Xe cũ,Xuất xứ Trong nước,Km đã đi 72.000 km,"Tỉnh thành
Hải Phòng",Hộp số Số tự động,Nhiên liệu Máy xăng
Chevrolet Colorado LTZ 2.8 AT 4x4 2017,390000000.0,Năm SX 2017,Kiểu dáng Bán tải,Tình trạng Xe cũ,Xuất xứ Nhập khẩu,Km đã đi 130.000 km,"Tỉnh thành
Hà Nội",Hộp số Số tự động,Nhiên liệu Máy dầu
Ford Focus 1.8L 2011,220000000.0,Năm SX 2011,Kiểu dáng Hatchback,Tình trạng Xe cũ,Xuất xứ Trong nước,Km đã đi 125.000 km,"Tỉnh thành
Hà Nội",Hộp số Số tự động,Nhiên liệu Máy xăng
Kia Sedona 3.3 Platinum G 2019,698000000.0,Năm SX 2019,Kiểu dáng MPV,Tình trạng Xe cũ,Xuất xứ Trong nước,Km đã đi 60.000 km,"Tỉnh thành
Tp.HCM",Hộp số Số tự động,Nhiên liệu Máy xăng
Subaru Outback 2.5i-T EyeSight 2022,1350000000.0,Năm SX 2022,Kiểu dáng Crossover,Tình trạng Xe cũ,Xuất xứ Nhập khẩu,Km đã đi 16.000 km,"Tỉnh thành
Hà Nội",Hộp số Số tự động,Nhiên liệu Máy xăng
Ford EcoSport Titanium 1.5L AT 2021,445000000.0,Năm SX 2021,Kiểu dáng SUV,Tình trạng Xe cũ,Xuất xứ Trong nước,Km đã đi 55.000 km,"Tỉnh thành
Hà Nội",Hộp số Số tự động,Nhiên liệu Máy xăng
Porsche Cayenne 3.6 V6 2014,1200000000.0,Năm SX 2014,Kiểu dáng SUV,Tình trạng Xe cũ,Xuất xứ Nhập khẩu,Km đã đi 88.888 km,"Tỉnh thành
Hà Nội",Hộp số Số tự động,Nhiên liệu Máy xăng
Nissan Almera CVT Cao cấp 2022,440000000.0,Năm SX 2022,Kiểu dáng Sedan,Tình trạng Xe cũ,Xuất xứ Nhập khẩu,Km đã đi 53.000 km,"Tỉnh thành
Hà Nội",Hộp số Số tự động,Nhiên liệu Máy xăng
VinFast Fadil Nâng Cao 2020,295000000.0,Năm SX 2020,Na,Tình trạng Xe cũ,Xuất xứ Trong nước,Km đã đi 28.000 km,"Tỉnh thành
Long An",Hộp số Số tự động,Nhiên liệu Máy xăng
MG 5 1.5L Luxury 2022,375000000.0,Năm SX 2022,Kiểu dáng Sedan,Tình trạng Xe cũ,Xuất xứ Nhập khẩu,Km đã đi 35.000 km,"Tỉnh thành
Hà Nội",Hộp số Số tự động,Nhiên liệu Máy xăng
Hyundai i20 1.4 AT 2012,226000000.0,Năm SX 2012,Kiểu dáng Hatchback,Tình trạng Xe cũ,Xuất xứ Nhập khẩu,Km đã đi 91.000 km,"Tỉnh thành
Hà Nội",Hộp số Số tự động,Nhiên liệu Máy xăng
Ford Everest Platinum 2.0L 4x4 AT 2020,900000000.0,Năm SX 2020,Kiểu dáng SUV,Tình trạng Xe cũ,Xuất xứ Nhập khẩu,Km đã đi 85.000 km,"Tỉnh thành
Lâm Đồng",Hộp số Số tự động,Nhiên liệu Máy dầu
Kia Morning Si 1.25 MT 2018,225000000.0,Năm SX 2018,Kiểu dáng Hatchback,Tình trạng Xe cũ,Xuất xứ Trong nước,Km đã đi 80.000 km,"Tỉnh thành
Lâm Đồng",Hộp số Số sàn,Nhiên liệu Máy xăng
Mazda CX-5 2.0 Deluxe 2021,635000000.0,Năm SX 2021,Kiểu dáng SUV,Tình trạng Xe cũ,Xuất xứ Trong nước,Km đã đi 52.000 km,"Tỉnh thành
Hải Phòng",Hộp số Số tự động,Nhiên liệu Máy xăng
Hyundai Kona 2.0 AT Tiêu chuẩn 2020,465000000.0,Năm SX 2020,Kiểu dáng SUV,Tình trạng Xe cũ,Xuất xứ Trong nước,Km đã đi 58.000 km,"Tỉnh thành
Hải Phòng",Hộp số Số tự động,Nhiên liệu Máy xăng
VinFast Fadil Tiêu Chuẩn 2021,289000000.0,Năm SX 2021,Na,Tình trạng Xe cũ,Xuất xứ Trong nước,Km đã đi 72.000 km,"Tỉnh thành
Hải Phòng",Hộp số Số tự động,Nhiên liệu Máy xăng
Chevrolet Colorado LTZ 2.8 AT 4x4 2017,390000000.0,Năm SX 2017,Kiểu dáng Bán tải,Tình trạng Xe cũ,Xuất xứ Nhập khẩu,Km đã đi 130.000 km,"Tỉnh thành
Hà Nội",Hộp số Số tự động,Nhiên liệu Máy dầu
Ford Focus 1.8L 2011,220000000.0,Năm SX 2011,Kiểu dáng Hatchback,Tình trạng Xe cũ,Xuất xứ Trong nước,Km đã đi 125.000 km,"Tỉnh thành
Hà Nội",Hộp số Số tự động,Nhiên liệu Máy xăng
Kia Sedona 3.3 Platinum G 2019,698000000.0,Năm SX 2019,Kiểu dáng MPV,Tình trạng Xe cũ,Xuất xứ Trong nước,Km đã đi 60.000 km,"Tỉnh thành
Tp.HCM",Hộp số Số tự động,Nhiên liệu Máy xăng
Subaru Outback 2.5i-T EyeSight 2022,1350000000.0,Năm SX 2022,Kiểu dáng Crossover,Tình trạng Xe cũ,Xuất xứ Nhập khẩu,Km đã đi 16.000 km,"Tỉnh thành
Hà Nội",Hộp số Số tự động,Nhiên liệu Máy xăng
Ford EcoSport Titanium 1.5L AT 2021,445000000.0,Năm SX 2021,Kiểu dáng SUV,Tình trạng Xe cũ,Xuất xứ Trong nước,Km đã đi 55.000 km,"Tỉnh thành
Hà Nội",Hộp số Số tự động,Nhiên liệu Máy xăng
Porsche Cayenne 3.6 V6 2014,1200000000.0,Năm SX 2014,Kiểu dáng SUV,Tình trạng Xe cũ,Xuất xứ Nhập khẩu,Km đã đi 88.888 km,"Tỉnh thành
Hà Nội",Hộp số Số tự động,Nhiên liệu Máy xăng
Nissan Almera CVT Cao cấp 2022,440000000.0,Năm SX 2022,Kiểu dáng Sedan,Tình trạng Xe cũ,Xuất xứ Nhập khẩu,Km đã đi 53.000 km,"Tỉnh thành
Hà Nội",Hộp số Số tự động,Nhiên liệu Máy xăng
VinFast Fadil Nâng Cao 2020,295000000.0,Năm SX 2020,Na,Tình trạng Xe cũ,Xuất xứ Trong nước,Km đã đi 28.000 km,"Tỉnh thành
Long An",Hộp số Số tự động,Nhiên liệu Máy xăng
MG 5 1.5L Luxury 2022,375000000.0,Năm SX 2022,Kiểu dáng Sedan,Tình trạng Xe cũ,Xuất xứ Nhập khẩu,Km đã đi 35.000 km,"Tỉnh thành
Hà Nội",Hộp số Số tự động,Nhiên liệu Máy xăng
Hyundai i20 1.4 AT 2012,226000000.0,Năm SX 2012,Kiểu dáng Hatchback,Tình trạng Xe cũ,Xuất xứ Nhập khẩu,Km đã đi 91.000 km,"Tỉnh thành
Hà Nội",Hộp số Số tự động,Nhiên liệu Máy xăng
Ford Everest Platinum 2.0L 4x4 AT 2020,900000000.0,Năm SX 2020,Kiểu dáng SUV,Tình trạng Xe cũ,Xuất xứ Nhập khẩu,Km đã đi 85.000 km,"Tỉnh thành
Lâm Đồng",Hộp số Số tự động,Nhiên liệu Máy dầu
Kia Morning Si 1.25 MT 2018,225000000.0,Năm SX 2018,Kiểu dáng Hatchback,Tình trạng Xe cũ,Xuất xứ Trong nước,Km đã đi 80.000 km,"Tỉnh thành
Lâm Đồng",Hộp số Số sàn,Nhiên liệu Máy xăng
Mazda CX-5 2.0 Deluxe 2021,635000000.0,Năm SX 2021,Kiểu dáng SUV,Tình trạng Xe cũ,Xuất xứ Trong nước,Km đã đi 52.000 km,"Tỉnh thành
Hải Phòng",Hộp số Số tự động,Nhiên liệu Máy xăng
Hyundai Kona 2.0 AT Tiêu chuẩn 2020,465000000.0,Năm SX 2020,Kiểu dáng SUV,Tình trạng Xe cũ,Xuất xứ Trong nước,Km đã đi 58.000 km,"Tỉnh thành
Hải Phòng",Hộp số Số tự động,Nhiên liệu Máy xăng
VinFast Fadil Tiêu Chuẩn 2021,289000000.0,Năm SX 2021,Na,Tình trạng Xe cũ,Xuất xứ Trong nước,Km đã đi 72.000 km,"Tỉnh thành
Hải Phòng",Hộp số Số tự động,Nhiên liệu Máy xăng
Chevrolet Colorado LTZ 2.8 AT 4x4 2017,390000000.0,Năm SX 2017,Kiểu dáng Bán tải,Tình trạng Xe cũ,Xuất xứ Nhập khẩu,Km đã đi 130.000 km,"Tỉnh thành
Hà Nội",Hộp số Số tự động,Nhiên liệu Máy dầu
Ford Focus 1.8L 2011,220000000.0,Năm SX 2011,Kiểu dáng Hatchback,Tình trạng Xe cũ,Xuất xứ Trong nước,Km đã đi 125.000 km,"Tỉnh thành
Hà Nội",Hộp số Số tự động,Nhiên liệu Máy xăng
Kia Sedona 3.3 Platinum G 2019,698000000.0,Năm SX 2019,Kiểu dáng MPV,Tình trạng Xe cũ,Xuất xứ Trong nước,Km đã đi 60.000 km,"Tỉnh thành
Tp.HCM",Hộp số Số tự động,Nhiên liệu Máy xăng
Subaru Outback 2.5i-T EyeSight 2022,1350000000.0,Năm SX 2022,Kiểu dáng Crossover,Tình trạng Xe cũ,Xuất xứ Nhập khẩu,Km đã đi 16.000 km,"Tỉnh thành
Hà Nội",Hộp số Số tự động,Nhiên liệu Máy xăng
Ford EcoSport Titanium 1.5L AT 2021,445000000.0,Năm SX 2021,Kiểu dáng SUV,Tình trạng Xe cũ,Xuất xứ Trong nước,Km đã đi 55.000 km,"Tỉnh thành
Hà Nội",Hộp số Số tự động,Nhiên liệu Máy xăng
Porsche Cayenne 3.6 V6 2014,1200000000.0,Năm SX 2014,Kiểu dáng SUV,Tình trạng Xe cũ,Xuất xứ Nhập khẩu,Km đã đi 88.888 km,"Tỉnh thành
Hà Nội",Hộp số Số tự động,Nhiên liệu Máy xăng
Nissan Almera CVT Cao cấp 2022,440000000.0,Năm SX 2022,Kiểu dáng Sedan,Tình trạng Xe cũ,Xuất xứ Nhập khẩu,Km đã đi 53.000 km,"Tỉnh thành
Hà Nội",Hộp số Số tự động,Nhiên liệu Máy xăng
VinFast Fadil Nâng Cao 2020,295000000.0,Năm SX 2020,Na,Tình trạng Xe cũ,Xuất xứ Trong nước,Km đã đi 28.000 km,"Tỉnh thành
Long An",Hộp số Số tự động,Nhiên liệu Máy xăng
MG 5 1.5L Luxury 2022,375000000.0,Năm SX 2022,Kiểu dáng Sedan,Tình trạng Xe cũ,Xuất xứ Nhập khẩu,Km đã đi 35.000 km,"Tỉnh thành
Hà Nội",Hộp số Số tự động,Nhiên liệu Máy xăng
Hyundai i20 1.4 AT 2012,226000000.0,Năm SX 2012,Kiểu dáng Hatchback,Tình trạng Xe cũ,Xuất xứ Nhập khẩu,Km đã đi 91.000 km,"Tỉnh thành
Hà Nội",Hộp số Số tự động,Nhiên liệu Máy xăng
Ford Everest Platinum 2.0L 4x4 AT 2020,900000000.0,Năm SX 2020,Kiểu dáng SUV,Tình trạng Xe cũ,Xuất xứ Nhập khẩu,Km đã đi 85.000 km,"Tỉnh thành
Lâm Đồng",Hộp số Số tự động,Nhiên liệu Máy dầu
Kia Morning Si 1.25 MT 2018,225000000.0,Năm SX 2018,Kiểu dáng Hatchback,Tình trạng Xe cũ,Xuất xứ Trong nước,Km đã đi 80.000 km,"Tỉnh thành
Lâm Đồng",Hộp số Số sàn,Nhiên liệu Máy xăng
Mazda CX-5 2.0 Deluxe 2021,635000000.0,Năm SX 2021,Kiểu dáng SUV,Tình trạng Xe cũ,Xuất xứ Trong nước,Km đã đi 52.000 km,"Tỉnh thành
Hải Phòng",Hộp số Số tự động,Nhiên liệu Máy xăng
Hyundai Kona 2.0 AT Tiêu chuẩn 2020,465000000.0,Năm SX 2020,Kiểu dáng SUV,Tình trạng Xe cũ,Xuất xứ Trong nước,Km đã đi 58.000 km,"Tỉnh thành
Hải Phòng",Hộp số Số tự động,Nhiên liệu Máy xăng
VinFast Fadil Tiêu Chuẩn 2021,289000000.0,Năm SX 2021,Na,Tình trạng Xe cũ,Xuất xứ Trong nước,Km đã đi 72.000 km,"Tỉnh thành
Hải Phòng",Hộp số Số tự động,Nhiên liệu Máy xăng
Chevrolet Colorado LTZ 2.8 AT 4x4 2017,390000000.0,Năm SX 2017,Kiểu dáng Bán tải,Tình trạng Xe cũ,Xuất xứ Nhập khẩu,Km đã đi 130.000 km,"Tỉnh thành
Hà Nội",Hộp số Số tự động,Nhiên liệu Máy dầu
Ford Focus 1.8L 2011,220000000.0,Năm SX 2011,Kiểu dáng Hatchback,Tình trạng Xe cũ,Xuất xứ Trong nước,Km đã đi 125.000 km,"Tỉnh thành
Hà Nội",Hộp số Số tự động,Nhiên liệu Máy xăng
Kia Sedona 3.3 Platinum G 2019,698000000.0,Năm SX 2019,Kiểu dáng MPV,Tình trạng Xe cũ,Xuất xứ Trong nước,Km đã đi 60.000 km,"Tỉnh thành
Tp.HCM",Hộp số Số tự động,Nhiên liệu Máy xăng
Subaru Outback 2.5i-T EyeSight 2022,1350000000.0,Năm SX 2022,Kiểu dáng Crossover,Tình trạng Xe cũ,Xuất xứ Nhập khẩu,Km đã đi 16.000 km,"Tỉnh thành
Hà Nội",Hộp số Số tự động,Nhiên liệu Máy xăng
Ford EcoSport Titanium 1.5L AT 2021,445000000.0,Năm SX 2021,Kiểu dáng SUV,Tình trạng Xe cũ,Xuất xứ Trong nước,Km đã đi 55.000 km,"Tỉnh thành
Hà Nội",Hộp số Số tự động,Nhiên liệu Máy xăng
Porsche Cayenne 3.6 V6 2014,1200000000.0,Năm SX 2014,Kiểu dáng SUV,Tình trạng Xe cũ,Xuất xứ Nhập khẩu,Km đã đi 88.888 km,"Tỉnh thành
Hà Nội",Hộp số Số tự động,Nhiên liệu Máy xăng
Ford Everest Trend 2.0 AT 4x2 2019,750000000.0,Năm SX 2019,Kiểu dáng SUV,Tình trạng Xe cũ,Xuất xứ Trong nước,Km đã đi 79.000 km,"Tỉnh thành
Bình Dương",Hộp số Số tự động,Nhiên liệu Máy xăng
Nissan Almera CVT Cao cấp 2022,440000000.0,Năm SX 2022,Kiểu dáng Sedan,Tình trạng Xe cũ,Xuất xứ Nhập khẩu,Km đã đi 53.000 km,"Tỉnh thành
Hà Nội",Hộp số Số tự động,Nhiên liệu Máy xăng
VinFast Fadil Nâng Cao 2020,295000000.0,Năm SX 2020,Na,Tình trạng Xe cũ,Xuất xứ Trong nước,Km đã đi 28.000 km,"Tỉnh thành
Long An",Hộp số Số tự động,Nhiên liệu Máy xăng
MG 5 1.5L Luxury 2022,375000000.0,Năm SX 2022,Kiểu dáng Sedan,Tình trạng Xe cũ,Xuất xứ Nhập khẩu,Km đã đi 35.000 km,"Tỉnh thành
Hà Nội",Hộp số Số tự động,Nhiên liệu Máy xăng
Hyundai i20 1.4 AT 2012,226000000.0,Năm SX 2012,Kiểu dáng Hatchback,Tình trạng Xe cũ,Xuất xứ Nhập khẩu,Km đã đi 91.000 km,"Tỉnh thành
Hà Nội",Hộp số Số tự động,Nhiên liệu Máy xăng
Ford Everest Platinum 2.0L 4x4 AT 2020,900000000.0,Năm SX 2020,Kiểu dáng SUV,Tình trạng Xe cũ,Xuất xứ Nhập khẩu,Km đã đi 85.000 km,"Tỉnh thành
Lâm Đồng",Hộp số Số tự động,Nhiên liệu Máy dầu
Kia Morning Si 1.25 MT 2018,225000000.0,Năm SX 2018,Kiểu dáng Hatchback,Tình trạng Xe cũ,Xuất xứ Trong nước,Km đã đi 80.000 km,"Tỉnh thành
Lâm Đồng",Hộp số Số sàn,Nhiên liệu Máy xăng
Mazda CX-5 2.0 Deluxe 2021,635000000.0,Năm SX 2021,Kiểu dáng SUV,Tình trạng Xe cũ,Xuất xứ Trong nước,Km đã đi 52.000 km,"Tỉnh thành
Hải Phòng",Hộp số Số tự động,Nhiên liệu Máy xăng
Hyundai Kona 2.0 AT Tiêu chuẩn 2020,465000000.0,Năm SX 2020,Kiểu dáng SUV,Tình trạng Xe cũ,Xuất xứ Trong nước,Km đã đi 58.000 km,"Tỉnh thành
Hải Phòng",Hộp số Số tự động,Nhiên liệu Máy xăng
VinFast Fadil Tiêu Chuẩn 2021,289000000.0,Năm SX 2021,Na,Tình trạng Xe cũ,Xuất xứ Trong nước,Km đã đi 72.000 km,"Tỉnh thành
Hải Phòng",Hộp số Số tự động,Nhiên liệu Máy xăng
Chevrolet Colorado LTZ 2.8 AT 4x4 2017,390000000.0,Năm SX 2017,Kiểu dáng Bán tải,Tình trạng Xe cũ,Xuất xứ Nhập khẩu,Km đã đi 130.000 km,"Tỉnh thành
Hà Nội",Hộp số Số tự động,Nhiên liệu Máy dầu
Ford Focus 1.8L 2011,220000000.0,Năm SX 2011,Kiểu dáng Hatchback,Tình trạng Xe cũ,Xuất xứ Trong nước,Km đã đi 125.000 km,"Tỉnh thành
Hà Nội",Hộp số Số tự động,Nhiên liệu Máy xăng
Kia Sedona 3.3 Platinum G 2019,698000000.0,Năm SX 2019,Kiểu dáng MPV,Tình trạng Xe cũ,Xuất xứ Trong nước,Km đã đi 60.000 km,"Tỉnh thành
Tp.HCM",Hộp số Số tự động,Nhiên liệu Máy xăng
Subaru Outback 2.5i-T EyeSight 2022,1350000000.0,Năm SX 2022,Kiểu dáng Crossover,Tình trạng Xe cũ,Xuất xứ Nhập khẩu,Km đã đi 16.000 km,"Tỉnh thành
Hà Nội",Hộp số Số tự động,Nhiên liệu Máy xăng
Ford EcoSport Titanium 1.5L AT 2021,445000000.0,Năm SX 2021,Kiểu dáng SUV,Tình trạng Xe cũ,Xuất xứ Trong nước,Km đã đi 55.000 km,"Tỉnh thành
Hà Nội",Hộp số Số tự động,Nhiên liệu Máy xăng
Ford Everest Trend 2.0 AT 4x2 2019,750000000.0,Năm SX 2019,Kiểu dáng SUV,Tình trạng Xe cũ,Xuất xứ Trong nước,Km đã đi 79.000 km,"Tỉnh thành
Bình Dương",Hộp số Số tự động,Nhiên liệu Máy xăng
Nissan Almera CVT Cao cấp 2022,440000000.0,Năm SX 2022,Kiểu dáng Sedan,Tình trạng Xe cũ,Xuất xứ Nhập khẩu,Km đã đi 53.000 km,"Tỉnh thành
Hà Nội",Hộp số Số tự động,Nhiên liệu Máy xăng
VinFast Fadil Nâng Cao 2020,295000000.0,Năm SX 2020,Na,Tình trạng Xe cũ,Xuất xứ Trong nước,Km đã đi 28.000 km,"Tỉnh thành
Long An",Hộp số Số tự động,Nhiên liệu Máy xăng
MG 5 1.5L Luxury 2022,375000000.0,Năm SX 2022,Kiểu dáng Sedan,Tình trạng Xe cũ,Xuất xứ Nhập khẩu,Km đã đi 35.000 km,"Tỉnh thành
Hà Nội",Hộp số Số tự động,Nhiên liệu Máy xăng
Hyundai i20 1.4 AT 2012,226000000.0,Năm SX 2012,Kiểu dáng Hatchback,Tình trạng Xe cũ,Xuất xứ Nhập khẩu,Km đã đi 91.000 km,"Tỉnh thành
Hà Nội",Hộp số Số tự động,Nhiên liệu Máy xăng
Ford Everest Platinum 2.0L 4x4 AT 2020,900000000.0,Năm SX 2020,Kiểu dáng SUV,Tình trạng Xe cũ,Xuất xứ Nhập khẩu,Km đã đi 85.000 km,"Tỉnh thành
Lâm Đồng",Hộp số Số tự động,Nhiên liệu Máy dầu
Kia Morning Si 1.25 MT 2018,225000000.0,Năm SX 2018,Kiểu dáng Hatchback,Tình trạng Xe cũ,Xuất xứ Trong nước,Km đã đi 80.000 km,"Tỉnh thành
Lâm Đồng",Hộp số Số sàn,Nhiên liệu Máy xăng
Mazda CX-5 2.0 Deluxe 2021,635000000.0,Năm SX 2021,Kiểu dáng SUV,Tình trạng Xe cũ,Xuất xứ Trong nước,Km đã đi 52.000 km,"Tỉnh thành
Hải Phòng",Hộp số Số tự động,Nhiên liệu Máy xăng
Hyundai Kona 2.0 AT Tiêu chuẩn 2020,465000000.0,Năm SX 2020,Kiểu dáng SUV,Tình trạng Xe cũ,Xuất xứ Trong nước,Km đã đi 58.000 km,"Tỉnh thành
Hải Phòng",Hộp số Số tự động,Nhiên liệu Máy xăng
VinFast Fadil Tiêu Chuẩn 2021,289000000.0,Năm SX 2021,Na,Tình trạng Xe cũ,Xuất xứ Trong nước,Km đã đi 72.000 km,"Tỉnh thành
Hải Phòng",Hộp số Số tự động,Nhiên liệu Máy xăng
Chevrolet Colorado LTZ 2.8 AT 4x4 2017,390000000.0,Năm SX 2017,Kiểu dáng Bán tải,Tình trạng Xe cũ,Xuất xứ Nhập khẩu,Km đã đi 130.000 km,"Tỉnh thành
Hà Nội",Hộp số Số tự động,Nhiên liệu Máy dầu
Ford Focus 1.8L 2011,220000000.0,Năm SX 2011,Kiểu dáng Hatchback,Tình trạng Xe cũ,Xuất xứ Trong nước,Km đã đi 125.000 km,"Tỉnh thành
Hà Nội",Hộp số Số tự động,Nhiên liệu Máy xăng
Kia Sedona 3.3 Platinum G 2019,698000000.0,Năm SX 2019,Kiểu dáng MPV,Tình trạng Xe cũ,Xuất xứ Trong nước,Km đã đi 60.000 km,"Tỉnh thành
Tp.HCM",Hộp số Số tự động,Nhiên liệu Máy xăng
Subaru Outback 2.5i-T EyeSight 2022,1350000000.0,Năm SX 2022,Kiểu dáng Crossover,Tình trạng Xe cũ,Xuất xứ Nhập khẩu,Km đã đi 16.000 km,"Tỉnh thành
Hà Nội",Hộp số Số tự động,Nhiên liệu Máy xăng
Ford EcoSport Titanium 1.5L AT 2021,445000000.0,Năm SX 2021,Kiểu dáng SUV,Tình trạng Xe cũ,Xuất xứ Trong nước,Km đã đi 55.000 km,"Tỉnh thành
Hà Nội",Hộp số Số tự động,Nhiên liệu Máy xăng
Ford Everest Trend 2.0 AT 4x2 2019,750000000.0,Năm SX 2019,Kiểu dáng SUV,Tình trạng Xe cũ,Xuất xứ Trong nước,Km đã đi 79.000 km,"Tỉnh thành
Bình Dương",Hộp số Số tự động,Nhiên liệu Máy xăng
Nissan Almera CVT Cao cấp 2022,440000000.0,Năm SX 2022,Kiểu dáng Sedan,Tình trạng Xe cũ,Xuất xứ Nhập khẩu,Km đã đi 53.000 km,"Tỉnh thành
Hà Nội",Hộp số Số tự động,Nhiên liệu Máy xăng
VinFast Fadil Nâng Cao 2020,295000000.0,Năm SX 2020,Na,Tình trạng Xe cũ,Xuất xứ Trong nước,Km đã đi 28.000 km,"Tỉnh thành
Long An",Hộp số Số tự động,Nhiên liệu Máy xăng
MG 5 1.5L Luxury 2022,375000000.0,Năm SX 2022,Kiểu dáng Sedan,Tình trạng Xe cũ,Xuất xứ Nhập khẩu,Km đã đi 35.000 km,"Tỉnh thành
Hà Nội",Hộp số Số tự động,Nhiên liệu Máy xăng
Hyundai i20 1.4 AT 2012,226000000.0,Năm SX 2012,Kiểu dáng Hatchback,Tình trạng Xe cũ,Xuất xứ Nhập khẩu,Km đã đi 91.000 km,"Tỉnh thành
Hà Nội",Hộp số Số tự động,Nhiên liệu Máy xăng
Ford Everest Platinum 2.0L 4x4 AT 2020,900000000.0,Năm SX 2020,Kiểu dáng SUV,Tình trạng Xe cũ,Xuất xứ Nhập khẩu,Km đã đi 85.000 km,"Tỉnh thành
Lâm Đồng",Hộp số Số tự động,Nhiên liệu Máy dầu
Kia Morning Si 1.25 MT 2018,225000000.0,Năm SX 2018,Kiểu dáng Hatchback,Tình trạng Xe cũ,Xuất xứ Trong nước,Km đã đi 80.000 km,"Tỉnh thành
Lâm Đồng",Hộp số Số sàn,Nhiên liệu Máy xăng
Mazda CX-5 2.0 Deluxe 2021,635000000.0,Năm SX 2021,Kiểu dáng SUV,Tình trạng Xe cũ,Xuất xứ Trong nước,Km đã đi 52.000 km,"Tỉnh thành
Hải Phòng",Hộp số Số tự động,Nhiên liệu Máy xăng
Hyundai Kona 2.0 AT Tiêu chuẩn 2020,465000000.0,Năm SX 2020,Kiểu dáng SUV,Tình trạng Xe cũ,Xuất xứ Trong nước,Km đã đi 58.000 km,"Tỉnh thành
Hải Phòng",Hộp số Số tự động,Nhiên liệu Máy xăng
VinFast Fadil Tiêu Chuẩn 2021,289000000.0,Năm SX 2021,Na,Tình trạng Xe cũ,Xuất xứ Trong nước,Km đã đi 72.000 km,"Tỉnh thành
Hải Phòng",Hộp số Số tự động,Nhiên liệu Máy xăng
Chevrolet Colorado LTZ 2.8 AT 4x4 2017,390000000.0,Năm SX 2017,Kiểu dáng Bán tải,Tình trạng Xe cũ,Xuất xứ Nhập khẩu,Km đã đi 130.000 km,"Tỉnh thành
Hà Nội",Hộp số Số tự động,Nhiên liệu Máy dầu
Ford Focus 1.8L 2011,220000000.0,Năm SX 2011,Kiểu dáng Hatchback,Tình trạng Xe cũ,Xuất xứ Trong nước,Km đã đi 125.000 km,"Tỉnh thành
Hà Nội",Hộp số Số tự động,Nhiên liệu Máy xăng
Kia Sedona 3.3 Platinum G 2019,698000000.0,Năm SX 2019,Kiểu dáng MPV,Tình trạng Xe cũ,Xuất xứ Trong nước,Km đã đi 60.000 km,"Tỉnh thành
Tp.HCM",Hộp số Số tự động,Nhiên liệu Máy xăng
Subaru Outback 2.5i-T EyeSight 2022,1350000000.0,Năm SX 2022,Kiểu dáng Crossover,Tình trạng Xe cũ,Xuất xứ Nhập khẩu,Km đã đi 16.000 km,"Tỉnh thành
Hà Nội",Hộp số Số tự động,Nhiên liệu Máy xăng
Ford EcoSport Titanium 1.5L AT 2021,445000000.0,Năm SX 2021,Kiểu dáng SUV,Tình trạng Xe cũ,Xuất xứ Trong nước,Km đã đi 55.000 km,"Tỉnh thành
Hà Nội",Hộp số Số tự động,Nhiên liệu Máy xăng
Ford Everest Trend 2.0 AT 4x2 2019,750000000.0,Năm SX 2019,Kiểu dáng SUV,Tình trạng Xe cũ,Xuất xứ Trong nước,Km đã đi 79.000 km,"Tỉnh thành
Bình Dương",Hộp số Số tự động,Nhiên liệu Máy xăng
Nissan Almera CVT Cao cấp 2022,440000000.0,Năm SX 2022,Kiểu dáng Sedan,Tình trạng Xe cũ,Xuất xứ Nhập khẩu,Km đã đi 53.000 km,"Tỉnh thành
Hà Nội",Hộp số Số tự động,Nhiên liệu Máy xăng
VinFast Fadil Nâng Cao 2020,295000000.0,Năm SX 2020,Na,Tình trạng Xe cũ,Xuất xứ Trong nước,Km đã đi 28.000 km,"Tỉnh thành
Long An",Hộp số Số tự động,Nhiên liệu Máy xăng
MG 5 1.5L Luxury 2022,375000000.0,Năm SX 2022,Kiểu dáng Sedan,Tình trạng Xe cũ,Xuất xứ Nhập khẩu,Km đã đi 35.000 km,"Tỉnh thành
Hà Nội",Hộp số Số tự động,Nhiên liệu Máy xăng
Hyundai i20 1.4 AT 2012,226000000.0,Năm SX 2012,Kiểu dáng Hatchback,Tình trạng Xe cũ,Xuất xứ Nhập khẩu,Km đã đi 91.000 km,"Tỉnh thành
Hà Nội",Hộp số Số tự động,Nhiên liệu Máy xăng
Ford Everest Platinum 2.0L 4x4 AT 2020,900000000.0,Năm SX 2020,Kiểu dáng SUV,Tình trạng Xe cũ,Xuất xứ Nhập khẩu,Km đã đi 85.000 km,"Tỉnh thành
Lâm Đồng",Hộp số Số tự động,Nhiên liệu Máy dầu
Kia Morning Si 1.25 MT 2018,225000000.0,Năm SX 2018,Kiểu dáng Hatchback,Tình trạng Xe cũ,Xuất xứ Trong nước,Km đã đi 80.000 km,"Tỉnh thành
Lâm Đồng",Hộp số Số sàn,Nhiên liệu Máy xăng
Mazda CX-5 2.0 Deluxe 2021,635000000.0,Năm SX 2021,Kiểu dáng SUV,Tình trạng Xe cũ,Xuất xứ Trong nước,Km đã đi 52.000 km,"Tỉnh thành
Hải Phòng",Hộp số Số tự động,Nhiên liệu Máy xăng
Hyundai Kona 2.0 AT Tiêu chuẩn 2020,465000000.0,Năm SX 2020,Kiểu dáng SUV,Tình trạng Xe cũ,Xuất xứ Trong nước,Km đã đi 58.000 km,"Tỉnh thành
Hải Phòng",Hộp số Số tự động,Nhiên liệu Máy xăng
VinFast Fadil Tiêu Chuẩn 2021,289000000.0,Năm SX 2021,Na,Tình trạng Xe cũ,Xuất xứ Trong nước,Km đã đi 72.000 km,"Tỉnh thành
Hải Phòng",Hộp số Số tự động,Nhiên liệu Máy xăng
Chevrolet Colorado LTZ 2.8 AT 4x4 2017,390000000.0,Năm SX 2017,Kiểu dáng Bán tải,Tình trạng Xe cũ,Xuất xứ Nhập khẩu,Km đã đi 130.000 km,"Tỉnh thành
Hà Nội",Hộp số Số tự động,Nhiên liệu Máy dầu
Ford Focus 1.8L 2011,220000000.0,Năm SX 2011,Kiểu dáng Hatchback,Tình trạng Xe cũ,Xuất xứ Trong nước,Km đã đi 125.000 km,"Tỉnh thành
Hà Nội",Hộp số Số tự động,Nhiên liệu Máy xăng
Kia Sedona 3.3 Platinum G 2019,698000000.0,Năm SX 2019,Kiểu dáng MPV,Tình trạng Xe cũ,Xuất xứ Trong nước,Km đã đi 60.000 km,"Tỉnh thành
Tp.HCM",Hộp số Số tự động,Nhiên liệu Máy xăng
Subaru Outback 2.5i-T EyeSight 2022,1350000000.0,Năm SX 2022,Kiểu dáng Crossover,Tình trạng Xe cũ,Xuất xứ Nhập khẩu,Km đã đi 16.000 km,"Tỉnh thành
Hà Nội",Hộp số Số tự động,Nhiên liệu Máy xăng
Ford EcoSport Titanium 1.5L AT 2021,445000000.0,Năm SX 2021,Kiểu dáng SUV,Tình trạng Xe cũ,Xuất xứ Trong nước,Km đã đi 55.000 km,"Tỉnh thành
Hà Nội",Hộp số Số tự động,Nhiên liệu Máy xăng
Ford Everest Trend 2.0 AT 4x2 2019,750000000.0,Năm SX 2019,Kiểu dáng SUV,Tình trạng Xe cũ,Xuất xứ Trong nước,Km đã đi 79.000 km,"Tỉnh thành
Bình Dương",Hộp số Số tự động,Nhiên liệu Máy xăng
Nissan Almera CVT Cao cấp 2022,440000000.0,Năm SX 2022,Kiểu dáng Sedan,Tình trạng Xe cũ,Xuất xứ Nhập khẩu,Km đã đi 53.000 km,"Tỉnh thành
Hà Nội",Hộp số Số tự động,Nhiên liệu Máy xăng
VinFast Fadil Nâng Cao 2020,295000000.0,Năm SX 2020,Na,Tình trạng Xe cũ,Xuất xứ Trong nước,Km đã đi 28.000 km,"Tỉnh thành
Long An",Hộp số Số tự động,Nhiên liệu Máy xăng
MG 5 1.5L Luxury 2022,375000000.0,Năm SX 2022,Kiểu dáng Sedan,Tình trạng Xe cũ,Xuất xứ Nhập khẩu,Km đã đi 35.000 km,"Tỉnh thành
Hà Nội",Hộp số Số tự động,Nhiên liệu Máy xăng
Hyundai i20 1.4 AT 2012,226000000.0,Năm SX 2012,Kiểu dáng Hatchback,Tình trạng Xe cũ,Xuất xứ Nhập khẩu,Km đã đi 91.000 km,"Tỉnh thành
Hà Nội",Hộp số Số tự động,Nhiên liệu Máy xăng
Ford Everest Platinum 2.0L 4x4 AT 2020,900000000.0,Năm SX 2020,Kiểu dáng SUV,Tình trạng Xe cũ,Xuất xứ Nhập khẩu,Km đã đi 85.000 km,"Tỉnh thành
Lâm Đồng",Hộp số Số tự động,Nhiên liệu Máy dầu
Kia Morning Si 1.25 MT 2018,225000000.0,Năm SX 2018,Kiểu dáng Hatchback,Tình trạng Xe cũ,Xuất xứ Trong nước,Km đã đi 80.000 km,"Tỉnh thành
Lâm Đồng",Hộp số Số sàn,Nhiên liệu Máy xăng
Mazda CX-5 2.0 Deluxe 2021,635000000.0,Năm SX 2021,Kiểu dáng SUV,Tình trạng Xe cũ,Xuất xứ Trong nước,Km đã đi 52.000 km,"Tỉnh thành
Hải Phòng",Hộp số Số tự động,Nhiên liệu Máy xăng
Hyundai Kona 2.0 AT Tiêu chuẩn 2020,465000000.0,Năm SX 2020,Kiểu dáng SUV,Tình trạng Xe cũ,Xuất xứ Trong nước,Km đã đi 58.000 km,"Tỉnh thành
Hải Phòng",Hộp số Số tự động,Nhiên liệu Máy xăng
VinFast Fadil Tiêu Chuẩn 2021,289000000.0,Năm SX 2021,Na,Tình trạng Xe cũ,Xuất xứ Trong nước,Km đã đi 72.000 km,"Tỉnh thành
Hải Phòng",Hộp số Số tự động,Nhiên liệu Máy xăng
Chevrolet Colorado LTZ 2.8 AT 4x4 2017,390000000.0,Năm SX 2017,Kiểu dáng Bán tải,Tình trạng Xe cũ,Xuất xứ Nhập khẩu,Km đã đi 130.000 km,"Tỉnh thành
Hà Nội",Hộp số Số tự động,Nhiên liệu Máy dầu
Ford Focus 1.8L 2011,220000000.0,Năm SX 2011,Kiểu dáng Hatchback,Tình trạng Xe cũ,Xuất xứ Trong nước,Km đã đi 125.000 km,"Tỉnh thành
Hà Nội",Hộp số Số tự động,Nhiên liệu Máy xăng
Kia Sedona 3.3 Platinum G 2019,698000000.0,Năm SX 2019,Kiểu dáng MPV,Tình trạng Xe cũ,Xuất xứ Trong nước,Km đã đi 60.000 km,"Tỉnh thành
Tp.HCM",Hộp số Số tự động,Nhiên liệu Máy xăng
Subaru Outback 2.5i-T EyeSight 2022,1350000000.0,Năm SX 2022,Kiểu dáng Crossover,Tình trạng Xe cũ,Xuất xứ Nhập khẩu,Km đã đi 16.000 km,"Tỉnh thành
Hà Nội",Hộp số Số tự động,Nhiên liệu Máy xăng
Ford EcoSport Titanium 1.5L AT 2021,445000000.0,Năm SX 2021,Kiểu dáng SUV,Tình trạng Xe cũ,Xuất xứ Trong nước,Km đã đi 55.000 km,"Tỉnh thành
Hà Nội",Hộp số Số tự động,Nhiên liệu Máy xăng
Ford Everest Trend 2.0 AT 4x2 2019,750000000.0,Năm SX 2019,Kiểu dáng SUV,Tình trạng Xe cũ,Xuất xứ Trong nước,Km đã đi 79.000 km,"Tỉnh thành
Bình Dương",Hộp số Số tự động,Nhiên liệu Máy xăng
Nissan Almera CVT Cao cấp 2022,440000000.0,Năm SX 2022,Kiểu dáng Sedan,Tình trạng Xe cũ,Xuất xứ Nhập khẩu,Km đã đi 53.000 km,"Tỉnh thành
Hà Nội",Hộp số Số tự động,Nhiên liệu Máy xăng
VinFast Fadil Nâng Cao 2020,295000000.0,Năm SX 2020,Na,Tình trạng Xe cũ,Xuất xứ Trong nước,Km đã đi 28.000 km,"Tỉnh thành
Long An",Hộp số Số tự động,Nhiên liệu Máy xăng
MG 5 1.5L Luxury 2022,375000000.0,Năm SX 2022,Kiểu dáng Sedan,Tình trạng Xe cũ,Xuất xứ Nhập khẩu,Km đã đi 35.000 km,"Tỉnh thành
Hà Nội",Hộp số Số tự động,Nhiên liệu Máy xăng
Hyundai i20 1.4 AT 2012,226000000.0,Năm SX 2012,Kiểu dáng Hatchback,Tình trạng Xe cũ,Xuất xứ Nhập khẩu,Km đã đi 91.000 km,"Tỉnh thành
Hà Nội",Hộp số Số tự động,Nhiên liệu Máy xăng
Ford Everest Platinum 2.0L 4x4 AT 2020,900000000.0,Năm SX 2020,Kiểu dáng SUV,Tình trạng Xe cũ,Xuất xứ Nhập khẩu,Km đã đi 85.000 km,"Tỉnh thành
Lâm Đồng",Hộp số Số tự động,Nhiên liệu Máy dầu
Kia Morning Si 1.25 MT 2018,225000000.0,Năm SX 2018,Kiểu dáng Hatchback,Tình trạng Xe cũ,Xuất xứ Trong nước,Km đã đi 80.000 km,"Tỉnh thành
Lâm Đồng",Hộp số Số sàn,Nhiên liệu Máy xăng
Mazda CX-5 2.0 Deluxe 2021,635000000.0,Năm SX 2021,Kiểu dáng SUV,Tình trạng Xe cũ,Xuất xứ Trong nước,Km đã đi 52.000 km,"Tỉnh thành
Hải Phòng",Hộp số Số tự động,Nhiên liệu Máy xăng
Hyundai Kona 2.0 AT Tiêu chuẩn 2020,465000000.0,Năm SX 2020,Kiểu dáng SUV,Tình trạng Xe cũ,Xuất xứ Trong nước,Km đã đi 58.000 km,"Tỉnh thành
Hải Phòng",Hộp số Số tự động,Nhiên liệu Máy xăng
VinFast Fadil Tiêu Chuẩn 2021,289000000.0,Năm SX 2021,Na,Tình trạng Xe cũ,Xuất xứ Trong nước,Km đã đi 72.000 km,"Tỉnh thành
Hải Phòng",Hộp số Số tự động,Nhiên liệu Máy xăng
Chevrolet Colorado LTZ 2.8 AT 4x4 2017,390000000.0,Năm SX 2017,Kiểu dáng Bán tải,Tình trạng Xe cũ,Xuất xứ Nhập khẩu,Km đã đi 130.000 km,"Tỉnh thành
Hà Nội",Hộp số Số tự động,Nhiên liệu Máy dầu
Ford Focus 1.8L 2011,220000000.0,Năm SX 2011,Kiểu dáng Hatchback,Tình trạng Xe cũ,Xuất xứ Trong nước,Km đã đi 125.000 km,"Tỉnh thành
Hà Nội",Hộp số Số tự động,Nhiên liệu Máy xăng
Kia Sedona 3.3 Platinum G 2019,698000000.0,Năm SX 2019,Kiểu dáng MPV,Tình trạng Xe cũ,Xuất xứ Trong nước,Km đã đi 60.000 km,"Tỉnh thành
Tp.HCM",Hộp số Số tự động,Nhiên liệu Máy xăng
Subaru Outback 2.5i-T EyeSight 2022,1350000000.0,Năm SX 2022,Kiểu dáng Crossover,Tình trạng Xe cũ,Xuất xứ Nhập khẩu,Km đã đi 16.000 km,"Tỉnh thành
Hà Nội",Hộp số Số tự động,Nhiên liệu Máy xăng
Ford EcoSport Titanium 1.5L AT 2021,445000000.0,Năm SX 2021,Kiểu dáng SUV,Tình trạng Xe cũ,Xuất xứ Trong nước,Km đã đi 55.000 km,"Tỉnh thành
Hà Nội",Hộp số Số tự động,Nhiên liệu Máy xăng
Ford Everest Trend 2.0 AT 4x2 2019,750000000.0,Năm SX 2019,Kiểu dáng SUV,Tình trạng Xe cũ,Xuất xứ Trong nước,Km đã đi 79.000 km,"Tỉnh thành
Bình Dương",Hộp số Số tự động,Nhiên liệu Máy xăng
Nissan Almera CVT Cao cấp 2022,440000000.0,Năm SX 2022,Kiểu dáng Sedan,Tình trạng Xe cũ,Xuất xứ Nhập khẩu,Km đã đi 53.000 km,"Tỉnh thành
Hà Nội",Hộp số Số tự động,Nhiên liệu Máy xăng
VinFast Fadil Nâng Cao 2020,295000000.0,Năm SX 2020,Na,Tình trạng Xe cũ,Xuất xứ Trong nước,Km đã đi 28.000 km,"Tỉnh thành
Long An",Hộp số Số tự động,Nhiên liệu Máy xăng
MG 5 1.5L Luxury 2022,375000000.0,Năm SX 2022,Kiểu dáng Sedan,Tình trạng Xe cũ,Xuất xứ Nhập khẩu,Km đã đi 35.000 km,"Tỉnh thành
Hà Nội",Hộp số Số tự động,Nhiên liệu Máy xăng
Hyundai i20 1.4 AT 2012,226000000.0,Năm SX 2012,Kiểu dáng Hatchback,Tình trạng Xe cũ,Xuất xứ Nhập khẩu,Km đã đi 91.000 km,"Tỉnh thành
Hà Nội",Hộp số Số tự động,Nhiên liệu Máy xăng
Ford Everest Platinum 2.0L 4x4 AT 2020,900000000.0,Năm SX 2020,Kiểu dáng SUV,Tình trạng Xe cũ,Xuất xứ Nhập khẩu,Km đã đi 85.000 km,"Tỉnh thành
Lâm Đồng",Hộp số Số tự động,Nhiên liệu Máy dầu
Kia Morning Si 1.25 MT 2018,225000000.0,Năm SX 2018,Kiểu dáng Hatchback,Tình trạng Xe cũ,Xuất xứ Trong nước,Km đã đi 80.000 km,"Tỉnh thành
Lâm Đồng",Hộp số Số sàn,Nhiên liệu Máy xăng
Mazda CX-5 2.0 Deluxe 2021,635000000.0,Năm SX 2021,Kiểu dáng SUV,Tình trạng Xe cũ,Xuất xứ Trong nước,Km đã đi 52.000 km,"Tỉnh thành
Hải Phòng",Hộp số Số tự động,Nhiên liệu Máy xăng
Hyundai Kona 2.0 AT Tiêu chuẩn 2020,465000000.0,Năm SX 2020,Kiểu dáng SUV,Tình trạng Xe cũ,Xuất xứ Trong nước,Km đã đi 58.000 km,"Tỉnh thành
Hải Phòng",Hộp số Số tự động,Nhiên liệu Máy xăng
VinFast Fadil Tiêu Chuẩn 2021,289000000.0,Năm SX 2021,Na,Tình trạng Xe cũ,Xuất xứ Trong nước,Km đã đi 72.000 km,"Tỉnh thành
Hải Phòng",Hộp số Số tự động,Nhiên liệu Máy xăng
Chevrolet Colorado LTZ 2.8 AT 4x4 2017,390000000.0,Năm SX 2017,Kiểu dáng Bán tải,Tình trạng Xe cũ,Xuất xứ Nhập khẩu,Km đã đi 130.000 km,"Tỉnh thành
Hà Nội",Hộp số Số tự động,Nhiên liệu Máy dầu
Ford Focus 1.8L 2011,220000000.0,Năm SX 2011,Kiểu dáng Hatchback,Tình trạng Xe cũ,Xuất xứ Trong nước,Km đã đi 125.000 km,"Tỉnh thành
Hà Nội",Hộp số Số tự động,Nhiên liệu Máy xăng
Kia Sedona 3.3 Platinum G 2019,698000000.0,Năm SX 2019,Kiểu dáng MPV,Tình trạng Xe cũ,Xuất xứ Trong nước,Km đã đi 60.000 km,"Tỉnh thành
Tp.HCM",Hộp số Số tự động,Nhiên liệu Máy xăng
Subaru Outback 2.5i-T EyeSight 2022,1350000000.0,Năm SX 2022,Kiểu dáng Crossover,Tình trạng Xe cũ,Xuất xứ Nhập khẩu,Km đã đi 16.000 km,"Tỉnh thành
Hà Nội",Hộp số Số tự động,Nhiên liệu Máy xăng
Ford EcoSport Titanium 1.5L AT 2021,445000000.0,Năm SX 2021,Kiểu dáng SUV,Tình trạng Xe cũ,Xuất xứ Trong nước,Km đã đi 55.000 km,"Tỉnh thành
Hà Nội",Hộp số Số tự động,Nhiên liệu Máy xăng
Ford Everest Trend 2.0 AT 4x2 2019,750000000.0,Năm SX 2019,Kiểu dáng SUV,Tình trạng Xe cũ,Xuất xứ Trong nước,Km đã đi 79.000 km,"Tỉnh thành
Bình Dương",Hộp số Số tự động,Nhiên liệu Máy xăng
Nissan Almera CVT Cao cấp 2022,440000000.0,Năm SX 2022,Kiểu dáng Sedan,Tình trạng Xe cũ,Xuất xứ Nhập khẩu,Km đã đi 53.000 km,"Tỉnh thành
Hà Nội",Hộp số Số tự động,Nhiên liệu Máy xăng
VinFast Fadil Nâng Cao 2020,295000000.0,Năm SX 2020,Na,Tình trạng Xe cũ,Xuất xứ Trong nước,Km đã đi 28.000 km,"Tỉnh thành
Long An",Hộp số Số tự động,Nhiên liệu Máy xăng
MG 5 1.5L Luxury 2022,375000000.0,Năm SX 2022,Kiểu dáng Sedan,Tình trạng Xe cũ,Xuất xứ Nhập khẩu,Km đã đi 35.000 km,"Tỉnh thành
Hà Nội",Hộp số Số tự động,Nhiên liệu Máy xăng
Hyundai i20 1.4 AT 2012,226000000.0,Năm SX 2012,Kiểu dáng Hatchback,Tình trạng Xe cũ,Xuất xứ Nhập khẩu,Km đã đi 91.000 km,"Tỉnh thành
Hà Nội",Hộp số Số tự động,Nhiên liệu Máy xăng
Ford Everest Platinum 2.0L 4x4 AT 2020,900000000.0,Năm SX 2020,Kiểu dáng SUV,Tình trạng Xe cũ,Xuất xứ Nhập khẩu,Km đã đi 85.000 km,"Tỉnh thành
Lâm Đồng",Hộp số Số tự động,Nhiên liệu Máy dầu
Kia Morning Si 1.25 MT 2018,225000000.0,Năm SX 2018,Kiểu dáng Hatchback,Tình trạng Xe cũ,Xuất xứ Trong nước,Km đã đi 80.000 km,"Tỉnh thành
Lâm Đồng",Hộp số Số sàn,Nhiên liệu Máy xăng
Mazda CX-5 2.0 Deluxe 2021,635000000.0,Năm SX 2021,Kiểu dáng SUV,Tình trạng Xe cũ,Xuất xứ Trong nước,Km đã đi 52.000 km,"Tỉnh thành
Hải Phòng",Hộp số Số tự động,Nhiên liệu Máy xăng
Hyundai Kona 2.0 AT Tiêu chuẩn 2020,465000000.0,Năm SX 2020,Kiểu dáng SUV,Tình trạng Xe cũ,Xuất xứ Trong nước,Km đã đi 58.000 km,"Tỉnh thành
Hải Phòng",Hộp số Số tự động,Nhiên liệu Máy xăng
VinFast Fadil Tiêu Chuẩn 2021,289000000.0,Năm SX 2021,Na,Tình trạng Xe cũ,Xuất xứ Trong nước,Km đã đi 72.000 km,"Tỉnh thành
Hải Phòng",Hộp số Số tự động,Nhiên liệu Máy xăng
Chevrolet Colorado LTZ 2.8 AT 4x4 2017,390000000.0,Năm SX 2017,Kiểu dáng Bán tải,Tình trạng Xe cũ,Xuất xứ Nhập khẩu,Km đã đi 130.000 km,"Tỉnh thành
Hà Nội",Hộp số Số tự động,Nhiên liệu Máy dầu
Ford Focus 1.8L 2011,220000000.0,Năm SX 2011,Kiểu dáng Hatchback,Tình trạng Xe cũ,Xuất xứ Trong nước,Km đã đi 125.000 km,"Tỉnh thành
Hà Nội",Hộp số Số tự động,Nhiên liệu Máy xăng
Kia Sedona 3.3 Platinum G 2019,698000000.0,Năm SX 2019,Kiểu dáng MPV,Tình trạng Xe cũ,Xuất xứ Trong nước,Km đã đi 60.000 km,"Tỉnh thành
Tp.HCM",Hộp số Số tự động,Nhiên liệu Máy xăng
Subaru Outback 2.5i-T EyeSight 2022,1350000000.0,Năm SX 2022,Kiểu dáng Crossover,Tình trạng Xe cũ,Xuất xứ Nhập khẩu,Km đã đi 16.000 km,"Tỉnh thành
Hà Nội",Hộp số Số tự động,Nhiên liệu Máy xăng
Ford EcoSport Titanium 1.5L AT 2021,445000000.0,Năm SX 2021,Kiểu dáng SUV,Tình trạng Xe cũ,Xuất xứ Trong nước,Km đã đi 55.000 km,"Tỉnh thành
Hà Nội",Hộp số Số tự động,Nhiên liệu Máy xăng
Ford Everest Trend 2.0 AT 4x2 2019,750000000.0,Năm SX 2019,Kiểu dáng SUV,Tình trạng Xe cũ,Xuất xứ Trong nước,Km đã đi 79.000 km,"Tỉnh thành
Bình Dương",Hộp số Số tự động,Nhiên liệu Máy xăng
Nissan Almera CVT Cao cấp 2022,440000000.0,Năm SX 2022,Kiểu dáng Sedan,Tình trạng Xe cũ,Xuất xứ Nhập khẩu,Km đã đi 53.000 km,"Tỉnh thành
Hà Nội",Hộp số Số tự động,Nhiên liệu Máy xăng
VinFast Fadil Nâng Cao 2020,295000000.0,Năm SX 2020,Na,Tình trạng Xe cũ,Xuất xứ Trong nước,Km đã đi 28.000 km,"Tỉnh thành
Long An",Hộp số Số tự động,Nhiên liệu Máy xăng
MG 5 1.5L Luxury 2022,375000000.0,Năm SX 2022,Kiểu dáng Sedan,Tình trạng Xe cũ,Xuất xứ Nhập khẩu,Km đã đi 35.000 km,"Tỉnh thành
Hà Nội",Hộp số Số tự động,Nhiên liệu Máy xăng
Hyundai i20 1.4 AT 2012,226000000.0,Năm SX 2012,Kiểu dáng Hatchback,Tình trạng Xe cũ,Xuất xứ Nhập khẩu,Km đã đi 91.000 km,"Tỉnh thành
Hà Nội",Hộp số Số tự động,Nhiên liệu Máy xăng
Ford Everest Platinum 2.0L 4x4 AT 2020,900000000.0,Năm SX 2020,Kiểu dáng SUV,Tình trạng Xe cũ,Xuất xứ Nhập khẩu,Km đã đi 85.000 km,"Tỉnh thành
Lâm Đồng",Hộp số Số tự động,Nhiên liệu Máy dầu
Kia Morning Si 1.25 MT 2018,225000000.0,Năm SX 2018,Kiểu dáng Hatchback,Tình trạng Xe cũ,Xuất xứ Trong nước,Km đã đi 80.000 km,"Tỉnh thành
Lâm Đồng",Hộp số Số sàn,Nhiên liệu Máy xăng
Mazda CX-5 2.0 Deluxe 2021,635000000.0,Năm SX 2021,Kiểu dáng SUV,Tình trạng Xe cũ,Xuất xứ Trong nước,Km đã đi 52.000 km,"Tỉnh thành
Hải Phòng",Hộp số Số tự động,Nhiên liệu Máy xăng
Hyundai Kona 2.0 AT Tiêu chuẩn 2020,465000000.0,Năm SX 2020,Kiểu dáng SUV,Tình trạng Xe cũ,Xuất xứ Trong nước,Km đã đi 58.000 km,"Tỉnh thành
Hải Phòng",Hộp số Số tự động,Nhiên liệu Máy xăng
VinFast Fadil Tiêu Chuẩn 2021,289000000.0,Năm SX 2021,Na,Tình trạng Xe cũ,Xuất xứ Trong nước,Km đã đi 72.000 km,"Tỉnh thành
Hải Phòng",Hộp số Số tự động,Nhiên liệu Máy xăng
Chevrolet Colorado LTZ 2.8 AT 4x4 2017,390000000.0,Năm SX 2017,Kiểu dáng Bán tải,Tình trạng Xe cũ,Xuất xứ Nhập khẩu,Km đã đi 130.000 km,"Tỉnh thành
Hà Nội",Hộp số Số tự động,Nhiên liệu Máy dầu
Ford Focus 1.8L 2011,220000000.0,Năm SX 2011,Kiểu dáng Hatchback,Tình trạng Xe cũ,Xuất xứ Trong nước,Km đã đi 125.000 km,"Tỉnh thành
Hà Nội",Hộp số Số tự động,Nhiên liệu Máy xăng
Kia Sedona 3.3 Platinum G 2019,698000000.0,Năm SX 2019,Kiểu dáng MPV,Tình trạng Xe cũ,Xuất xứ Trong nước,Km đã đi 60.000 km,"Tỉnh thành
Tp.HCM",Hộp số Số tự động,Nhiên liệu Máy xăng
Subaru Outback 2.5i-T EyeSight 2022,1350000000.0,Năm SX 2022,Kiểu dáng Crossover,Tình trạng Xe cũ,Xuất xứ Nhập khẩu,Km đã đi 16.000 km,"Tỉnh thành
Hà Nội",Hộp số Số tự động,Nhiên liệu Máy xăng
Ford EcoSport Titanium 1.5L AT 2021,445000000.0,Năm SX 2021,Kiểu dáng SUV,Tình trạng Xe cũ,Xuất xứ Trong nước,Km đã đi 55.000 km,"Tỉnh thành
Hà Nội",Hộp số Số tự động,Nhiên liệu Máy xăng
Hyundai i20 1.4 AT 2012,226000000.0,Năm SX 2012,Kiểu dáng Hatchback,Tình trạng Xe cũ,Xuất xứ Nhập khẩu,Km đã đi 91.000 km,"Tỉnh thành
Hà Nội",Hộp số Số tự động,Nhiên liệu Máy xăng
Ford Everest Platinum 2.0L 4x4 AT 2020,900000000.0,Năm SX 2020,Kiểu dáng SUV,Tình trạng Xe cũ,Xuất xứ Nhập khẩu,Km đã đi 85.000 km,"Tỉnh thành
Lâm Đồng",Hộp số Số tự động,Nhiên liệu Máy dầu
Kia Morning Si 1.25 MT 2018,225000000.0,Năm SX 2018,Kiểu dáng Hatchback,Tình trạng Xe cũ,Xuất xứ Trong nước,Km đã đi 80.000 km,"Tỉnh thành
Lâm Đồng",Hộp số Số sàn,Nhiên liệu Máy xăng
Mazda CX-5 2.0 Deluxe 2021,635000000.0,Năm SX 2021,Kiểu dáng SUV,Tình trạng Xe cũ,Xuất xứ Trong nước,Km đã đi 52.000 km,"Tỉnh thành
Hải Phòng",Hộp số Số tự động,Nhiên liệu Máy xăng
Hyundai Kona 2.0 AT Tiêu chuẩn 2020,465000000.0,Năm SX 2020,Kiểu dáng SUV,Tình trạng Xe cũ,Xuất xứ Trong nước,Km đã đi 58.000 km,"Tỉnh thành
Hải Phòng",Hộp số Số tự động,Nhiên liệu Máy xăng
