Tên xe,Giá,Nam s?n xu?t,Ki?u dáng,Tình tr?ng,Xu?t x?,S? km dã di,T?nh thành,H?p s?,Nhiên li?u
Lexus RX 350 Luxury 2024,4290000000,Nam SX 2024,Ki?u dáng SUV,Tình tr?ng Xe cu,Xu?t x? Nh?p kh?u,Km dã di 3.900 km,"T?nh thành
Tp.HCM",H?p s? S? t? d?ng,Nhiên li?u Máy xang
Ford Transit 2018,465000000,Nam SX 2018,Ki?u dáng Van/Minivan,Tình tr?ng Xe cu,Xu?t x? Trong nu?c,Km dã di 100.000 km,"T?nh thành
Tp.HCM",H?p s? S? sàn,Nhiên li?u Máy d?u
Hyundai Tucson 2.0 Ð?c bi?t 2016,,Nam SX 2016,Ki?u dáng SUV,Tình tr?ng Xe cu,Xu?t x? Trong nu?c,Km dã di 74.000 km,"T?nh thành
Hà N?i",H?p s? S? t? d?ng,Nhiên li?u Máy xang
Kia Morning Si 1.25 MT 2016,135000000,Nam SX 2016,Ki?u dáng Hatchback,Tình tr?ng Xe cu,Xu?t x? Nh?p kh?u,Km dã di 40.000 km,"T?nh thành
Hà N?i",H?p s? S? sàn,Nhiên li?u Máy xang
Mazda 6 2004,105000000,Nam SX 2004,Ki?u dáng Sedan,Tình tr?ng Xe cu,Xu?t x? Nh?p kh?u,Km dã di 12.345 km,"T?nh thành
Ninh Bình",H?p s? S? sàn,Nhiên li?u Máy xang
Chevrolet Cruze LS 1.6 2013,170000000,Nam SX 2013,Ki?u dáng Sedan,Tình tr?ng Xe cu,Xu?t x? Nh?p kh?u,Km dã di 117.000 km,"T?nh thành
Tp.HCM",H?p s? S? sàn,Nhiên li?u Máy xang
Toyota Innova 2.0G 2022,725000000,Nam SX 2022,Ki?u dáng MPV,Tình tr?ng Xe cu,Xu?t x? Trong nu?c,Km dã di 40.000 km,"T?nh thành
Ðà N?ng",H?p s? S? t? d?ng,Nhiên li?u Máy xang
Toyota Wigo 1.2 G AT 2019,265000000,Nam SX 2019,Ki?u dáng Hatchback,Tình tr?ng Xe cu,Xu?t x? Nh?p kh?u,Km dã di 52.000 km,"T?nh thành
Hà N?i",H?p s? S? t? d?ng,Nhiên li?u Máy xang
Subaru Forester 2.0i-L EyeSight 2023,790000000,Nam SX 2023,Ki?u dáng SUV,Tình tr?ng Xe cu,Xu?t x? Nh?p kh?u,Km dã di 15.000 km,"T?nh thành
Tp.HCM",H?p s? S? t? d?ng,Nhiên li?u Máy xang
Mazda 2 Sedan 1.5L Luxury 2020,385000000,Nam SX 2020,Ki?u dáng Sedan,Tình tr?ng Xe cu,Xu?t x? Trong nu?c,Km dã di 50.000 km,"T?nh thành
Tp.HCM",H?p s? S? t? d?ng,Nhiên li?u Máy xang
Toyota Corolla Altis 1.8 V 2022,600000000,Nam SX 2022,Ki?u dáng Sedan,Tình tr?ng Xe cu,Xu?t x? Nh?p kh?u,Km dã di 5.000 km,"T?nh thành
Tp.HCM",H?p s? S? t? d?ng,Nhiên li?u Máy xang
VinFast VF6 Plus 2025,,Nam SX 2025,Ki?u dáng SUV,Tình tr?ng Xe cu,Xu?t x? Trong nu?c,Km dã di 13.000 km,"T?nh thành
Tp.HCM",H?p s? S? t? d?ng,Nhiên li?u Ði?n
Kia Sonet 1.5 Premium 2023,560000000,Nam SX 2023,Ki?u dáng SUV,Tình tr?ng Xe cu,Xu?t x? Trong nu?c,Km dã di 31.000 km,"T?nh thành
Bình Ð?nh",H?p s? S? t? d?ng,Nhiên li?u Máy xang
Ford Ranger XLS 2.0L 4x2 AT 2022,585000000,Nam SX 2022,Ki?u dáng Bán t?i,Tình tr?ng Xe cu,Xu?t x? Trong nu?c,Km dã di 60.000 km,"T?nh thành
Tp.HCM",H?p s? S? t? d?ng,Nhiên li?u Máy xang
Hyundai Accent 1.4 AT Ð?c bi?t 2019,368000000,Nam SX 2019,Ki?u dáng Sedan,Tình tr?ng Xe cu,Xu?t x? Trong nu?c,Km dã di 90.000 km,"T?nh thành
Th?a Thiên Hu?",H?p s? S? t? d?ng,Nhiên li?u Máy xang
Mercedes-Benz GLC 200 2019,987000000,Nam SX 2019,Ki?u dáng SUV,Tình tr?ng Xe cu,Xu?t x? Trong nu?c,Km dã di 74.000 km,"T?nh thành
Tp.HCM",H?p s? S? t? d?ng,Nhiên li?u Máy xang
Mercedes-Benz GLC 300 4Matic 2019,1087000000,Nam SX 2019,Ki?u dáng SUV,Tình tr?ng Xe cu,Xu?t x? Trong nu?c,Km dã di 71.000 km,"T?nh thành
Tp.HCM",H?p s? S? t? d?ng,Nhiên li?u Máy xang
Mercedes-Benz E200 E200 2019,1039000000,Nam SX 2019,Ki?u dáng Sedan,Tình tr?ng Xe cu,Xu?t x? Trong nu?c,Km dã di 66.000 km,"T?nh thành
Tp.HCM",H?p s? S? t? d?ng,Nhiên li?u Máy xang
Mercedes-Benz C200 2.0 AT 2016,579000000,Nam SX 2016,Ki?u dáng Sedan,Tình tr?ng Xe cu,Xu?t x? Trong nu?c,Km dã di 69.000 km,"T?nh thành
Tp.HCM",H?p s? S? t? d?ng,Nhiên li?u Máy xang
Mercedes-Benz C200 2.0 AT 2016,599000000,Nam SX 2016,Ki?u dáng Sedan,Tình tr?ng Xe cu,Xu?t x? Trong nu?c,Km dã di 106.000 km,"T?nh thành
Tp.HCM",H?p s? S? t? d?ng,Nhiên li?u Máy xang
Mercedes-Benz GLC 200 V1 2022,1379000000,Nam SX 2022,Ki?u dáng SUV,Tình tr?ng Xe cu,Xu?t x? Trong nu?c,Km dã di 28.000 km,"T?nh thành
Tp.HCM",H?p s? S? t? d?ng,Nhiên li?u Máy xang
Mercedes-Benz GLC 200 V1 2022,1379000000,Nam SX 2022,Ki?u dáng SUV,Tình tr?ng Xe cu,Xu?t x? Trong nu?c,Km dã di 39.000 km,"T?nh thành
Tp.HCM",H?p s? S? t? d?ng,Nhiên li?u Máy xang
Mercedes-Benz GLC 300 4Matic 2023,2379000000,Nam SX 2023,Ki?u dáng SUV,Tình tr?ng Xe cu,Xu?t x? Trong nu?c,Km dã di 13.333 km,"T?nh thành
Tp.HCM",H?p s? S? t? d?ng,Nhiên li?u Máy xang
VinFast LUX A2.0 Nâng cao 2020,450000000,Nam SX 2020,Ki?u dáng Sedan,Tình tr?ng Xe cu,Xu?t x? Nh?p kh?u,Km dã di 76.000 km,"T?nh thành
Tp.HCM",H?p s? S? t? d?ng,Nhiên li?u Máy xang
VinFast Fadil Tiêu Chu?n 2022,300000000,Nam SX 2022,Ki?u dáng Hatchback,Tình tr?ng Xe cu,Xu?t x? Trong nu?c,Km dã di 60.000 km,"T?nh thành
Hà N?i",H?p s? S? t? d?ng,Nhiên li?u Máy xang
Hyundai Accent 1.4 AT 2021,430000000,Nam SX 2021,Ki?u dáng Sedan,Tình tr?ng Xe cu,Xu?t x? Trong nu?c,Km dã di 46.000 km,"T?nh thành
Hà N?i",H?p s? S? t? d?ng,Nhiên li?u Máy xang
Honda CR-V 1.5 G 2018,680000000,Nam SX 2018,Ki?u dáng SUV,Tình tr?ng Xe cu,Xu?t x? Trong nu?c,Km dã di 70.000 km,"T?nh thành
Hà N?i",H?p s? S? t? d?ng,Nhiên li?u Máy xang
Kia Forte SLI 1.6 AT 2011,210000000,Nam SX 2011,Ki?u dáng Sedan,Tình tr?ng Xe cu,Xu?t x? Trong nu?c,Km dã di 100.000 km,"T?nh thành
Hà N?i",H?p s? S? t? d?ng,Nhiên li?u Máy xang
Mazda 6 2.5 2015,399000000,Nam SX 2015,Ki?u dáng Sedan,Tình tr?ng Xe cu,Xu?t x? Nh?p kh?u,Km dã di 68.000 km,"T?nh thành
Tp.HCM",H?p s? S? t? d?ng,Nhiên li?u Máy xang
Mercedes-Benz AMG G63 2022,9899000000,Nam SX 2022,Ki?u dáng SUV,Tình tr?ng Xe cu,Xu?t x? Nh?p kh?u,Km dã di 15.000 km,"T?nh thành
Tp.HCM",H?p s? S? t? d?ng,Nhiên li?u Máy xang
MG 7 2025,630000000,Nam SX 2025,Ki?u dáng Sedan,Tình tr?ng Xe cu,Xu?t x? Nh?p kh?u,Km dã di 26.000 km,"T?nh thành
Hà N?i",H?p s? S? t? d?ng,Nhiên li?u Máy xang
VinFast VF e34 Tiêu chu?n 2022,450000000,Nam SX 2022,Ki?u dáng SUV,Tình tr?ng Xe cu,Xu?t x? Trong nu?c,Km dã di 60.000 km,"T?nh thành
Hà N?i",H?p s? S? t? d?ng,Nhiên li?u Máy xang
Hyundai Grand i10 Hatchback 1.2 MT Base 2016,145000000,Nam SX 2016,Ki?u dáng Hatchback,Tình tr?ng Xe cu,Xu?t x? Nh?p kh?u,Km dã di 140.000 km,"T?nh thành
Tp.HCM",H?p s? S? sàn,Nhiên li?u Máy xang
Mazda 3 1.6 AT 2018,420000000,Nam SX 2018,Ki?u dáng Sedan,Tình tr?ng Xe cu,Xu?t x? Trong nu?c,Km dã di 85.000 km,"T?nh thành
C?n Tho",H?p s? S? t? d?ng,Nhiên li?u Máy xang
MG ZS 1.5L LUX+ 2025,525000000,Nam SX 2025,Ki?u dáng Crossover,Tình tr?ng Xe cu,Xu?t x? Nh?p kh?u,Km dã di 5.000 km,"T?nh thành
Tp.HCM",H?p s? S? t? d?ng,Nhiên li?u Máy xang
Hyundai Grand i10 Sedan 1.2 MT 2016,135000000,Nam SX 2016,Ki?u dáng Sedan,Tình tr?ng Xe cu,Xu?t x? Nh?p kh?u,Km dã di 199.999 km,"T?nh thành
H?i Phòng",H?p s? S? sàn,Nhiên li?u Máy xang
Honda Civic 1.8 MT 2008,170000000,Nam SX 2008,Ki?u dáng Sedan,Tình tr?ng Xe cu,Xu?t x? Trong nu?c,Km dã di 100.000 km,"T?nh thành
Tp.HCM",H?p s? S? sàn,Nhiên li?u Máy xang
Ford Transit Tiêu chu?n 2020,430000000,Nam SX 2020,Ki?u dáng Van/Minivan,Tình tr?ng Xe cu,Xu?t x? Nh?p kh?u,Km dã di 345 km,"T?nh thành
Khánh Hòa",H?p s? S? sàn,Nhiên li?u Máy d?u
Toyota Vios 1.5G AT 2019,305000000,Nam SX 2019,Ki?u dáng Sedan,Tình tr?ng Xe cu,Xu?t x? Trong nu?c,Km dã di 270.000 km,"T?nh thành
Bình Duong",H?p s? S? t? d?ng,Nhiên li?u Máy xang
Ford Everest Titanium 2.2L 4x2 AT 2018,760000000,Nam SX 2018,Ki?u dáng SUV,Tình tr?ng Xe cu,Xu?t x? Nh?p kh?u,Km dã di 101.000 km,"T?nh thành
Tp.HCM",H?p s? S? t? d?ng,Nhiên li?u Máy xang
Kia Cerato Koup 2.0 AT 2010,219000000,Nam SX 2010,Ki?u dáng Coupe,Tình tr?ng Xe cu,Xu?t x? Nh?p kh?u,Km dã di 160.000 km,"T?nh thành
B?n Tre",H?p s? S? t? d?ng,Nhiên li?u Máy xang
Mitsubishi Outlander 2.0 CVT Premium 2022,720000000,Nam SX 2022,Ki?u dáng SUV,Tình tr?ng Xe cu,Xu?t x? Nh?p kh?u,Km dã di 59.000 km,"T?nh thành
Hà N?i",H?p s? S? t? d?ng,Nhiên li?u Máy xang
Ferrari F8 Spider 2022,26999000000,Nam SX 2022,,Tình tr?ng Xe cu,Xu?t x? Nh?p kh?u,Km dã di 7.000 km,"T?nh thành
Tp.HCM",H?p s? S? t? d?ng,Nhiên li?u Máy xang
BMW X6 2020,2638000000,Nam SX 2020,Ki?u dáng SUV,Tình tr?ng Xe cu,Xu?t x? Nh?p kh?u,Km dã di 54.000 km,"T?nh thành
Tp.HCM",H?p s? S? t? d?ng,Nhiên li?u Máy xang
Ford Ranger XLS 2.0L 4x2 AT 2021,545000000,Nam SX 2021,Ki?u dáng Bán t?i,Tình tr?ng Xe cu,Xu?t x? Nh?p kh?u,Km dã di 90.000 km,"T?nh thành
Hà N?i",H?p s? S? t? d?ng,Nhiên li?u Máy d?u
Kia Cerato Koup 2.0 AT 2010,219000000,Nam SX 2010,Ki?u dáng Coupe,Tình tr?ng Xe cu,Xu?t x? Nh?p kh?u,Km dã di 160.000 km,"T?nh thành
B?n Tre",H?p s? S? t? d?ng,Nhiên li?u Máy xang
Mitsubishi Outlander 2.0 CVT Premium 2022,720000000,Nam SX 2022,Ki?u dáng SUV,Tình tr?ng Xe cu,Xu?t x? Nh?p kh?u,Km dã di 59.000 km,"T?nh thành
Hà N?i",H?p s? S? t? d?ng,Nhiên li?u Máy xang
Ferrari F8 Spider 2022,26999000000,Nam SX 2022,,Tình tr?ng Xe cu,Xu?t x? Nh?p kh?u,Km dã di 7.000 km,"T?nh thành
Tp.HCM",H?p s? S? t? d?ng,Nhiên li?u Máy xang
BMW X6 2020,2638000000,Nam SX 2020,Ki?u dáng SUV,Tình tr?ng Xe cu,Xu?t x? Nh?p kh?u,Km dã di 54.000 km,"T?nh thành
Tp.HCM",H?p s? S? t? d?ng,Nhiên li?u Máy xang
Ford Ranger XLS 2.0L 4x2 AT 2021,545000000,Nam SX 2021,Ki?u dáng Bán t?i,Tình tr?ng Xe cu,Xu?t x? Nh?p kh?u,Km dã di 90.000 km,"T?nh thành
Hà N?i",H?p s? S? t? d?ng,Nhiên li?u Máy d?u
MG ZS 1.5L LUX+ 2025,525000000,Nam SX 2025,Ki?u dáng SUV,Tình tr?ng Xe cu,Xu?t x? Nh?p kh?u,Km dã di 1.000 km,"T?nh thành
Tp.HCM",H?p s? S? t? d?ng,Nhiên li?u Máy xang
Toyota Innova 2.0E 2019,430000000,Nam SX 2019,Ki?u dáng MPV,Tình tr?ng Xe cu,Xu?t x? Trong nu?c,Km dã di 180.000 km,"T?nh thành
Tp.HCM",H?p s? S? t? d?ng,Nhiên li?u Máy xang
MG ZS 1.5 2WD STD+ 2021,385000000,Nam SX 2021,Ki?u dáng SUV,Tình tr?ng Xe cu,Xu?t x? Nh?p kh?u,Km dã di 30.000 km,"T?nh thành
Hà N?i",H?p s? S? t? d?ng,Nhiên li?u Máy xang
Mitsubishi Xpander AT Premium 2022,555000000,Nam SX 2022,Ki?u dáng MPV,Tình tr?ng Xe cu,Xu?t x? Trong nu?c,Km dã di 24.000 km,"T?nh thành
Hà N?i",H?p s? S? t? d?ng,Nhiên li?u Máy xang
Mercedes-Benz C300 AMG 2022,1789000000,Nam SX 2022,Ki?u dáng Sedan,Tình tr?ng Xe cu,Xu?t x? Trong nu?c,Km dã di 17.000 km,"T?nh thành
Tp.HCM",H?p s? S? t? d?ng,Nhiên li?u Máy xang
VinFast VF e34 2022,415000000,Nam SX 2022,Ki?u dáng SUV,Tình tr?ng Xe cu,Xu?t x? Trong nu?c,Km dã di 86.000 km,"T?nh thành
Hà N?i",H?p s? S? t? d?ng,Nhiên li?u Máy xang
Suzuki Swift GLX 1.2 CVT 2019,430000000,Nam SX 2019,Ki?u dáng Hatchback,Tình tr?ng Xe cu,Xu?t x? Nh?p kh?u,Km dã di 69.800 km,"T?nh thành
Ðà N?ng",H?p s? S? t? d?ng,Nhiên li?u Máy xang
Mitsubishi Xpander AT Premium 2023,585000000,Nam SX 2023,Ki?u dáng MPV,Tình tr?ng Xe cu,Xu?t x? Nh?p kh?u,Km dã di 20.000 km,"T?nh thành
Hà N?i",H?p s? S? t? d?ng,Nhiên li?u Máy xang
Mercedes-Benz C300 AMG 2022,1839000000,Nam SX 2022,Ki?u dáng Sedan,Tình tr?ng Xe cu,Xu?t x? Trong nu?c,Km dã di 26.000 km,"T?nh thành
Tp.HCM",H?p s? S? t? d?ng,Nhiên li?u Máy xang
Ford EcoSport Titanium 1.5L AT 2019,413000000,Nam SX 2019,Ki?u dáng SUV,Tình tr?ng Xe cu,Xu?t x? Trong nu?c,Km dã di 92.000 km,"T?nh thành
Hà N?i",H?p s? S? t? d?ng,Nhiên li?u Máy xang
Toyota Vios 1.5E MT 2015,180000000,Nam SX 2015,Ki?u dáng Sedan,Tình tr?ng Xe cu,Xu?t x? Nh?p kh?u,Km dã di 333.830 km,"T?nh thành
Hà N?i",H?p s? S? sàn,Nhiên li?u Máy xang
Toyota Wigo 1.2 G AT 2021,288000000,Nam SX 2021,Ki?u dáng Hatchback,Tình tr?ng Xe cu,Xu?t x? Nh?p kh?u,Km dã di 79.000 km,"T?nh thành
Tp.HCM",H?p s? S? t? d?ng,Nhiên li?u Máy xang
Mazda CX-5 2019,625000000,Nam SX 2019,Ki?u dáng SUV,Tình tr?ng Xe cu,Xu?t x? Trong nu?c,Km dã di 70.000 km,"T?nh thành
Hà N?i",H?p s? S? t? d?ng,Nhiên li?u Máy xang
Hyundai Grand i10 Sedan 1.2 MT 2020,250000000,Nam SX 2020,Ki?u dáng Sedan,Tình tr?ng Xe cu,Xu?t x? Trong nu?c,Km dã di 200.000 km,"T?nh thành
Hà N?i",H?p s? S? sàn,Nhiên li?u Máy xang
Mazda CX-5 2.0 Deluxe 2018,565000000,Nam SX 2018,Ki?u dáng SUV,Tình tr?ng Xe cu,Xu?t x? Trong nu?c,Km dã di 69.000 km,"T?nh thành
Khánh Hòa",H?p s? S? t? d?ng,Nhiên li?u Máy xang
Chevrolet Orlando LTZ 1.8 2016,340000000,Nam SX 2016,Ki?u dáng MPV,Tình tr?ng Xe cu,Xu?t x? Nh?p kh?u,Km dã di 106.000 km,"T?nh thành
Bình Ð?nh",H?p s? S? t? d?ng,Nhiên li?u Máy xang
MG ZS 1.5 2WD LUX+ 2025,525000000,Nam SX 2025,Ki?u dáng Crossover,Tình tr?ng Xe cu,Xu?t x? Nh?p kh?u,Km dã di 1.000 km,"T?nh thành
Tp.HCM",H?p s? S? t? d?ng,Nhiên li?u Máy xang
Hyundai Santa Fe 2.2 D?u Cao c?p 2024,1265000000,Nam SX 2024,Ki?u dáng SUV,Tình tr?ng Xe cu,Xu?t x? Trong nu?c,Km dã di 13.000 km,"T?nh thành
Hà N?i",H?p s? S? t? d?ng,Nhiên li?u Máy d?u
Lexus ES 250 2022,1999000000,Nam SX 2022,Ki?u dáng Sedan,Tình tr?ng Xe cu,Xu?t x? Nh?p kh?u,Km dã di 46.004 km,"T?nh thành
Hà N?i",H?p s? S? t? d?ng,Nhiên li?u Máy xang
Toyota Vios 1.5E MT 2020,296000000,Nam SX 2020,Ki?u dáng Sedan,Tình tr?ng Xe cu,Xu?t x? Trong nu?c,Km dã di 62.000 km,"T?nh thành
Bình Duong",H?p s? S? sàn,Nhiên li?u Máy xang
Mercedes-Benz GLS 450 2021,4099000000,Nam SX 2021,,Tình tr?ng Xe cu,Xu?t x? Nh?p kh?u,Km dã di 29.000 km,"T?nh thành
Tp.HCM",H?p s? S? t? d?ng,Nhiên li?u Máy xang
Chevrolet Spark LS 2012,110000000,Nam SX 2012,Ki?u dáng Hatchback,Tình tr?ng Xe cu,Xu?t x? Trong nu?c,Km dã di 98.000 km,"T?nh thành
Ð?ng Nai",H?p s? S? sàn,Nhiên li?u Máy xang
Jeep Wrangler Rubicon 2021,2449000000,Nam SX 2021,Ki?u dáng SUV,Tình tr?ng Xe cu,Xu?t x? Nh?p kh?u,Km dã di 43.000 km,"T?nh thành
Tp.HCM",H?p s? S? t? d?ng,Nhiên li?u Máy xang
Suzuki Swift 2019,430000000,Nam SX 2019,Ki?u dáng Hatchback,Tình tr?ng Xe cu,Xu?t x? Nh?p kh?u,Km dã di 68.978 km,"T?nh thành
Ðà N?ng",H?p s? S? t? d?ng,Nhiên li?u Máy xang
Kia Morning MT 2015,143000000,Nam SX 2015,Ki?u dáng Hatchback,Tình tr?ng Xe cu,Xu?t x? Nh?p kh?u,Km dã di 11.000 km,"T?nh thành
Bình Duong",H?p s? S? sàn,Nhiên li?u Máy xang
Jeep Wrangler Rubicon 2021,2449000000,Nam SX 2021,Ki?u dáng SUV,Tình tr?ng Xe cu,Xu?t x? Nh?p kh?u,Km dã di 43.000 km,"T?nh thành
Tp.HCM",H?p s? S? t? d?ng,Nhiên li?u Máy xang
Suzuki Swift 2019,430000000,Nam SX 2019,Ki?u dáng Hatchback,Tình tr?ng Xe cu,Xu?t x? Nh?p kh?u,Km dã di 68.978 km,"T?nh thành
Ðà N?ng",H?p s? S? t? d?ng,Nhiên li?u Máy xang
Kia Morning MT 2015,143000000,Nam SX 2015,Ki?u dáng Hatchback,Tình tr?ng Xe cu,Xu?t x? Nh?p kh?u,Km dã di 11.000 km,"T?nh thành
Bình Duong",H?p s? S? sàn,Nhiên li?u Máy xang
Ford Everest Limited 2009,305000000,Nam SX 2009,Ki?u dáng SUV,Tình tr?ng Xe cu,Xu?t x? Trong nu?c,Km dã di 170.000 km,"T?nh thành
Tp.HCM",H?p s? S? t? d?ng,Nhiên li?u Máy d?u
Chevrolet Colorado  2018,420000000,Nam SX 2018,Ki?u dáng Bán t?i,Tình tr?ng Xe cu,Xu?t x? Nh?p kh?u,Km dã di 110.000 km,"T?nh thành
Long An",H?p s? S? t? d?ng,Nhiên li?u Máy d?u
Chevrolet Spark 1.2 mt 2011,118000000,Nam SX 2011,Ki?u dáng Hatchback,Tình tr?ng Xe cu,Xu?t x? Nh?p kh?u,Km dã di 70.000 km,"T?nh thành
An Giang",H?p s? S? sàn,Nhiên li?u Máy xang
Toyota Alphard Executive Lounge 2019,2999000000,Nam SX 2019,Ki?u dáng Van/Minivan,Tình tr?ng Xe cu,Xu?t x? Nh?p kh?u,Km dã di 83.008 km,"T?nh thành
Hà N?i",H?p s? S? t? d?ng,Nhiên li?u Máy xang
Porsche Cayenne Coupe 2022,4599000000,Nam SX 2022,Ki?u dáng SUV,Tình tr?ng Xe cu,Xu?t x? Nh?p kh?u,Km dã di 22.222 km,"T?nh thành
Tp.HCM",H?p s? S? t? d?ng,Nhiên li?u Máy xang
Mazda 6 2.0 Premium 2023,695000000,Nam SX 2023,Ki?u dáng Sedan,Tình tr?ng Xe cu,Xu?t x? Trong nu?c,Km dã di 37.000 km,"T?nh thành
Tp.HCM",H?p s? S? t? d?ng,Nhiên li?u Máy xang
Mazda 3 Sedan 1.5L Premium 2022,615000000,Nam SX 2022,Ki?u dáng Sedan,Tình tr?ng Xe cu,Xu?t x? Trong nu?c,Km dã di 12.000 km,"T?nh thành
Tp.HCM",H?p s? S? t? d?ng,Nhiên li?u Máy xang
Kia Carnival 2.2D Signature 2022,1175000000,Nam SX 2022,Ki?u dáng MPV,Tình tr?ng Xe cu,Xu?t x? Trong nu?c,Km dã di 70.000 km,"T?nh thành
Tp.HCM",H?p s? S? t? d?ng,Nhiên li?u Máy d?u
Mazda 3 Sedan 1.5L Luxury 2022,570000000,Nam SX 2022,Ki?u dáng Sedan,Tình tr?ng Xe cu,Xu?t x? Trong nu?c,Km dã di 23.000 km,"T?nh thành
Tp.HCM",H?p s? S? t? d?ng,Nhiên li?u Máy xang
Kia Sorento 2.5G Premium 2022,919000000,Nam SX 2022,Ki?u dáng SUV,Tình tr?ng Xe cu,Xu?t x? Trong nu?c,Km dã di 30.000 km,"T?nh thành
Tp.HCM",H?p s? S? t? d?ng,Nhiên li?u Máy xang
Lexus ES 250 2022,2190000000,Nam SX 2022,Ki?u dáng Sedan,Tình tr?ng Xe cu,Xu?t x? Nh?p kh?u,Km dã di 28.000 km,"T?nh thành
Tp.HCM",H?p s? S? t? d?ng,Nhiên li?u Máy xang
Ford EcoSport Titanium 1.5L AT 2019,399000000,Nam SX 2019,Ki?u dáng SUV,Tình tr?ng Xe cu,Xu?t x? Trong nu?c,Km dã di 39.000 km,"T?nh thành
Tp.HCM",H?p s? S? t? d?ng,Nhiên li?u Máy xang
Ford EcoSport Titanium 1.5L AT 2019,399000000,Nam SX 2019,Ki?u dáng SUV,Tình tr?ng Xe cu,Xu?t x? Trong nu?c,Km dã di 39.000 km,"T?nh thành
Tp.HCM",H?p s? S? t? d?ng,Nhiên li?u Máy xang
Toyota Fortuner 2.7 V 4X4 AT 2010,320000000,Nam SX 2010,Ki?u dáng SUV,Tình tr?ng Xe cu,Xu?t x? Trong nu?c,Km dã di 114.000 km,"T?nh thành
Tp.HCM",H?p s? S? t? d?ng,Nhiên li?u Máy xang
Lexus RX 350 2019,2650000000,Nam SX 2019,,Tình tr?ng Xe cu,Xu?t x? Nh?p kh?u,Km dã di 43.000 km,"T?nh thành
Tp.HCM",H?p s? S? t? d?ng,Nhiên li?u Máy xang
Hyundai Grand i10 2015,129000000,Nam SX 2015,Ki?u dáng Hatchback,Tình tr?ng Xe cu,Xu?t x? Nh?p kh?u,Km dã di 98.000 km,"T?nh thành
Hà N?i",H?p s? S? sàn,Nhiên li?u Máy xang
Suzuki Swift GL 1.2 CVT 2019,370000000,Nam SX 2019,Ki?u dáng Hatchback,Tình tr?ng Xe cu,Xu?t x? Trong nu?c,Km dã di 100.000 km,"T?nh thành
Hà N?i",H?p s? S? t? d?ng,Nhiên li?u Máy xang
MG ZS 1.5 2WD LUX+ 2025,525000000,Nam SX 2025,Ki?u dáng Crossover,Tình tr?ng Xe cu,Xu?t x? Nh?p kh?u,Km dã di 1.000 km,"T?nh thành
C?n Tho",H?p s? S? t? d?ng,Nhiên li?u Máy xang
Volkswagen Viloran Premium 2023,1738000000,Nam SX 2023,Ki?u dáng MPV,Tình tr?ng Xe cu,Xu?t x? Nh?p kh?u,Km dã di 32.000 km,"T?nh thành
Tp.HCM",H?p s? S? t? d?ng,Nhiên li?u Máy xang
Honda CR-V 1.5 G 2022,810000000,Nam SX 2022,Ki?u dáng SUV,Tình tr?ng Xe cu,Xu?t x? Nh?p kh?u,Km dã di 52.000 km,"T?nh thành
Bình Duong",H?p s? S? t? d?ng,Nhiên li?u Máy xang
Toyota Vios 1.5E MT 2020,320000000,Nam SX 2020,Ki?u dáng Sedan,Tình tr?ng Xe cu,Xu?t x? Nh?p kh?u,Km dã di 47.000 km,"T?nh thành
Kiên Giang",H?p s? S? sàn,Nhiên li?u Máy xang
Mitsubishi Xpander 1.5 MT 2020,385000000,Nam SX 2020,Ki?u dáng MPV,Tình tr?ng Xe cu,Xu?t x? Nh?p kh?u,Km dã di 54.000 km,"T?nh thành
Tp.HCM",H?p s? S? sàn,Nhiên li?u Máy xang
Toyota Innova 2016,330000000,Nam SX 2016,Ki?u dáng MPV,Tình tr?ng Xe cu,Xu?t x? Trong nu?c,Km dã di 140.000 km,"T?nh thành
Ðà N?ng",H?p s? S? sàn,Nhiên li?u Máy xang
Kia Seltos 1.4 Premium 2022,590000000,Nam SX 2022,Ki?u dáng SUV,Tình tr?ng Xe cu,Xu?t x? Trong nu?c,Km dã di 77.000 km,"T?nh thành
Tp.HCM",H?p s? S? t? d?ng,Nhiên li?u Máy xang
Ford Everest Titanium 2.2L 4x2 AT 2016,570000000,Nam SX 2016,Ki?u dáng SUV,Tình tr?ng Xe cu,Xu?t x? Nh?p kh?u,Km dã di 130.000 km,"T?nh thành
Tp.HCM",H?p s? S? t? d?ng,Nhiên li?u Máy d?u
Kia Sorento 2WD 2.2 DATH 2014,425000000,Nam SX 2014,Ki?u dáng SUV,Tình tr?ng Xe cu,Xu?t x? Nh?p kh?u,Km dã di 140.000 km,"T?nh thành
Ð?k Nông",H?p s? S? t? d?ng,Nhiên li?u Máy d?u
Lexus RX 350 2013,930000000,Nam SX 2013,Ki?u dáng SUV,Tình tr?ng Xe cu,Xu?t x? Nh?p kh?u,Km dã di 79.000 km,"T?nh thành
Tp.HCM",H?p s? S? t? d?ng,Nhiên li?u Máy xang
Hyundai Grand i10 Sedan 1.2 MT 2019,220000000,Nam SX 2019,Ki?u dáng Sedan,Tình tr?ng Xe cu,Xu?t x? Trong nu?c,Km dã di 111.111 km,"T?nh thành
Lâm Ð?ng",H?p s? S? sàn,Nhiên li?u Máy xang
Hyundai Accent 1.5 AT 2024,455000000,Nam SX 2024,Ki?u dáng Sedan,Tình tr?ng Xe cu,Xu?t x? Trong nu?c,Km dã di 31.000 km,"T?nh thành
C?n Tho",H?p s? S? t? d?ng,Nhiên li?u Máy xang
Toyota Zace 2005,125000000,Nam SX 2005,Ki?u dáng SUV,Tình tr?ng Xe cu,Xu?t x? Trong nu?c,Km dã di 12.000 km,"T?nh thành
Hà N?i",H?p s? S? sàn,Nhiên li?u Máy xang
Mazda 3 Sedan 1.5L Luxury 2021,550000000,Nam SX 2021,Ki?u dáng Sedan,Tình tr?ng Xe cu,Xu?t x? Trong nu?c,Km dã di 120.000 km,"T?nh thành
Tp.HCM",H?p s? S? t? d?ng,Nhiên li?u Máy xang
Hyundai Santa Fe 2021,1020000000,Nam SX 2021,Ki?u dáng SUV,Tình tr?ng Xe cu,,Km dã di 33.000 km,"T?nh thành
Hà N?i",H?p s? S? t? d?ng,Nhiên li?u Máy xang
Mercedes-Benz C300 AMG 2019,1068000000,Nam SX 2019,Ki?u dáng Sedan,Tình tr?ng Xe cu,Xu?t x? Nh?p kh?u,Km dã di 01 km,"T?nh thành
Tp.HCM",H?p s? S? t? d?ng,Nhiên li?u Máy xang
MG ZS 1.5L LUX+ 2025,525000000,Nam SX 2025,Ki?u dáng Crossover,Tình tr?ng Xe cu,Xu?t x? Nh?p kh?u,Km dã di 5.000 km,"T?nh thành
C?n Tho",H?p s? S? t? d?ng,Nhiên li?u Máy xang
Mitsubishi Grandis 2.4 MIVEC 2009,272000000,Nam SX 2009,Ki?u dáng MPV,Tình tr?ng Xe cu,Xu?t x? Trong nu?c,Km dã di 110.000 km,"T?nh thành
Tp.HCM",H?p s? S? t? d?ng,Nhiên li?u Máy xang
Mitsubishi Xpander 1.5 MT 2019,340000000,Nam SX 2019,Ki?u dáng Crossover,Tình tr?ng Xe cu,Xu?t x? Nh?p kh?u,Km dã di 170.000 km,"T?nh thành
Hà N?i",H?p s? S? sàn,Nhiên li?u Máy xang
Toyota Fortuner 2.7 V 4X2 AT 2019,750000000,Nam SX 2019,Ki?u dáng MPV,Tình tr?ng Xe cu,Xu?t x? Nh?p kh?u,Km dã di 8.000 km,"T?nh thành
Hà N?i",H?p s? S? t? d?ng,Nhiên li?u Máy xang
Nissan X trail 2.5 SV 4WD 2016,475000000,Nam SX 2016,Ki?u dáng SUV,Tình tr?ng Xe cu,Xu?t x? Trong nu?c,Km dã di 8.000 km,"T?nh thành
Hà N?i",H?p s? S? t? d?ng,Nhiên li?u Máy xang
Toyota Innova 2.0E 2017,395000000,Nam SX 2017,Ki?u dáng MPV,Tình tr?ng Xe cu,Xu?t x? Trong nu?c,Km dã di 120.000 km,"T?nh thành
H?i Phòng",H?p s? S? t? d?ng,Nhiên li?u Máy xang
Ford Focus 1.8L 2008,110000000,Nam SX 2008,Ki?u dáng Sedan,Tình tr?ng Xe cu,Xu?t x? Nh?p kh?u,Km dã di 25.000 km,"T?nh thành
Vinh Phúc",H?p s? S? sàn,Nhiên li?u Máy xang
Hyundai Accent 1.4 AT 2018,375000000,Nam SX 2018,Ki?u dáng Sedan,Tình tr?ng Xe cu,Xu?t x? Trong nu?c,Km dã di 75.000 km,"T?nh thành
H?i Phòng",H?p s? S? t? d?ng,Nhiên li?u Máy xang
Hyundai Accent 1.4 AT 2018,365000000,Nam SX 2018,Ki?u dáng Sedan,Tình tr?ng Xe cu,Xu?t x? Trong nu?c,Km dã di 100.000 km,"T?nh thành
H?i Phòng",H?p s? S? t? d?ng,Nhiên li?u Máy xang
Hyundai Tucson 1.6 Turbo HTRAC 2019,638000000,Nam SX 2019,Ki?u dáng SUV,Tình tr?ng Xe cu,Xu?t x? Trong nu?c,Km dã di 60.000 km,"T?nh thành
H?i Phòng",H?p s? S? t? d?ng,Nhiên li?u Máy xang
Toyota Fortuner 2009,275000000,Nam SX 2009,,Tình tr?ng Xe cu,Xu?t x? Trong nu?c,Km dã di 100.000 km,"T?nh thành
H?i Phòng",H?p s? S? t? d?ng,Nhiên li?u Máy xang
Mazda CX-5 2019,500000000,Nam SX 2019,Ki?u dáng SUV,Tình tr?ng Xe cu,Xu?t x? Trong nu?c,Km dã di 20.000 km,"T?nh thành
Ðà N?ng",H?p s? S? t? d?ng,Nhiên li?u Máy xang
Toyota Corolla Altis 1.8E CVT 2019,520000000,Nam SX 2019,Ki?u dáng Sedan,Tình tr?ng Xe cu,Xu?t x? Trong nu?c,Km dã di 59.000 km,"T?nh thành
Tp.HCM",H?p s? S? t? d?ng,Nhiên li?u Máy xang
Mitsubishi Xpander 2020,430000000,Nam SX 2020,Ki?u dáng MPV,Tình tr?ng Xe cu,Xu?t x? Nh?p kh?u,Km dã di 157.000 km,"T?nh thành
Qu?ng Ngãi",H?p s? S? sàn,Nhiên li?u Máy xang
Toyota Camry 2.0E 2013,390000000,Nam SX 2013,Ki?u dáng Sedan,Tình tr?ng Xe cu,Xu?t x? Nh?p kh?u,Km dã di 157.000 km,"T?nh thành
Ð?ng Nai",H?p s? S? t? d?ng,Nhiên li?u Máy xang
Ford Everest Wildtrak 2.0L AT 4x4 2019,590000000,Nam SX 2019,Ki?u dáng SUV,Tình tr?ng Xe cu,Xu?t x? Nh?p kh?u,Km dã di 18.000 km,"T?nh thành
Thái Nguyên",H?p s? S? t? d?ng,Nhiên li?u Máy d?u
Mitsubishi Xpander AT Premium 2022,495000000,Nam SX 2022,Ki?u dáng MPV,Tình tr?ng Xe cu,Xu?t x? Nh?p kh?u,Km dã di 85.000 km,"T?nh thành
Tp.HCM",H?p s? S? t? d?ng,Nhiên li?u Máy xang
Hyundai Elantra 1.6 AT Ð?c bi?t 2022,495000000,Nam SX 2022,Ki?u dáng Sedan,Tình tr?ng Xe cu,Xu?t x? Trong nu?c,Km dã di 65.000 km,"T?nh thành
Tp.HCM",H?p s? S? t? d?ng,Nhiên li?u Máy xang
Toyota Avanza 1.5 AT 2022,465000000,Nam SX 2022,Ki?u dáng MPV,Tình tr?ng Xe cu,Xu?t x? Nh?p kh?u,Km dã di 65.000 km,"T?nh thành
Tp.HCM",H?p s? S? t? d?ng,Nhiên li?u Máy xang
Toyota Venza 3.5 AWD AT 2009,450000000,Nam SX 2009,Ki?u dáng SUV,Tình tr?ng Xe cu,Xu?t x? Nh?p kh?u,Km dã di 110.000 km,"T?nh thành
Tp.HCM",H?p s? S? t? d?ng,Nhiên li?u Máy xang
Toyota Corolla Altis 1.8 G 2019,485000000,Nam SX 2019,Ki?u dáng Sedan,Tình tr?ng Xe cu,Xu?t x? Trong nu?c,Km dã di 75.000 km,"T?nh thành
Tp.HCM",H?p s? S? t? d?ng,Nhiên li?u Máy xang
Audi A4 1.8L TFSI 2013,385000000,Nam SX 2013,Ki?u dáng Sedan,Tình tr?ng Xe cu,Xu?t x? Nh?p kh?u,Km dã di 120.000 km,"T?nh thành
Tp.HCM",H?p s? S? t? d?ng,Nhiên li?u Máy xang
Ford EcoSport Titanium 1.0L AT 2016,325000000,Nam SX 2016,,Tình tr?ng Xe cu,Xu?t x? Trong nu?c,Km dã di 40.000 km,"T?nh thành
Tp.HCM",H?p s? S? t? d?ng,Nhiên li?u Máy xang
Ford Transit Tiêu chu?n 2024,680000000,Nam SX 2024,Ki?u dáng Minibus,Tình tr?ng Xe cu,Xu?t x? Trong nu?c,Km dã di 16.000 km,"T?nh thành
Tp.HCM",H?p s? S? sàn,Nhiên li?u Máy d?u
Audi A4 1.8L TFSI 2013,385000000,Nam SX 2013,Ki?u dáng Sedan,Tình tr?ng Xe cu,Xu?t x? Nh?p kh?u,Km dã di 120.000 km,"T?nh thành
Tp.HCM",H?p s? S? t? d?ng,Nhiên li?u Máy xang
Ford EcoSport Titanium 1.0L AT 2016,325000000,Nam SX 2016,,Tình tr?ng Xe cu,Xu?t x? Trong nu?c,Km dã di 40.000 km,"T?nh thành
Tp.HCM",H?p s? S? t? d?ng,Nhiên li?u Máy xang
Ford Transit Tiêu chu?n 2024,680000000,Nam SX 2024,Ki?u dáng Minibus,Tình tr?ng Xe cu,Xu?t x? Trong nu?c,Km dã di 16.000 km,"T?nh thành
Tp.HCM",H?p s? S? sàn,Nhiên li?u Máy d?u
Mazda 3 1.5 Hatchback 2016,385000000,Nam SX 2016,Ki?u dáng Hatchback,Tình tr?ng Xe cu,Xu?t x? Trong nu?c,Km dã di 45.000 km,"T?nh thành
Lâm Ð?ng",H?p s? S? t? d?ng,Nhiên li?u Máy xang
VinFast VF 3 2024,250000000,Nam SX 2024,Ki?u dáng SUV,Tình tr?ng Xe cu,Xu?t x? Trong nu?c,Km dã di 10.670 km,"T?nh thành
Hà Tinh",H?p s? S? t? d?ng,Nhiên li?u Ði?n
VinFast LUX A2.0 Tiêu chu?n 2020,475000000,Nam SX 2020,Ki?u dáng Sedan,Tình tr?ng Xe cu,Xu?t x? Trong nu?c,Km dã di 90.000 km,"T?nh thành
Hà N?i",H?p s? S? t? d?ng,Nhiên li?u Máy xang
Nissan X trail 2.5 SV 4WD 2019,605000000,Nam SX 2019,Ki?u dáng SUV,Tình tr?ng Xe cu,Xu?t x? Trong nu?c,Km dã di 8.000 km,"T?nh thành
Hà N?i",H?p s? S? t? d?ng,Nhiên li?u Máy xang
Kia Morning LX 1.0 MT 2010,101000000,Nam SX 2010,Ki?u dáng Sedan,Tình tr?ng Xe cu,Xu?t x? Trong nu?c,Km dã di 333.996 km,"T?nh thành
Hà N?i",H?p s? S? sàn,Nhiên li?u Máy xang
Toyota Innova 2.0 Venturer AT 2019,560000000,Nam SX 2019,Ki?u dáng MPV,Tình tr?ng Xe cu,Xu?t x? Trong nu?c,Km dã di 160 km,"T?nh thành
Tp.HCM",H?p s? S? t? d?ng,Nhiên li?u Máy xang
Mazda 3 Sedan 1.5L Deluxe 2020,485000000,Nam SX 2020,Ki?u dáng Sedan,Tình tr?ng Xe cu,Xu?t x? Trong nu?c,Km dã di 75.000 km,"T?nh thành
H?i Phòng",H?p s? S? t? d?ng,Nhiên li?u Máy xang
Kia Cerato 1.6 MT 2017,325000000,Nam SX 2017,,Tình tr?ng Xe cu,Xu?t x? Trong nu?c,Km dã di 83.901 km,"T?nh thành
H?i Phòng",H?p s? S? sàn,Nhiên li?u Máy xang
Hyundai Santa Fe 2.2 D?u Cao c?p 2021,999000000,Nam SX 2021,Ki?u dáng SUV,Tình tr?ng Xe cu,Xu?t x? Trong nu?c,Km dã di 76.000 km,"T?nh thành
Tp.HCM",H?p s? S? t? d?ng,Nhiên li?u Máy d?u
Hyundai Verna ls 2009,220000000,Nam SX 2009,Ki?u dáng Sedan,Tình tr?ng Xe cu,Xu?t x? Nh?p kh?u,Km dã di 150.000 km,"T?nh thành
Hà N?i",H?p s? S? t? d?ng,Nhiên li?u Máy xang
VinFast LUX A2.0 Tiêu chu?n 2022,575000000,Nam SX 2022,Ki?u dáng Sedan,Tình tr?ng Xe cu,Xu?t x? Trong nu?c,Km dã di 30.000 km,"T?nh thành
Hà N?i",H?p s? S? t? d?ng,Nhiên li?u Máy xang
Kia Sportage 2.0D Signature 2022,826000000,Nam SX 2022,Ki?u dáng SUV,Tình tr?ng Xe cu,Xu?t x? Nh?p kh?u,Km dã di 50.000 km,"T?nh thành
Hà N?i",H?p s? S? t? d?ng,Nhiên li?u Máy d?u
Kia Sportage 2.0D Signature 2022,826000000,Nam SX 2022,Ki?u dáng SUV,Tình tr?ng Xe cu,Xu?t x? Nh?p kh?u,Km dã di 50.000 km,"T?nh thành
Hà N?i",H?p s? S? t? d?ng,Nhiên li?u Máy d?u
Peugeot 2008 Active 2022,550000000,Nam SX 2022,Ki?u dáng SUV,Tình tr?ng Xe cu,Xu?t x? Nh?p kh?u,Km dã di 49.000 km,"T?nh thành
Hà N?i",H?p s? S? t? d?ng,Nhiên li?u Máy xang
Mazda CX-5 2.0 Luxury 2024,758000000,Nam SX 2024,Ki?u dáng SUV,Tình tr?ng Xe cu,Xu?t x? Trong nu?c,Km dã di 20.000 km,"T?nh thành
Hà N?i",H?p s? S? t? d?ng,Nhiên li?u Máy xang
Hyundai i30 1.6 AT 2009,230000000,Nam SX 2009,Ki?u dáng Hatchback,Tình tr?ng Xe cu,Xu?t x? Nh?p kh?u,Km dã di 100.000 km,"T?nh thành
Hà N?i",H?p s? S? t? d?ng,Nhiên li?u Máy xang
Toyota Innova 2.0E 2015,275000000,Nam SX 2015,Ki?u dáng SUV,Tình tr?ng Xe cu,Xu?t x? Trong nu?c,Km dã di 10.000 km,"T?nh thành
Hà N?i",H?p s? S? sàn,Nhiên li?u Máy xang
Mitsubishi Xpander Cross 1.5 AT 2022,500000000,Nam SX 2022,Ki?u dáng MPV,Tình tr?ng Xe cu,Xu?t x? Trong nu?c,Km dã di 47.000 km,"T?nh thành
Bình Duong",H?p s? S? t? d?ng,Nhiên li?u Máy xang
BMW 320i 2024,1598000000,Nam SX 2024,Ki?u dáng Sedan,Tình tr?ng Xe cu,Xu?t x? Nh?p kh?u,Km dã di 9.000 km,"T?nh thành
Tp.HCM",H?p s? S? t? d?ng,Nhiên li?u Máy xang
Mitsubishi Xpander 1.5 AT  2020,465000000,Nam SX 2020,,Tình tr?ng Xe cu,Xu?t x? Nh?p kh?u,Km dã di 80.000 km,"T?nh thành
H?i Phòng",H?p s? S? t? d?ng,Nhiên li?u Máy xang
Toyota Fortuner 2.4 MT 4x2 2018,600000000,Nam SX 2018,Ki?u dáng SUV,Tình tr?ng Xe cu,Xu?t x? Nh?p kh?u,Km dã di 49.000 km,"T?nh thành
Tp.HCM",H?p s? S? sàn,Nhiên li?u Máy d?u
Hyundai Santa Fe 2.5 Xang Cao c?p 2022,1040000000,Nam SX 2022,Ki?u dáng SUV,Tình tr?ng Xe cu,Xu?t x? Trong nu?c,Km dã di 23.800 km,"T?nh thành
Hà N?i",H?p s? S? t? d?ng,Nhiên li?u Máy xang
BMW X5 xDrive 40i xLine Plus 2023,3999000000,Nam SX 2023,Ki?u dáng SUV,Tình tr?ng Xe cu,Xu?t x? Nh?p kh?u,Km dã di 3.333 km,"T?nh thành
Tp.HCM",H?p s? S? t? d?ng,Nhiên li?u Máy xang
Hyundai Elantra 1.8 MT 2020,388000000,Nam SX 2020,Ki?u dáng Sedan,Tình tr?ng Xe cu,Xu?t x? Trong nu?c,Km dã di 66.000 km,"T?nh thành
H?i Phòng",H?p s? S? sàn,Nhiên li?u Máy xang
VinFast VF6 Plus 2023,600000000,Nam SX 2023,Ki?u dáng Crossover,Tình tr?ng Xe cu,Xu?t x? Trong nu?c,Km dã di 45.000 km,"T?nh thành
Hà N?i",H?p s? S? t? d?ng,Nhiên li?u Ði?n
Toyota Vios 1.5E MT 2021,350000000,Nam SX 2021,Ki?u dáng Sedan,Tình tr?ng Xe cu,Xu?t x? Trong nu?c,Km dã di 140.000 km,"T?nh thành
Tp.HCM",H?p s? S? sàn,Nhiên li?u Máy xang
Suzuki XL7 GLX 2021,455000000,Nam SX 2021,Ki?u dáng SUV,Tình tr?ng Xe cu,Xu?t x? Nh?p kh?u,Km dã di 67.000 km,"T?nh thành
Bình Phu?c",H?p s? S? t? d?ng,Nhiên li?u Máy xang
Mitsubishi Triton GLS MT 2019,370000000,Nam SX 2019,Ki?u dáng Bán t?i,Tình tr?ng Xe cu,Xu?t x? Nh?p kh?u,Km dã di 116.000 km,"T?nh thành
Tp.HCM",H?p s? S? sàn,Nhiên li?u Máy d?u
Toyota Camry 2.5Q 2020,870000000,Nam SX 2020,Ki?u dáng Sedan,Tình tr?ng Xe cu,Xu?t x? Nh?p kh?u,Km dã di 101.650 km,"T?nh thành
Hà N?i",H?p s? S? t? d?ng,Nhiên li?u Máy xang
Kia Carens SX 2.0 AT 2010,195000000,Nam SX 2010,Ki?u dáng MPV,Tình tr?ng Xe cu,Xu?t x? Trong nu?c,Km dã di 210.000 km,"T?nh thành
Hà N?i",H?p s? S? t? d?ng,Nhiên li?u Máy xang
Kia Cerato 1.6 MT 2019,375000000,Nam SX 2019,Ki?u dáng Sedan,Tình tr?ng Xe cu,Xu?t x? Trong nu?c,Km dã di 90.000 km,"T?nh thành
H?i Phòng",H?p s? S? sàn,Nhiên li?u Máy xang
Toyota Corolla Cross 1.8 V  2023,700000000,Nam SX 2023,Ki?u dáng SUV,Tình tr?ng Xe cu,Xu?t x? Trong nu?c,Km dã di 43.000 km,"T?nh thành
H?i Phòng",H?p s? S? t? d?ng,Nhiên li?u Máy xang
Mazda CX-5 2.5 AWD 2016,440000000,Nam SX 2016,Ki?u dáng SUV,Tình tr?ng Xe cu,Xu?t x? Nh?p kh?u,Km dã di 87.000 km,"T?nh thành
Tp.HCM",H?p s? S? t? d?ng,Nhiên li?u Máy xang
Ford Ranger Wildtrak 3.2 4x4 AT 2016,470000000,Nam SX 2016,Ki?u dáng Bán t?i,Tình tr?ng Xe cu,Xu?t x? Nh?p kh?u,Km dã di 140.000 km,"T?nh thành
Tp.HCM",H?p s? S? t? d?ng,Nhiên li?u Máy d?u
Kia Morning Si 1.25 AT 2016,265000000,Nam SX 2016,Ki?u dáng Hatchback,Tình tr?ng Xe cu,Xu?t x? Trong nu?c,Km dã di 39.000 km,"T?nh thành
Tp.HCM",H?p s? S? t? d?ng,Nhiên li?u Máy xang
Honda CR-V 1.5 E 2019,658000000,Nam SX 2019,Ki?u dáng SUV,Tình tr?ng Xe cu,Xu?t x? Nh?p kh?u,Km dã di 68.000 km,"T?nh thành
H?i Phòng",H?p s? S? t? d?ng,Nhiên li?u Máy xang
Toyota Rush 1.5 AT 2021,520000000,Nam SX 2021,Ki?u dáng SUV,Tình tr?ng Xe cu,Xu?t x? Nh?p kh?u,Km dã di 80.000 km,"T?nh thành
Th?a Thiên Hu?",H?p s? S? t? d?ng,Nhiên li?u Máy xang
Kia Cerato 1.6 MT 2018,285000000,Nam SX 2018,Ki?u dáng Sedan,Tình tr?ng Xe cu,Xu?t x? Trong nu?c,Km dã di 140.000 km,"T?nh thành
H?i Duong",H?p s? S? sàn,Nhiên li?u Máy xang
Toyota Corolla Altis 1.8G CVT 2014,350000000,Nam SX 2014,Ki?u dáng Sedan,Tình tr?ng Xe cu,Xu?t x? Trong nu?c,Km dã di 15.000 km,"T?nh thành
Hà Nam",H?p s? S? t? d?ng,Nhiên li?u Máy xang
Kia Cerato 1.6 MT 2019,375000000,Nam SX 2019,Ki?u dáng Sedan,Tình tr?ng Xe cu,Xu?t x? Trong nu?c,Km dã di 90.000 km,"T?nh thành
H?i Phòng",H?p s? S? sàn,Nhiên li?u Máy xang
Toyota Vios 1.5 E CVT 2024,400000000,Nam SX 2024,Ki?u dáng Sedan,Tình tr?ng Xe cu,Xu?t x? Nh?p kh?u,Km dã di 32.000 km,"T?nh thành
Hà N?i",H?p s? S? t? d?ng,Nhiên li?u Máy xang
Mazda 3 Sedan 1.5L Luxury 2022,538000000,Nam SX 2022,Ki?u dáng Sedan,Tình tr?ng Xe cu,Xu?t x? Nh?p kh?u,Km dã di 68.000 km,"T?nh thành
Qu?ng Bình",H?p s? S? t? d?ng,Nhiên li?u Máy xang
Toyota Vios 1.5 E CVT 2024,400000000,Nam SX 2024,Ki?u dáng Sedan,Tình tr?ng Xe cu,Xu?t x? Nh?p kh?u,Km dã di 32.000 km,"T?nh thành
Hà N?i",H?p s? S? t? d?ng,Nhiên li?u Máy xang
Mazda 3 Sedan 1.5L Luxury 2022,538000000,Nam SX 2022,Ki?u dáng Sedan,Tình tr?ng Xe cu,Xu?t x? Nh?p kh?u,Km dã di 68.000 km,"T?nh thành
Qu?ng Bình",H?p s? S? t? d?ng,Nhiên li?u Máy xang
Hyundai Stargazer 1.5 AT Cao c?p 2024,550000000,Nam SX 2024,Ki?u dáng MPV,Tình tr?ng Xe cu,Xu?t x? Nh?p kh?u,Km dã di 10.000 km,"T?nh thành
Hà N?i",H?p s? S? t? d?ng,Nhiên li?u Máy xang
Ford Ranger XLS 2.2 4x2 MT 2017,300000000,Nam SX 2017,Ki?u dáng Bán t?i,Tình tr?ng Xe cu,Xu?t x? Trong nu?c,Km dã di 10.000 km,"T?nh thành
Hà N?i",H?p s? S? sàn,Nhiên li?u Máy d?u
Mazda 2 2016,295000000,Nam SX 2016,Ki?u dáng Sedan,Tình tr?ng Xe cu,Xu?t x? Trong nu?c,Km dã di 50.000 km,"T?nh thành
H?i Phòng",H?p s? S? t? d?ng,Nhiên li?u Máy xang
Hyundai Grand i10 1.0 AT 2015,235000000,Nam SX 2015,,Tình tr?ng Xe cu,Xu?t x? Trong nu?c,Km dã di 75.284 km,"T?nh thành
H?i Phòng",H?p s? S? t? d?ng,Nhiên li?u Máy xang
VinFast Fadil 2022,328000000,Nam SX 2022,Ki?u dáng Hatchback,Tình tr?ng Xe cu,Xu?t x? Nh?p kh?u,Km dã di 58.000 km,"T?nh thành
Tp.HCM",H?p s? S? t? d?ng,Nhiên li?u Máy xang
Kia Sorento 2WD 2.4 GAT 2016,390000000,Nam SX 2016,Ki?u dáng SUV,Tình tr?ng Xe cu,Xu?t x? Trong nu?c,Km dã di 115.000 km,"T?nh thành
Tp.HCM",H?p s? S? t? d?ng,Nhiên li?u Máy xang
Honda CR-V 1.5 L 2018,715000000,Nam SX 2018,Ki?u dáng SUV,Tình tr?ng Xe cu,Xu?t x? Nh?p kh?u,Km dã di 8.000 km,"T?nh thành
Hà N?i",H?p s? S? t? d?ng,Nhiên li?u Máy xang
Mercedes-Benz AMG G63 4.0 v8 2022,10999000000,Nam SX 2022,Ki?u dáng SUV,Tình tr?ng Xe cu,Xu?t x? Nh?p kh?u,Km dã di 19.999 km,"T?nh thành
Tp.HCM",H?p s? S? t? d?ng,Nhiên li?u Máy xang
Toyota Vios 1.5G AT 2019,389000000,Nam SX 2019,Ki?u dáng Sedan,Tình tr?ng Xe cu,Xu?t x? Trong nu?c,Km dã di 77.459 km,"T?nh thành
H?i Phòng",H?p s? S? t? d?ng,Nhiên li?u Máy xang
Toyota Vios 1.5E MT 2020,300000000,Nam SX 2020,Ki?u dáng Sedan,Tình tr?ng Xe cu,Xu?t x? Trong nu?c,Km dã di 124.500 km,"T?nh thành
Phú Th?",H?p s? S? sàn,Nhiên li?u Máy xang
VinFast Fadil Cao c?p 2022,342000000,Nam SX 2022,Ki?u dáng Hatchback,Tình tr?ng Xe cu,Xu?t x? Trong nu?c,Km dã di 20.000 km,"T?nh thành
Hà N?i",H?p s? S? t? d?ng,Nhiên li?u Máy xang
Toyota Corolla Altis 1.8 G 2021,610000000,Nam SX 2021,Ki?u dáng Sedan,Tình tr?ng Xe cu,Xu?t x? Trong nu?c,Km dã di 40.000 km,"T?nh thành
Hà N?i",H?p s? S? t? d?ng,Nhiên li?u Máy xang
Mazda 6 2.5L Signature Premium 2021,595000000,Nam SX 2021,,Tình tr?ng Xe cu,Xu?t x? Trong nu?c,Km dã di 29.000 km,"T?nh thành
H?i Phòng",H?p s? S? t? d?ng,Nhiên li?u Máy xang
Hyundai Accent 1.4 AT 2019,368000000,Nam SX 2019,Ki?u dáng Sedan,Tình tr?ng Xe cu,Xu?t x? Trong nu?c,Km dã di 11.000 km,"T?nh thành
H?i Phòng",H?p s? S? t? d?ng,Nhiên li?u Máy xang
Mazda 6 2.0 AT 2015,358000000,Nam SX 2015,Ki?u dáng Sedan,Tình tr?ng Xe cu,Xu?t x? Trong nu?c,Km dã di 120.000 km,"T?nh thành
H?i Phòng",H?p s? S? t? d?ng,Nhiên li?u Máy xang
Toyota Innova 2017,395000000,Nam SX 2017,,Tình tr?ng Xe cu,Xu?t x? Trong nu?c,Km dã di 100.000 km,"T?nh thành
H?i Phòng",H?p s? S? t? d?ng,Nhiên li?u Máy xang
Mazda CX-5 2.0 Luxury 2012,399000000,Nam SX 2012,Ki?u dáng SUV,Tình tr?ng Xe cu,Xu?t x? Nh?p kh?u,Km dã di 8.000 km,"T?nh thành
Hà N?i",H?p s? S? t? d?ng,Nhiên li?u Máy xang
Toyota Innova 2016,358000000,Nam SX 2016,,Tình tr?ng Xe cu,Xu?t x? Trong nu?c,Km dã di 151.667 km,"T?nh thành
H?i Phòng",H?p s? S? t? d?ng,Nhiên li?u Máy xang
VinFast VF5 Plus 2024,470000000,Nam SX 2024,Ki?u dáng SUV,Tình tr?ng Xe cu,Xu?t x? Nh?p kh?u,Km dã di 23.000 km,"T?nh thành
B?c Ninh",H?p s? S? t? d?ng,Nhiên li?u Ði?n
Toyota Yaris 1.5G 2018,415000000,Nam SX 2018,Ki?u dáng Hatchback,Tình tr?ng Xe cu,Xu?t x? Nh?p kh?u,Km dã di 80.000 km,"T?nh thành
H?i Phòng",H?p s? S? t? d?ng,Nhiên li?u Máy xang
Suzuki Ertiga 2019,365000000,Nam SX 2019,Ki?u dáng MPV,Tình tr?ng Xe cu,Xu?t x? Trong nu?c,Km dã di 50.000 km,"T?nh thành
Lâm Ð?ng",H?p s? S? t? d?ng,Nhiên li?u Máy xang
Kia Sedona 2.2 Platinum D 2017,620000000,Nam SX 2017,Ki?u dáng MPV,Tình tr?ng Xe cu,Xu?t x? Trong nu?c,Km dã di 9.000 km,"T?nh thành
Hà N?i",H?p s? S? t? d?ng,Nhiên li?u Máy d?u
Ford Ranger XLS 2.2 4x2 AT 2016,350000000,Nam SX 2016,Ki?u dáng Bán t?i,Tình tr?ng Xe cu,Xu?t x? Nh?p kh?u,Km dã di 200.000 km,"T?nh thành
Yên Bái",H?p s? S? t? d?ng,Nhiên li?u Máy d?u
Hyundai Grand i10 Sedan 1.2 AT 2017,290000000,Nam SX 2017,Ki?u dáng Sedan,Tình tr?ng Xe cu,Xu?t x? Trong nu?c,Km dã di 60.243 km,"T?nh thành
H?i Phòng",H?p s? S? t? d?ng,Nhiên li?u Máy xang
VinFast VF5 Plus 2025,445000000,Nam SX 2025,Ki?u dáng Crossover,Tình tr?ng Xe cu,Xu?t x? Nh?p kh?u,Km dã di 20.000 km,"T?nh thành
Hà N?i",H?p s? S? t? d?ng,Nhiên li?u Ði?n
Ford Escape XLS 2009,185000000,Nam SX 2009,Ki?u dáng SUV,Tình tr?ng Xe cu,,,"T?nh thành
Hà N?i",H?p s? S? t? d?ng,Nhiên li?u Máy xang
Ford Transit SVP 2022,620000000,Nam SX 2022,Ki?u dáng Van/Minivan,Tình tr?ng Xe cu,Xu?t x? Trong nu?c,Km dã di 110.000 km,"T?nh thành
Tp.HCM",H?p s? S? sàn,Nhiên li?u Máy d?u
Mazda 2 Sedan 1.5L Deluxe 2015,295000000,Nam SX 2015,Ki?u dáng Sedan,Tình tr?ng Xe cu,Xu?t x? Nh?p kh?u,Km dã di 120.000 km,"T?nh thành
H?i Phòng",H?p s? S? t? d?ng,Nhiên li?u Máy xang
Ford Escape XLS 2009,185000000,Nam SX 2009,Ki?u dáng SUV,Tình tr?ng Xe cu,,,"T?nh thành
Hà N?i",H?p s? S? t? d?ng,Nhiên li?u Máy xang
Ford Transit SVP 2022,620000000,Nam SX 2022,Ki?u dáng Van/Minivan,Tình tr?ng Xe cu,Xu?t x? Trong nu?c,Km dã di 110.000 km,"T?nh thành
Tp.HCM",H?p s? S? sàn,Nhiên li?u Máy d?u
Mazda 2 Sedan 1.5L Deluxe 2015,295000000,Nam SX 2015,Ki?u dáng Sedan,Tình tr?ng Xe cu,Xu?t x? Nh?p kh?u,Km dã di 120.000 km,"T?nh thành
H?i Phòng",H?p s? S? t? d?ng,Nhiên li?u Máy xang
MG 5 1.5L Luxury 2022,380000000,Nam SX 2022,Ki?u dáng Sedan,Tình tr?ng Xe cu,Xu?t x? Nh?p kh?u,Km dã di 34.000 km,"T?nh thành
Tp.HCM",H?p s? S? t? d?ng,Nhiên li?u Máy xang
Honda City 1.5 CVT 2017,335000000,Nam SX 2017,Ki?u dáng Sedan,Tình tr?ng Xe cu,Xu?t x? Trong nu?c,Km dã di 115.000 km,"T?nh thành
Hà N?i",H?p s? S? t? d?ng,Nhiên li?u Máy xang
Ford Everest 2.5 AT 2011,265000000,Nam SX 2011,Ki?u dáng SUV,Tình tr?ng Xe cu,Xu?t x? Trong nu?c,Km dã di 150.000 km,"T?nh thành
Hà N?i",H?p s? S? t? d?ng,Nhiên li?u Máy d?u
BMW 430i 2023,2638000000,Nam SX 2023,Ki?u dáng Convertible,Tình tr?ng Xe cu,Xu?t x? Nh?p kh?u,Km dã di 22.000 km,"T?nh thành
Tp.HCM",H?p s? S? t? d?ng,Nhiên li?u Máy xang
Isuzu mu-X 2018,499000000,Nam SX 2018,Ki?u dáng Bán t?i,Tình tr?ng Xe cu,Xu?t x? Nh?p kh?u,Km dã di 282.000 km,"T?nh thành
Qu?ng Nam",H?p s? S? t? d?ng,Nhiên li?u Máy d?u
Toyota Vios G 2018,357000000,Nam SX 2018,Ki?u dáng Sedan,Tình tr?ng Xe cu,Xu?t x? Trong nu?c,Km dã di 110.000 km,"T?nh thành
Ðà N?ng",H?p s? S? t? d?ng,Nhiên li?u Máy xang
Peugeot 2008 GT Line 2022,630000000,Nam SX 2022,Ki?u dáng SUV,Tình tr?ng Xe cu,Xu?t x? Nh?p kh?u,Km dã di 40.000 km,"T?nh thành
Hà N?i",H?p s? S? t? d?ng,Nhiên li?u Máy xang
Hyundai Elantra   2.0 AT 2019,515000000,Nam SX 2019,Ki?u dáng Sedan,Tình tr?ng Xe cu,Xu?t x? Trong nu?c,Km dã di 19.000 km,"T?nh thành
Hà N?i",H?p s? S? t? d?ng,Nhiên li?u Máy xang
Ford Ranger Raptor 2023,860000000,Nam SX 2023,Ki?u dáng Bán t?i,Tình tr?ng Xe cu,Xu?t x? Nh?p kh?u,Km dã di 50.000 km,"T?nh thành
Tp.HCM",H?p s? S? t? d?ng,Nhiên li?u Máy d?u
Kia Cerato 1.6 AT Deluxe 2016,365000000,Nam SX 2016,Ki?u dáng Sedan,Tình tr?ng Xe cu,Xu?t x? Trong nu?c,Km dã di 130.000 km,"T?nh thành
H?i Phòng",H?p s? S? t? d?ng,Nhiên li?u Máy xang
Mazda CX-5 2.0 Deluxe 2023,712000000,Nam SX 2023,Ki?u dáng SUV,Tình tr?ng Xe cu,Xu?t x? Trong nu?c,Km dã di 8.000 km,"T?nh thành
Hà N?i",H?p s? S? t? d?ng,Nhiên li?u Máy xang
Kia K3 1.6 Luxury 2022,600000000,Nam SX 2022,Ki?u dáng Sedan,Tình tr?ng Xe cu,Xu?t x? Trong nu?c,Km dã di 30.000 km,"T?nh thành
Ðà N?ng",H?p s? S? t? d?ng,Nhiên li?u Máy xang
Toyota Corolla Cross 1.8 HV 2025,860000000,Nam SX 2025,Ki?u dáng Crossover,Tình tr?ng Xe cu,Xu?t x? Trong nu?c,Km dã di 25 km,"T?nh thành
H?i Phòng",H?p s? S? t? d?ng,Nhiên li?u Hybrid
Mitsubishi Outlander 2.0 CVT 2022,679000000,Nam SX 2022,Ki?u dáng SUV,Tình tr?ng Xe cu,Xu?t x? Trong nu?c,Km dã di 50.000 km,"T?nh thành
Hà N?i",H?p s? S? t? d?ng,Nhiên li?u Máy xang
Mitsubishi Outlander 2.0 CVT 2022,680000000,Nam SX 2022,Ki?u dáng SUV,Tình tr?ng Xe cu,Xu?t x? Trong nu?c,Km dã di 10.500 km,"T?nh thành
Bình Ð?nh",H?p s? S? t? d?ng,Nhiên li?u Máy xang
Mitsubishi Pajero Sport D 4x2 AT 2018,675000000,Nam SX 2018,Ki?u dáng SUV,Tình tr?ng Xe cu,Xu?t x? Nh?p kh?u,Km dã di 100.000 km,"T?nh thành
Phú Th?",H?p s? S? t? d?ng,Nhiên li?u Máy d?u
Ford Escape XLT 2.3 AT 4x4 2010,179000000,Nam SX 2010,Ki?u dáng SUV,Tình tr?ng Xe cu,Xu?t x? Nh?p kh?u,Km dã di 18.000 km,"T?nh thành
Tp.HCM",H?p s? S? t? d?ng,Nhiên li?u Máy xang
Toyota Fortuner 2.5G 4x2 MT 2016,625000000,Nam SX 2016,Ki?u dáng SUV,Tình tr?ng Xe cu,Xu?t x? Nh?p kh?u,Km dã di 104.500 km,"T?nh thành
Bình Duong",H?p s? S? sàn,Nhiên li?u Máy d?u
Hyundai Accent 1.4 AT 2021,405000000,Nam SX 2021,Ki?u dáng Sedan,Tình tr?ng Xe cu,Xu?t x? Trong nu?c,Km dã di 41.000 km,"T?nh thành
Qu?ng Nam",H?p s? S? t? d?ng,Nhiên li?u Máy xang
Hyundai Verna 2010,135000000,Nam SX 2010,Ki?u dáng Sedan,Tình tr?ng Xe cu,Xu?t x? Nh?p kh?u,Km dã di 180.000 km,"T?nh thành
Phú Th?",H?p s? S? sàn,Nhiên li?u Máy xang
Chevrolet Cruze LS 1.6 2010,150000000,Nam SX 2010,Ki?u dáng Sedan,Tình tr?ng Xe cu,Xu?t x? Trong nu?c,Km dã di 107.000 km,"T?nh thành
B?n Tre",H?p s? S? sàn,Nhiên li?u Máy xang
Mazda 2 Sedan 1.5L Deluxe 2017,340000000,Nam SX 2017,Ki?u dáng Sedan,Tình tr?ng Xe cu,Xu?t x? Nh?p kh?u,Km dã di 85.000 km,"T?nh thành
Hà N?i",H?p s? S? t? d?ng,Nhiên li?u Máy xang
Toyota Camry XLI 1997,145000000,Nam SX 1997,Ki?u dáng Sedan,Tình tr?ng Xe cu,Xu?t x? Nh?p kh?u,Km dã di 170.000 km,"T?nh thành
C?n Tho",H?p s? S? sàn,Nhiên li?u Máy xang
Mitsubishi Attrage 1.2L MT 2016,186000000,Nam SX 2016,Ki?u dáng Sedan,Tình tr?ng Xe cu,Xu?t x? Nh?p kh?u,Km dã di 241.824 km,"T?nh thành
Tp.HCM",H?p s? S? sàn,Nhiên li?u Máy xang
Kia Morning GT-LINE 2023,,Nam SX 2023,Ki?u dáng Hatchback,Tình tr?ng Xe cu,Xu?t x? Trong nu?c,Km dã di 38.000 km,"T?nh thành
Ð?k L?k",H?p s? S? t? d?ng,Nhiên li?u Máy xang
Kia Sportage Limited 2.0 AT 2015,465000000,Nam SX 2015,Ki?u dáng SUV,Tình tr?ng Xe cu,Xu?t x? Nh?p kh?u,Km dã di 130.000 km,"T?nh thành
Hà N?i",H?p s? S? t? d?ng,Nhiên li?u Máy xang
Mazda 3 2019,490000000,Nam SX 2019,Ki?u dáng Sedan,Tình tr?ng Xe cu,Xu?t x? Nh?p kh?u,Km dã di 25.974 km,"T?nh thành
Tp.HCM",H?p s? S? t? d?ng,Nhiên li?u Máy xang
Mazda 3 2019,490000000,Nam SX 2019,Ki?u dáng Sedan,Tình tr?ng Xe cu,Xu?t x? Nh?p kh?u,Km dã di 25.974 km,"T?nh thành
Tp.HCM",H?p s? S? t? d?ng,Nhiên li?u Máy xang
Kia Spectra 2003,75000000,Nam SX 2003,Ki?u dáng Sedan,Tình tr?ng Xe cu,Xu?t x? Trong nu?c,Km dã di 150.000 km,"T?nh thành
Phú Th?",H?p s? S? sàn,Nhiên li?u Máy xang
Mazda 3 1.6 AT 2017,395000000,Nam SX 2017,Ki?u dáng Sedan,Tình tr?ng Xe cu,Xu?t x? Trong nu?c,Km dã di 84.000 km,"T?nh thành
Tp.HCM",H?p s? S? t? d?ng,Nhiên li?u Máy xang
Hyundai Grand i10 Sedan 1.2 MT 2016,155000000,Nam SX 2016,Ki?u dáng Sedan,Tình tr?ng Xe cu,Xu?t x? Nh?p kh?u,Km dã di 200.000 km,"T?nh thành
Phú Th?",H?p s? S? sàn,Nhiên li?u Máy xang
Peugeot 3008 Allure 2022,800000000,Nam SX 2022,Ki?u dáng SUV,Tình tr?ng Xe cu,Xu?t x? Trong nu?c,Km dã di 29.000 km,"T?nh thành
Tp.HCM",H?p s? S? t? d?ng,Nhiên li?u Máy xang
Ford Fiesta 1.5AT Titanium 2017,265000000,Nam SX 2017,,Tình tr?ng Xe cu,Xu?t x? Trong nu?c,Km dã di 120.000 km,"T?nh thành
Hà N?i",H?p s? S? t? d?ng,Nhiên li?u Máy xang
Kia Morning Si 1.25 AT 2017,265000000,Nam SX 2017,Ki?u dáng Hatchback,Tình tr?ng Xe cu,Xu?t x? Trong nu?c,Km dã di 38.000 km,"T?nh thành
Hà N?i",H?p s? S? t? d?ng,Nhiên li?u Máy xang
Honda CR-V 2.4L TG 2010,290000000,Nam SX 2010,Ki?u dáng SUV,Tình tr?ng Xe cu,Xu?t x? Trong nu?c,Km dã di 130.000 km,"T?nh thành
Phú Th?",H?p s? S? t? d?ng,Nhiên li?u Máy xang
Mercedes-Benz GLC 250 2017,838000000,Nam SX 2017,Ki?u dáng SUV,Tình tr?ng Xe cu,Xu?t x? Trong nu?c,Km dã di 78.000 km,"T?nh thành
Tp.HCM",H?p s? S? t? d?ng,Nhiên li?u Máy xang
Honda CR-V 2.4L TG 2017,570000000,Nam SX 2017,Ki?u dáng SUV,Tình tr?ng Xe cu,Xu?t x? Trong nu?c,Km dã di 90.000 km,"T?nh thành
Hà N?i",H?p s? S? t? d?ng,Nhiên li?u Máy xang
Toyota Camry 2.4G 2011,345000000,Nam SX 2011,Ki?u dáng Sedan,Tình tr?ng Xe cu,Xu?t x? Trong nu?c,Km dã di 100.000 km,"T?nh thành
Phú Th?",H?p s? S? t? d?ng,Nhiên li?u Máy xang
Toyota Zace 2002,110000000,Nam SX 2002,Ki?u dáng MPV,Tình tr?ng Xe cu,Xu?t x? Nh?p kh?u,Km dã di 350.000 km,"T?nh thành
B?c Liêu",H?p s? S? sàn,Nhiên li?u Máy xang
Hyundai Stargazer 1.5 AT Tiêu chu?n 2022,400000000,Nam SX 2022,Ki?u dáng MPV,Tình tr?ng Xe cu,Xu?t x? Nh?p kh?u,Km dã di 89.000 km,"T?nh thành
C?n Tho",H?p s? S? t? d?ng,Nhiên li?u Máy xang
Mazda CX-5 2.0 AWD 2015,465000000,Nam SX 2015,Ki?u dáng SUV,Tình tr?ng Xe cu,Xu?t x? Trong nu?c,Km dã di 150.000 km,"T?nh thành
Phú Th?",H?p s? S? t? d?ng,Nhiên li?u Máy xang
BMW X6 xDrive35i 2008,330000000,Nam SX 2008,Ki?u dáng SUV,Tình tr?ng Xe cu,Xu?t x? Nh?p kh?u,Km dã di 150.000 km,"T?nh thành
Phú Th?",H?p s? S? t? d?ng,Nhiên li?u Máy xang
Hyundai Santa Fe 2.2L D?u Cao c?p 2020,900000000,Nam SX 2020,Ki?u dáng SUV,Tình tr?ng Xe cu,Xu?t x? Trong nu?c,Km dã di 41.000 km,"T?nh thành
Trà Vinh",H?p s? S? t? d?ng,Nhiên li?u Máy d?u
Mazda CX-8 Premium AWD 2019,770000000,Nam SX 2019,Ki?u dáng SUV,Tình tr?ng Xe cu,Xu?t x? Nh?p kh?u,Km dã di 48.000 km,"T?nh thành
Tp.HCM",H?p s? S? t? d?ng,Nhiên li?u Máy xang
Toyota Corolla Altis 1.8E MT 2002,125000000,Nam SX 2002,Ki?u dáng Sedan,Tình tr?ng Xe cu,Xu?t x? Trong nu?c,Km dã di 105.000 km,"T?nh thành
Phú Th?",H?p s? S? sàn,Nhiên li?u Máy xang
Toyota Zace 2005,145000000,Nam SX 2005,Ki?u dáng SUV,Tình tr?ng Xe cu,Xu?t x? Trong nu?c,Km dã di 150.000 km,"T?nh thành
Hà N?i",H?p s? S? sàn,Nhiên li?u Máy xang
Hyundai Grand i10 Sedan 1.2 MT 2020,300000000,Nam SX 2020,Ki?u dáng Sedan,Tình tr?ng Xe cu,Xu?t x? Nh?p kh?u,Km dã di 86.000 km,"T?nh thành
Nam Ð?nh",H?p s? S? sàn,Nhiên li?u Máy xang
Daewoo Lacetti EX 1.6 MT 2010,120000000,Nam SX 2010,Ki?u dáng Sedan,Tình tr?ng Xe cu,Xu?t x? Trong nu?c,Km dã di 130.000 km,"T?nh thành
B?n Tre",H?p s? S? sàn,Nhiên li?u Máy xang
Mitsubishi Attrage CVT 2020,299000000,Nam SX 2020,Ki?u dáng Sedan,Tình tr?ng Xe cu,Xu?t x? Nh?p kh?u,Km dã di 52.000 km,"T?nh thành
Hà N?i",H?p s? S? t? d?ng,Nhiên li?u Máy xang
Hyundai Avante 1.6 MT 2012,200000000,Nam SX 2012,Ki?u dáng Sedan,Tình tr?ng Xe cu,Xu?t x? Trong nu?c,Km dã di 130.000 km,"T?nh thành
Phú Th?",H?p s? S? sàn,Nhiên li?u Máy xang
Kia Sorento 2020,660000000,Nam SX 2020,Ki?u dáng SUV,Tình tr?ng Xe cu,Xu?t x? Nh?p kh?u,Km dã di 67.000 km,"T?nh thành
Tp.HCM",H?p s? S? t? d?ng,Nhiên li?u Máy xang
Chevrolet Vivant 2.0 2009,85000000,Nam SX 2009,Ki?u dáng Crossover,Tình tr?ng Xe cu,Xu?t x? Trong nu?c,Km dã di 150.000 km,"T?nh thành
Phú Th?",H?p s? S? sàn,Nhiên li?u Máy xang
Hyundai Grand Starex 2.4 MT 2017,460000000,Nam SX 2017,Ki?u dáng Van/Minivan,Tình tr?ng Xe cu,Xu?t x? Nh?p kh?u,Km dã di 10.000 km,"T?nh thành
Hà N?i",H?p s? S? sàn,Nhiên li?u Máy d?u
Honda City RS 2022,420000000,Nam SX 2022,Ki?u dáng Sedan,Tình tr?ng Xe cu,Xu?t x? Trong nu?c,Km dã di 27.000 km,"T?nh thành
Tp.HCM",H?p s? S? t? d?ng,Nhiên li?u Máy xang
Mitsubishi Triton 4×4 AT 2013,295000000,Nam SX 2013,Ki?u dáng Bán t?i,Tình tr?ng Xe cu,Xu?t x? Trong nu?c,Km dã di 140.000 km,"T?nh thành
Hà N?i",H?p s? S? t? d?ng,Nhiên li?u Máy xang
Ford Ranger Wildtrak 2.0L 4x4 AT 2018,590000000,Nam SX 2018,Ki?u dáng Bán t?i,Tình tr?ng Xe cu,Xu?t x? Trong nu?c,Km dã di 100.000 km,"T?nh thành
Phú Th?",H?p s? S? t? d?ng,Nhiên li?u Máy d?u
Ford Ranger XLS 2.2 4x2 AT 2016,395000000,Nam SX 2016,Ki?u dáng Bán t?i,Tình tr?ng Xe cu,Xu?t x? Trong nu?c,Km dã di 78.000 km,"T?nh thành
Hà N?i",H?p s? S? t? d?ng,Nhiên li?u Máy xang
Ford Ranger XLS 2.2 4x2 AT 2016,395000000,Nam SX 2016,Ki?u dáng Bán t?i,Tình tr?ng Xe cu,Xu?t x? Trong nu?c,Km dã di 78.000 km,"T?nh thành
Hà N?i",H?p s? S? t? d?ng,Nhiên li?u Máy xang
VinFast VF8 Eco 2023,777000000,Nam SX 2023,Ki?u dáng Crossover,Tình tr?ng Xe cu,Xu?t x? Trong nu?c,Km dã di 40.000 km,"T?nh thành
Hà N?i",H?p s? S? t? d?ng,Nhiên li?u Ði?n
Kia Cerato 2.0 AT Premium 2019,450000000,Nam SX 2019,Ki?u dáng Sedan,Tình tr?ng Xe cu,Xu?t x? Trong nu?c,Km dã di 64.000 km,"T?nh thành
Hà N?i",H?p s? S? t? d?ng,Nhiên li?u Máy xang
Mazda CX-8 Premium 2023,960000000,Nam SX 2023,Ki?u dáng SUV,Tình tr?ng Xe cu,Xu?t x? Trong nu?c,Km dã di 7.000 km,"T?nh thành
Tp.HCM",H?p s? S? t? d?ng,Nhiên li?u Máy xang
Hyundai Santa Fe 2.4L Xang Tiêu chu?n 2017,550000000,Nam SX 2017,Ki?u dáng SUV,Tình tr?ng Xe cu,Xu?t x? Nh?p kh?u,Km dã di 130.000 km,"T?nh thành
Tp.HCM",H?p s? S? t? d?ng,Nhiên li?u Máy xang
Honda Civic 1.8 AT 2019,495000000,Nam SX 2019,Ki?u dáng Sedan,Tình tr?ng Xe cu,Xu?t x? Nh?p kh?u,Km dã di 65.000 km,"T?nh thành
Hà N?i",H?p s? S? t? d?ng,Nhiên li?u Máy xang
Kia Morning S 1.25 AT 2017,275000000,Nam SX 2017,Ki?u dáng Hatchback,Tình tr?ng Xe cu,Xu?t x? Trong nu?c,Km dã di 100.000 km,"T?nh thành
Phú Th?",H?p s? S? t? d?ng,Nhiên li?u Máy xang
Hyundai Grand i10 Sedan 1.2 MT 2019,220000000,Nam SX 2019,Ki?u dáng Sedan,Tình tr?ng Xe cu,Xu?t x? Trong nu?c,Km dã di 230.000 km,"T?nh thành
Hà N?i",H?p s? S? sàn,Nhiên li?u Máy xang
Ford Ranger XLS 2.0L 4x2 AT 2022,668000000,Nam SX 2022,Ki?u dáng Bán t?i,Tình tr?ng Xe cu,Xu?t x? Trong nu?c,Km dã di 60.000 km,"T?nh thành
Ð?ng Nai",H?p s? S? t? d?ng,Nhiên li?u Máy d?u
VinFast LUX A2.0 Cao c?p 2019,550000000,Nam SX 2019,Ki?u dáng Sedan,Tình tr?ng Xe cu,Xu?t x? Trong nu?c,Km dã di 70.000 km,"T?nh thành
Hà N?i",H?p s? S? t? d?ng,Nhiên li?u Máy xang
Ford Ranger XLS 2.2L 4x2 MT 2017,430000000,Nam SX 2017,Ki?u dáng Bán t?i,Tình tr?ng Xe cu,Xu?t x? Nh?p kh?u,Km dã di 110.000 km,"T?nh thành
Hà N?i",H?p s? S? t? d?ng,Nhiên li?u Máy d?u
Mercedes-Benz C300 AMG 2021,1468000000,Nam SX 2021,Ki?u dáng Sedan,Tình tr?ng Xe cu,Xu?t x? Trong nu?c,Km dã di 9.000 km,"T?nh thành
Tp.HCM",H?p s? S? t? d?ng,Nhiên li?u Máy xang
Peugeot 3008 Allure 2018,555000000,Nam SX 2018,Ki?u dáng SUV,Tình tr?ng Xe cu,Xu?t x? Nh?p kh?u,Km dã di 98.000 km,"T?nh thành
Hà N?i",H?p s? S? t? d?ng,Nhiên li?u Máy xang
Nissan Navara EL 2020,485000000,Nam SX 2020,,Tình tr?ng Xe cu,Xu?t x? Trong nu?c,Km dã di 100.000 km,"T?nh thành
Hà N?i",H?p s? S? t? d?ng,Nhiên li?u Máy xang
Mazda 6 2.0 AT 2018,505000000,Nam SX 2018,Ki?u dáng Sedan,Tình tr?ng Xe cu,Xu?t x? Trong nu?c,Km dã di 100.000 km,"T?nh thành
Phú Th?",H?p s? S? t? d?ng,Nhiên li?u Máy xang
Hyundai Santa Fe 2.2 D?u Ð?c bi?t 2022,1070000000,Nam SX 2022,Ki?u dáng SUV,Tình tr?ng Xe cu,Xu?t x? Trong nu?c,Km dã di 58.000 km,"T?nh thành
Phú Th?",H?p s? S? t? d?ng,Nhiên li?u Máy d?u
Ford Ranger Wildtrak 2.0L 4x4 AT 2021,750000000,Nam SX 2021,Ki?u dáng Bán t?i,Tình tr?ng Xe cu,Xu?t x? Nh?p kh?u,Km dã di 60.000 km,"T?nh thành
Tp.HCM",H?p s? S? t? d?ng,Nhiên li?u Máy d?u
Volvo XC90 2022,3300000000,Nam SX 2022,Ki?u dáng SUV,Tình tr?ng Xe cu,Xu?t x? Nh?p kh?u,Km dã di 19.000 km,"T?nh thành
Tp.HCM",H?p s? S? t? d?ng,Nhiên li?u Hybrid
Lexus ES 250 2021,1980000000,Nam SX 2021,Ki?u dáng Sedan,Tình tr?ng Xe cu,Xu?t x? Nh?p kh?u,Km dã di 29.000 km,"T?nh thành
Tp.HCM",H?p s? S? t? d?ng,Nhiên li?u Máy xang
Hyundai Accent 1.4 MT Tiêu chu?n 2021,310000000,Nam SX 2021,Ki?u dáng Sedan,Tình tr?ng Xe cu,Xu?t x? Trong nu?c,Km dã di 96.000 km,"T?nh thành
Hà N?i",H?p s? S? sàn,Nhiên li?u Máy xang
Lexus GX 460 2016,2350000000,Nam SX 2016,Ki?u dáng SUV,Tình tr?ng Xe cu,Xu?t x? Nh?p kh?u,Km dã di 68.000 km,"T?nh thành
Tp.HCM",H?p s? S? t? d?ng,Nhiên li?u Máy xang
Ford Ranger XLS 2.2 4x2 AT 2022,585000000,Nam SX 2022,Ki?u dáng Bán t?i,Tình tr?ng Xe cu,Xu?t x? Trong nu?c,Km dã di 40.000 km,"T?nh thành
Tp.HCM",H?p s? S? t? d?ng,Nhiên li?u Máy d?u
Lexus GX 460 2016,2350000000,Nam SX 2016,Ki?u dáng SUV,Tình tr?ng Xe cu,Xu?t x? Nh?p kh?u,Km dã di 68.000 km,"T?nh thành
Tp.HCM",H?p s? S? t? d?ng,Nhiên li?u Máy xang
Toyota Fortuner 2.7V 2017,635000000,Nam SX 2017,Ki?u dáng SUV,Tình tr?ng Xe cu,Xu?t x? Nh?p kh?u,Km dã di 01 km,"T?nh thành
Hà N?i",H?p s? S? t? d?ng,Nhiên li?u Máy xang
Mercedes-Benz GLC 200 4Matic 2022,1180000000,Nam SX 2022,Ki?u dáng SUV,Tình tr?ng Xe cu,Xu?t x? Nh?p kh?u,Km dã di 59.000 km,"T?nh thành
Tp.HCM",H?p s? S? t? d?ng,Nhiên li?u Máy xang
VinFast LUX A2.0 Cao c?p 2020,580000000,Nam SX 2020,,Tình tr?ng Xe cu,Xu?t x? Trong nu?c,Km dã di 76.000 km,"T?nh thành
Hà N?i",H?p s? S? t? d?ng,Nhiên li?u Máy xang
Ford EcoSport Titanium 1.5L AT 2015,295000000,Nam SX 2015,Ki?u dáng SUV,Tình tr?ng Xe cu,Xu?t x? Trong nu?c,Km dã di 120.000 km,"T?nh thành
Hà N?i",H?p s? S? t? d?ng,Nhiên li?u Máy xang
Mini Cooper S 3 c?a 2022,1590000000,Nam SX 2022,Ki?u dáng Hatchback,Tình tr?ng Xe cu,Xu?t x? Nh?p kh?u,Km dã di 9.500 km,"T?nh thành
Tp.HCM",H?p s? S? t? d?ng,Nhiên li?u Máy xang
Lexus GX 470 2007,650000000,Nam SX 2007,,Tình tr?ng Xe cu,Xu?t x? Nh?p kh?u,Km dã di 162.000 km,"T?nh thành
Hà N?i",H?p s? S? t? d?ng,Nhiên li?u Máy xang
Kia Cerato 1.6 AT Luxury 2018,399000000,Nam SX 2018,Ki?u dáng Sedan,Tình tr?ng Xe cu,Xu?t x? Trong nu?c,Km dã di 91.289 km,"T?nh thành
Hà N?i",H?p s? S? t? d?ng,Nhiên li?u Máy xang
Mazda 3 1.5L Sedan 2019,455000000,Nam SX 2019,Ki?u dáng Sedan,Tình tr?ng Xe cu,Xu?t x? Trong nu?c,Km dã di 65.689 km,"T?nh thành
Hà N?i",H?p s? S? t? d?ng,Nhiên li?u Máy xang
VinFast LUX A2.0 Cao c?p 2019,499000000,Nam SX 2019,Ki?u dáng Sedan,Tình tr?ng Xe cu,Xu?t x? Trong nu?c,Km dã di 67.899 km,"T?nh thành
Hà N?i",H?p s? S? t? d?ng,Nhiên li?u Máy xang
Mercedes-Benz GLC 300 4Matic 2023,2298000000,Nam SX 2023,,Tình tr?ng Xe cu,Xu?t x? Trong nu?c,Km dã di 28.000 km,"T?nh thành
Tp.HCM",H?p s? S? t? d?ng,Nhiên li?u Máy xang
Kia Forte SX 1.6 AT 2009,235000000,Nam SX 2009,Ki?u dáng Sedan,Tình tr?ng Xe cu,Xu?t x? Trong nu?c,Km dã di 200.000 km,"T?nh thành
H?i Phòng",H?p s? S? t? d?ng,Nhiên li?u Máy xang
Ford Ranger XLS 2.2L 4x2 MT 2019,485000000,Nam SX 2019,Ki?u dáng Bán t?i,Tình tr?ng Xe cu,Xu?t x? Trong nu?c,Km dã di 85.000 km,"T?nh thành
Tp.HCM",H?p s? S? sàn,Nhiên li?u Máy d?u
Kia Carens SX 2.0 AT 2012,225000000,Nam SX 2012,Ki?u dáng MPV,Tình tr?ng Xe cu,Xu?t x? Trong nu?c,Km dã di 130.000 km,"T?nh thành
Hung Yên",H?p s? S? t? d?ng,Nhiên li?u Máy xang
Toyota Corolla Altis 2.0V  2014,370000000,Nam SX 2014,Ki?u dáng Sedan,Tình tr?ng Xe cu,Xu?t x? Trong nu?c,Km dã di 120.000 km,"T?nh thành
Hung Yên",H?p s? S? t? d?ng,Nhiên li?u Máy xang
Hyundai Grand i10 Sedan 1.2 MT 2018,218000000,Nam SX 2018,Ki?u dáng Sedan,Tình tr?ng Xe cu,Xu?t x? Trong nu?c,Km dã di 120.000 km,"T?nh thành
Hung Yên",H?p s? S? sàn,Nhiên li?u Máy xang
Kia Rondo 1.7 DAT 2015,350000000,Nam SX 2015,Ki?u dáng SUV,Tình tr?ng Xe cu,Xu?t x? Trong nu?c,Km dã di 130.000 km,"T?nh thành
Hung Yên",H?p s? S? t? d?ng,Nhiên li?u Máy d?u
Toyota Vios 1.5E MT 2018,279000000,Nam SX 2018,Ki?u dáng Sedan,Tình tr?ng Xe cu,Xu?t x? Trong nu?c,Km dã di 120.000 km,"T?nh thành
Hung Yên",H?p s? S? sàn,Nhiên li?u Máy xang
Ford Ranger Wildtrak 2.0L 4x4 AT 2020,715000000,Nam SX 2020,Ki?u dáng Bán t?i,Tình tr?ng Xe cu,Xu?t x? Trong nu?c,Km dã di 58.000 km,"T?nh thành
Tp.HCM",H?p s? S? t? d?ng,Nhiên li?u Máy d?u
Mercedes-Benz S450 4Matic Luxury 2019,2199000000,Nam SX 2019,Ki?u dáng Sedan,Tình tr?ng Xe cu,Xu?t x? Nh?p kh?u,Km dã di 56.000 km,"T?nh thành
Tp.HCM",H?p s? S? t? d?ng,Nhiên li?u Máy xang
Land Rover Range Rover Autobiography 3.0L P400 2020,6380000000,Nam SX 2020,Ki?u dáng SUV,Tình tr?ng Xe cu,Xu?t x? Nh?p kh?u,Km dã di 40.000 km,"T?nh thành
Hà N?i",H?p s? S? t? d?ng,Nhiên li?u Máy xang
Mercedes-Benz GLC 300 4Matic 2019,1088000000,Nam SX 2019,Ki?u dáng SUV,Tình tr?ng Xe cu,Xu?t x? Trong nu?c,Km dã di 83.000 km,"T?nh thành
Tp.HCM",H?p s? S? t? d?ng,Nhiên li?u Máy xang
Kia Carnival 2022,998000000,Nam SX 2022,Ki?u dáng MPV,Tình tr?ng Xe cu,Xu?t x? Trong nu?c,Km dã di 46.000 km,"T?nh thành
Tp.HCM",H?p s? S? t? d?ng,Nhiên li?u Máy d?u
Mercedes-Benz GLC 200 4Matic 2022,1399000000,Nam SX 2022,Ki?u dáng SUV,Tình tr?ng Xe cu,Xu?t x? Trong nu?c,Km dã di 45.000 km,"T?nh thành
Tp.HCM",H?p s? S? t? d?ng,Nhiên li?u Máy xang
Mercedes-Benz C300 AMG 2019,1068000000,Nam SX 2019,Ki?u dáng SUV,Tình tr?ng Xe cu,Xu?t x? Nh?p kh?u,Km dã di 49.890 km,"T?nh thành
Tp.HCM",H?p s? S? t? d?ng,Nhiên li?u Máy xang
Mercedes-Benz C300 AMG 2016,630000000,Nam SX 2016,Ki?u dáng Sedan,Tình tr?ng Xe cu,Xu?t x? Trong nu?c,Km dã di 789.000 km,"T?nh thành
Tp.HCM",H?p s? S? t? d?ng,Nhiên li?u Máy xang
Hyundai Accent 1.4 AT Ð?c bi?t 2019,365000000,Nam SX 2019,Ki?u dáng Sedan,Tình tr?ng Xe cu,Xu?t x? Trong nu?c,Km dã di 60.000 km,"T?nh thành
Hà N?i",H?p s? S? t? d?ng,Nhiên li?u Máy xang
Mercedes-Benz E200 Exclusive 2020,1059000000,Nam SX 2020,Ki?u dáng Sedan,Tình tr?ng Xe cu,Xu?t x? Trong nu?c,Km dã di 50.000 km,"T?nh thành
Tp.HCM",H?p s? S? t? d?ng,Nhiên li?u Máy xang
Ford Ranger XLS 2.2 4x2 AT 2015,398000000,Nam SX 2015,Ki?u dáng Bán t?i,Tình tr?ng Xe cu,Xu?t x? Nh?p kh?u,Km dã di 100 km,"T?nh thành
Tp.HCM",H?p s? S? t? d?ng,Nhiên li?u Máy d?u
Lexus RX 350 2024,3500000000,Nam SX 2024,Ki?u dáng SUV,Tình tr?ng Xe cu,Xu?t x? Nh?p kh?u,Km dã di 10.000 km,"T?nh thành
Hà N?i",H?p s? S? t? d?ng,Nhiên li?u Máy xang
Suzuki Vitara 1.6 AT 2015,350000000,Nam SX 2015,Ki?u dáng SUV,Tình tr?ng Xe cu,Xu?t x? Nh?p kh?u,Km dã di 82.000 km,"T?nh thành
Tp.HCM",H?p s? S? t? d?ng,Nhiên li?u Máy xang
Hyundai Porter II 2016,360000000,Nam SX 2016,Ki?u dáng Xe t?i,Tình tr?ng Xe cu,Xu?t x? Nh?p kh?u,Km dã di 60.000 km,"T?nh thành
Hà N?i",H?p s? S? sàn,Nhiên li?u Máy d?u
Volvo S60 Inscription 2021,1100000000,Nam SX 2021,Ki?u dáng Sedan,Tình tr?ng Xe cu,Xu?t x? Nh?p kh?u,Km dã di 75.000 km,"T?nh thành
Hà N?i",H?p s? S? t? d?ng,Nhiên li?u Máy xang
Hyundai Tucson 1.6 Turbo HTRAC 2023,888000000,Nam SX 2023,Ki?u dáng Hatchback,Tình tr?ng Xe cu,Xu?t x? Trong nu?c,Km dã di 40.000 km,"T?nh thành
Hà N?i",H?p s? S? t? d?ng,Nhiên li?u Máy xang
Suzuki Blind Van Suzuki Blind Van 2022,215000000,Nam SX 2022,Ki?u dáng Bán t?i,Tình tr?ng Xe cu,Xu?t x? Trong nu?c,Km dã di 52.000 km,"T?nh thành
Tp.HCM",H?p s? S? sàn,Nhiên li?u Máy xang
Volvo XC60 B6 AWD Inscription 2021,1599000000,Nam SX 2021,Ki?u dáng SUV,Tình tr?ng Xe cu,Xu?t x? Nh?p kh?u,Km dã di 80.000 km,"T?nh thành
Hà N?i",H?p s? S? t? d?ng,Nhiên li?u Máy xang
Toyota Vios 1.5G AT 2019,380000000,Nam SX 2019,Ki?u dáng Sedan,Tình tr?ng Xe cu,Xu?t x? Trong nu?c,Km dã di 125.000 km,"T?nh thành
Hà N?i",H?p s? S? t? d?ng,Nhiên li?u Máy xang
Ford Transit MID Tiêu chu?n 2016,375000000,Nam SX 2016,Ki?u dáng Van/Minivan,Tình tr?ng Xe cu,Xu?t x? Trong nu?c,Km dã di 80.000 km,"T?nh thành
Hà N?i",H?p s? S? sàn,Nhiên li?u Máy d?u
VinFast LUX A2.0 Nâng cao 2021,545000000,Nam SX 2021,Ki?u dáng Sedan,Tình tr?ng Xe cu,Xu?t x? Trong nu?c,Km dã di 79.000 km,"T?nh thành
Hà N?i",H?p s? S? t? d?ng,Nhiên li?u Máy xang
Hyundai i30 CW 1.6 AT 2009,220000000,Nam SX 2009,Ki?u dáng Hatchback,Tình tr?ng Xe cu,Xu?t x? Nh?p kh?u,Km dã di 120.000 km,"T?nh thành
Hà N?i",H?p s? S? t? d?ng,Nhiên li?u Máy xang
Kia K165 2016,240000000,Nam SX 2016,Ki?u dáng Xe t?i,Tình tr?ng Xe cu,Xu?t x? Trong nu?c,Km dã di 10.000 km,"T?nh thành
Hà N?i",H?p s? S? sàn,Nhiên li?u Máy d?u
Mercedes-Benz AMG G63 4.0 v8 2021,9650000000,Nam SX 2021,Ki?u dáng SUV,Tình tr?ng Xe cu,Xu?t x? Nh?p kh?u,Km dã di 19.999 km,"T?nh thành
Tp.HCM",H?p s? S? t? d?ng,Nhiên li?u Máy xang
Suzuki Super Carry Van Blind Van 2015,140000000,Nam SX 2015,Ki?u dáng Van/Minivan,Tình tr?ng Xe cu,Xu?t x? Trong nu?c,Km dã di 10.000 km,"T?nh thành
Hà N?i",H?p s? S? sàn,Nhiên li?u Máy xang
Mitsubishi Outlander 2.4 Premium 2017,575000000,Nam SX 2017,Ki?u dáng SUV,Tình tr?ng Xe cu,Xu?t x? Nh?p kh?u,Km dã di 36.000 km,"T?nh thành
Hà N?i",H?p s? S? t? d?ng,Nhiên li?u Máy xang
Kia Sonet 1.5 Premium 2023,565000000,Nam SX 2023,,Tình tr?ng Xe cu,Xu?t x? Trong nu?c,Km dã di 30.000 km,"T?nh thành
H?i Phòng",H?p s? S? t? d?ng,Nhiên li?u Máy xang
Kia Sonet 1.5 Deluxe 2023,495000000,Nam SX 2023,,Tình tr?ng Xe cu,Xu?t x? Trong nu?c,Km dã di 24.000 km,"T?nh thành
H?i Phòng",H?p s? S? t? d?ng,Nhiên li?u Máy xang
Mercedes-Benz E200 E200 2019,1055000000,Nam SX 2019,Ki?u dáng Sedan,Tình tr?ng Xe cu,Xu?t x? Nh?p kh?u,Km dã di 40.000 km,"T?nh thành
H?i Phòng",H?p s? S? t? d?ng,Nhiên li?u Máy xang
Peugeot 408 Premium 2023,890000000,Nam SX 2023,Ki?u dáng Sedan,Tình tr?ng Xe cu,Xu?t x? Nh?p kh?u,Km dã di 19.000 km,"T?nh thành
H?i Phòng",H?p s? S? t? d?ng,Nhiên li?u Máy xang
Toyota Corolla Cross 1.8 V  2021,685000000,Nam SX 2021,,Tình tr?ng Xe cu,Xu?t x? Trong nu?c,Km dã di 61.000 km,"T?nh thành
H?i Phòng",H?p s? S? t? d?ng,Nhiên li?u Máy xang
Hyundai Kona 2.0 AT Ð?c bi?t 2019,470000000,Nam SX 2019,,Tình tr?ng Xe cu,Xu?t x? Trong nu?c,Km dã di 85.000 km,"T?nh thành
H?i Phòng",H?p s? S? t? d?ng,Nhiên li?u Máy xang
VinFast VF e34 Tiêu chu?n 2022,440000000,Nam SX 2022,Ki?u dáng SUV,Tình tr?ng Xe cu,Xu?t x? Trong nu?c,Km dã di 40.000 km,"T?nh thành
H?i Phòng",H?p s? S? t? d?ng,Nhiên li?u Ði?n
Kia K3 2.0 Premium 2022,525000000,Nam SX 2022,Ki?u dáng Sedan,Tình tr?ng Xe cu,Xu?t x? Trong nu?c,Km dã di 40.000 km,"T?nh thành
H?i Phòng",H?p s? S? t? d?ng,Nhiên li?u Máy xang
Mercedes-Benz C200 2.0 AT 2016,585000000,Nam SX 2016,Ki?u dáng Sedan,Tình tr?ng Xe cu,Xu?t x? Nh?p kh?u,Km dã di 70.000 km,"T?nh thành
H?i Phòng",H?p s? S? t? d?ng,Nhiên li?u Máy xang
Mercedes-Benz GLC 250 4Matic 2017,820000000,Nam SX 2017,Ki?u dáng SUV,Tình tr?ng Xe cu,Xu?t x? Nh?p kh?u,Km dã di 94.000 km,"T?nh thành
H?i Phòng",H?p s? S? t? d?ng,Nhiên li?u Máy xang
Mercedes-Benz GLC 200 4Matic 2018,880000000,Nam SX 2018,Ki?u dáng SUV,Tình tr?ng Xe cu,Xu?t x? Trong nu?c,Km dã di 86.000 km,"T?nh thành
H?i Phòng",H?p s? S? t? d?ng,Nhiên li?u Máy xang
Honda City 1.5 L 2022,445000000,Nam SX 2022,Ki?u dáng Sedan,Tình tr?ng Xe cu,Xu?t x? Trong nu?c,Km dã di 70.000 km,"T?nh thành
H?i Phòng",H?p s? S? t? d?ng,Nhiên li?u Máy xang
Toyota Veloz 2025,609000000,Nam SX 2025,,Tình tr?ng Xe cu,Xu?t x? Trong nu?c,Km dã di 10.000 km,"T?nh thành
Ð?ng Nai",H?p s? S? t? d?ng,Nhiên li?u Máy xang
Kia Sedona 2.2 DATH 2018,680000000,Nam SX 2018,Ki?u dáng MPV,Tình tr?ng Xe cu,Xu?t x? Trong nu?c,Km dã di 81.000 km,"T?nh thành
Hà N?i",H?p s? S? t? d?ng,Nhiên li?u Máy d?u
Mercedes-Benz GLB 200 2022,1258000000,Nam SX 2022,Ki?u dáng SUV,Tình tr?ng Xe cu,Xu?t x? Nh?p kh?u,Km dã di 46.000 km,"T?nh thành
Tp.HCM",H?p s? S? t? d?ng,Nhiên li?u Máy xang
MG RX5 1.5 LUX 2024,665000000,Nam SX 2024,Ki?u dáng SUV,Tình tr?ng Xe cu,Xu?t x? Nh?p kh?u,Km dã di 1.000 km,"T?nh thành
Hà N?i",H?p s? S? t? d?ng,Nhiên li?u Máy xang
Hyundai Kona 2.0 AT Tiêu chu?n 2019,440000000,Nam SX 2019,,Tình tr?ng Xe cu,Xu?t x? Trong nu?c,Km dã di 80.000 km,"T?nh thành
Long An",H?p s? S? t? d?ng,Nhiên li?u Máy xang
Ford Transit SVP B?n trung 2019,455000000,Nam SX 2019,Ki?u dáng Van/Minivan,Tình tr?ng Xe cu,Xu?t x? Trong nu?c,Km dã di 80.000 km,"T?nh thành
Hà N?i",H?p s? S? sàn,Nhiên li?u Máy d?u
Ford EcoSport Ambiente 1.5L AT 2017,310000000,Nam SX 2017,Ki?u dáng SUV,Tình tr?ng Xe cu,Xu?t x? Trong nu?c,Km dã di 100.000 km,"T?nh thành
H?i Phòng",H?p s? S? t? d?ng,Nhiên li?u Máy xang
Ford Ranger Raptor 2023,1120000000,Nam SX 2023,Ki?u dáng Bán t?i,Tình tr?ng Xe cu,Xu?t x? Nh?p kh?u,Km dã di 44.000 km,"T?nh thành
Tp.HCM",H?p s? S? t? d?ng,Nhiên li?u Máy d?u
Ford Ranger Wildtrak 2.0L 4x4 AT 2023,855000000,Nam SX 2023,Ki?u dáng Bán t?i,Tình tr?ng Xe cu,Xu?t x? Trong nu?c,Km dã di 33.000 km,"T?nh thành
Tp.HCM",H?p s? S? t? d?ng,Nhiên li?u Máy d?u
Kia K3 1.6AT 2022,540000000,Nam SX 2022,,Tình tr?ng Xe cu,Xu?t x? Trong nu?c,Km dã di 45.000 km,"T?nh thành
Hà N?i",H?p s? S? t? d?ng,Nhiên li?u Máy xang
Kia Sonet 1.5 Premium 2024,588000000,Nam SX 2024,Ki?u dáng Hatchback,Tình tr?ng Xe cu,Xu?t x? Trong nu?c,Km dã di 20.000 km,"T?nh thành
Hà N?i",H?p s? S? t? d?ng,Nhiên li?u Máy xang
Suzuki Swift 2014,255000000,Nam SX 2014,Ki?u dáng Hatchback,Tình tr?ng Xe cu,Xu?t x? Nh?p kh?u,Km dã di 86.000 km,"T?nh thành
Hà N?i",H?p s? S? t? d?ng,Nhiên li?u Máy xang
Mitsubishi Xpander Cross 1.5 AT 2020,475000000,Nam SX 2020,Ki?u dáng SUV,Tình tr?ng Xe cu,Xu?t x? Trong nu?c,Km dã di 61.000 km,"T?nh thành
Hà N?i",H?p s? S? t? d?ng,Nhiên li?u Máy xang
Kia Carens SX 2.0 AT 2011,230000000,Nam SX 2011,Ki?u dáng MPV,Tình tr?ng Xe cu,Xu?t x? Trong nu?c,Km dã di 120.000 km,"T?nh thành
Hà N?i",H?p s? S? t? d?ng,Nhiên li?u Máy xang
Hyundai Tucson 1.6 Turbo HTRAC 2025,980000000,Nam SX 2025,Ki?u dáng SUV,Tình tr?ng Xe cu,Xu?t x? Trong nu?c,Km dã di 4.000 km,"T?nh thành
Hà N?i",H?p s? S? t? d?ng,Nhiên li?u Máy xang
Ford Ranger Raptor 2022,975000000,Nam SX 2022,Ki?u dáng Bán t?i,Tình tr?ng Xe cu,Xu?t x? Nh?p kh?u,Km dã di 50.000 km,"T?nh thành
Tp.HCM",H?p s? S? t? d?ng,Nhiên li?u Máy d?u
Lexus RX 350 Luxury 2016,2050000000,Nam SX 2016,Ki?u dáng SUV,Tình tr?ng Xe cu,Xu?t x? Nh?p kh?u,Km dã di 160.000 km,"T?nh thành
Hà N?i",H?p s? S? t? d?ng,Nhiên li?u Máy xang
VinFast VF 3 2025,305000000,Nam SX 2025,Ki?u dáng Hatchback,Tình tr?ng Xe cu,Xu?t x? Trong nu?c,Km dã di 550 km,"T?nh thành
Tp.HCM",H?p s? S? t? d?ng,Nhiên li?u Ði?n
Honda CR-V 1.5 L 2020,815000000,Nam SX 2020,Ki?u dáng SUV,Tình tr?ng Xe cu,Xu?t x? Trong nu?c,Km dã di 68.000 km,"T?nh thành
Tp.HCM",H?p s? S? t? d?ng,Nhiên li?u Máy xang
Kia Sorento 2WD 2.2 DATH 2019,655000000,Nam SX 2019,Ki?u dáng SUV,Tình tr?ng Xe cu,Xu?t x? Trong nu?c,Km dã di 93.000 km,"T?nh thành
Tp.HCM",H?p s? S? t? d?ng,Nhiên li?u Máy d?u
Chevrolet Captiva Maxx LTZ 2.4 2011,235000000,Nam SX 2011,Ki?u dáng SUV,Tình tr?ng Xe cu,Xu?t x? Trong nu?c,Km dã di 126.000 km,"T?nh thành
Tp.HCM",H?p s? S? t? d?ng,Nhiên li?u Máy xang
Kia Rondo 1.7 DAT 2015,350000000,Nam SX 2015,Ki?u dáng SUV,Tình tr?ng Xe cu,Xu?t x? Trong nu?c,Km dã di 130.000 km,"T?nh thành
Hung Yên",H?p s? S? t? d?ng,Nhiên li?u Máy d?u
Toyota Vios 1.5E MT 2018,279000000,Nam SX 2018,Ki?u dáng Sedan,Tình tr?ng Xe cu,Xu?t x? Trong nu?c,Km dã di 120.000 km,"T?nh thành
Hung Yên",H?p s? S? sàn,Nhiên li?u Máy xang
Kia Carens SX 2.0 AT 2012,225000000,Nam SX 2012,Ki?u dáng MPV,Tình tr?ng Xe cu,Xu?t x? Trong nu?c,Km dã di 130.000 km,"T?nh thành
Hung Yên",H?p s? S? t? d?ng,Nhiên li?u Máy xang
Ford Transit Tiêu chu?n 2023,650000000,Nam SX 2023,Ki?u dáng Van/Minivan,Tình tr?ng Xe cu,Xu?t x? Trong nu?c,Km dã di 80.000 km,"T?nh thành
Hà N?i",H?p s? S? sàn,Nhiên li?u Máy d?u
Toyota Land Cruiser Prado TX-L 2014,960000000,Nam SX 2014,Ki?u dáng SUV,Tình tr?ng Xe cu,Xu?t x? Nh?p kh?u,Km dã di 120.000 km,"T?nh thành
Hà N?i",H?p s? S? t? d?ng,Nhiên li?u Máy xang
Toyota Fortuner 2021,928000000,Nam SX 2021,Ki?u dáng SUV,Tình tr?ng Xe cu,Xu?t x? Trong nu?c,Km dã di 60.000 km,"T?nh thành
Hà N?i",H?p s? S? t? d?ng,Nhiên li?u Máy d?u
Hyundai Palisade Prestige 7 ch? 2023,1380000000,Nam SX 2023,Ki?u dáng SUV,Tình tr?ng Xe cu,Xu?t x? Nh?p kh?u,Km dã di 40.000 km,"T?nh thành
Hà N?i",H?p s? S? t? d?ng,Nhiên li?u Máy d?u
Hyundai Santa Fe 2.2L D?u Cao c?p 2022,1179000000,Nam SX 2022,Ki?u dáng SUV,Tình tr?ng Xe cu,Xu?t x? Trong nu?c,Km dã di 50.000 km,"T?nh thành
Hà N?i",H?p s? S? t? d?ng,Nhiên li?u Máy d?u
Hyundai Santa Fe 2.5 Xang Cao c?p 2024,1219000000,Nam SX 2024,Ki?u dáng SUV,Tình tr?ng Xe cu,Xu?t x? Trong nu?c,Km dã di 40.000 km,"T?nh thành
Hà N?i",H?p s? S? t? d?ng,Nhiên li?u Máy xang
Ford Explorer 2.3L Ecoboost 2023,1780000000,Nam SX 2023,Ki?u dáng SUV,Tình tr?ng Xe cu,Xu?t x? Nh?p kh?u,Km dã di 10.000 km,"T?nh thành
Hà N?i",H?p s? S? t? d?ng,Nhiên li?u Máy xang
Toyota Land Cruiser Prado GX 2019,1929000000,Nam SX 2019,Ki?u dáng SUV,Tình tr?ng Xe cu,Xu?t x? Nh?p kh?u,Km dã di 100.000 km,"T?nh thành
Hà N?i",H?p s? S? t? d?ng,Nhiên li?u Máy xang
Daewoo Matiz 2009,138000000,Nam SX 2009,Ki?u dáng Hatchback,Tình tr?ng Xe cu,Xu?t x? Nh?p kh?u,Km dã di 200.000 km,"T?nh thành
H?i Phòng",H?p s? S? t? d?ng,Nhiên li?u Máy xang
Ford Territory Titanium X 2025,875000000,Nam SX 2025,Ki?u dáng SUV,Tình tr?ng Xe cu,Xu?t x? Nh?p kh?u,Km dã di 2.000 km,"T?nh thành
Hà N?i",H?p s? S? t? d?ng,Nhiên li?u Máy xang
Toyota Camry 2.0G 2021,835000000,Nam SX 2021,Ki?u dáng Sedan,Tình tr?ng Xe cu,Xu?t x? Trong nu?c,Km dã di 20.000 km,"T?nh thành
Hà N?i",H?p s? S? t? d?ng,Nhiên li?u Máy xang
Ford Everest Titanium 2.0L AT 4WD 2022,1265000000,Nam SX 2022,Ki?u dáng SUV,Tình tr?ng Xe cu,Xu?t x? Nh?p kh?u,Km dã di 70.000 km,"T?nh thành
Hà N?i",H?p s? S? t? d?ng,Nhiên li?u Máy d?u
Kia Cerato 1.6 AT Deluxe 2016,368000000,Nam SX 2016,Ki?u dáng Sedan,Tình tr?ng Xe cu,Xu?t x? Trong nu?c,Km dã di 130.000 km,"T?nh thành
H?i Phòng",H?p s? S? t? d?ng,Nhiên li?u Máy xang
Mazda 2 1.5AT 2015,295000000,Nam SX 2015,Ki?u dáng Sedan,Tình tr?ng Xe cu,Xu?t x? Nh?p kh?u,Km dã di 120.000 km,"T?nh thành
H?i Phòng",H?p s? S? t? d?ng,Nhiên li?u Máy xang
Kia K5 2.0 Luxury 2022,645000000,Nam SX 2022,Ki?u dáng Sedan,Tình tr?ng Xe cu,Xu?t x? Trong nu?c,Km dã di 58.000 km,"T?nh thành
Hà N?i",H?p s? S? t? d?ng,Nhiên li?u Máy xang
Toyota Camry 2.5Q 2022,1150000000,Nam SX 2022,Ki?u dáng Sedan,Tình tr?ng Xe cu,Xu?t x? Trong nu?c,Km dã di 32.000 km,"T?nh thành
Hà N?i",H?p s? S? t? d?ng,Nhiên li?u Máy xang
Mercedes-Benz C200 2015,575000000,Nam SX 2015,Ki?u dáng Sedan,Tình tr?ng Xe cu,Xu?t x? Trong nu?c,Km dã di 60.000 km,"T?nh thành
Tp.HCM",H?p s? S? t? d?ng,Nhiên li?u Máy xang
Toyota Fortuner 2.4 AT 4x2 Legender 2022,1035000000,Nam SX 2022,Ki?u dáng SUV,Tình tr?ng Xe cu,Xu?t x? Trong nu?c,Km dã di 20.000 km,"T?nh thành
Tp.HCM",H?p s? S? t? d?ng,Nhiên li?u Máy d?u
Toyota Fortuner 2.4 MT 4x2 2019,775000000,Nam SX 2019,Ki?u dáng SUV,Tình tr?ng Xe cu,Xu?t x? Trong nu?c,Km dã di 20.000 km,"T?nh thành
Tp.HCM",H?p s? S? sàn,Nhiên li?u Máy d?u
Ford Ranger XLS 2.2 4x2 AT 2022,545000000,Nam SX 2022,Ki?u dáng Bán t?i,Tình tr?ng Xe cu,Xu?t x? Trong nu?c,Km dã di 40.000 km,"T?nh thành
Hung Yên",H?p s? S? t? d?ng,Nhiên li?u Máy xang
Hyundai Grand i10 Hatchback 1.2 AT 2023,385000000,Nam SX 2023,Ki?u dáng Hatchback,Tình tr?ng Xe cu,Xu?t x? Trong nu?c,Km dã di 20.000 km,"T?nh thành
Hà N?i",H?p s? S? t? d?ng,Nhiên li?u Máy xang
Kia K140 2016,245000000,Nam SX 2016,Ki?u dáng Xe t?i,Tình tr?ng Xe cu,Xu?t x? Trong nu?c,Km dã di 80.000 km,"T?nh thành
Hà N?i",H?p s? S? sàn,Nhiên li?u Máy d?u
Porsche Macan tiêu chu?n 2020,2299000000,Nam SX 2020,Ki?u dáng SUV,Tình tr?ng Xe cu,Xu?t x? Nh?p kh?u,Km dã di 56.000 km,"T?nh thành
Tp.HCM",H?p s? S? t? d?ng,Nhiên li?u Máy xang
Mercedes-Benz S450L 2018,1999000000,Nam SX 2018,Ki?u dáng Sedan,Tình tr?ng Xe cu,Xu?t x? Nh?p kh?u,Km dã di 68.000 km,"T?nh thành
Tp.HCM",H?p s? S? t? d?ng,Nhiên li?u Máy xang
Porsche Macan tiêu chu?n 2021,2999000000,Nam SX 2021,Ki?u dáng SUV,Tình tr?ng Xe cu,Xu?t x? Nh?p kh?u,Km dã di 55.000 km,"T?nh thành
Tp.HCM",H?p s? S? t? d?ng,Nhiên li?u Máy xang
Honda City 1.5 TOP CVT 2019,395000000,Nam SX 2019,Ki?u dáng Sedan,Tình tr?ng Xe cu,Xu?t x? Trong nu?c,Km dã di 59.000 km,"T?nh thành
Hà N?i",H?p s? S? t? d?ng,Nhiên li?u Máy xang
Kia Carnival 2025,1800000000,Nam SX 2025,Ki?u dáng MPV,Tình tr?ng Xe cu,Xu?t x? Trong nu?c,Km dã di 1.000 km,"T?nh thành
H?i Phòng",H?p s? S? t? d?ng,Nhiên li?u Hybrid
Mercedes-Benz S400 3.0 V6 2014,1100000000,Nam SX 2014,Ki?u dáng Sedan,Tình tr?ng Xe cu,Xu?t x? Trong nu?c,Km dã di 109.134 km,"T?nh thành
Tp.HCM",H?p s? S? t? d?ng,Nhiên li?u Máy xang
Ford Ranger XLS 2.0L 4x2 AT 2023,630000000,Nam SX 2023,Ki?u dáng Bán t?i,Tình tr?ng Xe cu,Xu?t x? Trong nu?c,Km dã di 36.000 km,"T?nh thành
Tp.HCM",H?p s? S? t? d?ng,Nhiên li?u Máy xang
Kia K3 2.0 Premium 2022,579000000,Nam SX 2022,,Tình tr?ng Xe cu,Xu?t x? Trong nu?c,Km dã di 37.000 km,"T?nh thành
Tp.HCM",H?p s? S? t? d?ng,Nhiên li?u Máy xang
Hyundai Elantra   2.0 AT 2021,518000000,Nam SX 2021,Ki?u dáng Sedan,Tình tr?ng Xe cu,Xu?t x? Trong nu?c,Km dã di 30.000 km,"T?nh thành
Tp.HCM",H?p s? S? t? d?ng,Nhiên li?u Máy xang
BMW 320i 2024,1598000000,Nam SX 2024,,Tình tr?ng Xe cu,Xu?t x? Trong nu?c,Km dã di 9.000 km,"T?nh thành
Tp.HCM",H?p s? S? t? d?ng,Nhiên li?u Máy xang
Toyota Land Cruiser VX 4.6 V8 2019,3800000000,Nam SX 2019,Ki?u dáng SUV,Tình tr?ng Xe cu,Xu?t x? Nh?p kh?u,Km dã di 140.000 km,"T?nh thành
Hà N?i",H?p s? S? t? d?ng,Nhiên li?u Máy xang
Hyundai Santa Fe 2.4L Xang Ð?c bi?t 2018,580000000,Nam SX 2018,Ki?u dáng SUV,Tình tr?ng Xe cu,Xu?t x? Trong nu?c,Km dã di 122.000 km,"T?nh thành
Bình Ð?nh",H?p s? S? t? d?ng,Nhiên li?u Máy xang
Kia Sonet 1.5 Premium 2022,518000000,Nam SX 2022,Ki?u dáng SUV,Tình tr?ng Xe cu,Xu?t x? Trong nu?c,Km dã di 67.000 km,"T?nh thành
Bình Ð?nh",H?p s? S? t? d?ng,Nhiên li?u Máy xang
Toyota Corolla Altis 1.8 G 2009,280000000,Nam SX 2009,Ki?u dáng Sedan,Tình tr?ng Xe cu,Xu?t x? Trong nu?c,Km dã di 107.000 km,"T?nh thành
Bình Ð?nh",H?p s? S? t? d?ng,Nhiên li?u Máy xang
Hyundai Grand i10 Hatchback 1.2 AT 2010,185000000,Nam SX 2010,Ki?u dáng Hatchback,Tình tr?ng Xe cu,Xu?t x? Trong nu?c,Km dã di 140 km,"T?nh thành
Bình Ð?nh",H?p s? S? t? d?ng,Nhiên li?u Máy xang
Lexus RX 350 F-Sport 2009,719000000,Nam SX 2009,Ki?u dáng SUV,Tình tr?ng Xe cu,Xu?t x? Nh?p kh?u,Km dã di 70.000 km,"T?nh thành
Hà N?i",H?p s? S? t? d?ng,Nhiên li?u Máy xang
Kia Seltos 1.4 Premium 2022,628000000,Nam SX 2022,Ki?u dáng SUV,Tình tr?ng Xe cu,Xu?t x? Trong nu?c,Km dã di 40.000 km,"T?nh thành
H?i Phòng",H?p s? S? t? d?ng,Nhiên li?u Máy xang
Mazda CX-5 2.0 Premium 2020,669000000,Nam SX 2020,Ki?u dáng SUV,Tình tr?ng Xe cu,Xu?t x? Trong nu?c,Km dã di 70.000 km,"T?nh thành
H?i Phòng",H?p s? S? t? d?ng,Nhiên li?u Máy xang
Mazda 3 1.5L Sedan 2023,538000000,Nam SX 2023,Ki?u dáng Sedan,Tình tr?ng Xe cu,Xu?t x? Trong nu?c,Km dã di 30.000 km,"T?nh thành
H?i Phòng",H?p s? S? t? d?ng,Nhiên li?u Máy xang
Kia Sonet 1.5 Premium 2023,568000000,Nam SX 2023,Ki?u dáng SUV,Tình tr?ng Xe cu,Xu?t x? Trong nu?c,Km dã di 31.000 km,"T?nh thành
H?i Phòng",H?p s? S? t? d?ng,Nhiên li?u Máy xang
Hyundai Creta 1.5L Ð?c bi?t 2022,565000000,Nam SX 2022,Ki?u dáng SUV,Tình tr?ng Xe cu,Xu?t x? Nh?p kh?u,Km dã di 39.000 km,"T?nh thành
H?i Phòng",H?p s? S? t? d?ng,Nhiên li?u Máy xang
Hyundai Elantra   2.0 AT 2021,490000000,Nam SX 2021,Ki?u dáng Sedan,Tình tr?ng Xe cu,Xu?t x? Trong nu?c,Km dã di 40.000 km,"T?nh thành
Hà N?i",H?p s? S? t? d?ng,Nhiên li?u Máy xang
Mercedes-Benz E200 Exclusive V1 2022,1699000000,Nam SX 2022,Ki?u dáng Sedan,Tình tr?ng Xe cu,Xu?t x? Trong nu?c,Km dã di 30.000 km,"T?nh thành
Hà N?i",H?p s? S? t? d?ng,Nhiên li?u Máy xang
Mercedes-Benz GLS 450 4Matic 2021,3850000000,Nam SX 2021,Ki?u dáng SUV,Tình tr?ng Xe cu,Xu?t x? Nh?p kh?u,Km dã di 53.000 km,"T?nh thành
Tp.HCM",H?p s? S? t? d?ng,Nhiên li?u Máy xang
Mercedes-Benz GLC 300 4Matic 2017,899000000,Nam SX 2017,Ki?u dáng SUV,Tình tr?ng Xe cu,Xu?t x? Nh?p kh?u,Km dã di 66.000 km,"T?nh thành
Tp.HCM",H?p s? S? t? d?ng,Nhiên li?u Máy xang
Toyota Fortuner 2.7V 2015,419000000,Nam SX 2015,Ki?u dáng SUV,Tình tr?ng Xe cu,Xu?t x? Trong nu?c,Km dã di 140.000 km,"T?nh thành
Hà N?i",H?p s? S? t? d?ng,Nhiên li?u Máy xang
Ford Tourneo Titanium 2019,595000000,Nam SX 2019,Ki?u dáng MPV,Tình tr?ng Xe cu,Xu?t x? Nh?p kh?u,Km dã di 90.000 km,"T?nh thành
Hà N?i",H?p s? S? t? d?ng,Nhiên li?u Máy xang
Toyota Corolla Cross 1.8 G 2022,645000000,Nam SX 2022,Ki?u dáng Crossover,Tình tr?ng Xe cu,Xu?t x? Trong nu?c,Km dã di 60.000 km,"T?nh thành
Hà N?i",H?p s? S? t? d?ng,Nhiên li?u Máy xang
Ford EcoSport Titanium 1.5L AT 2014,259000000,Nam SX 2014,Ki?u dáng SUV,Tình tr?ng Xe cu,Xu?t x? Trong nu?c,Km dã di 100.000 km,"T?nh thành
Hà N?i",H?p s? S? t? d?ng,Nhiên li?u Máy xang
Lexus LX 570 Super Sport 2019,7449000000,Nam SX 2019,Ki?u dáng SUV,Tình tr?ng Xe cu,Xu?t x? Nh?p kh?u,Km dã di 41.000 km,"T?nh thành
Tp.HCM",H?p s? S? t? d?ng,Nhiên li?u Máy xang
Lexus RX 350 Luxury 2023,4379000000,Nam SX 2023,Ki?u dáng SUV,Tình tr?ng Xe cu,Xu?t x? Nh?p kh?u,Km dã di 10.000 km,"T?nh thành
Tp.HCM",H?p s? S? t? d?ng,Nhiên li?u Máy xang
Toyota Alphard Executive Lounge 2019,2979000000,Nam SX 2019,Ki?u dáng MPV,Tình tr?ng Xe cu,Xu?t x? Nh?p kh?u,Km dã di 62.000 km,"T?nh thành
Tp.HCM",H?p s? S? t? d?ng,Nhiên li?u Máy xang
Mercedes-Benz S450L 4Matic 2019,2450000000,Nam SX 2019,Ki?u dáng Sedan,Tình tr?ng Xe cu,Xu?t x? Nh?p kh?u,Km dã di 29.000 km,"T?nh thành
Tp.HCM",H?p s? S? t? d?ng,Nhiên li?u Máy xang
Audi Q8 55 TFSI Quattro 2021,2980000000,Nam SX 2021,Ki?u dáng SUV,Tình tr?ng Xe cu,Xu?t x? Nh?p kh?u,Km dã di 23.999 km,"T?nh thành
Tp.HCM",H?p s? S? t? d?ng,Nhiên li?u Máy xang
BMW X5 xDrive 40i xLine Plus 2024,4099000000,Nam SX 2024,Ki?u dáng SUV,Tình tr?ng Xe cu,Xu?t x? Nh?p kh?u,Km dã di 4.000 km,"T?nh thành
Tp.HCM",H?p s? S? t? d?ng,Nhiên li?u Máy xang
Mercedes-Benz C200 2.0 AT 2019,885000000,Nam SX 2019,Ki?u dáng Sedan,Tình tr?ng Xe cu,Xu?t x? Trong nu?c,Km dã di 9.000 km,"T?nh thành
Tp.HCM",H?p s? S? t? d?ng,Nhiên li?u Máy xang
Mercedes-Benz Maybach S450 4Matic 2019,3879000000,Nam SX 2019,Ki?u dáng Sedan,Tình tr?ng Xe cu,Xu?t x? Nh?p kh?u,Km dã di 38.000 km,"T?nh thành
Tp.HCM",H?p s? S? t? d?ng,Nhiên li?u Máy xang
Lexus RX 350L 2023,4089000000,Nam SX 2023,Ki?u dáng SUV,Tình tr?ng Xe cu,Xu?t x? Nh?p kh?u,Km dã di 5.000 km,"T?nh thành
Tp.HCM",H?p s? S? t? d?ng,Nhiên li?u Máy xang
Kia Cerato 2.0 AT Premium 2019,450000000,Nam SX 2019,Ki?u dáng Sedan,Tình tr?ng Xe cu,Xu?t x? Trong nu?c,Km dã di 76.000 km,"T?nh thành
Hà N?i",H?p s? S? t? d?ng,Nhiên li?u Máy xang
VinFast Fadil Cao c?p 2020,335000000,Nam SX 2020,Ki?u dáng Hatchback,Tình tr?ng Xe cu,Xu?t x? Trong nu?c,Km dã di 25.000 km,"T?nh thành
Hà N?i",H?p s? S? t? d?ng,Nhiên li?u Máy xang
Hyundai Grand i10 1.0 AT 2015,238000000,Nam SX 2015,Ki?u dáng Hatchback,Tình tr?ng Xe cu,Xu?t x? Nh?p kh?u,Km dã di 120.840 km,"T?nh thành
H?i Phòng",H?p s? S? t? d?ng,Nhiên li?u Máy xang
Kia Sportage 1.6 T Signature X-line AWD 2024,900000000,Nam SX 2024,Ki?u dáng SUV,Tình tr?ng Xe cu,Xu?t x? Nh?p kh?u,Km dã di 6.666 km,"T?nh thành
Tp.HCM",H?p s? S? t? d?ng,Nhiên li?u Máy xang
Suzuki XL7 1.5L 2022,460000000,Nam SX 2022,Ki?u dáng SUV,Tình tr?ng Xe cu,Xu?t x? Nh?p kh?u,Km dã di 95.000 km,"T?nh thành
Tp.HCM",H?p s? S? t? d?ng,Nhiên li?u Máy xang
Toyota Vios 1.5E MT 2013,175000000,Nam SX 2013,Ki?u dáng Sedan,Tình tr?ng Xe cu,Xu?t x? Trong nu?c,Km dã di 150.000 km,"T?nh thành
H?i Phòng",H?p s? S? sàn,Nhiên li?u Máy xang
Mazda 3 1.5L Sedan 2018,428000000,Nam SX 2018,Ki?u dáng Sedan,Tình tr?ng Xe cu,Xu?t x? Trong nu?c,Km dã di 82.000 km,"T?nh thành
H?i Phòng",H?p s? S? t? d?ng,Nhiên li?u Máy xang
Hyundai Grand i10 Sedan 1.2 AT 2017,295000000,Nam SX 2017,Ki?u dáng Sedan,Tình tr?ng Xe cu,Xu?t x? Trong nu?c,Km dã di 60.243 km,"T?nh thành
H?i Phòng",H?p s? S? t? d?ng,Nhiên li?u Máy xang
Toyota Vios 1.3J MT 2016,228000000,Nam SX 2016,Ki?u dáng Sedan,Tình tr?ng Xe cu,Xu?t x? Trong nu?c,Km dã di 120.000 km,"T?nh thành
H?i Phòng",H?p s? S? sàn,Nhiên li?u Máy xang
Hyundai Accent 1.4 AT 2018,379000000,Nam SX 2018,Ki?u dáng Sedan,Tình tr?ng Xe cu,Xu?t x? Trong nu?c,Km dã di 94.548 km,"T?nh thành
H?i Phòng",H?p s? S? t? d?ng,Nhiên li?u Máy xang
Kia K3 1.6AT 2013,298000000,Nam SX 2013,Ki?u dáng Sedan,Tình tr?ng Xe cu,Xu?t x? Trong nu?c,Km dã di 110.275 km,"T?nh thành
H?i Phòng",H?p s? S? t? d?ng,Nhiên li?u Máy xang
Toyota Corolla 1.6 XLi 2009,255000000,Nam SX 2009,Ki?u dáng Sedan,Tình tr?ng Xe cu,Xu?t x? Nh?p kh?u,Km dã di 120.000 km,"T?nh thành
Hà N?i",H?p s? S? t? d?ng,Nhiên li?u Máy xang
Mitsubishi Pajero Sport D 4x2 AT 2019,715000000,Nam SX 2019,Ki?u dáng SUV,Tình tr?ng Xe cu,Xu?t x? Trong nu?c,Km dã di 55.000 km,"T?nh thành
Tp.HCM",H?p s? S? t? d?ng,Nhiên li?u Máy d?u
Mercedes-Benz GLC 300 2019,1150000000,Nam SX 2019,,Tình tr?ng Xe cu,Xu?t x? Trong nu?c,Km dã di 50.000 km,"T?nh thành
Hà N?i",H?p s? S? t? d?ng,Nhiên li?u Máy xang
Mercedes-Benz GLC 200 4Matic 2021,1280000000,Nam SX 2021,Ki?u dáng SUV,Tình tr?ng Xe cu,Xu?t x? Trong nu?c,Km dã di 40.000 km,"T?nh thành
Hà N?i",H?p s? S? t? d?ng,Nhiên li?u Máy xang
Mercedes-Benz AMG G63 2021,8950000000,Nam SX 2021,Ki?u dáng SUV,Tình tr?ng Xe cu,Xu?t x? Nh?p kh?u,Km dã di 30.000 km,"T?nh thành
Hà N?i",H?p s? S? t? d?ng,Nhiên li?u Máy xang
VinFast VF8 Eco 2023,770000000,Nam SX 2023,Ki?u dáng SUV,Tình tr?ng Xe cu,Xu?t x? Trong nu?c,Km dã di 42.000 km,"T?nh thành
Bình Duong",H?p s? S? t? d?ng,Nhiên li?u Ði?n
VinFast VF8 Plus 2022,840000000,Nam SX 2022,,Tình tr?ng Xe cu,Xu?t x? Trong nu?c,Km dã di 50.000 km,"T?nh thành
Bình Duong",H?p s? S? t? d?ng,Nhiên li?u Ði?n
VinFast VF8 Eco 2023,800000000,Nam SX 2023,Ki?u dáng SUV,Tình tr?ng Xe cu,Xu?t x? Trong nu?c,Km dã di 48.000 km,"T?nh thành
Bình Duong",H?p s? S? t? d?ng,Nhiên li?u Ði?n
Hyundai Accent 1.4 AT 2018,345000000,Nam SX 2018,Ki?u dáng Sedan,Tình tr?ng Xe cu,Xu?t x? Trong nu?c,Km dã di 80 km,"T?nh thành
Thanh Hóa",H?p s? S? t? d?ng,Nhiên li?u Máy xang
Toyota Raize 2022,445000000,Nam SX 2022,Ki?u dáng Crossover,Tình tr?ng Xe cu,Xu?t x? Nh?p kh?u,Km dã di 40.000 km,"T?nh thành
Thanh Hóa",H?p s? S? t? d?ng,Nhiên li?u Máy xang
Ford Ranger XLS 2.2 4x2 AT 2020,529000000,Nam SX 2020,Ki?u dáng Bán t?i,Tình tr?ng Xe cu,Xu?t x? Trong nu?c,Km dã di 55.000 km,"T?nh thành
Hà N?i",H?p s? S? t? d?ng,Nhiên li?u Máy d?u
Toyota Fortuner 2.7 V 4X2 AT 2015,450000000,Nam SX 2015,Ki?u dáng SUV,Tình tr?ng Xe cu,Xu?t x? Trong nu?c,Km dã di 90.000 km,"T?nh thành
Hà N?i",H?p s? S? t? d?ng,Nhiên li?u Máy xang
Toyota Veloz Cross 1.5 CVT 2022,495000000,Nam SX 2022,Ki?u dáng Crossover,Tình tr?ng Xe cu,Xu?t x? Nh?p kh?u,Km dã di 50.000 km,"T?nh thành
Hà N?i",H?p s? S? t? d?ng,Nhiên li?u Máy xang
VinFast LUX A2.0 Cao c?p 2020,508000000,Nam SX 2020,Ki?u dáng Sedan,Tình tr?ng Xe cu,Xu?t x? Trong nu?c,Km dã di 69.000 km,"T?nh thành
Hà N?i",H?p s? S? t? d?ng,Nhiên li?u Máy xang
Ford Everest Titanium 2.0 AT 4x2 2023,1225000000,Nam SX 2023,Ki?u dáng SUV,Tình tr?ng Xe cu,Xu?t x? Nh?p kh?u,Km dã di 22.000 km,"T?nh thành
Hà N?i",H?p s? S? t? d?ng,Nhiên li?u Máy d?u
Toyota Fortuner 2.5G 4x2 MT 2013,455000000,Nam SX 2013,Ki?u dáng SUV,Tình tr?ng Xe cu,Xu?t x? Trong nu?c,Km dã di 80.000 km,"T?nh thành
Hà N?i",H?p s? S? sàn,Nhiên li?u Máy xang
Honda City RS 2023,479000000,Nam SX 2023,Ki?u dáng Sedan,Tình tr?ng Xe cu,Xu?t x? Trong nu?c,Km dã di 1.200 km,"T?nh thành
Hà N?i",H?p s? S? t? d?ng,Nhiên li?u Máy xang
Hyundai Sonata 2.0L-6AT 2009,199000000,Nam SX 2009,Ki?u dáng Sedan,Tình tr?ng Xe cu,Xu?t x? Nh?p kh?u,Km dã di 120.000 km,"T?nh thành
Hà N?i",H?p s? S? t? d?ng,Nhiên li?u Máy xang
Ford Explorer Limited 2017,830000000,Nam SX 2017,Ki?u dáng SUV,Tình tr?ng Xe cu,Xu?t x? Nh?p kh?u,Km dã di 80.000 km,"T?nh thành
Hà N?i",H?p s? S? t? d?ng,Nhiên li?u Máy xang
VinFast LUX A2.0 Cao c?p 2020,545000000,Nam SX 2020,Ki?u dáng Sedan,Tình tr?ng Xe cu,Xu?t x? Trong nu?c,Km dã di 60.000 km,"T?nh thành
Hà N?i",H?p s? S? t? d?ng,Nhiên li?u Máy xang
Mitsubishi Attrage CVT 2021,299000000,Nam SX 2021,Ki?u dáng Sedan,Tình tr?ng Xe cu,Xu?t x? Nh?p kh?u,Km dã di 80.000 km,"T?nh thành
Bình Duong",H?p s? S? t? d?ng,Nhiên li?u Máy xang
Mercedes-Benz AMG G63 4.0 v8 2022,10200000000,Nam SX 2022,Ki?u dáng SUV,Tình tr?ng Xe cu,Xu?t x? Nh?p kh?u,Km dã di 17.000 km,"T?nh thành
Hà N?i",H?p s? S? t? d?ng,Nhiên li?u Máy xang
Mitsubishi Xpander 1.5 AT  2023,499000000,Nam SX 2023,Ki?u dáng MPV,Tình tr?ng Xe cu,Xu?t x? Nh?p kh?u,Km dã di 36.000 km,"T?nh thành
Bình Duong",H?p s? S? t? d?ng,Nhiên li?u Máy xang
Kia Morning Luxury 2020,299000000,Nam SX 2020,Ki?u dáng Hatchback,Tình tr?ng Xe cu,Xu?t x? Trong nu?c,Km dã di 60.000 km,"T?nh thành
Bình Duong",H?p s? S? t? d?ng,Nhiên li?u Máy xang
Kia Soluto AT Deluxe 2020,319000000,Nam SX 2020,Ki?u dáng Sedan,Tình tr?ng Xe cu,Xu?t x? Trong nu?c,Km dã di 26.000 km,"T?nh thành
Bình Duong",H?p s? S? t? d?ng,Nhiên li?u Máy xang
VinFast Fadil Nâng Cao 2022,329000000,Nam SX 2022,Ki?u dáng Hatchback,Tình tr?ng Xe cu,Xu?t x? Trong nu?c,Km dã di 30.000 km,"T?nh thành
Bình Duong",H?p s? S? t? d?ng,Nhiên li?u Máy xang
VinFast LUX SA2.0 Cao c?p 2020,669000000,Nam SX 2020,Ki?u dáng SUV,Tình tr?ng Xe cu,Xu?t x? Trong nu?c,Km dã di 89.000 km,"T?nh thành
Bình Duong",H?p s? S? t? d?ng,Nhiên li?u Máy xang
Suzuki Ertiga Hybrid Ertiga AT 2022,429000000,Nam SX 2022,,Tình tr?ng Xe cu,Xu?t x? Nh?p kh?u,Km dã di 58.000 km,"T?nh thành
Bình Duong",H?p s? S? t? d?ng,Nhiên li?u Máy xang
Toyota Camry 2.5Q 2020,865000000,Nam SX 2020,Ki?u dáng Sedan,Tình tr?ng Xe cu,Xu?t x? Trong nu?c,Km dã di 80.000 km,"T?nh thành
Hà N?i",H?p s? S? t? d?ng,Nhiên li?u Máy xang
Kia Morning Si 1.25 AT 2016,245000000,Nam SX 2016,Ki?u dáng Hatchback,Tình tr?ng Xe cu,Xu?t x? Trong nu?c,Km dã di 89.000 km,"T?nh thành
Bình Duong",H?p s? S? t? d?ng,Nhiên li?u Máy xang
Kia Morning AT 2011,219000000,Nam SX 2011,Ki?u dáng Hatchback,Tình tr?ng Xe cu,Xu?t x? Nh?p kh?u,Km dã di 133.000 km,"T?nh thành
Bình Duong",H?p s? S? t? d?ng,Nhiên li?u Máy xang
Subaru Tribeca 3.6R 2013,439000000,Nam SX 2013,Ki?u dáng SUV,Tình tr?ng Xe cu,Xu?t x? Nh?p kh?u,Km dã di 130.000 km,"T?nh thành
Bình Duong",H?p s? S? t? d?ng,Nhiên li?u Máy xang
Chevrolet Cruze LTZ 2017,289000000,Nam SX 2017,Ki?u dáng Sedan,Tình tr?ng Xe cu,Xu?t x? Trong nu?c,Km dã di 58.000 km,"T?nh thành
Bình Duong",H?p s? S? t? d?ng,Nhiên li?u Máy xang
Mitsubishi Attrage CVT 2021,329000000,Nam SX 2021,Ki?u dáng Sedan,Tình tr?ng Xe cu,Xu?t x? Nh?p kh?u,Km dã di 73.000 km,"T?nh thành
Bình Duong",H?p s? S? t? d?ng,Nhiên li?u Máy xang
Mitsubishi Attrage CVT 2021,329000000,Nam SX 2021,Ki?u dáng Sedan,Tình tr?ng Xe cu,Xu?t x? Nh?p kh?u,Km dã di 73.000 km,"T?nh thành
Bình Duong",H?p s? S? t? d?ng,Nhiên li?u Máy xang
VinFast VF8 Eco 2023,738000000,Nam SX 2023,Ki?u dáng SUV,Tình tr?ng Xe cu,Xu?t x? Trong nu?c,Km dã di 100 km,"T?nh thành
Hà N?i",H?p s? S? t? d?ng,Nhiên li?u Ði?n
VinFast VF8 Eco 2024,809000000,Nam SX 2024,Ki?u dáng SUV,Tình tr?ng Xe cu,Xu?t x? Trong nu?c,Km dã di 30 km,"T?nh thành
Hà N?i",H?p s? S? t? d?ng,Nhiên li?u Ði?n
Hyundai Grand i10 2014,126000000,Nam SX 2014,Ki?u dáng Hatchback,Tình tr?ng Xe cu,Xu?t x? Nh?p kh?u,Km dã di 78.000 km,"T?nh thành
Hà Tinh",H?p s? S? sàn,Nhiên li?u Máy xang
Mercedes-Benz C250 AMG 2010,220000000,Nam SX 2010,Ki?u dáng Sedan,Tình tr?ng Xe cu,Xu?t x? Nh?p kh?u,Km dã di 81.000 km,"T?nh thành
Ngh? An",H?p s? S? t? d?ng,Nhiên li?u Máy xang
Hyundai Grand i10 2014,118000000,Nam SX 2014,Ki?u dáng Hatchback,Tình tr?ng Xe cu,Xu?t x? Nh?p kh?u,Km dã di 101.000 km,"T?nh thành
Hà Tinh",H?p s? S? sàn,Nhiên li?u Máy xang
VinFast VF8 S 2024,849000000,Nam SX 2024,Ki?u dáng SUV,Tình tr?ng Xe cu,Xu?t x? Trong nu?c,Km dã di 40 km,"T?nh thành
H?i Phòng",H?p s? S? t? d?ng,Nhiên li?u Ði?n
VinFast VF8 S 2024,855000000,Nam SX 2024,Ki?u dáng SUV,Tình tr?ng Xe cu,Xu?t x? Trong nu?c,Km dã di 30 km,"T?nh thành
Hà N?i",H?p s? S? t? d?ng,Nhiên li?u Ði?n
Kia Seltos 1.6 Luxury 2024,635000000,Nam SX 2024,Ki?u dáng SUV,Tình tr?ng Xe cu,Xu?t x? Trong nu?c,Km dã di 22.000 km,"T?nh thành
Tp.HCM",H?p s? S? t? d?ng,Nhiên li?u Máy xang
VinFast VF8 2023,760000000,Nam SX 2023,,Tình tr?ng Xe cu,Xu?t x? Trong nu?c,Km dã di 32.000 km,"T?nh thành
Tp.HCM",H?p s? S? t? d?ng,Nhiên li?u Máy xang
Mercedes-Benz GLC 200 4Matic 2023,1920000000,Nam SX 2023,Ki?u dáng SUV,Tình tr?ng Xe cu,Xu?t x? Trong nu?c,Km dã di 9.000 km,"T?nh thành
Hà N?i",H?p s? S? t? d?ng,Nhiên li?u Máy xang
Honda CR-V 2.4L TG 2012,335000000,Nam SX 2012,Ki?u dáng SUV,Tình tr?ng Xe cu,Xu?t x? Nh?p kh?u,Km dã di 100.000 km,"T?nh thành
Hà N?i",H?p s? S? t? d?ng,Nhiên li?u Máy xang
Mercedes-Benz GLC 200 2021,1280000000,Nam SX 2021,Ki?u dáng SUV,Tình tr?ng Xe cu,Xu?t x? Trong nu?c,Km dã di 50.000 km,"T?nh thành
Hà N?i",H?p s? S? t? d?ng,Nhiên li?u Máy xang
Lexus LX 570 Super Sport 2018,6100000000,Nam SX 2018,Ki?u dáng SUV,Tình tr?ng Xe cu,Xu?t x? Nh?p kh?u,Km dã di 70.000 km,"T?nh thành
Hà N?i",H?p s? S? t? d?ng,Nhiên li?u Máy xang
BMW X5 xDrive40i xLine 2019,2100000000,Nam SX 2019,Ki?u dáng SUV,Tình tr?ng Xe cu,Xu?t x? Nh?p kh?u,Km dã di 65.000 km,"T?nh thành
Hà N?i",H?p s? S? t? d?ng,Nhiên li?u Máy xang
Mercedes-Benz E180 1.5 I4 2020,970000000,Nam SX 2020,Ki?u dáng Sedan,Tình tr?ng Xe cu,Xu?t x? Trong nu?c,Km dã di 55.000 km,"T?nh thành
Hà N?i",H?p s? S? t? d?ng,Nhiên li?u Máy xang
Lexus ES 250 F-Sport 2019,1850000000,Nam SX 2019,Ki?u dáng Sedan,Tình tr?ng Xe cu,Xu?t x? Nh?p kh?u,Km dã di 68.000 km,"T?nh thành
Tp.HCM",H?p s? S? t? d?ng,Nhiên li?u Máy xang
Mazda 3 1.5L Sedan 2015,345000000,Nam SX 2015,Ki?u dáng Sedan,Tình tr?ng Xe cu,Xu?t x? Trong nu?c,Km dã di 88.000 km,"T?nh thành
Hà N?i",H?p s? S? t? d?ng,Nhiên li?u Máy xang
Lexus RX 350 2023,3250000000,Nam SX 2023,Ki?u dáng SUV,Tình tr?ng Xe cu,Xu?t x? Nh?p kh?u,Km dã di 52.000 km,"T?nh thành
Hà N?i",H?p s? S? t? d?ng,Nhiên li?u Máy xang
Honda CR-V 1.5 L 2022,855000000,Nam SX 2022,Ki?u dáng SUV,Tình tr?ng Xe cu,Xu?t x? Trong nu?c,Km dã di 55.000 km,"T?nh thành
Hà N?i",H?p s? S? t? d?ng,Nhiên li?u Máy xang
Hyundai Grand i10 Hatchback 1.2 AT 2021,360000000,Nam SX 2021,Ki?u dáng Hatchback,Tình tr?ng Xe cu,Xu?t x? Trong nu?c,Km dã di 30.000 km,"T?nh thành
Hà N?i",H?p s? S? t? d?ng,Nhiên li?u Máy xang
Mercedes-Benz GLS 450 4Matic 2021,3889000000,Nam SX 2021,Ki?u dáng SUV,Tình tr?ng Xe cu,Xu?t x? Nh?p kh?u,Km dã di 65.000 km,"T?nh thành
Hà N?i",H?p s? S? t? d?ng,Nhiên li?u Máy xang
Mercedes-Benz V250 Luxury 2020,1699000000,Nam SX 2020,Ki?u dáng MPV,Tình tr?ng Xe cu,Xu?t x? Nh?p kh?u,Km dã di 36.000 km,"T?nh thành
Hà N?i",H?p s? S? t? d?ng,Nhiên li?u Máy xang
Hyundai Santa Fe 2.4L Xang Cao c?p 2019,789000000,Nam SX 2019,Ki?u dáng SUV,Tình tr?ng Xe cu,Xu?t x? Trong nu?c,Km dã di 83.000 km,"T?nh thành
Hà N?i",H?p s? S? t? d?ng,Nhiên li?u Máy xang
Porsche Cayenne 3.0 2023,6579000000,Nam SX 2023,Ki?u dáng SUV,Tình tr?ng Xe cu,Xu?t x? Nh?p kh?u,Km dã di 3.000 km,"T?nh thành
Hà N?i",H?p s? S? t? d?ng,Nhiên li?u Máy xang
Nissan Almera CVT Cao c?p 2021,409000000,Nam SX 2021,Ki?u dáng Sedan,Tình tr?ng Xe cu,Xu?t x? Nh?p kh?u,Km dã di 53.000 km,"T?nh thành
Tp.HCM",H?p s? S? t? d?ng,Nhiên li?u Máy xang
Porsche Panamera 4 2021,5299000000,Nam SX 2021,Ki?u dáng Sedan,Tình tr?ng Xe cu,Xu?t x? Nh?p kh?u,Km dã di 39.000 km,"T?nh thành
Tp.HCM",H?p s? S? t? d?ng,Nhiên li?u Máy xang
Mercedes-Benz S450L 2017,1799000000,Nam SX 2017,Ki?u dáng Sedan,Tình tr?ng Xe cu,Xu?t x? Nh?p kh?u,Km dã di 70.000 km,"T?nh thành
Tp.HCM",H?p s? S? t? d?ng,Nhiên li?u Máy xang
Honda City RS 2023,485000000,Nam SX 2023,Ki?u dáng Sedan,Tình tr?ng Xe cu,Xu?t x? Trong nu?c,Km dã di 40.000 km,"T?nh thành
Hà N?i",H?p s? S? t? d?ng,Nhiên li?u Máy xang
Ford Ranger XLS 2.2 4x2 AT 2019,499000000,Nam SX 2019,Ki?u dáng Bán t?i,Tình tr?ng Xe cu,Xu?t x? Nh?p kh?u,Km dã di 92.000 km,"T?nh thành
Hà N?i",H?p s? S? t? d?ng,Nhiên li?u Máy d?u
Mercedes-Benz E280 2008,195000000,Nam SX 2008,Ki?u dáng Sedan,Tình tr?ng Xe cu,Xu?t x? Nh?p kh?u,Km dã di 260.000 km,"T?nh thành
Hà N?i",H?p s? S? t? d?ng,Nhiên li?u Máy xang
Peugeot 3008 GT Line 2022,820000000,Nam SX 2022,,Tình tr?ng Xe cu,Xu?t x? Trong nu?c,Km dã di 50.000 km,"T?nh thành
Hà N?i",H?p s? S? t? d?ng,Nhiên li?u Máy xang
Ford Ranger XLS 2.2 4x2 AT 2019,499000000,Nam SX 2019,Ki?u dáng Bán t?i,Tình tr?ng Xe cu,Xu?t x? Nh?p kh?u,Km dã di 92.000 km,"T?nh thành
Hà N?i",H?p s? S? t? d?ng,Nhiên li?u Máy d?u
Mercedes-Benz E280 2008,195000000,Nam SX 2008,Ki?u dáng Sedan,Tình tr?ng Xe cu,Xu?t x? Nh?p kh?u,Km dã di 260.000 km,"T?nh thành
Hà N?i",H?p s? S? t? d?ng,Nhiên li?u Máy xang
Peugeot 3008 GT Line 2022,820000000,Nam SX 2022,,Tình tr?ng Xe cu,Xu?t x? Trong nu?c,Km dã di 50.000 km,"T?nh thành
Hà N?i",H?p s? S? t? d?ng,Nhiên li?u Máy xang
Nissan Almera CVT Cao c?p 2021,419000000,Nam SX 2021,Ki?u dáng Sedan,Tình tr?ng Xe cu,Xu?t x? Nh?p kh?u,Km dã di 64.000 km,"T?nh thành
Tp.HCM",H?p s? S? t? d?ng,Nhiên li?u Máy xang
Nissan Almera CVT 2023,400000000,Nam SX 2023,Ki?u dáng Sedan,Tình tr?ng Xe cu,Xu?t x? Nh?p kh?u,Km dã di 69.000 km,"T?nh thành
Tp.HCM",H?p s? S? t? d?ng,Nhiên li?u Máy xang
Mercedes-Benz Maybach S450 4Matic 2018,3499000000,Nam SX 2018,Ki?u dáng Sedan,Tình tr?ng Xe cu,Xu?t x? Nh?p kh?u,Km dã di 87.000 km,"T?nh thành
Tp.HCM",H?p s? S? t? d?ng,Nhiên li?u Máy xang
Kia Morning SLX 1.0 AT 2010,150000000,Nam SX 2010,Ki?u dáng Hatchback,Tình tr?ng Xe cu,Xu?t x? Nh?p kh?u,Km dã di 170.000 km,"T?nh thành
Vinh Phúc",H?p s? S? t? d?ng,Nhiên li?u Máy xang
Kia Forte Koup 2010,228000000,Nam SX 2010,Ki?u dáng Coupe,Tình tr?ng Xe cu,Xu?t x? Nh?p kh?u,Km dã di 100.000 km,"T?nh thành
Tp.HCM",H?p s? S? t? d?ng,Nhiên li?u Máy xang
Toyota Corolla Altis 1.8 G 2016,475000000,Nam SX 2016,Ki?u dáng Sedan,Tình tr?ng Xe cu,Xu?t x? Trong nu?c,Km dã di 35.000 km,"T?nh thành
Hà N?i",H?p s? S? t? d?ng,Nhiên li?u Máy xang
Toyota Innova 2.0G 2017,495000000,Nam SX 2017,Ki?u dáng MPV,Tình tr?ng Xe cu,Xu?t x? Trong nu?c,Km dã di 150.000 km,"T?nh thành
Hà N?i",H?p s? S? t? d?ng,Nhiên li?u Máy xang
Toyota Corolla Altis 1.8 G 2010,268000000,Nam SX 2010,Ki?u dáng Sedan,Tình tr?ng Xe cu,Xu?t x? Trong nu?c,Km dã di 170.000 km,"T?nh thành
Hà N?i",H?p s? S? t? d?ng,Nhiên li?u Máy xang
Toyota Corolla Altis 1.8 G 2010,269000000,Nam SX 2010,Ki?u dáng Sedan,Tình tr?ng Xe cu,Xu?t x? Trong nu?c,Km dã di 170.000 km,"T?nh thành
Hà N?i",H?p s? S? t? d?ng,Nhiên li?u Máy xang
Hyundai Grand i10 Hatchback 1.2 AT 2019,315000000,Nam SX 2019,Ki?u dáng Hatchback,Tình tr?ng Xe cu,Xu?t x? Trong nu?c,Km dã di 30.000 km,"T?nh thành
Hà N?i",H?p s? S? t? d?ng,Nhiên li?u Máy xang
Kia Morning 2018,278000000,Nam SX 2018,Ki?u dáng Hatchback,Tình tr?ng Xe cu,Xu?t x? Trong nu?c,Km dã di 50.000 km,"T?nh thành
Hà N?i",H?p s? S? t? d?ng,Nhiên li?u Máy xang
Honda City 1.5 CVT 2014,290000000,Nam SX 2014,Ki?u dáng Sedan,Tình tr?ng Xe cu,Xu?t x? Trong nu?c,Km dã di 90.000 km,"T?nh thành
Hà N?i",H?p s? S? t? d?ng,Nhiên li?u Máy xang
Hyundai Tucson 2.0 Tiêu chu?n 2019,595000000,Nam SX 2019,Ki?u dáng SUV,Tình tr?ng Xe cu,Xu?t x? Trong nu?c,Km dã di 60.000 km,"T?nh thành
Hà N?i",H?p s? S? t? d?ng,Nhiên li?u Máy xang
Mercedes-Benz GLC 300 4Matic 2020,1539000000,Nam SX 2020,Ki?u dáng SUV,Tình tr?ng Xe cu,Xu?t x? Nh?p kh?u,Km dã di 60.000 km,"T?nh thành
Hà N?i",H?p s? S? t? d?ng,Nhiên li?u Máy xang
Chevrolet Captiva LS 2.4 2007,148000000,Nam SX 2007,Ki?u dáng SUV,Tình tr?ng Xe cu,Xu?t x? Trong nu?c,Km dã di 195.000 km,"T?nh thành
Hà N?i",H?p s? S? sàn,Nhiên li?u Máy xang
Toyota Corolla Cross 1.8 V  2022,725000000,Nam SX 2022,Ki?u dáng Crossover,Tình tr?ng Xe cu,Xu?t x? Nh?p kh?u,Km dã di 49.486 km,"T?nh thành
Hà N?i",H?p s? S? t? d?ng,Nhiên li?u Máy xang
Mitsubishi Outlander 2.0 CVT 2023,735000000,Nam SX 2023,Ki?u dáng SUV,Tình tr?ng Xe cu,Xu?t x? Trong nu?c,Km dã di 42.438 km,"T?nh thành
Hà N?i",H?p s? S? t? d?ng,Nhiên li?u Máy xang
Mazda CX-5 2.0 Luxury 2021,675000000,Nam SX 2021,Ki?u dáng SUV,Tình tr?ng Xe cu,Xu?t x? Trong nu?c,Km dã di 65.819 km,"T?nh thành
Hà N?i",H?p s? S? t? d?ng,Nhiên li?u Máy xang
Mazda CX-5 2.0 Premium 2022,730000000,Nam SX 2022,Ki?u dáng SUV,Tình tr?ng Xe cu,Xu?t x? Trong nu?c,Km dã di 50.836 km,"T?nh thành
Hà N?i",H?p s? S? t? d?ng,Nhiên li?u Máy xang
VinFast LUX A2.0 Tiêu chu?n 2022,535000000,Nam SX 2022,Ki?u dáng Sedan,Tình tr?ng Xe cu,Xu?t x? Trong nu?c,Km dã di 48.609 km,"T?nh thành
Hà N?i",H?p s? S? t? d?ng,Nhiên li?u Máy xang
Peugeot 5008 1.6L Turbo 2020,680000000,Nam SX 2020,Ki?u dáng SUV,Tình tr?ng Xe cu,Xu?t x? Nh?p kh?u,Km dã di 54.420 km,"T?nh thành
Hà N?i",H?p s? S? t? d?ng,Nhiên li?u Máy xang
Ford Everest Titanium 2.0 AT 4x2 2019,810000000,Nam SX 2019,Ki?u dáng SUV,Tình tr?ng Xe cu,Xu?t x? Nh?p kh?u,Km dã di 01 km,"T?nh thành
Hà N?i",H?p s? S? t? d?ng,Nhiên li?u Máy d?u
Nissan X trail 2.0 SL 2WD Premium 2020,610000000,Nam SX 2020,Ki?u dáng SUV,Tình tr?ng Xe cu,Xu?t x? Trong nu?c,Km dã di 01 km,"T?nh thành
Hà N?i",H?p s? S? t? d?ng,Nhiên li?u Máy xang
Suzuki Swift 1.4 AT 2017,329000000,Nam SX 2017,Ki?u dáng Hatchback,Tình tr?ng Xe cu,Xu?t x? Nh?p kh?u,Km dã di 50.000 km,"T?nh thành
Hà N?i",H?p s? S? t? d?ng,Nhiên li?u Máy xang
Acura MDX 2008,299000000,Nam SX 2008,Ki?u dáng SUV,Tình tr?ng Xe cu,Xu?t x? Nh?p kh?u,Km dã di 100.000 km,"T?nh thành
Phú Th?",H?p s? S? t? d?ng,Nhiên li?u Máy xang
BMW 430i 2023,2638000000,Nam SX 2023,,Tình tr?ng Xe cu,Xu?t x? Trong nu?c,Km dã di 22.222 km,"T?nh thành
Tp.HCM",H?p s? S? t? d?ng,Nhiên li?u Máy xang
Volkswagen Viloran 2023,1738000000,Nam SX 2023,,Tình tr?ng Xe cu,Xu?t x? Trong nu?c,Km dã di 32.000 km,"T?nh thành
Tp.HCM",H?p s? S? t? d?ng,Nhiên li?u Máy xang
Kia Sedona 3.3 GAT 2020,1400000000,Nam SX 2020,Ki?u dáng Van/Minivan,Tình tr?ng Xe cu,Xu?t x? Trong nu?c,Km dã di 108.000 km,"T?nh thành
Tp.HCM",H?p s? S? t? d?ng,Nhiên li?u Máy xang
Kia Forte EX 1.6 MT 2011,215000000,Nam SX 2011,Ki?u dáng Sedan,Tình tr?ng Xe cu,Xu?t x? Trong nu?c,Km dã di 70.000 km,"T?nh thành
Tp.HCM",H?p s? S? sàn,Nhiên li?u Máy xang
Mazda BT-50 Standard 4x4 2.2 MT 2014,295000000,Nam SX 2014,Ki?u dáng Bán t?i,Tình tr?ng Xe cu,Xu?t x? Nh?p kh?u,Km dã di 120.000 km,"T?nh thành
Tp.HCM",H?p s? S? sàn,Nhiên li?u Máy d?u
Mitsubishi Zinger 2008,185000000,Nam SX 2008,Ki?u dáng MPV,Tình tr?ng Xe cu,Xu?t x? Trong nu?c,Km dã di 90.000 km,"T?nh thành
Tp.HCM",H?p s? S? sàn,Nhiên li?u Máy xang
Toyota Hiace 2.8 MT 2009,265000000,Nam SX 2009,Ki?u dáng Van/Minivan,Tình tr?ng Xe cu,Xu?t x? Trong nu?c,Km dã di 140.000 km,"T?nh thành
Hà N?i",H?p s? S? sàn,Nhiên li?u Máy d?u
Suzuki Blind Van Suzuki Blind Van 2015,135000000,Nam SX 2015,Ki?u dáng Xe t?i,Tình tr?ng Xe cu,Xu?t x? Trong nu?c,Km dã di 70.000 km,"T?nh thành
Hà N?i",H?p s? S? t? d?ng,Nhiên li?u Máy xang
Hyundai Grand Starex 2.5 MT 2016,395000000,Nam SX 2016,Ki?u dáng Van/Minivan,Tình tr?ng Xe cu,Xu?t x? Nh?p kh?u,Km dã di 120.000 km,"T?nh thành
Hà N?i",H?p s? S? sàn,Nhiên li?u Máy xang
Hyundai Grand Starex 2.4 AT 2008,425000000,Nam SX 2008,Ki?u dáng Van/Minivan,Tình tr?ng Xe cu,Xu?t x? Nh?p kh?u,Km dã di 160.000 km,"T?nh thành
Hà N?i",H?p s? S? t? d?ng,Nhiên li?u Máy d?u
Mitsubishi Triton 2011,248000000,Nam SX 2011,Ki?u dáng Bán t?i,Tình tr?ng Xe cu,Xu?t x? Trong nu?c,Km dã di 155.000 km,"T?nh thành
Hà N?i",H?p s? S? sàn,Nhiên li?u Máy xang
Dongben X30 2017,110000000,Nam SX 2017,Ki?u dáng Van/Minivan,Tình tr?ng Xe cu,Xu?t x? Trong nu?c,Km dã di 120.000 km,"T?nh thành
Hà N?i",H?p s? S? sàn,Nhiên li?u Máy xang
Isuzu D-Max LS 3.0 4x2 AT 2008,195000000,Nam SX 2008,Ki?u dáng Bán t?i,Tình tr?ng Xe cu,Xu?t x? Trong nu?c,Km dã di 160.000 km,"T?nh thành
Hà N?i",H?p s? S? t? d?ng,Nhiên li?u Máy d?u
Toyota Hiace 2.8 MT 2008,145000000,Nam SX 2008,,Tình tr?ng Xe cu,Xu?t x? Trong nu?c,Km dã di 160.000 km,"T?nh thành
Hà N?i",H?p s? S? sàn,Nhiên li?u Máy xang
Toyota Hiace Commuter 2.5 2010,285000000,Nam SX 2010,Ki?u dáng Van/Minivan,Tình tr?ng Xe cu,Xu?t x? Trong nu?c,Km dã di 140.000 km,"T?nh thành
Hà N?i",H?p s? S? sàn,Nhiên li?u Máy d?u
Hyundai Starex 2.4 MT 2014,425000000,Nam SX 2014,Ki?u dáng Van/Minivan,Tình tr?ng Xe cu,Xu?t x? Nh?p kh?u,Km dã di 140.000 km,"T?nh thành
Hà N?i",H?p s? S? sàn,Nhiên li?u Máy xang
Chevrolet Colorado  2016,330000000,Nam SX 2016,Ki?u dáng Bán t?i,Tình tr?ng Xe cu,Xu?t x? Nh?p kh?u,Km dã di 130.000 km,"T?nh thành
Hà N?i",H?p s? S? t? d?ng,Nhiên li?u Máy d?u
Mitsubishi Triton 4×4 AT 2013,315000000,Nam SX 2013,Ki?u dáng Bán t?i,Tình tr?ng Xe cu,Xu?t x? Nh?p kh?u,Km dã di 160.000 km,"T?nh thành
Hà N?i",H?p s? S? t? d?ng,Nhiên li?u Máy d?u
Peugeot 2008 GT Line 2021,593000000,Nam SX 2021,Ki?u dáng Crossover,Tình tr?ng Xe cu,Xu?t x? Nh?p kh?u,Km dã di 38.000 km,"T?nh thành
Hà N?i",H?p s? S? t? d?ng,Nhiên li?u Máy xang
MG ZS 1.5 2WD LUX+ 2025,529000000,Nam SX 2025,Ki?u dáng SUV,Tình tr?ng Xe cu,Xu?t x? Nh?p kh?u,Km dã di 300 km,"T?nh thành
Tp.HCM",H?p s? S? t? d?ng,Nhiên li?u Máy xang
Lexus LX 570 2014,2800000000,Nam SX 2014,Ki?u dáng SUV,Tình tr?ng Xe cu,Xu?t x? Nh?p kh?u,Km dã di 110.000 km,"T?nh thành
Hà N?i",H?p s? S? t? d?ng,Nhiên li?u Máy xang
Mazda CX-8 Premium 2023,895000000,Nam SX 2023,Ki?u dáng SUV,Tình tr?ng Xe cu,Xu?t x? Trong nu?c,Km dã di 54.000 km,"T?nh thành
Hà N?i",H?p s? S? t? d?ng,Nhiên li?u Máy xang
Ford Everest Titanium 2.0 AT 4x2 2019,755000000,Nam SX 2019,Ki?u dáng SUV,Tình tr?ng Xe cu,Xu?t x? Nh?p kh?u,Km dã di 90.000 km,"T?nh thành
Tp.HCM",H?p s? S? t? d?ng,Nhiên li?u Máy d?u
Hyundai i20 1.4 AT 2015,313000000,Nam SX 2015,Ki?u dáng Hatchback,Tình tr?ng Xe cu,Xu?t x? Nh?p kh?u,Km dã di 110.000 km,"T?nh thành
Phú Th?",H?p s? S? t? d?ng,Nhiên li?u Máy xang
Honda City 1.5 CVT 2014,296000000,Nam SX 2014,Ki?u dáng Sedan,Tình tr?ng Xe cu,Xu?t x? Trong nu?c,Km dã di 132.000 km,"T?nh thành
Hà N?i",H?p s? S? t? d?ng,Nhiên li?u Máy xang
Hyundai Grand i10 2019,315000000,Nam SX 2019,Ki?u dáng Hatchback,Tình tr?ng Xe cu,Xu?t x? Trong nu?c,Km dã di 56.000 km,"T?nh thành
Hà N?i",H?p s? S? t? d?ng,Nhiên li?u Máy xang
Hyundai Grand i10 2019,315000000,Nam SX 2019,Ki?u dáng Hatchback,Tình tr?ng Xe cu,Xu?t x? Trong nu?c,Km dã di 56.000 km,"T?nh thành
Hà N?i",H?p s? S? t? d?ng,Nhiên li?u Máy xang
Mitsubishi Xpander 2023,500000000,Nam SX 2023,Ki?u dáng MPV,Tình tr?ng Xe cu,Xu?t x? Nh?p kh?u,Km dã di 50.000 km,"T?nh thành
Hà N?i",H?p s? S? t? d?ng,Nhiên li?u Máy xang
Mazda 2 Sedan 1.5L Luxury 2020,395000000,Nam SX 2020,Ki?u dáng Sedan,Tình tr?ng Xe cu,Xu?t x? Nh?p kh?u,Km dã di 34.000 km,"T?nh thành
Hà N?i",H?p s? S? t? d?ng,Nhiên li?u Máy xang
Ford Ranger Wildtrak 2.0L 4x4 AT 2023,855000000,Nam SX 2023,Ki?u dáng Bán t?i,Tình tr?ng Xe cu,Xu?t x? Nh?p kh?u,Km dã di 24.000 km,"T?nh thành
Tp.HCM",H?p s? S? t? d?ng,Nhiên li?u Máy d?u
Kia Morning 1.25 MT 2021,225000000,Nam SX 2021,,Tình tr?ng Xe cu,Xu?t x? Trong nu?c,Km dã di 50.000 km,"T?nh thành
Hà N?i",H?p s? S? t? d?ng,Nhiên li?u Máy xang
Mercedes-Benz C250 AMG 2010,220000000,Nam SX 2010,Ki?u dáng Sedan,Tình tr?ng Xe cu,Xu?t x? Nh?p kh?u,Km dã di 78.000 km,"T?nh thành
Hà Tinh",H?p s? S? t? d?ng,Nhiên li?u Máy xang
Mazda 3 Sedan 1.5L Luxury 2020,495000000,Nam SX 2020,Ki?u dáng Sedan,Tình tr?ng Xe cu,Xu?t x? Trong nu?c,Km dã di 33.000 km,"T?nh thành
Hung Yên",H?p s? S? t? d?ng,Nhiên li?u Máy xang
Mitsubishi Xpander AT Premium 2024,589000000,Nam SX 2024,Ki?u dáng MPV,Tình tr?ng Xe cu,Xu?t x? Trong nu?c,Km dã di 25.000 km,"T?nh thành
H?i Phòng",H?p s? S? t? d?ng,Nhiên li?u Máy xang
Mitsubishi Xforce Ultimate 2025,630000000,Nam SX 2025,Ki?u dáng SUV,Tình tr?ng Xe cu,Xu?t x? Nh?p kh?u,Km dã di 3.000 km,"T?nh thành
Hà N?i",H?p s? S? t? d?ng,Nhiên li?u Máy xang
VinFast VF5 Plus 2024,450000000,Nam SX 2024,Ki?u dáng Crossover,Tình tr?ng Xe cu,Xu?t x? Trong nu?c,Km dã di 9.000 km,"T?nh thành
Hà N?i",H?p s? S? t? d?ng,Nhiên li?u Ði?n
Mercedes-Benz GLB 200 AMG 2022,1259000000,Nam SX 2022,Ki?u dáng SUV,Tình tr?ng Xe cu,Xu?t x? Nh?p kh?u,Km dã di 47.000 km,"T?nh thành
Tp.HCM",H?p s? S? t? d?ng,Nhiên li?u Máy xang
Mercedes-Benz GLC 250 2017,839000000,Nam SX 2017,Ki?u dáng SUV,Tình tr?ng Xe cu,Xu?t x? Trong nu?c,Km dã di 78.000 km,"T?nh thành
Tp.HCM",H?p s? S? t? d?ng,Nhiên li?u Máy xang
Toyota Innova 2.0E 2016,328000000,Nam SX 2016,Ki?u dáng MPV,Tình tr?ng Xe cu,Xu?t x? Trong nu?c,Km dã di 176.000 km,"T?nh thành
Tp.HCM",H?p s? S? t? d?ng,Nhiên li?u Máy xang
Mercedes-Benz E250 E250 2018,999000000,Nam SX 2018,Ki?u dáng Sedan,Tình tr?ng Xe cu,Xu?t x? Trong nu?c,Km dã di 42.000 km,"T?nh thành
Tp.HCM",H?p s? S? t? d?ng,Nhiên li?u Máy xang
Mercedes-Benz C300 AMG 2021,1469000000,Nam SX 2021,Ki?u dáng Sedan,Tình tr?ng Xe cu,Xu?t x? Nh?p kh?u,Km dã di 9.000 km,"T?nh thành
Tp.HCM",H?p s? S? t? d?ng,Nhiên li?u Máy xang
Land Rover Range Rover AutoBiography 3.0 2013,1999000000,Nam SX 2013,Ki?u dáng SUV,Tình tr?ng Xe cu,Xu?t x? Nh?p kh?u,Km dã di 115.000 km,"T?nh thành
Tp.HCM",H?p s? S? t? d?ng,Nhiên li?u Máy xang
Audi Q5 2021,1799000000,Nam SX 2021,Ki?u dáng SUV,Tình tr?ng Xe cu,Xu?t x? Nh?p kh?u,Km dã di 14.500 km,"T?nh thành
Tp.HCM",H?p s? S? t? d?ng,Nhiên li?u Máy xang
VinFast VF8 Eco 2022,695000000,Nam SX 2022,Ki?u dáng SUV,Tình tr?ng Xe cu,Xu?t x? Trong nu?c,Km dã di 58.000 km,"T?nh thành
Tp.HCM",H?p s? S? t? d?ng,Nhiên li?u Ði?n
Hyundai Santa Fe 2.5 Xang Cao c?p 2023,1119000000,Nam SX 2023,Ki?u dáng SUV,Tình tr?ng Xe cu,Xu?t x? Nh?p kh?u,Km dã di 48.000 km,"T?nh thành
Hà N?i",H?p s? S? t? d?ng,Nhiên li?u Máy xang
Mazda CX-5 2.0L Premium Sport  2024,811000000,Nam SX 2024,Ki?u dáng SUV,Tình tr?ng Xe cu,Xu?t x? Trong nu?c,Km dã di 17.000 km,"T?nh thành
Hà N?i",H?p s? S? t? d?ng,Nhiên li?u Máy xang
Ford Ranger XLS 2.0L 4x2 AT 2014,344000000,Nam SX 2014,Ki?u dáng Bán t?i,Tình tr?ng Xe cu,Xu?t x? Nh?p kh?u,Km dã di 100.000 km,"T?nh thành
Hà N?i",H?p s? S? t? d?ng,Nhiên li?u Máy d?u
Toyota Vios 1.5E MT 2019,320000000,Nam SX 2019,Ki?u dáng Sedan,Tình tr?ng Xe cu,Xu?t x? Trong nu?c,Km dã di 80.000 km,"T?nh thành
Hà N?i",H?p s? S? sàn,Nhiên li?u Máy xang
VinFast LUX SA2.0 Cao c?p 2022,788000000,Nam SX 2022,Ki?u dáng MPV,Tình tr?ng Xe cu,Xu?t x? Trong nu?c,Km dã di 75.000 km,"T?nh thành
Hà N?i",H?p s? S? t? d?ng,Nhiên li?u Máy xang
MG ZS 1.5L LUX+ 2025,525000000,Nam SX 2025,Ki?u dáng SUV,Tình tr?ng Xe cu,Xu?t x? Nh?p kh?u,Km dã di 1.000 km,"T?nh thành
C?n Tho",H?p s? S? t? d?ng,Nhiên li?u Máy xang
MG 5 1.5L Luxury 2022,399000000,Nam SX 2022,Ki?u dáng Sedan,Tình tr?ng Xe cu,Xu?t x? Nh?p kh?u,Km dã di 34.000 km,"T?nh thành
Hà N?i",H?p s? S? t? d?ng,Nhiên li?u Máy xang
Mazda BT-50 1.9 AT 4x2 2020,470000000,Nam SX 2020,Ki?u dáng Bán t?i,Tình tr?ng Xe cu,Xu?t x? Nh?p kh?u,Km dã di 70.000 km,"T?nh thành
Hà N?i",H?p s? S? t? d?ng,Nhiên li?u Máy d?u
Ford Ranger XLS 2.0L 4x2 AT 2018,470000000,Nam SX 2018,,Tình tr?ng Xe cu,Xu?t x? Trong nu?c,Km dã di 120.000 km,"T?nh thành
Hà N?i",H?p s? S? t? d?ng,Nhiên li?u Máy xang
Toyota RAV4 2008,310000000,Nam SX 2008,Ki?u dáng SUV,Tình tr?ng Xe cu,Xu?t x? Nh?p kh?u,Km dã di 90.000 km,"T?nh thành
Hà N?i",H?p s? S? t? d?ng,Nhiên li?u Máy xang
Ford EcoSport Titanium 1.5L AT 2016,310000000,Nam SX 2016,Ki?u dáng SUV,Tình tr?ng Xe cu,Xu?t x? Trong nu?c,Km dã di 120.000 km,"T?nh thành
Hà N?i",H?p s? S? t? d?ng,Nhiên li?u Máy xang
Toyota Corolla Altis 1.8 G 2017,460000000,Nam SX 2017,Ki?u dáng Sedan,Tình tr?ng Xe cu,Xu?t x? Trong nu?c,Km dã di 120.000 km,"T?nh thành
Hà N?i",H?p s? S? t? d?ng,Nhiên li?u Máy xang
Ford Ranger XLS 2.2 4x2 AT 2020,510000000,Nam SX 2020,,Tình tr?ng Xe cu,Xu?t x? Nh?p kh?u,Km dã di 90.000 km,"T?nh thành
Hà N?i",H?p s? S? t? d?ng,Nhiên li?u Máy d?u
Mitsubishi Triton 4X2 AT MIVEC PREMIUM 2020,555000000,Nam SX 2020,Ki?u dáng Bán t?i,Tình tr?ng Xe cu,Xu?t x? Nh?p kh?u,Km dã di 80.000 km,"T?nh thành
Hà N?i",H?p s? S? t? d?ng,Nhiên li?u Máy d?u
Toyota Fortuner 2022,935000000,Nam SX 2022,Ki?u dáng SUV,Tình tr?ng Xe cu,Xu?t x? Trong nu?c,Km dã di 60.000 km,"T?nh thành
Hà N?i",H?p s? S? t? d?ng,Nhiên li?u Máy d?u
Toyota Fortuner 2.8 AT 4x4 Legender 2021,1020000000,Nam SX 2021,Ki?u dáng SUV,Tình tr?ng Xe cu,Xu?t x? Trong nu?c,Km dã di 50.000 km,"T?nh thành
Hà N?i",H?p s? S? t? d?ng,Nhiên li?u Máy d?u
Nissan Juke 1.6 CVT 2015,499000000,Nam SX 2015,Ki?u dáng Hatchback,Tình tr?ng Xe cu,Xu?t x? Nh?p kh?u,Km dã di 57.000 km,"T?nh thành
Bình Duong",H?p s? S? t? d?ng,Nhiên li?u Máy xang
Ford Explorer 2.3L Ecoboost 2016,695000000,Nam SX 2016,,Tình tr?ng Xe cu,Xu?t x? Nh?p kh?u,Km dã di 100.000 km,"T?nh thành
Hà N?i",H?p s? S? t? d?ng,Nhiên li?u Máy xang
Mazda CX-5 2.0 Premium 2024,805000000,Nam SX 2024,Ki?u dáng SUV,Tình tr?ng Xe cu,Xu?t x? Trong nu?c,Km dã di 8.900 km,"T?nh thành
Hà N?i",H?p s? S? t? d?ng,Nhiên li?u Máy xang
Kia Sorento 2022,945000000,Nam SX 2022,Ki?u dáng SUV,Tình tr?ng Xe cu,Xu?t x? Trong nu?c,Km dã di 50.000 km,"T?nh thành
Hà N?i",H?p s? S? t? d?ng,Nhiên li?u Máy d?u
Hyundai Tucson 2020,699000000,Nam SX 2020,,Tình tr?ng Xe cu,Xu?t x? Trong nu?c,Km dã di 78.000 km,"T?nh thành
Hà N?i",H?p s? S? t? d?ng,Nhiên li?u Máy d?u
Toyota Fortuner 2.7 V 4X2 AT 2013,400000000,Nam SX 2013,Ki?u dáng SUV,Tình tr?ng Xe cu,Xu?t x? Trong nu?c,Km dã di 130.000 km,"T?nh thành
Tp.HCM",H?p s? S? t? d?ng,Nhiên li?u Máy xang
Suzuki Swift 1.4 AT 2017,325000000,Nam SX 2017,Ki?u dáng Hatchback,Tình tr?ng Xe cu,Xu?t x? Trong nu?c,Km dã di 50.000 km,"T?nh thành
Ðà N?ng",H?p s? S? t? d?ng,Nhiên li?u Máy xang
Toyota Vios 1.3J MT 2015,195000000,Nam SX 2015,Ki?u dáng Sedan,Tình tr?ng Xe cu,Xu?t x? Trong nu?c,Km dã di 95.000 km,"T?nh thành
Lâm Ð?ng",H?p s? S? sàn,Nhiên li?u Máy xang
Kia Morning AT 2018,295000000,Nam SX 2018,Ki?u dáng Hatchback,Tình tr?ng Xe cu,Xu?t x? Trong nu?c,Km dã di 27.000 km,"T?nh thành
Tp.HCM",H?p s? S? t? d?ng,Nhiên li?u Máy xang
Suzuki Swift 1.4 AT 2017,330000000,Nam SX 2017,Ki?u dáng Hatchback,Tình tr?ng Xe cu,Xu?t x? Trong nu?c,Km dã di 51.000 km,"T?nh thành
Ðà N?ng",H?p s? S? t? d?ng,Nhiên li?u Máy xang
MG ZS 1.5 2WD Luxury 2025,525000000,Nam SX 2025,Ki?u dáng SUV,Tình tr?ng Xe cu,Xu?t x? Nh?p kh?u,Km dã di 1.000 km,"T?nh thành
Tp.HCM",H?p s? S? t? d?ng,Nhiên li?u Máy xang
VinFast Fadil Cao c?p 2020,269000000,Nam SX 2020,Ki?u dáng Hatchback,Tình tr?ng Xe cu,Xu?t x? Trong nu?c,Km dã di 60.000 km,"T?nh thành
Hung Yên",H?p s? S? t? d?ng,Nhiên li?u Máy xang
VinFast LUX SA2.0 Nâng cao 2020,700000000,Nam SX 2020,Ki?u dáng SUV,Tình tr?ng Xe cu,Xu?t x? Trong nu?c,Km dã di 20.000 km,"T?nh thành
Long An",H?p s? S? t? d?ng,Nhiên li?u Máy xang
Ford Focus S 2.0AT 2011,190000000,Nam SX 2011,Ki?u dáng Sedan,Tình tr?ng Xe cu,Xu?t x? Trong nu?c,Km dã di 118.000 km,"T?nh thành
Bà R?a Vung Tàu",H?p s? S? t? d?ng,Nhiên li?u Máy xang
VinFast VF7 Base 2024,705000000,Nam SX 2024,Ki?u dáng SUV,Tình tr?ng Xe cu,Xu?t x? Trong nu?c,Km dã di 11.000 km,"T?nh thành
Long An",H?p s? S? t? d?ng,Nhiên li?u Ði?n
Mercedes-Benz E250 2018,998000000,Nam SX 2018,Ki?u dáng Sedan,Tình tr?ng Xe cu,Xu?t x? Trong nu?c,Km dã di 01 km,"T?nh thành
Tp.HCM",H?p s? S? t? d?ng,Nhiên li?u Máy xang
Suzuki Swift GLX 1.2 CVT 2018,390000000,Nam SX 2018,Ki?u dáng Coupe,Tình tr?ng Xe cu,Xu?t x? Nh?p kh?u,Km dã di 54.000 km,"T?nh thành
Hà N?i",H?p s? S? t? d?ng,Nhiên li?u Máy xang
Toyota Land Cruiser 5.7 V8 2010,1300000000,Nam SX 2010,Ki?u dáng SUV,Tình tr?ng Xe cu,Xu?t x? Nh?p kh?u,Km dã di 100.000 km,"T?nh thành
Hà N?i",H?p s? S? t? d?ng,Nhiên li?u Máy xang
VinFast Fadil Tiêu Chu?n 2021,300000000,Nam SX 2021,Ki?u dáng Hatchback,Tình tr?ng Xe cu,Xu?t x? Trong nu?c,Km dã di 40.000 km,"T?nh thành
Thanh Hóa",H?p s? S? t? d?ng,Nhiên li?u Máy xang
Mazda 2 Sport 1.5L Premium 2016,295000000,Nam SX 2016,Ki?u dáng Hatchback,Tình tr?ng Xe cu,Xu?t x? Trong nu?c,Km dã di 130 km,"T?nh thành
Thanh Hóa",H?p s? S? t? d?ng,Nhiên li?u Máy xang
VinFast VF8 Eco 2024,865000000,Nam SX 2024,Ki?u dáng SUV,Tình tr?ng Xe cu,Xu?t x? Trong nu?c,Km dã di 30 km,"T?nh thành
Lâm Ð?ng",H?p s? S? t? d?ng,Nhiên li?u Ði?n
VinFast VF8 Plus 2023,855000000,Nam SX 2023,Ki?u dáng SUV,Tình tr?ng Xe cu,Xu?t x? Trong nu?c,Km dã di 45.000 km,"T?nh thành
Lâm Ð?ng",H?p s? S? t? d?ng,Nhiên li?u Ði?n
VinFast VF 3 2024,246000000,Nam SX 2024,Ki?u dáng Hatchback,Tình tr?ng Xe cu,Xu?t x? Trong nu?c,Km dã di 9.000 km,"T?nh thành
Tp.HCM",H?p s? S? t? d?ng,Nhiên li?u Ði?n
Toyota Innova 2.0E 2016,395000000,Nam SX 2016,Ki?u dáng MPV,Tình tr?ng Xe cu,Xu?t x? Trong nu?c,Km dã di 60.000 km,"T?nh thành
Tp.HCM",H?p s? S? t? d?ng,Nhiên li?u Máy xang
Toyota Fortuner 2.7 V 4X2 AT 2015,525000000,Nam SX 2015,Ki?u dáng SUV,Tình tr?ng Xe cu,Xu?t x? Trong nu?c,Km dã di 90.000 km,"T?nh thành
Tp.HCM",H?p s? S? t? d?ng,Nhiên li?u Máy xang
Toyota Fortuner 2.4 AT 4x2 Legender 2021,990000000,Nam SX 2021,Ki?u dáng SUV,Tình tr?ng Xe cu,Xu?t x? Trong nu?c,Km dã di 45.000 km,"T?nh thành
Tp.HCM",H?p s? S? t? d?ng,Nhiên li?u Máy d?u
Lexus RX 300 T 2019,2450000000,Nam SX 2019,Ki?u dáng SUV,Tình tr?ng Xe cu,Xu?t x? Nh?p kh?u,Km dã di 65.000 km,"T?nh thành
Hà N?i",H?p s? S? t? d?ng,Nhiên li?u Máy xang
Porsche Macan 2.0 2021,2750000000,Nam SX 2021,Ki?u dáng SUV,Tình tr?ng Xe cu,Xu?t x? Nh?p kh?u,Km dã di 40.000 km,"T?nh thành
Hà N?i",H?p s? S? t? d?ng,Nhiên li?u Máy xang
Kia K3 1.6AT 2022,500000000,Nam SX 2022,Ki?u dáng Sedan,Tình tr?ng Xe cu,Xu?t x? Trong nu?c,Km dã di 110.000 km,"T?nh thành
Hà N?i",H?p s? S? t? d?ng,Nhiên li?u Máy xang
VinFast VF8 Eco 2023,730000000,Nam SX 2023,,Tình tr?ng Xe cu,Xu?t x? Trong nu?c,Km dã di 68.000 km,"T?nh thành
Tp.HCM",H?p s? S? t? d?ng,Nhiên li?u Máy xang
VinFast LUX A2.0 Tiêu chu?n 2021,400000000,Nam SX 2021,Ki?u dáng Sedan,Tình tr?ng Xe cu,Xu?t x? Trong nu?c,Km dã di 57.000 km,"T?nh thành
Hà N?i",H?p s? S? t? d?ng,Nhiên li?u Máy xang
Toyota Corolla Cross 1.8 V  2021,688000000,Nam SX 2021,Ki?u dáng SUV,Tình tr?ng Xe cu,Xu?t x? Trong nu?c,Km dã di 50.000 km,"T?nh thành
Hà N?i",H?p s? S? t? d?ng,Nhiên li?u Máy xang
Toyota Innova 2.0E 2018,440000000,Nam SX 2018,Ki?u dáng MPV,Tình tr?ng Xe cu,Xu?t x? Trong nu?c,Km dã di 100.456 km,"T?nh thành
Bình Duong",H?p s? S? sàn,Nhiên li?u Máy xang
Ford Everest Trend 2.0 AT 4x2 2019,750000000,Nam SX 2019,Ki?u dáng SUV,Tình tr?ng Xe cu,Xu?t x? Trong nu?c,Km dã di 79.000 km,"T?nh thành
Bình Duong",H?p s? S? t? d?ng,Nhiên li?u Máy xang
Nissan Almera CVT Cao c?p 2022,440000000,Nam SX 2022,Ki?u dáng Sedan,Tình tr?ng Xe cu,Xu?t x? Nh?p kh?u,Km dã di 53.000 km,"T?nh thành
Hà N?i",H?p s? S? t? d?ng,Nhiên li?u Máy xang
VinFast Fadil Nâng Cao 2020,295000000,Nam SX 2020,,Tình tr?ng Xe cu,Xu?t x? Trong nu?c,Km dã di 28.000 km,"T?nh thành
Long An",H?p s? S? t? d?ng,Nhiên li?u Máy xang
MG 5 1.5L Luxury 2022,375000000,Nam SX 2022,Ki?u dáng Sedan,Tình tr?ng Xe cu,Xu?t x? Nh?p kh?u,Km dã di 35.000 km,"T?nh thành
Hà N?i",H?p s? S? t? d?ng,Nhiên li?u Máy xang
Hyundai i20 1.4 AT 2012,226000000,Nam SX 2012,Ki?u dáng Hatchback,Tình tr?ng Xe cu,Xu?t x? Nh?p kh?u,Km dã di 91.000 km,"T?nh thành
Hà N?i",H?p s? S? t? d?ng,Nhiên li?u Máy xang
Ford Everest Platinum 2.0L 4x4 AT 2020,900000000,Nam SX 2020,Ki?u dáng SUV,Tình tr?ng Xe cu,Xu?t x? Nh?p kh?u,Km dã di 85.000 km,"T?nh thành
Lâm Ð?ng",H?p s? S? t? d?ng,Nhiên li?u Máy d?u
Kia Morning Si 1.25 MT 2018,225000000,Nam SX 2018,Ki?u dáng Hatchback,Tình tr?ng Xe cu,Xu?t x? Trong nu?c,Km dã di 80.000 km,"T?nh thành
Lâm Ð?ng",H?p s? S? sàn,Nhiên li?u Máy xang
Mazda CX-5 2.0 Deluxe 2021,635000000,Nam SX 2021,Ki?u dáng SUV,Tình tr?ng Xe cu,Xu?t x? Trong nu?c,Km dã di 52.000 km,"T?nh thành
H?i Phòng",H?p s? S? t? d?ng,Nhiên li?u Máy xang
Hyundai Kona 2.0 AT Tiêu chu?n 2020,465000000,Nam SX 2020,Ki?u dáng SUV,Tình tr?ng Xe cu,Xu?t x? Trong nu?c,Km dã di 58.000 km,"T?nh thành
H?i Phòng",H?p s? S? t? d?ng,Nhiên li?u Máy xang
VinFast Fadil Tiêu Chu?n 2021,289000000,Nam SX 2021,,Tình tr?ng Xe cu,Xu?t x? Trong nu?c,Km dã di 72.000 km,"T?nh thành
H?i Phòng",H?p s? S? t? d?ng,Nhiên li?u Máy xang
Chevrolet Colorado LTZ 2.8 AT 4x4 2017,390000000,Nam SX 2017,Ki?u dáng Bán t?i,Tình tr?ng Xe cu,Xu?t x? Nh?p kh?u,Km dã di 130.000 km,"T?nh thành
Hà N?i",H?p s? S? t? d?ng,Nhiên li?u Máy d?u
Ford Focus 1.8L 2011,220000000,Nam SX 2011,Ki?u dáng Hatchback,Tình tr?ng Xe cu,Xu?t x? Trong nu?c,Km dã di 125.000 km,"T?nh thành
Hà N?i",H?p s? S? t? d?ng,Nhiên li?u Máy xang
Kia Sedona 3.3 Platinum G 2019,698000000,Nam SX 2019,Ki?u dáng MPV,Tình tr?ng Xe cu,Xu?t x? Trong nu?c,Km dã di 60.000 km,"T?nh thành
Tp.HCM",H?p s? S? t? d?ng,Nhiên li?u Máy xang
Subaru Outback 2.5i-T EyeSight 2022,1350000000,Nam SX 2022,Ki?u dáng Crossover,Tình tr?ng Xe cu,Xu?t x? Nh?p kh?u,Km dã di 16.000 km,"T?nh thành
Hà N?i",H?p s? S? t? d?ng,Nhiên li?u Máy xang
Ford EcoSport Titanium 1.5L AT 2021,445000000,Nam SX 2021,Ki?u dáng SUV,Tình tr?ng Xe cu,Xu?t x? Trong nu?c,Km dã di 55.000 km,"T?nh thành
Hà N?i",H?p s? S? t? d?ng,Nhiên li?u Máy xang
Porsche Cayenne 3.6 V6 2014,1200000000,Nam SX 2014,Ki?u dáng SUV,Tình tr?ng Xe cu,Xu?t x? Nh?p kh?u,Km dã di 88.888 km,"T?nh thành
Hà N?i",H?p s? S? t? d?ng,Nhiên li?u Máy xang
Kia Sedona 3.3 GATH 2015,485000000,Nam SX 2015,Ki?u dáng MPV,Tình tr?ng Xe cu,Xu?t x? Trong nu?c,,"T?nh thành
Hà N?i",H?p s? S? t? d?ng,Nhiên li?u Máy xang
Chevrolet Spark LTZ 2013,175000000,Nam SX 2013,Ki?u dáng Hatchback,Tình tr?ng Xe cu,Xu?t x? Trong nu?c,Km dã di 80.000 km,"T?nh thành
Hà N?i",H?p s? S? t? d?ng,Nhiên li?u Máy xang
Kia Sedona 3.3 GATH 2015,488000000,Nam SX 2015,Ki?u dáng MPV,Tình tr?ng Xe cu,Xu?t x? Trong nu?c,Km dã di 160.000 km,"T?nh thành
Hà N?i",H?p s? S? t? d?ng,Nhiên li?u Máy xang
Toyota Innova 2.0 Venturer AT 2021,698000000,Nam SX 2021,,Tình tr?ng Xe cu,Xu?t x? Trong nu?c,Km dã di 50.000 km,"T?nh thành
Ð?ng Nai",H?p s? S? t? d?ng,Nhiên li?u Máy xang
Kia Carnival 2.2D Signature 2023,1259000000,Nam SX 2023,Ki?u dáng MPV,Tình tr?ng Xe cu,Xu?t x? Trong nu?c,Km dã di 60.000 km,"T?nh thành
Hà N?i",H?p s? S? t? d?ng,Nhiên li?u Máy d?u
Mitsubishi Xpander 1.5 AT  2020,465000000,Nam SX 2020,Ki?u dáng MPV,Tình tr?ng Xe cu,Xu?t x? Trong nu?c,Km dã di 88.000 km,"T?nh thành
Bình Duong",H?p s? S? t? d?ng,Nhiên li?u Máy xang
Toyota Innova 2.0G 2009,210000000,Nam SX 2009,Ki?u dáng MPV,Tình tr?ng Xe cu,Xu?t x? Trong nu?c,Km dã di 120.000 km,"T?nh thành
Bình Duong",H?p s? S? sàn,Nhiên li?u Máy xang
Mazda 2 1.5AT 2019,368000000,Nam SX 2019,Ki?u dáng Hatchback,Tình tr?ng Xe cu,Xu?t x? Nh?p kh?u,Km dã di 30.000 km,"T?nh thành
Phú Th?",H?p s? S? t? d?ng,Nhiên li?u Máy xang
Toyota Vios 1.5E MT 2018,295000000,Nam SX 2018,Ki?u dáng Sedan,Tình tr?ng Xe cu,Xu?t x? Trong nu?c,Km dã di 115.000 km,"T?nh thành
Tp.HCM",H?p s? S? sàn,Nhiên li?u Máy xang
Toyota Fortuner 2.7 V 4X2 AT 2016,522000000,Nam SX 2016,Ki?u dáng SUV,Tình tr?ng Xe cu,Xu?t x? Trong nu?c,Km dã di 115.000 km,"T?nh thành
Tp.HCM",H?p s? S? t? d?ng,Nhiên li?u Máy xang
Toyota Innova 2.0 Venturer AT 2017,495000000,Nam SX 2017,Ki?u dáng MPV,Tình tr?ng Xe cu,Xu?t x? Trong nu?c,Km dã di 580.000 km,"T?nh thành
Tp.HCM",H?p s? S? t? d?ng,Nhiên li?u Máy xang
BMW 320i Executive 2016,558000000,Nam SX 2016,Ki?u dáng Sedan,Tình tr?ng Xe cu,Xu?t x? Nh?p kh?u,Km dã di 90.000 km,"T?nh thành
Tp.HCM",H?p s? S? t? d?ng,Nhiên li?u Máy xang
Bentley Bentayga 2021,12900000000,Nam SX 2021,,Tình tr?ng Xe cu,Xu?t x? Nh?p kh?u,Km dã di 7.000 km,"T?nh thành
Hà N?i",H?p s? S? t? d?ng,Nhiên li?u Máy xang
Ford Ranger 2017,575000000,Nam SX 2017,Ki?u dáng Bán t?i,Tình tr?ng Xe cu,Xu?t x? Nh?p kh?u,Km dã di 90.000 km,"T?nh thành
Hà N?i",H?p s? S? t? d?ng,Nhiên li?u Máy d?u
Toyota Corolla Altis 2014,415000000,Nam SX 2014,,Tình tr?ng Xe cu,Xu?t x? Trong nu?c,Km dã di 180.000 km,"T?nh thành
Hà N?i",H?p s? S? t? d?ng,Nhiên li?u Máy xang
Ford Ranger 2022,585000000,Nam SX 2022,Ki?u dáng Bán t?i,Tình tr?ng Xe cu,Xu?t x? Trong nu?c,Km dã di 30.000 km,"T?nh thành
Hà N?i",H?p s? S? t? d?ng,Nhiên li?u Máy d?u
Ford Everest Titanium 2.0 AT 4x2 2020,860000000,Nam SX 2020,Ki?u dáng SUV,Tình tr?ng Xe cu,Xu?t x? Nh?p kh?u,Km dã di 80.000 km,"T?nh thành
Hà N?i",H?p s? S? t? d?ng,Nhiên li?u Máy d?u
Mazda CX-5 2022,740000000,Nam SX 2022,Ki?u dáng SUV,Tình tr?ng Xe cu,Xu?t x? Trong nu?c,Km dã di 30.000 km,"T?nh thành
Hà N?i",H?p s? S? t? d?ng,Nhiên li?u Máy xang
Toyota Veloz Cross 1.5 CVT TOP 2022,555000000,Nam SX 2022,,Tình tr?ng Xe cu,Xu?t x? Nh?p kh?u,Km dã di 50.000 km,"T?nh thành
Nam Ð?nh",H?p s? S? t? d?ng,Nhiên li?u Máy xang
Mitsubishi Triton 4×4 AT MIVEC PREMIUM 2021,630000000,Nam SX 2021,Ki?u dáng Bán t?i,Tình tr?ng Xe cu,Xu?t x? Nh?p kh?u,Km dã di 80.000 km,"T?nh thành
Hà N?i",H?p s? S? t? d?ng,Nhiên li?u Máy d?u
Ford Everest 2020,860000000,Nam SX 2020,,Tình tr?ng Xe cu,Xu?t x? Trong nu?c,Km dã di 8.200 km,"T?nh thành
Hà N?i",H?p s? S? t? d?ng,Nhiên li?u Máy xang
Nissan Navara EL Premium 2019,485000000,Nam SX 2019,,Tình tr?ng Xe cu,Xu?t x? Trong nu?c,Km dã di 45.000 km,"T?nh thành
Hà N?i",H?p s? S? t? d?ng,Nhiên li?u Máy d?u
Toyota Vios 1.5 G CVT 2022,445000000,Nam SX 2022,Ki?u dáng Sedan,Tình tr?ng Xe cu,Xu?t x? Trong nu?c,Km dã di 61.000 km,"T?nh thành
Thái Nguyên",H?p s? S? t? d?ng,Nhiên li?u Máy xang
Mazda 3 1.5L Sedan 2017,396000000,Nam SX 2017,Ki?u dáng Sedan,Tình tr?ng Xe cu,Xu?t x? Trong nu?c,Km dã di 100.000 km,"T?nh thành
Hà N?i",H?p s? S? t? d?ng,Nhiên li?u Máy xang
Toyota Camry 2.0E 2014,439000000,Nam SX 2014,Ki?u dáng Sedan,Tình tr?ng Xe cu,Xu?t x? Nh?p kh?u,Km dã di 135.000 km,"T?nh thành
Tp.HCM",H?p s? S? t? d?ng,Nhiên li?u Máy xang
Mercedes-Benz C300 AMG 2020,999000000,Nam SX 2020,Ki?u dáng Sedan,Tình tr?ng Xe cu,Xu?t x? Trong nu?c,Km dã di 51.000 km,"T?nh thành
Tp.HCM",H?p s? S? t? d?ng,Nhiên li?u Máy xang
Mercedes-Benz GLC 200 4Matic 2021,1399000000,Nam SX 2021,Ki?u dáng SUV,Tình tr?ng Xe cu,Xu?t x? Nh?p kh?u,Km dã di 40.000 km,"T?nh thành
Hà N?i",H?p s? S? t? d?ng,Nhiên li?u Máy xang
Porsche Cayenne 3.6 V6 2014,1188000000,Nam SX 2014,Ki?u dáng SUV,Tình tr?ng Xe cu,Xu?t x? Nh?p kh?u,Km dã di 92 km,"T?nh thành
Tp.HCM",H?p s? S? t? d?ng,Nhiên li?u Máy xang
VinFast VF 3 2024,240000000,Nam SX 2024,Ki?u dáng Crossover,Tình tr?ng Xe cu,Xu?t x? Trong nu?c,Km dã di 6.611 km,"T?nh thành
Hà N?i",H?p s? S? t? d?ng,Nhiên li?u Ði?n
Mercedes-Benz GLC 300 4Matic V1 2022,1839000000,Nam SX 2022,Ki?u dáng SUV,Tình tr?ng Xe cu,Xu?t x? Trong nu?c,Km dã di 32.000 km,"T?nh thành
Hà N?i",H?p s? S? t? d?ng,Nhiên li?u Máy xang
Porsche Cayenne V6 3.0 2021,3899000000,Nam SX 2021,Ki?u dáng SUV,Tình tr?ng Xe cu,Xu?t x? Nh?p kh?u,Km dã di 63.000 km,"T?nh thành
Hà N?i",H?p s? S? t? d?ng,Nhiên li?u Máy xang
Mercedes-Benz S450 4Matic 2022,3799000000,Nam SX 2022,Ki?u dáng Sedan,Tình tr?ng Xe cu,Xu?t x? Nh?p kh?u,Km dã di 24.000 km,"T?nh thành
Hà N?i",H?p s? S? t? d?ng,Nhiên li?u Máy xang
Mercedes-Benz GLC 300 4Matic 2023,1850000000,Nam SX 2023,Ki?u dáng SUV,Tình tr?ng Xe cu,Xu?t x? Nh?p kh?u,Km dã di 19.000 km,"T?nh thành
Hà N?i",H?p s? S? t? d?ng,Nhiên li?u Máy xang
MG 5 1.5L Luxury 2023,435000000,Nam SX 2023,Ki?u dáng Sedan,Tình tr?ng Xe cu,Xu?t x? Nh?p kh?u,Km dã di 12.895 km,"T?nh thành
Tp.HCM",H?p s? S? t? d?ng,Nhiên li?u Máy xang
Kia Cerato 2.0 AT Premium 2020,485000000,Nam SX 2020,Ki?u dáng Sedan,Tình tr?ng Xe cu,Xu?t x? Trong nu?c,Km dã di 39.000 km,"T?nh thành
Hà N?i",H?p s? S? t? d?ng,Nhiên li?u Máy xang
Toyota Innova 2.0E 2017,435000000,Nam SX 2017,Ki?u dáng MPV,Tình tr?ng Xe cu,Xu?t x? Trong nu?c,Km dã di 82.000 km,"T?nh thành
Tp.HCM",H?p s? S? sàn,Nhiên li?u Máy xang
Nissan X trail 2.5 SV 4WD Premium 2018,595000000,Nam SX 2018,Ki?u dáng SUV,Tình tr?ng Xe cu,Xu?t x? Trong nu?c,Km dã di 50.000 km,"T?nh thành
Tp.HCM",H?p s? S? t? d?ng,Nhiên li?u Máy xang
Nissan X trail 2.5 SV 4WD Premium 2018,595000000,Nam SX 2018,Ki?u dáng SUV,Tình tr?ng Xe cu,Xu?t x? Trong nu?c,Km dã di 50.000 km,"T?nh thành
Tp.HCM",H?p s? S? t? d?ng,Nhiên li?u Máy xang
Toyota Fortuner 2.4 MT 4x2 2019,715000000,Nam SX 2019,Ki?u dáng SUV,Tình tr?ng Xe cu,Xu?t x? Trong nu?c,Km dã di 107.000 km,"T?nh thành
Tp.HCM",H?p s? S? sàn,Nhiên li?u Máy d?u
Kia Forte SLI 1.6 AT 2011,240000000,Nam SX 2011,Ki?u dáng Sedan,Tình tr?ng Xe cu,Xu?t x? Trong nu?c,Km dã di 99.000 km,"T?nh thành
Bình Duong",H?p s? S? t? d?ng,Nhiên li?u Máy xang
Suzuki XL7 2020,420000000,Nam SX 2020,Ki?u dáng SUV,Tình tr?ng Xe cu,Xu?t x? Trong nu?c,Km dã di 55.000 km,"T?nh thành
Bình Phu?c",H?p s? S? t? d?ng,Nhiên li?u Máy xang
Toyota Vios 1.5G AT 2021,438000000,Nam SX 2021,,Tình tr?ng Xe cu,Xu?t x? Trong nu?c,Km dã di 55.000 km,"T?nh thành
Bình Phu?c",H?p s? S? t? d?ng,Nhiên li?u Máy xang
Kia Sorento 2.4L AT 2017,429000000,Nam SX 2017,Ki?u dáng SUV,Tình tr?ng Xe cu,Xu?t x? Trong nu?c,Km dã di 90.100 km,"T?nh thành
Hà N?i",H?p s? S? t? d?ng,Nhiên li?u Máy xang
Mercedes-Benz GLC 300 4Matic 2023,2399000000,Nam SX 2023,Ki?u dáng SUV,Tình tr?ng Xe cu,Xu?t x? Trong nu?c,Km dã di 15.000 km,"T?nh thành
Hà N?i",H?p s? S? t? d?ng,Nhiên li?u Máy xang
Lexus LX 570 2021,8340000000,Nam SX 2021,,Tình tr?ng Xe cu,Xu?t x? Nh?p kh?u,Km dã di 10.000 km,"T?nh thành
Hà N?i",H?p s? S? t? d?ng,Nhiên li?u Máy xang
Toyota Innova 2.0E 2017,396000000,Nam SX 2017,Ki?u dáng MPV,Tình tr?ng Xe cu,Xu?t x? Trong nu?c,Km dã di 110.000 km,"T?nh thành
Hà N?i",H?p s? S? sàn,Nhiên li?u Máy xang
Kia Rio 1.4 AT 2016,316000000,Nam SX 2016,Ki?u dáng Sedan,Tình tr?ng Xe cu,Xu?t x? Nh?p kh?u,Km dã di 65.000 km,"T?nh thành
Hà N?i",H?p s? S? t? d?ng,Nhiên li?u Máy xang
VinFast Fadil Cao c?p 2021,319000000,Nam SX 2021,Ki?u dáng Hatchback,Tình tr?ng Xe cu,Xu?t x? Trong nu?c,Km dã di 30.000 km,"T?nh thành
Hà N?i",H?p s? S? t? d?ng,Nhiên li?u Máy xang
Honda CR-V 1.5 L 2018,708000000,Nam SX 2018,Ki?u dáng SUV,Tình tr?ng Xe cu,Xu?t x? Nh?p kh?u,Km dã di 100.000 km,"T?nh thành
Hà N?i",H?p s? S? t? d?ng,Nhiên li?u Máy xang
Toyota Corolla Altis 2.0V  2015,450000000,Nam SX 2015,Ki?u dáng Sedan,Tình tr?ng Xe cu,Xu?t x? Trong nu?c,Km dã di 115.000 km,"T?nh thành
Tp.HCM",H?p s? S? t? d?ng,Nhiên li?u Máy xang
Hyundai Santa Fe 2.2 D?u Cao c?p 2022,1119000000,Nam SX 2022,Ki?u dáng SUV,Tình tr?ng Xe cu,Xu?t x? Trong nu?c,Km dã di 48.000 km,"T?nh thành
Hà N?i",H?p s? S? t? d?ng,Nhiên li?u Máy d?u
Hyundai Tucson 2015,530000000,Nam SX 2015,Ki?u dáng SUV,Tình tr?ng Xe cu,Xu?t x? Nh?p kh?u,Km dã di 88.000 km,"T?nh thành
Bình Duong",H?p s? S? t? d?ng,Nhiên li?u Máy xang
Honda HR-V L 2019,510000000,Nam SX 2019,Ki?u dáng Crossover,Tình tr?ng Xe cu,Xu?t x? Nh?p kh?u,Km dã di 60.000 km,"T?nh thành
Tp.HCM",H?p s? S? t? d?ng,Nhiên li?u Máy xang
Kia Sorento 2.2 DAT Premium 2021,850000000,Nam SX 2021,Ki?u dáng SUV,Tình tr?ng Xe cu,Xu?t x? Trong nu?c,Km dã di 51.000 km,"T?nh thành
Bình Phu?c",H?p s? S? t? d?ng,Nhiên li?u Máy d?u
Kia Sorento 2.4AT 2017,530000000,Nam SX 2017,Ki?u dáng SUV,Tình tr?ng Xe cu,Xu?t x? Trong nu?c,Km dã di 70.000 km,"T?nh thành
Bình Phu?c",H?p s? S? t? d?ng,Nhiên li?u Máy xang
Ford Ranger 2015,315000000,Nam SX 2015,,Tình tr?ng Xe cu,Xu?t x? Trong nu?c,Km dã di 90.000 km,"T?nh thành
Bình Phu?c",H?p s? S? t? d?ng,Nhiên li?u Máy xang
Ford Ranger XL 2.0L 4x4 MT 2022,560000000,Nam SX 2022,Ki?u dáng Bán t?i,Tình tr?ng Xe cu,Xu?t x? Trong nu?c,Km dã di 33.000 km,"T?nh thành
Bình Phu?c",H?p s? S? sàn,Nhiên li?u Máy d?u
Toyota Fortuner 2017,850000000,Nam SX 2017,Ki?u dáng SUV,Tình tr?ng Xe cu,Xu?t x? Trong nu?c,Km dã di 51.000 km,"T?nh thành
Bình Phu?c",H?p s? S? t? d?ng,Nhiên li?u Máy d?u
Toyota Fortuner 2.4 MT 4x2 2017,700000000,Nam SX 2017,Ki?u dáng SUV,Tình tr?ng Xe cu,Xu?t x? Trong nu?c,Km dã di 54.000 km,"T?nh thành
Bình Phu?c",H?p s? S? sàn,Nhiên li?u Máy d?u
Mercedes-Benz AMG GLE 53 4MATIC Coupe 2022,3899000000,Nam SX 2022,Ki?u dáng SUV,Tình tr?ng Xe cu,Xu?t x? Nh?p kh?u,Km dã di 13.333 km,"T?nh thành
Tp.HCM",H?p s? S? t? d?ng,Nhiên li?u Máy xang
Jeep Wrangler Rubicon 2021,2499000000,Nam SX 2021,Ki?u dáng SUV,Tình tr?ng Xe cu,Xu?t x? Nh?p kh?u,Km dã di 45.000 km,"T?nh thành
Tp.HCM",H?p s? S? t? d?ng,Nhiên li?u Máy xang
Porsche 718 Boxster T 2023,4950000000,Nam SX 2023,Ki?u dáng Convertible,Tình tr?ng Xe cu,Xu?t x? Nh?p kh?u,Km dã di 1.300 km,"T?nh thành
Tp.HCM",H?p s? S? t? d?ng,Nhiên li?u Máy xang
Ford EcoSport Trend 2018,350000000,Nam SX 2018,Ki?u dáng SUV,Tình tr?ng Xe cu,Xu?t x? Nh?p kh?u,Km dã di 120.000 km,"T?nh thành
Ðà N?ng",H?p s? S? t? d?ng,Nhiên li?u Máy xang
Hyundai Santa Fe 2.5 Xang Cao c?p 2020,810000000,Nam SX 2020,Ki?u dáng SUV,Tình tr?ng Xe cu,Xu?t x? Trong nu?c,Km dã di 40.000 km,"T?nh thành
Hà N?i",H?p s? S? t? d?ng,Nhiên li?u Máy xang
Hyundai Santa Fe 2.4L Xang Cao c?p 2017,655000000,Nam SX 2017,Ki?u dáng SUV,Tình tr?ng Xe cu,Xu?t x? Trong nu?c,Km dã di 70.000 km,"T?nh thành
Hà N?i",H?p s? S? t? d?ng,Nhiên li?u Máy xang
Hyundai Santa Fe 2.2 D?u Cao c?p 2020,855000000,Nam SX 2020,Ki?u dáng SUV,Tình tr?ng Xe cu,Xu?t x? Trong nu?c,Km dã di 85.000 km,"T?nh thành
Hà N?i",H?p s? S? t? d?ng,Nhiên li?u Máy d?u
Hyundai Santa Fe 2009,386000000,Nam SX 2009,Ki?u dáng SUV,Tình tr?ng Xe cu,Xu?t x? Nh?p kh?u,Km dã di 130.000 km,"T?nh thành
Hà N?i",H?p s? S? t? d?ng,Nhiên li?u Máy xang
Kia Rondo 2016,360000000,Nam SX 2016,Ki?u dáng MPV,Tình tr?ng Xe cu,Xu?t x? Trong nu?c,Km dã di 90.000 km,"T?nh thành
Hà N?i",H?p s? S? t? d?ng,Nhiên li?u Máy xang
Honda Civic 1.8 AT 2011,255000000,Nam SX 2011,Ki?u dáng Sedan,Tình tr?ng Xe cu,Xu?t x? Trong nu?c,Km dã di 150.000 km,"T?nh thành
Phú Th?",H?p s? S? t? d?ng,Nhiên li?u Máy xang
Toyota Fortuner 2.7 V 4X2 AT 2017,659000000,Nam SX 2017,Ki?u dáng SUV,Tình tr?ng Xe cu,Xu?t x? Trong nu?c,Km dã di 83.000 km,"T?nh thành
Hà N?i",H?p s? S? t? d?ng,Nhiên li?u Máy xang
GAC M8 2024,1699000000,Nam SX 2024,Ki?u dáng MPV,Tình tr?ng Xe cu,Xu?t x? Nh?p kh?u,Km dã di 7.000 km,"T?nh thành
Hà N?i",H?p s? S? t? d?ng,Nhiên li?u Máy xang
Ford Ranger Raptor 2024,1135000000,Nam SX 2024,Ki?u dáng Bán t?i,Tình tr?ng Xe cu,Xu?t x? Nh?p kh?u,Km dã di 35.000 km,"T?nh thành
Hà N?i",H?p s? S? t? d?ng,Nhiên li?u Máy d?u
Hyundai Accent 1.4 AT 2018,350000000,Nam SX 2018,Ki?u dáng Sedan,Tình tr?ng Xe cu,Xu?t x? Trong nu?c,Km dã di 80 km,"T?nh thành
Thanh Hóa",H?p s? S? t? d?ng,Nhiên li?u Máy xang
Ford Everest Titanium 2.0 AT 4x2 2020,820000000,Nam SX 2020,Ki?u dáng SUV,Tình tr?ng Xe cu,Xu?t x? Nh?p kh?u,Km dã di 70 km,"T?nh thành
Thanh Hóa",H?p s? S? t? d?ng,Nhiên li?u Máy d?u
Mazda 2 1.5AT 2016,290000000,Nam SX 2016,Ki?u dáng Sedan,Tình tr?ng Xe cu,Xu?t x? Trong nu?c,Km dã di 80 km,"T?nh thành
Thanh Hóa",H?p s? S? t? d?ng,Nhiên li?u Máy xang
Ford Ranger XLS 2.0L 4x2 AT 2015,360000000,Nam SX 2015,Ki?u dáng Bán t?i,Tình tr?ng Xe cu,Xu?t x? Nh?p kh?u,Km dã di 90 km,"T?nh thành
Thanh Hóa",H?p s? S? t? d?ng,Nhiên li?u Máy d?u
Mazda BT-50 1.9 AT 4x2 2017,390000000,Nam SX 2017,Ki?u dáng Bán t?i,Tình tr?ng Xe cu,Xu?t x? Nh?p kh?u,Km dã di 90 km,"T?nh thành
Thanh Hóa",H?p s? S? t? d?ng,Nhiên li?u Máy d?u
Kia Morning Si 1.25 AT 2016,235000000,Nam SX 2016,Ki?u dáng Hatchback,Tình tr?ng Xe cu,Xu?t x? Trong nu?c,Km dã di 110.000 km,"T?nh thành
Hà N?i",H?p s? S? t? d?ng,Nhiên li?u Máy xang
VinFast Fadil Nâng Cao 2019,310000000,Nam SX 2019,Ki?u dáng Hatchback,Tình tr?ng Xe cu,Xu?t x? Trong nu?c,Km dã di 40.000 km,"T?nh thành
Bình Duong",H?p s? S? t? d?ng,Nhiên li?u Máy xang
Toyota Innova 2.0 Venturer AT 2022,720000000,Nam SX 2022,Ki?u dáng MPV,Tình tr?ng Xe cu,Xu?t x? Trong nu?c,Km dã di 100.000 km,"T?nh thành
Bình Duong",H?p s? S? t? d?ng,Nhiên li?u Máy xang
VinFast Fadil Nâng Cao 2019,310000000,Nam SX 2019,Ki?u dáng Hatchback,Tình tr?ng Xe cu,Xu?t x? Trong nu?c,Km dã di 40.000 km,"T?nh thành
Bình Duong",H?p s? S? t? d?ng,Nhiên li?u Máy xang
Toyota Innova 2.0 Venturer AT 2022,720000000,Nam SX 2022,Ki?u dáng MPV,Tình tr?ng Xe cu,Xu?t x? Trong nu?c,Km dã di 100.000 km,"T?nh thành
Bình Duong",H?p s? S? t? d?ng,Nhiên li?u Máy xang
Mercedes-Benz E300 AMG 2021,1699000000,Nam SX 2021,Ki?u dáng Sedan,Tình tr?ng Xe cu,Xu?t x? Nh?p kh?u,Km dã di 41.000 km,"T?nh thành
Tp.HCM",H?p s? S? t? d?ng,Nhiên li?u Máy xang
Toyota Land Cruiser 2020,828000000,Nam SX 2020,Ki?u dáng SUV,Tình tr?ng Xe cu,Xu?t x? Nh?p kh?u,Km dã di 76.000 km,"T?nh thành
Hà N?i",H?p s? S? t? d?ng,Nhiên li?u Máy xang
Volkswagen Tiguan  2010,345000000,Nam SX 2010,Ki?u dáng SUV,Tình tr?ng Xe cu,Xu?t x? Nh?p kh?u,Km dã di 95.000 km,"T?nh thành
Tp.HCM",H?p s? S? t? d?ng,Nhiên li?u Máy xang
Toyota Fortuner 2.7V TRD 4x4 2016,535000000,Nam SX 2016,Ki?u dáng SUV,Tình tr?ng Xe cu,Xu?t x? Trong nu?c,Km dã di 140.000 km,"T?nh thành
Hà N?i",H?p s? S? t? d?ng,Nhiên li?u Máy xang
Ford Ranger XLS 2.2 4x2 AT 2016,380000000,Nam SX 2016,Ki?u dáng Bán t?i,Tình tr?ng Xe cu,Xu?t x? Trong nu?c,Km dã di 80.000 km,"T?nh thành
Hà N?i",H?p s? S? t? d?ng,Nhiên li?u Máy d?u
Hyundai Accent 1.4 AT Ð?c bi?t 2022,435000000,Nam SX 2022,Ki?u dáng Sedan,Tình tr?ng Xe cu,Xu?t x? Trong nu?c,Km dã di 40.000 km,"T?nh thành
Hà N?i",H?p s? S? t? d?ng,Nhiên li?u Máy xang
Chevrolet Cruze LTZ 1.8 2016,260000000,Nam SX 2016,Ki?u dáng Sedan,Tình tr?ng Xe cu,Xu?t x? Trong nu?c,Km dã di 50.000 km,"T?nh thành
Tp.HCM",H?p s? S? t? d?ng,Nhiên li?u Máy xang
VinFast VF8 2023,710000000,Nam SX 2023,,Tình tr?ng Xe cu,Xu?t x? Trong nu?c,Km dã di 55.000 km,"T?nh thành
Vinh Phúc",H?p s? S? t? d?ng,Nhiên li?u Máy xang
VinFast VF8 2023,710000000,Nam SX 2023,,Tình tr?ng Xe cu,Xu?t x? Trong nu?c,Km dã di 45.000 km,"T?nh thành
Vinh Phúc",H?p s? S? t? d?ng,Nhiên li?u Máy xang
VinFast VF8 2023,695000000,Nam SX 2023,,Tình tr?ng Xe cu,Xu?t x? Trong nu?c,Km dã di 56.000 km,"T?nh thành
Vinh Phúc",H?p s? S? t? d?ng,Nhiên li?u Máy xang
VinFast LUX A2.0 2020,500000000,Nam SX 2020,,Tình tr?ng Xe cu,Xu?t x? Trong nu?c,Km dã di 50.000 km,"T?nh thành
Vinh Phúc",H?p s? S? t? d?ng,Nhiên li?u Máy xang
VinFast Fadil 2020,275000000,Nam SX 2020,,Tình tr?ng Xe cu,Xu?t x? Trong nu?c,Km dã di 50.000 km,"T?nh thành
Vinh Phúc",H?p s? S? t? d?ng,Nhiên li?u Máy xang
Mitsubishi Attrage 2022,255000000,Nam SX 2022,,Tình tr?ng Xe cu,Xu?t x? Trong nu?c,Km dã di 45.000 km,"T?nh thành
Vinh Phúc",H?p s? S? t? d?ng,Nhiên li?u Máy xang
Suzuki Ertiga 1.5L Sport AT 2017,335000000,Nam SX 2017,Ki?u dáng MPV,Tình tr?ng Xe cu,Xu?t x? Nh?p kh?u,Km dã di 90.000 km,"T?nh thành
Hà N?i",H?p s? S? t? d?ng,Nhiên li?u Máy xang
Mitsubishi Xpander AT Premium 2021,475000000,Nam SX 2021,Ki?u dáng SUV,Tình tr?ng Xe cu,Xu?t x? Nh?p kh?u,Km dã di 50.000 km,"T?nh thành
Hà N?i",H?p s? S? t? d?ng,Nhiên li?u Máy xang
Mercedes-Benz GLA 45 AMG 2015,678000000,Nam SX 2015,Ki?u dáng Crossover,Tình tr?ng Xe cu,Xu?t x? Nh?p kh?u,Km dã di 85.000 km,"T?nh thành
Hà N?i",H?p s? S? t? d?ng,Nhiên li?u Máy xang
Mazda 6 2.0 Premium 2022,678000000,Nam SX 2022,Ki?u dáng Sedan,Tình tr?ng Xe cu,Xu?t x? Trong nu?c,Km dã di 36.000 km,"T?nh thành
Hà N?i",H?p s? S? t? d?ng,Nhiên li?u Máy xang
Hyundai Accent 1.4 AT 2022,429000000,Nam SX 2022,Ki?u dáng Sedan,Tình tr?ng Xe cu,Xu?t x? Trong nu?c,Km dã di 50.000 km,"T?nh thành
Hà N?i",H?p s? S? t? d?ng,Nhiên li?u Máy xang
Kia Cerato 2021,479000000,Nam SX 2021,Ki?u dáng Sedan,Tình tr?ng Xe cu,Xu?t x? Trong nu?c,Km dã di 70.000 km,"T?nh thành
Hà N?i",H?p s? S? t? d?ng,Nhiên li?u Máy xang
Hyundai Accent 1.4 AT Ð?c bi?t 2022,439000000,Nam SX 2022,Ki?u dáng Sedan,Tình tr?ng Xe cu,Xu?t x? Trong nu?c,Km dã di 50.000 km,"T?nh thành
Hà N?i",H?p s? S? t? d?ng,Nhiên li?u Máy xang
Toyota Fortuner 2.4 MT 4x2 2019,775000000,Nam SX 2019,Ki?u dáng SUV,Tình tr?ng Xe cu,Xu?t x? Nh?p kh?u,Km dã di 20.000 km,"T?nh thành
Tp.HCM",H?p s? S? sàn,Nhiên li?u Máy d?u
Toyota Camry 2.0E 2013,436000000,Nam SX 2013,Ki?u dáng Sedan,Tình tr?ng Xe cu,Xu?t x? Trong nu?c,Km dã di 128.000 km,"T?nh thành
Hà N?i",H?p s? S? t? d?ng,Nhiên li?u Máy xang
Hyundai Santa Fe 2.2L D?u Tiêu chu?n 2022,969000000,Nam SX 2022,Ki?u dáng SUV,Tình tr?ng Xe cu,Xu?t x? Trong nu?c,Km dã di 63.000 km,"T?nh thành
Hà N?i",H?p s? S? t? d?ng,Nhiên li?u Máy d?u
Toyota Vios 1.5E MT 2023,379000000,Nam SX 2023,Ki?u dáng Sedan,Tình tr?ng Xe cu,Xu?t x? Trong nu?c,Km dã di 47.000 km,"T?nh thành
Hà N?i",H?p s? S? sàn,Nhiên li?u Máy xang
Toyota Raize 2023,495000000,Nam SX 2023,Ki?u dáng SUV,Tình tr?ng Xe cu,Xu?t x? Trong nu?c,Km dã di 15.000 km,"T?nh thành
Bình Duong",H?p s? S? t? d?ng,Nhiên li?u Máy xang
Toyota Fortuner 2022,955000000,Nam SX 2022,Ki?u dáng SUV,Tình tr?ng Xe cu,Xu?t x? Trong nu?c,Km dã di 42.000 km,"T?nh thành
Ð?ng Nai",H?p s? S? t? d?ng,Nhiên li?u Máy d?u
Honda City 1.5 TOP CVT 2018,375000000,Nam SX 2018,Ki?u dáng Sedan,Tình tr?ng Xe cu,Xu?t x? Trong nu?c,Km dã di 80.000 km,"T?nh thành
Bình Duong",H?p s? S? t? d?ng,Nhiên li?u Máy xang
Toyota Vios 1.5G AT 2016,315000000,Nam SX 2016,Ki?u dáng Sedan,Tình tr?ng Xe cu,Xu?t x? Trong nu?c,Km dã di 100.000 km,"T?nh thành
Bình Duong",H?p s? S? t? d?ng,Nhiên li?u Máy xang
Toyota Vios 1.5E MT 2018,268000000,Nam SX 2018,Ki?u dáng Sedan,Tình tr?ng Xe cu,Xu?t x? Trong nu?c,Km dã di 90.000 km,"T?nh thành
Bình Duong",H?p s? S? sàn,Nhiên li?u Máy xang
Hyundai Elantra 2022,499000000,Nam SX 2022,Ki?u dáng Sedan,Tình tr?ng Xe cu,Xu?t x? Trong nu?c,Km dã di 43.000 km,"T?nh thành
Hà N?i",H?p s? S? t? d?ng,Nhiên li?u Máy xang
Kia Sportage 1.6 T Signature X-line AWD 2022,839000000,Nam SX 2022,Ki?u dáng SUV,Tình tr?ng Xe cu,Xu?t x? Nh?p kh?u,Km dã di 27.000 km,"T?nh thành
Hà N?i",H?p s? S? t? d?ng,Nhiên li?u Máy xang
Hyundai Elantra Sport 1.6 2020,509000000,Nam SX 2020,Ki?u dáng Sedan,Tình tr?ng Xe cu,Xu?t x? Trong nu?c,Km dã di 61.000 km,"T?nh thành
Hà N?i",H?p s? S? t? d?ng,Nhiên li?u Máy xang
Hyundai Accent 1.4 AT 2023,475000000,Nam SX 2023,Ki?u dáng Sedan,Tình tr?ng Xe cu,Xu?t x? Trong nu?c,Km dã di 13.000 km,"T?nh thành
Hà N?i",H?p s? S? t? d?ng,Nhiên li?u Máy xang
VinFast LUX SA2.0 Nâng cao 2021,730000000,Nam SX 2021,Ki?u dáng SUV,Tình tr?ng Xe cu,Xu?t x? Trong nu?c,Km dã di 50.000 km,"T?nh thành
Bình Duong",H?p s? S? t? d?ng,Nhiên li?u Máy xang
Toyota Land Cruiser VXS V8 5.7L 2021,4539000000,Nam SX 2021,Ki?u dáng SUV,Tình tr?ng Xe cu,Xu?t x? Nh?p kh?u,Km dã di 60.000 km,"T?nh thành
Hà N?i",H?p s? S? t? d?ng,Nhiên li?u Máy xang
Mercedes-Benz Maybach S450 4Matic 2020,4286000000,Nam SX 2020,Ki?u dáng Sedan,Tình tr?ng Xe cu,Xu?t x? Nh?p kh?u,Km dã di 30.000 km,"T?nh thành
Hà N?i",H?p s? S? t? d?ng,Nhiên li?u Máy xang
Mercedes-Benz Maybach S450 4Matic 2020,4286000000,Nam SX 2020,Ki?u dáng Sedan,Tình tr?ng Xe cu,Xu?t x? Nh?p kh?u,Km dã di 30.000 km,"T?nh thành
Hà N?i",H?p s? S? t? d?ng,Nhiên li?u Máy xang
VinFast VF8 2023,690000000,Nam SX 2023,Ki?u dáng SUV,Tình tr?ng Xe cu,Xu?t x? Trong nu?c,Km dã di 55.000 km,"T?nh thành
Hà N?i",H?p s? S? t? d?ng,Nhiên li?u Ði?n
VinFast LUX SA2.0 2022,745000000,Nam SX 2022,Ki?u dáng SUV,Tình tr?ng Xe cu,Xu?t x? Trong nu?c,Km dã di 75.000 km,"T?nh thành
Hà N?i",H?p s? S? t? d?ng,Nhiên li?u Máy xang
Toyota Corolla Altis 2.0V Sport 2017,489000000,Nam SX 2017,Ki?u dáng Sedan,Tình tr?ng Xe cu,Xu?t x? Trong nu?c,Km dã di 108.000 km,"T?nh thành
Hà N?i",H?p s? S? t? d?ng,Nhiên li?u Máy xang
Mercedes-Benz G63 4.0 V8 2019,7439000000,Nam SX 2019,Ki?u dáng SUV,Tình tr?ng Xe cu,Xu?t x? Nh?p kh?u,Km dã di 65.000 km,"T?nh thành
Hà N?i",H?p s? S? t? d?ng,Nhiên li?u Máy xang
Maserati Ghibli GrandSport 2018,2333000000,Nam SX 2018,Ki?u dáng Sedan,Tình tr?ng Xe cu,Xu?t x? Nh?p kh?u,Km dã di 20.000 km,"T?nh thành
Hà N?i",H?p s? S? t? d?ng,Nhiên li?u Máy xang
Mercedes-Benz E180 V1 2022,1559000000,Nam SX 2022,Ki?u dáng Sedan,Tình tr?ng Xe cu,Xu?t x? Trong nu?c,Km dã di 5.999 km,"T?nh thành
Hà N?i",H?p s? S? t? d?ng,Nhiên li?u Máy xang
Maserati Ghibli GrandSport 2018,2333000000,Nam SX 2018,Ki?u dáng Sedan,Tình tr?ng Xe cu,Xu?t x? Nh?p kh?u,Km dã di 20.000 km,"T?nh thành
Hà N?i",H?p s? S? t? d?ng,Nhiên li?u Máy xang
Mercedes-Benz E180 V1 2022,1559000000,Nam SX 2022,Ki?u dáng Sedan,Tình tr?ng Xe cu,Xu?t x? Trong nu?c,Km dã di 5.999 km,"T?nh thành
Hà N?i",H?p s? S? t? d?ng,Nhiên li?u Máy xang
Suzuki Swift GLX 1.2 CVT 2023,529000000,Nam SX 2023,Ki?u dáng Hatchback,Tình tr?ng Xe cu,Xu?t x? Nh?p kh?u,Km dã di 22.000 km,"T?nh thành
Hà N?i",H?p s? S? t? d?ng,Nhiên li?u Máy xang
Mazda 3 Sedan 1.5L Deluxe 2022,515000000,Nam SX 2022,Ki?u dáng Sedan,Tình tr?ng Xe cu,Xu?t x? Trong nu?c,Km dã di 11.000 km,"T?nh thành
Hà N?i",H?p s? S? t? d?ng,Nhiên li?u Máy xang
Chevrolet Cruze LS 2011,150000000,Nam SX 2011,,Tình tr?ng Xe cu,Xu?t x? Trong nu?c,Km dã di 74.000 km,"T?nh thành
Thanh Hóa",H?p s? S? t? d?ng,Nhiên li?u Máy xang
Hyundai Tucson 2.0 D?u d?c bi?t 2022,815000000,Nam SX 2022,Ki?u dáng SUV,Tình tr?ng Xe cu,Xu?t x? Trong nu?c,Km dã di 100.000 km,"T?nh thành
Tây Ninh",H?p s? S? t? d?ng,Nhiên li?u Máy d?u
Toyota Fortuner 2.7V 2021,896000000,Nam SX 2021,Ki?u dáng SUV,Tình tr?ng Xe cu,Xu?t x? Nh?p kh?u,Km dã di 39.000 km,"T?nh thành
Hà N?i",H?p s? S? t? d?ng,Nhiên li?u Máy xang
Toyota Innova 2.0E 2018,425000000,Nam SX 2018,Ki?u dáng MPV,Tình tr?ng Xe cu,Xu?t x? Trong nu?c,Km dã di 86.000 km,"T?nh thành
Hà N?i",H?p s? S? sàn,Nhiên li?u Máy xang
Peugeot 3008 GT 2022,840000000,Nam SX 2022,Ki?u dáng SUV,Tình tr?ng Xe cu,Xu?t x? Nh?p kh?u,Km dã di 22.000 km,"T?nh thành
Tp.HCM",H?p s? S? t? d?ng,Nhiên li?u Máy xang
Ford Mustang EcoBoost 2019,1750000000,Nam SX 2019,Ki?u dáng Sport Car,Tình tr?ng Xe cu,Xu?t x? Nh?p kh?u,Km dã di 30.000 km,"T?nh thành
Tp.HCM",H?p s? S? t? d?ng,Nhiên li?u Máy xang
Kia Cerato 1.6 MT 2017,325000000,Nam SX 2017,Ki?u dáng Sedan,Tình tr?ng Xe cu,Xu?t x? Trong nu?c,Km dã di 96.000 km,"T?nh thành
Ðà N?ng",H?p s? S? t? d?ng,Nhiên li?u Máy xang
Mercedes-Benz C200 2.0 AT 2015,566000000,Nam SX 2015,Ki?u dáng Sedan,Tình tr?ng Xe cu,Xu?t x? Nh?p kh?u,Km dã di 100.000 km,"T?nh thành
Hà N?i",H?p s? S? t? d?ng,Nhiên li?u Máy xang
Kia Sonet 1.5 Premium 2023,550000000,Nam SX 2023,Ki?u dáng Crossover,Tình tr?ng Xe cu,Xu?t x? Trong nu?c,Km dã di 13.000 km,"T?nh thành
Hà N?i",H?p s? S? t? d?ng,Nhiên li?u Máy xang
Suzuki Ertiga 1.5L Sport AT 2020,385000000,Nam SX 2020,Ki?u dáng MPV,Tình tr?ng Xe cu,Xu?t x? Nh?p kh?u,Km dã di 90.000 km,"T?nh thành
Tp.HCM",H?p s? S? t? d?ng,Nhiên li?u Máy xang
Toyota Fortuner 2.4 MT 4x2 2022,815000000,Nam SX 2022,Ki?u dáng SUV,Tình tr?ng Xe cu,Xu?t x? Trong nu?c,Km dã di 89.000 km,"T?nh thành
Tp.HCM",H?p s? S? sàn,Nhiên li?u Máy d?u
Hyundai i20 1.4 AT 2009,195000000,Nam SX 2009,Ki?u dáng Hatchback,Tình tr?ng Xe cu,Xu?t x? Nh?p kh?u,Km dã di 123.000 km,"T?nh thành
Tp.HCM",H?p s? S? t? d?ng,Nhiên li?u Máy xang
Porsche Cayenne 2024,6580000000,Nam SX 2024,Ki?u dáng SUV,Tình tr?ng Xe cu,Xu?t x? Nh?p kh?u,Km dã di 2.999 km,"T?nh thành
Hà N?i",H?p s? S? t? d?ng,Nhiên li?u Máy xang
Mercedes-Benz E180 V1 2022,1489000000,Nam SX 2022,Ki?u dáng Sedan,Tình tr?ng Xe cu,Xu?t x? Trong nu?c,Km dã di 6.789 km,"T?nh thành
Hà N?i",H?p s? S? t? d?ng,Nhiên li?u Máy xang
Mazda 3 1.5L Sedan 2017,410000000,Nam SX 2017,Ki?u dáng Sedan,Tình tr?ng Xe cu,Xu?t x? Trong nu?c,Km dã di 70.000 km,"T?nh thành
Hà N?i",H?p s? S? t? d?ng,Nhiên li?u Máy xang
Suzuki Celerio 1.0 MT 2018,185000000,Nam SX 2018,Ki?u dáng Hatchback,Tình tr?ng Xe cu,Xu?t x? Nh?p kh?u,Km dã di 109.000 km,"T?nh thành
Lâm Ð?ng",H?p s? S? sàn,Nhiên li?u Máy xang
Toyota Vios 2020,402000000,Nam SX 2020,Ki?u dáng Sedan,Tình tr?ng Xe cu,Xu?t x? Trong nu?c,Km dã di 70.000 km,"T?nh thành
Hà N?i",H?p s? S? t? d?ng,Nhiên li?u Máy xang
VinFast VF8 Plus 2022,720000000,Nam SX 2022,Ki?u dáng SUV,Tình tr?ng Xe cu,Xu?t x? Trong nu?c,Km dã di 56.000 km,"T?nh thành
Hà N?i",H?p s? S? t? d?ng,Nhiên li?u Ði?n
Ford Territory 1.5L Titanium 2024,768000000,Nam SX 2024,Ki?u dáng SUV,Tình tr?ng Xe cu,Xu?t x? Nh?p kh?u,Km dã di 16.000 km,"T?nh thành
Bình Duong",H?p s? S? t? d?ng,Nhiên li?u Máy xang
Mitsubishi Xpander 1.5 AT  2019,428000000,Nam SX 2019,Ki?u dáng MPV,Tình tr?ng Xe cu,Xu?t x? Nh?p kh?u,Km dã di 80.000 km,"T?nh thành
Bình Duong",H?p s? S? t? d?ng,Nhiên li?u Máy xang
Mazda 3 1.6 AT 2017,408000000,Nam SX 2017,Ki?u dáng Sedan,Tình tr?ng Xe cu,Xu?t x? Trong nu?c,Km dã di 80.000 km,"T?nh thành
Bình Duong",H?p s? S? t? d?ng,Nhiên li?u Máy xang
Toyota Innova 2.0G 2015,350000000,Nam SX 2015,Ki?u dáng SUV,Tình tr?ng Xe cu,Xu?t x? Trong nu?c,Km dã di 110.000 km,"T?nh thành
Lâm Ð?ng",H?p s? S? sàn,Nhiên li?u Máy xang
Mazda 2 1.5AT 2016,280000000,Nam SX 2016,Ki?u dáng Sedan,Tình tr?ng Xe cu,Xu?t x? Nh?p kh?u,Km dã di 101.260 km,"T?nh thành
H?i Phòng",H?p s? S? t? d?ng,Nhiên li?u Máy xang
Kia Sedona 2.2 Platinum D 2019,760000000,Nam SX 2019,Ki?u dáng MPV,Tình tr?ng Xe cu,Xu?t x? Trong nu?c,Km dã di 120.000 km,"T?nh thành
Hà N?i",H?p s? S? t? d?ng,Nhiên li?u Máy d?u
Lexus RX 300 T 2019,2290000000,Nam SX 2019,Ki?u dáng Sedan,Tình tr?ng Xe cu,Xu?t x? Nh?p kh?u,Km dã di 83.000 km,"T?nh thành
Tp.HCM",H?p s? S? t? d?ng,Nhiên li?u Máy xang
Kia Seltos 1.6 Premium 2021,585000000,Nam SX 2021,Ki?u dáng Crossover,Tình tr?ng Xe cu,Xu?t x? Trong nu?c,Km dã di 65.000 km,"T?nh thành
Hà N?i",H?p s? S? t? d?ng,Nhiên li?u Máy xang
Toyota Corolla Cross 1.8 V  2021,685000000,Nam SX 2021,Ki?u dáng Crossover,Tình tr?ng Xe cu,Xu?t x? Trong nu?c,Km dã di 46.000 km,"T?nh thành
Hà N?i",H?p s? S? t? d?ng,Nhiên li?u Máy xang
Mazda CX-5 2.5L Luxury 2019,575000000,Nam SX 2019,Ki?u dáng SUV,Tình tr?ng Xe cu,Xu?t x? Trong nu?c,Km dã di 140.000 km,"T?nh thành
Hà N?i",H?p s? S? t? d?ng,Nhiên li?u Máy xang
Ford EcoSport Titanium 1.5L AT 2017,335000000,Nam SX 2017,Ki?u dáng SUV,Tình tr?ng Xe cu,Xu?t x? Trong nu?c,Km dã di 69.000 km,"T?nh thành
Tp.HCM",H?p s? S? t? d?ng,Nhiên li?u Máy xang
Peugeot 5008 1.6L Turbo 2022,850000000,Nam SX 2022,Ki?u dáng SUV,Tình tr?ng Xe cu,Xu?t x? Nh?p kh?u,Km dã di 17.000 km,"T?nh thành
Tp.HCM",H?p s? S? t? d?ng,Nhiên li?u Máy xang
Toyota Innova 2.0V 2010,279000000,Nam SX 2010,Ki?u dáng MPV,Tình tr?ng Xe cu,Xu?t x? Trong nu?c,Km dã di 186.000 km,"T?nh thành
Tp.HCM",H?p s? S? t? d?ng,Nhiên li?u Máy xang
Lexus RX 300 F-Sport 2022,3168000000,Nam SX 2022,Ki?u dáng SUV,Tình tr?ng Xe cu,Xu?t x? Nh?p kh?u,Km dã di 42.000 km,"T?nh thành
Tp.HCM",H?p s? S? t? d?ng,Nhiên li?u Máy xang
Toyota Fortuner 2.4 MT 4x2 2022,868000000,Nam SX 2022,Ki?u dáng SUV,Tình tr?ng Xe cu,Xu?t x? Trong nu?c,Km dã di 62.000 km,"T?nh thành
Tp.HCM",H?p s? S? sàn,Nhiên li?u Máy d?u
Mazda 2 Sport 1.5L Luxury 2016,303000000,Nam SX 2016,Ki?u dáng Hatchback,Tình tr?ng Xe cu,Xu?t x? Trong nu?c,Km dã di 100.000 km,"T?nh thành
Hà N?i",H?p s? S? t? d?ng,Nhiên li?u Máy xang
Mazda 3 2.0L Sedan 2017,380000000,Nam SX 2017,Ki?u dáng Sedan,Tình tr?ng Xe cu,Xu?t x? Trong nu?c,Km dã di 60.000 km,"T?nh thành
Hà N?i",H?p s? S? t? d?ng,Nhiên li?u Máy xang
BMW 323i 2009,250000000,Nam SX 2009,Ki?u dáng Sedan,Tình tr?ng Xe cu,Xu?t x? Nh?p kh?u,Km dã di 136.000 km,"T?nh thành
Tp.HCM",H?p s? S? t? d?ng,Nhiên li?u Máy xang
Hyundai Santa Fe 2.4L Xang Cao c?p 2020,765000000,Nam SX 2020,Ki?u dáng SUV,Tình tr?ng Xe cu,Xu?t x? Trong nu?c,Km dã di 80.000 km,"T?nh thành
Hà N?i",H?p s? S? t? d?ng,Nhiên li?u Máy xang
Lynk & Co 01 2023,767000000,Nam SX 2023,Ki?u dáng SUV,Tình tr?ng Xe cu,Xu?t x? Nh?p kh?u,Km dã di 25.000 km,"T?nh thành
Hà N?i",H?p s? S? t? d?ng,Nhiên li?u Máy xang
Kia Carnival 2.2D Premium 2022,1125000000,Nam SX 2022,Ki?u dáng MPV,Tình tr?ng Xe cu,Xu?t x? Trong nu?c,Km dã di 79.000 km,"T?nh thành
Hà N?i",H?p s? S? t? d?ng,Nhiên li?u Máy xang
VinFast Fadil Cao c?p 2020,320000000,Nam SX 2020,,Tình tr?ng Xe cu,Xu?t x? Trong nu?c,Km dã di 37.666 km,"T?nh thành
Tp.HCM",H?p s? S? t? d?ng,Nhiên li?u Máy xang
Mazda 2 Sedan 1.5L Luxury 2021,438000000,Nam SX 2021,Ki?u dáng Sedan,Tình tr?ng Xe cu,Xu?t x? Trong nu?c,Km dã di 7.900 km,"T?nh thành
Tp.HCM",H?p s? S? t? d?ng,Nhiên li?u Máy xang
Ford Transit 2015,310000000,Nam SX 2015,Ki?u dáng Van/Minivan,Tình tr?ng Xe cu,Xu?t x? Trong nu?c,Km dã di 150.000 km,"T?nh thành
Khánh Hòa",H?p s? S? sàn,Nhiên li?u Máy d?u
Hyundai Kona 1.6 Turbo 2018,450000000,Nam SX 2018,Ki?u dáng Crossover,Tình tr?ng Xe cu,Xu?t x? Trong nu?c,Km dã di 90.000 km,"T?nh thành
Hà N?i",H?p s? S? t? d?ng,Nhiên li?u Máy xang
Nissan Terra 2.5L V 4WD AT 2019,680000000,Nam SX 2019,Ki?u dáng SUV,Tình tr?ng Xe cu,Xu?t x? Nh?p kh?u,Km dã di 76.000 km,"T?nh thành
Hà N?i",H?p s? S? t? d?ng,Nhiên li?u Máy xang
Chevrolet Cruze LT 1.8 2010,155000000,Nam SX 2010,Ki?u dáng Sedan,Tình tr?ng Xe cu,Xu?t x? Trong nu?c,Km dã di 139.790 km,"T?nh thành
Ð?ng Nai",H?p s? S? sàn,Nhiên li?u Máy xang
Audi A4 2.0 TFSI 2016,699000000,Nam SX 2016,Ki?u dáng Sedan,Tình tr?ng Xe cu,Xu?t x? Nh?p kh?u,Km dã di 29.800 km,"T?nh thành
Hà N?i",H?p s? S? t? d?ng,Nhiên li?u Máy xang
Mercedes-Benz E300 AMG 2019,1350000000,Nam SX 2019,Ki?u dáng Sedan,Tình tr?ng Xe cu,Xu?t x? Nh?p kh?u,Km dã di 40.000 km,"T?nh thành
Hà N?i",H?p s? S? t? d?ng,Nhiên li?u Máy xang
Honda CR-V 1.5 L 2019,750000000,Nam SX 2019,Ki?u dáng SUV,Tình tr?ng Xe cu,Xu?t x? Nh?p kh?u,Km dã di 62.000 km,"T?nh thành
Ð?ng Nai",H?p s? S? t? d?ng,Nhiên li?u Máy xang
Peugeot 3008 Allure 2022,780000000,Nam SX 2022,Ki?u dáng SUV,Tình tr?ng Xe cu,Xu?t x? Trong nu?c,Km dã di 24.000 km,"T?nh thành
Tp.HCM",H?p s? S? t? d?ng,Nhiên li?u Máy xang
Hyundai Elantra Sport 1.6 2019,450000000,Nam SX 2019,Ki?u dáng Sedan,Tình tr?ng Xe cu,Xu?t x? Nh?p kh?u,Km dã di 74.000 km,"T?nh thành
Hà N?i",H?p s? S? t? d?ng,Nhiên li?u Máy xang
Hyundai Kona 2019,436000000,Nam SX 2019,Ki?u dáng SUV,Tình tr?ng Xe cu,Xu?t x? Nh?p kh?u,Km dã di 68.000 km,"T?nh thành
B?c Giang",H?p s? S? t? d?ng,Nhiên li?u Máy xang
Kia Sportage 2022,825000000,Nam SX 2022,Ki?u dáng SUV,Tình tr?ng Xe cu,,Km dã di 50.000 km,"T?nh thành
Hà N?i",H?p s? S? t? d?ng,Nhiên li?u Máy xang
Mitsubishi Xpander AT Premium 2023,570000000,Nam SX 2023,Ki?u dáng MPV,Tình tr?ng Xe cu,Xu?t x? Nh?p kh?u,Km dã di 23.000 km,"T?nh thành
Hà N?i",H?p s? S? t? d?ng,Nhiên li?u Máy xang
Toyota Innova 2.0E 2016,375000000,Nam SX 2016,Ki?u dáng MPV,Tình tr?ng Xe cu,Xu?t x? Trong nu?c,Km dã di 118.000 km,"T?nh thành
Ð?ng Nai",H?p s? S? sàn,Nhiên li?u Máy xang
Toyota Vios 1.5G AT 2022,440000000,Nam SX 2022,Ki?u dáng Sedan,Tình tr?ng Xe cu,Xu?t x? Trong nu?c,Km dã di 74.000 km,"T?nh thành
Nam Ð?nh",H?p s? S? t? d?ng,Nhiên li?u Máy xang
Mazda CX-30 2.0L Luxury 2022,599000000,Nam SX 2022,Ki?u dáng Hatchback,Tình tr?ng Xe cu,Xu?t x? Nh?p kh?u,Km dã di 40.000 km,"T?nh thành
Tp.HCM",H?p s? S? t? d?ng,Nhiên li?u Máy xang
Kia Morning MT 2019,169000000,Nam SX 2019,Ki?u dáng Hatchback,Tình tr?ng Xe cu,Xu?t x? Trong nu?c,Km dã di 113.000 km,"T?nh thành
Tp.HCM",H?p s? S? sàn,Nhiên li?u Máy xang
Hyundai Santa Fe 2.4L Xang Tiêu chu?n 2015,475000000,Nam SX 2015,Ki?u dáng SUV,Tình tr?ng Xe cu,Xu?t x? Nh?p kh?u,,"T?nh thành
Ð?k L?k",H?p s? S? t? d?ng,Nhiên li?u Máy xang
Hyundai Tucson 2.0 D?u Cao c?p 2019,635000000,Nam SX 2019,Ki?u dáng SUV,Tình tr?ng Xe cu,Xu?t x? Nh?p kh?u,,"T?nh thành
Ð?k L?k",H?p s? S? t? d?ng,Nhiên li?u Máy d?u
Mercedes-Benz GLC 200 4Matic 2021,1399000000,Nam SX 2021,Ki?u dáng SUV,Tình tr?ng Xe cu,Xu?t x? Trong nu?c,Km dã di 60.000 km,"T?nh thành
Tp.HCM",H?p s? S? t? d?ng,Nhiên li?u Máy xang
Mercedes-Benz E200 2019,999000000,Nam SX 2019,Ki?u dáng Sedan,Tình tr?ng Xe cu,Xu?t x? Trong nu?c,Km dã di 65.000 km,"T?nh thành
Tp.HCM",H?p s? S? t? d?ng,Nhiên li?u Máy xang
Mercedes-Benz C300 AMG 2020,999000000,Nam SX 2020,Ki?u dáng Sedan,Tình tr?ng Xe cu,Xu?t x? Trong nu?c,Km dã di 01 km,"T?nh thành
Tp.HCM",H?p s? S? t? d?ng,Nhiên li?u Máy xang
Hyundai Grand i10 Sedan 1.2 MT 2014,109000000,Nam SX 2014,Ki?u dáng Sedan,Tình tr?ng Xe cu,Xu?t x? Nh?p kh?u,Km dã di 16.000 km,"T?nh thành
Thái Bình",H?p s? S? sàn,Nhiên li?u Máy xang
Toyota Vios 1.5E MT 2016,228000000,Nam SX 2016,Ki?u dáng Sedan,Tình tr?ng Xe cu,Xu?t x? Nh?p kh?u,,"T?nh thành
Ð?k L?k",H?p s? S? sàn,Nhiên li?u Máy xang
Lexus GX 550 2024,6390000000,Nam SX 2024,Ki?u dáng SUV,Tình tr?ng Xe cu,Xu?t x? Nh?p kh?u,Km dã di 4.000 km,"T?nh thành
Hà N?i",H?p s? S? t? d?ng,Nhiên li?u Máy xang
Kia Carnival 2.2D Signature 2023,1318000000,Nam SX 2023,Ki?u dáng MPV,Tình tr?ng Xe cu,Xu?t x? Trong nu?c,Km dã di 25.000 km,"T?nh thành
Tp.HCM",H?p s? S? t? d?ng,Nhiên li?u Máy d?u
VinFast LUX A2.0 Tiêu chu?n 2022,569000000,Nam SX 2022,Ki?u dáng Sedan,Tình tr?ng Xe cu,Xu?t x? Nh?p kh?u,Km dã di 30.000 km,"T?nh thành
Tp.HCM",H?p s? S? t? d?ng,Nhiên li?u Máy xang
Mazda CX-5 2.0 Premium 2021,698000000,Nam SX 2021,Ki?u dáng SUV,Tình tr?ng Xe cu,Xu?t x? Trong nu?c,Km dã di 45.000 km,"T?nh thành
Tp.HCM",H?p s? S? t? d?ng,Nhiên li?u Máy xang
Honda CR-V 2019,728000000,Nam SX 2019,Ki?u dáng SUV,Tình tr?ng Xe cu,Xu?t x? Nh?p kh?u,Km dã di 39.000 km,"T?nh thành
Tp.HCM",H?p s? S? t? d?ng,Nhiên li?u Máy xang
Ford Everest Platinum 2.0L 4x4 AT 2020,835000000,Nam SX 2020,Ki?u dáng SUV,Tình tr?ng Xe cu,Xu?t x? Nh?p kh?u,Km dã di 88.000 km,"T?nh thành
Tp.HCM",H?p s? S? t? d?ng,Nhiên li?u Máy d?u
Kia Carens SX 2.0 AT 2012,255000000,Nam SX 2012,Ki?u dáng MPV,Tình tr?ng Xe cu,Xu?t x? Trong nu?c,Km dã di 61.000 km,"T?nh thành
Ðà N?ng",H?p s? S? t? d?ng,Nhiên li?u Máy xang
Kia Forte SX 1.6 MT 2011,165000000,Nam SX 2011,Ki?u dáng Sedan,Tình tr?ng Xe cu,Xu?t x? Nh?p kh?u,Km dã di 130.000 km,"T?nh thành
Hà Tinh",H?p s? S? sàn,Nhiên li?u Máy xang
Peugeot 3008 2021,735000000,Nam SX 2021,Ki?u dáng SUV,Tình tr?ng Xe cu,Xu?t x? Trong nu?c,Km dã di 11.000 km,"T?nh thành
Tp.HCM",H?p s? S? t? d?ng,Nhiên li?u Máy xang
VinFast LUX A2.0 Tiêu chu?n 2022,569000000,Nam SX 2022,Ki?u dáng Sedan,Tình tr?ng Xe cu,Xu?t x? Trong nu?c,Km dã di 37.000 km,"T?nh thành
Tp.HCM",H?p s? S? t? d?ng,Nhiên li?u Máy xang
Mazda CX-5 2016,450000000,Nam SX 2016,,Tình tr?ng Xe cu,Xu?t x? Trong nu?c,Km dã di 120.000 km,"T?nh thành
Gia Lai",H?p s? S? t? d?ng,Nhiên li?u Máy xang
Kia Sorento 2018,620000000,Nam SX 2018,Ki?u dáng SUV,Tình tr?ng Xe cu,,,"T?nh thành
H?i Duong",H?p s? S? t? d?ng,Nhiên li?u Máy xang
Mitsubishi Xpander 1.5 AT  2019,378000000,Nam SX 2019,Ki?u dáng MPV,Tình tr?ng Xe cu,Xu?t x? Nh?p kh?u,Km dã di 72.000 km,"T?nh thành
Ð?ng Tháp",H?p s? S? t? d?ng,Nhiên li?u Máy xang
Ford Ranger Wildtrak 3.2 4x4 AT 2016,515000000,Nam SX 2016,Ki?u dáng Bán t?i,Tình tr?ng Xe cu,Xu?t x? Nh?p kh?u,Km dã di 59.000 km,"T?nh thành
Tp.HCM",H?p s? S? t? d?ng,Nhiên li?u Máy d?u
Suzuki Ertiga 1.5L Sport AT 2019,385000000,Nam SX 2019,Ki?u dáng MPV,Tình tr?ng Xe cu,Xu?t x? Nh?p kh?u,Km dã di 50.000 km,"T?nh thành
Tp.HCM",H?p s? S? t? d?ng,Nhiên li?u Máy xang
Ford Everest Sport 2.0 AT 4x2 2023,1099000000,Nam SX 2023,Ki?u dáng SUV,Tình tr?ng Xe cu,Xu?t x? Nh?p kh?u,Km dã di 59.000 km,"T?nh thành
Tp.HCM",H?p s? S? t? d?ng,Nhiên li?u Máy xang
Mercedes-Benz GLC 300 4Matic 2019,1050000000,Nam SX 2019,Ki?u dáng SUV,Tình tr?ng Xe cu,Xu?t x? Trong nu?c,Km dã di 01 km,"T?nh thành
Tp.HCM",H?p s? S? t? d?ng,Nhiên li?u Máy xang
Porsche Macan S 2019,2480000000,Nam SX 2019,Ki?u dáng SUV,Tình tr?ng Xe cu,Xu?t x? Nh?p kh?u,Km dã di 49.800 km,"T?nh thành
Hà N?i",H?p s? S? t? d?ng,Nhiên li?u Máy xang
Mercedes-Benz GLC 250 4Matic 2017,999000000,Nam SX 2017,Ki?u dáng SUV,Tình tr?ng Xe cu,Xu?t x? Trong nu?c,Km dã di 70.000 km,"T?nh thành
Tp.HCM",H?p s? S? t? d?ng,Nhiên li?u Máy xang
Toyota Innova 2017,378000000,Nam SX 2017,Ki?u dáng MPV,Tình tr?ng Xe cu,Xu?t x? Trong nu?c,Km dã di 101.000 km,"T?nh thành
Bình Duong",H?p s? S? sàn,Nhiên li?u Máy xang
Mercedes-Benz GLC 300 4Matic 2019,1068000000,Nam SX 2019,Ki?u dáng SUV,Tình tr?ng Xe cu,Xu?t x? Trong nu?c,Km dã di 85 km,"T?nh thành
Tp.HCM",H?p s? S? t? d?ng,Nhiên li?u Máy xang
Mercedes-Benz GLC 200 4Matic 2022,1399000000,Nam SX 2022,Ki?u dáng SUV,Tình tr?ng Xe cu,Xu?t x? Trong nu?c,Km dã di 40.000 km,"T?nh thành
Tp.HCM",H?p s? S? t? d?ng,Nhiên li?u Máy xang
Toyota Zace 2005,125000000,Nam SX 2005,,Tình tr?ng Xe cu,,,"T?nh thành
Tuyên Quang",H?p s? S? t? d?ng,Nhiên li?u Máy xang
Hyundai i30 1.6 AT 2009,235000000,Nam SX 2009,Ki?u dáng Hatchback,Tình tr?ng Xe cu,Xu?t x? Nh?p kh?u,Km dã di 10.000 km,"T?nh thành
Hà N?i",H?p s? S? t? d?ng,Nhiên li?u Máy xang
Hyundai Accent 1.4 AT Ð?c bi?t 2023,470000000,Nam SX 2023,Ki?u dáng Sedan,Tình tr?ng Xe cu,,Km dã di 35.000 km,"T?nh thành
Hà N?i",H?p s? S? t? d?ng,Nhiên li?u Máy xang
Toyota Innova 2.0V 2009,248000000,Nam SX 2009,Ki?u dáng MPV,Tình tr?ng Xe cu,Xu?t x? Trong nu?c,Km dã di 168.000 km,"T?nh thành
Ð?ng Nai",H?p s? S? t? d?ng,Nhiên li?u Máy xang
Ford Focus 1.5L EcoBoost Trend Sedan 2018,355000000,Nam SX 2018,Ki?u dáng Sedan,Tình tr?ng Xe cu,Xu?t x? Trong nu?c,Km dã di 71.000 km,"T?nh thành
Lâm Ð?ng",H?p s? S? t? d?ng,Nhiên li?u Máy xang
Suzuki Ertiga Hybrid Ertiga AT 2019,385000000,Nam SX 2019,Ki?u dáng MPV,Tình tr?ng Xe cu,Xu?t x? Nh?p kh?u,Km dã di 78.000 km,"T?nh thành
Lâm Ð?ng",H?p s? S? t? d?ng,Nhiên li?u Máy xang
VinFast LUX SA2.0 Tiêu chu?n 2022,710000000,Nam SX 2022,Ki?u dáng SUV,Tình tr?ng Xe cu,Xu?t x? Trong nu?c,Km dã di 38.000 km,"T?nh thành
Tp.HCM",H?p s? S? t? d?ng,Nhiên li?u Máy xang
Kia Rondo 2.0 GMT 2017,268000000,Nam SX 2017,Ki?u dáng MPV,Tình tr?ng Xe cu,Xu?t x? Trong nu?c,Km dã di 80.000 km,"T?nh thành
H?i Phòng",H?p s? S? sàn,Nhiên li?u Máy xang
Mitsubishi Xpander 1.5 AT  2019,410000000,Nam SX 2019,Ki?u dáng MPV,Tình tr?ng Xe cu,Xu?t x? Nh?p kh?u,Km dã di 136.000 km,"T?nh thành
An Giang",H?p s? S? t? d?ng,Nhiên li?u Máy xang
Kia Sorento 2WD 2.4 GAT 2017,445000000,Nam SX 2017,Ki?u dáng SUV,Tình tr?ng Xe cu,Xu?t x? Trong nu?c,Km dã di 70.000 km,"T?nh thành
Tp.HCM",H?p s? S? t? d?ng,Nhiên li?u Máy xang
Hyundai Creta 2023,605000000,Nam SX 2023,Ki?u dáng SUV,Tình tr?ng Xe cu,Xu?t x? Nh?p kh?u,Km dã di 14.000 km,"T?nh thành
Tp.HCM",H?p s? S? t? d?ng,Nhiên li?u Máy xang
Chevrolet Cruze LTZ 2016,248000000,Nam SX 2016,Ki?u dáng Sedan,Tình tr?ng Xe cu,Xu?t x? Nh?p kh?u,Km dã di 95.000 km,"T?nh thành
Tp.HCM",H?p s? S? t? d?ng,Nhiên li?u Máy xang
Ford Ranger XLS 2.2L 4x2 MT 2017,438000000,Nam SX 2017,Ki?u dáng Bán t?i,Tình tr?ng Xe cu,Xu?t x? Nh?p kh?u,Km dã di 120.000 km,"T?nh thành
Hà N?i",H?p s? S? t? d?ng,Nhiên li?u Máy d?u
VinFast LUX SA2.0 Tiêu chu?n 2021,638000000,Nam SX 2021,Ki?u dáng SUV,Tình tr?ng Xe cu,Xu?t x? Trong nu?c,Km dã di 70.000 km,"T?nh thành
Hà N?i",H?p s? S? t? d?ng,Nhiên li?u Máy xang
Toyota Corolla Cross 1.8 G 2023,699000000,Nam SX 2023,Ki?u dáng SUV,Tình tr?ng Xe cu,Xu?t x? Nh?p kh?u,Km dã di 17.000 km,"T?nh thành
Hà N?i",H?p s? S? t? d?ng,Nhiên li?u Máy xang
Kia Morning Si 1.25 AT 2016,175000000,Nam SX 2016,Ki?u dáng Hatchback,Tình tr?ng Xe cu,Xu?t x? Nh?p kh?u,,"T?nh thành
Ð?k L?k",H?p s? S? t? d?ng,Nhiên li?u Máy xang
Toyota Innova 2.0E 2013,178000000,Nam SX 2013,Ki?u dáng MPV,Tình tr?ng Xe cu,Xu?t x? Nh?p kh?u,,"T?nh thành
Ð?k L?k",H?p s? S? t? d?ng,Nhiên li?u Máy xang
Toyota Vios G 2014,285000000,Nam SX 2014,Ki?u dáng Sedan,Tình tr?ng Xe cu,Xu?t x? Nh?p kh?u,,"T?nh thành
Ð?k L?k",H?p s? S? t? d?ng,Nhiên li?u Máy xang
Toyota Land Cruiser Prado GX 2015,1150000000,Nam SX 2015,Ki?u dáng SUV,Tình tr?ng Xe cu,Xu?t x? Nh?p kh?u,Km dã di 130.000 km,"T?nh thành
Hà N?i",H?p s? S? t? d?ng,Nhiên li?u Máy xang
Mercedes-Benz E300 2010,360000000,Nam SX 2010,Ki?u dáng Sedan,Tình tr?ng Xe cu,Xu?t x? Trong nu?c,Km dã di 123.456 km,"T?nh thành
C?n Tho",H?p s? S? t? d?ng,Nhiên li?u Máy xang
Kia Cerato 1.6 AT Luxury 2019,445000000,Nam SX 2019,Ki?u dáng Sedan,Tình tr?ng Xe cu,Xu?t x? Trong nu?c,Km dã di 59.000 km,"T?nh thành
Hà N?i",H?p s? S? t? d?ng,Nhiên li?u Máy xang
Mercedes-Benz C250 Exclusive 2018,739000000,Nam SX 2018,Ki?u dáng Sedan,Tình tr?ng Xe cu,Xu?t x? Trong nu?c,Km dã di 58.000 km,"T?nh thành
Tp.HCM",H?p s? S? t? d?ng,Nhiên li?u Máy xang
Ford Explorer Limited 2022,1789000000,Nam SX 2022,Ki?u dáng SUV,Tình tr?ng Xe cu,Xu?t x? Nh?p kh?u,Km dã di 23.600 km,"T?nh thành
Tp.HCM",H?p s? S? t? d?ng,Nhiên li?u Máy xang
Toyota Fortuner 2.4G 4x2 AT  2019,700000000,Nam SX 2019,Ki?u dáng SUV,Tình tr?ng Xe cu,Xu?t x? Trong nu?c,Km dã di 22.000 km,"T?nh thành
Ð?ng Nai",H?p s? S? sàn,Nhiên li?u Máy d?u
Ford Escape XLS 2009,185000000,Nam SX 2009,Ki?u dáng SUV,Tình tr?ng Xe cu,,,"T?nh thành
Hà N?i",H?p s? S? t? d?ng,Nhiên li?u Máy xang
Ford Transit SVP 2022,620000000,Nam SX 2022,Ki?u dáng Van/Minivan,Tình tr?ng Xe cu,Xu?t x? Trong nu?c,Km dã di 110.000 km,"T?nh thành
Tp.HCM",H?p s? S? sàn,Nhiên li?u Máy d?u
Mazda 2 Sedan 1.5L Deluxe 2015,295000000,Nam SX 2015,Ki?u dáng Sedan,Tình tr?ng Xe cu,Xu?t x? Nh?p kh?u,Km dã di 120.000 km,"T?nh thành
H?i Phòng",H?p s? S? t? d?ng,Nhiên li?u Máy xang
MG 5 1.5L Luxury 2022,380000000,Nam SX 2022,Ki?u dáng Sedan,Tình tr?ng Xe cu,Xu?t x? Nh?p kh?u,Km dã di 34.000 km,"T?nh thành
Tp.HCM",H?p s? S? t? d?ng,Nhiên li?u Máy xang
Honda City 1.5 CVT 2017,335000000,Nam SX 2017,Ki?u dáng Sedan,Tình tr?ng Xe cu,Xu?t x? Trong nu?c,Km dã di 115.000 km,"T?nh thành
Hà N?i",H?p s? S? t? d?ng,Nhiên li?u Máy xang
BMW 430i 2023,2638000000,Nam SX 2023,Ki?u dáng Convertible,Tình tr?ng Xe cu,Xu?t x? Nh?p kh?u,Km dã di 22.000 km,"T?nh thành
Tp.HCM",H?p s? S? t? d?ng,Nhiên li?u Máy xang
Isuzu mu-X 2018,499000000,Nam SX 2018,Ki?u dáng Bán t?i,Tình tr?ng Xe cu,Xu?t x? Nh?p kh?u,Km dã di 282.000 km,"T?nh thành
Qu?ng Nam",H?p s? S? t? d?ng,Nhiên li?u Máy d?u
Toyota Vios G 2018,357000000,Nam SX 2018,Ki?u dáng Sedan,Tình tr?ng Xe cu,Xu?t x? Trong nu?c,Km dã di 110.000 km,"T?nh thành
Ðà N?ng",H?p s? S? t? d?ng,Nhiên li?u Máy xang
Hyundai Elantra   2.0 AT 2019,515000000,Nam SX 2019,Ki?u dáng Sedan,Tình tr?ng Xe cu,Xu?t x? Trong nu?c,Km dã di 19.000 km,"T?nh thành
Hà N?i",H?p s? S? t? d?ng,Nhiên li?u Máy xang
Kia Cerato 1.6 AT Deluxe 2016,365000000,Nam SX 2016,Ki?u dáng Sedan,Tình tr?ng Xe cu,Xu?t x? Trong nu?c,Km dã di 130.000 km,"T?nh thành
H?i Phòng",H?p s? S? t? d?ng,Nhiên li?u Máy xang
Kia K3 1.6 Luxury 2022,600000000,Nam SX 2022,Ki?u dáng Sedan,Tình tr?ng Xe cu,Xu?t x? Trong nu?c,Km dã di 30.000 km,"T?nh thành
Ðà N?ng",H?p s? S? t? d?ng,Nhiên li?u Máy xang
Mitsubishi Outlander 2.0 CVT 2022,680000000,Nam SX 2022,Ki?u dáng SUV,Tình tr?ng Xe cu,Xu?t x? Trong nu?c,Km dã di 10.500 km,"T?nh thành
Bình Ð?nh",H?p s? S? t? d?ng,Nhiên li?u Máy xang
Toyota Fortuner 2021,1025000000,Nam SX 2021,Ki?u dáng SUV,Tình tr?ng Xe cu,,Km dã di 51.000 km,"T?nh thành
Hà N?i",H?p s? S? t? d?ng,Nhiên li?u Máy xang
Ford Escape XLT 2.3 AT 4x4 2010,179000000,Nam SX 2010,Ki?u dáng SUV,Tình tr?ng Xe cu,Xu?t x? Nh?p kh?u,Km dã di 18.000 km,"T?nh thành
Tp.HCM",H?p s? S? t? d?ng,Nhiên li?u Máy xang
Toyota Fortuner 2.5G 4x2 MT 2016,625000000,Nam SX 2016,Ki?u dáng SUV,Tình tr?ng Xe cu,Xu?t x? Nh?p kh?u,Km dã di 104.500 km,"T?nh thành
Bình Duong",H?p s? S? sàn,Nhiên li?u Máy d?u
Hyundai Accent 1.4 AT 2021,405000000,Nam SX 2021,Ki?u dáng Sedan,Tình tr?ng Xe cu,Xu?t x? Trong nu?c,Km dã di 41.000 km,"T?nh thành
Qu?ng Nam",H?p s? S? t? d?ng,Nhiên li?u Máy xang
Hyundai Verna 2010,135000000,Nam SX 2010,Ki?u dáng Sedan,Tình tr?ng Xe cu,Xu?t x? Nh?p kh?u,Km dã di 180.000 km,"T?nh thành
Phú Th?",H?p s? S? sàn,Nhiên li?u Máy xang
Chevrolet Cruze LS 1.6 2010,150000000,Nam SX 2010,Ki?u dáng Sedan,Tình tr?ng Xe cu,Xu?t x? Trong nu?c,Km dã di 107.000 km,"T?nh thành
B?n Tre",H?p s? S? sàn,Nhiên li?u Máy xang
Mazda 2 Sedan 1.5L Deluxe 2017,340000000,Nam SX 2017,Ki?u dáng Sedan,Tình tr?ng Xe cu,Xu?t x? Nh?p kh?u,Km dã di 85.000 km,"T?nh thành
Hà N?i",H?p s? S? t? d?ng,Nhiên li?u Máy xang
Toyota Camry XLI 1997,145000000,Nam SX 1997,Ki?u dáng Sedan,Tình tr?ng Xe cu,Xu?t x? Nh?p kh?u,Km dã di 170.000 km,"T?nh thành
C?n Tho",H?p s? S? sàn,Nhiên li?u Máy xang
Mitsubishi Attrage 1.2L MT 2016,186000000,Nam SX 2016,Ki?u dáng Sedan,Tình tr?ng Xe cu,Xu?t x? Nh?p kh?u,Km dã di 241.824 km,"T?nh thành
Tp.HCM",H?p s? S? sàn,Nhiên li?u Máy xang
Toyota Camry XLI 1997,145000000,Nam SX 1997,Ki?u dáng Sedan,Tình tr?ng Xe cu,Xu?t x? Nh?p kh?u,Km dã di 170.000 km,"T?nh thành
C?n Tho",H?p s? S? sàn,Nhiên li?u Máy xang
Mitsubishi Attrage 1.2L MT 2016,186000000,Nam SX 2016,Ki?u dáng Sedan,Tình tr?ng Xe cu,Xu?t x? Nh?p kh?u,Km dã di 241.824 km,"T?nh thành
Tp.HCM",H?p s? S? sàn,Nhiên li?u Máy xang
Toyota Fortuner 2.7 V 4X2 AT 2017,599000000,Nam SX 2017,Ki?u dáng SUV,Tình tr?ng Xe cu,Xu?t x? Nh?p kh?u,Km dã di 123.000 km,"T?nh thành
Hà N?i",H?p s? S? t? d?ng,Nhiên li?u Máy xang
Kia Morning GT-LINE 2023,,Nam SX 2023,Ki?u dáng Hatchback,Tình tr?ng Xe cu,Xu?t x? Trong nu?c,Km dã di 38.000 km,"T?nh thành
Ð?k L?k",H?p s? S? t? d?ng,Nhiên li?u Máy xang
Kia Sportage Limited 2.0 AT 2015,465000000,Nam SX 2015,Ki?u dáng SUV,Tình tr?ng Xe cu,Xu?t x? Nh?p kh?u,Km dã di 130.000 km,"T?nh thành
Hà N?i",H?p s? S? t? d?ng,Nhiên li?u Máy xang
Mitsubishi Outlander 2.0 CVT 2021,635000000,Nam SX 2021,Ki?u dáng SUV,Tình tr?ng Xe cu,Xu?t x? Trong nu?c,Km dã di 65.000 km,"T?nh thành
Hà N?i",H?p s? S? t? d?ng,Nhiên li?u Máy xang
Mitsubishi Outlander 2.0 CVT 2021,650000000,Nam SX 2021,Ki?u dáng SUV,Tình tr?ng Xe cu,Xu?t x? Trong nu?c,Km dã di 69.000 km,"T?nh thành
Tp.HCM",H?p s? S? t? d?ng,Nhiên li?u Máy xang
Mazda 3 2019,490000000,Nam SX 2019,Ki?u dáng Sedan,Tình tr?ng Xe cu,Xu?t x? Nh?p kh?u,Km dã di 25.974 km,"T?nh thành
Tp.HCM",H?p s? S? t? d?ng,Nhiên li?u Máy xang
Ford Everest 2022,1269000000,Nam SX 2022,Ki?u dáng SUV,Tình tr?ng Xe cu,,Km dã di 57.000 km,"T?nh thành
Hà N?i",H?p s? S? t? d?ng,Nhiên li?u Máy xang
Toyota Innova 2009,185000000,Nam SX 2009,Ki?u dáng MPV,Tình tr?ng Xe cu,Xu?t x? Nh?p kh?u,,"T?nh thành
B?n Tre",H?p s? S? t? d?ng,Nhiên li?u Máy xang
Mazda CX-9 2014,425000000,Nam SX 2014,Ki?u dáng SUV,Tình tr?ng Xe cu,,,"T?nh thành
Hà N?i",H?p s? S? t? d?ng,Nhiên li?u Máy xang
Kia Cerato 1.6 AT Deluxe 2017,388000000,Nam SX 2017,Ki?u dáng Sedan,Tình tr?ng Xe cu,Xu?t x? Trong nu?c,Km dã di 120.000 km,"T?nh thành
H?i Phòng",H?p s? S? t? d?ng,Nhiên li?u Máy xang
Honda City 1.5 CVT 2013,269000000,Nam SX 2013,Ki?u dáng Sedan,Tình tr?ng Xe cu,Xu?t x? Trong nu?c,Km dã di 110.000 km,"T?nh thành
B?c Ninh",H?p s? S? t? d?ng,Nhiên li?u Máy xang
Kia Cerato 1.6 AT Deluxe 2017,388000000,Nam SX 2017,Ki?u dáng Sedan,Tình tr?ng Xe cu,Xu?t x? Trong nu?c,Km dã di 121.529 km,"T?nh thành
H?i Phòng",H?p s? S? t? d?ng,Nhiên li?u Máy xang
Kia Spectra 2003,75000000,Nam SX 2003,Ki?u dáng Sedan,Tình tr?ng Xe cu,Xu?t x? Trong nu?c,Km dã di 150.000 km,"T?nh thành
Phú Th?",H?p s? S? sàn,Nhiên li?u Máy xang
Mazda 3 1.6 AT 2017,395000000,Nam SX 2017,Ki?u dáng Sedan,Tình tr?ng Xe cu,Xu?t x? Trong nu?c,Km dã di 84.000 km,"T?nh thành
Tp.HCM",H?p s? S? t? d?ng,Nhiên li?u Máy xang
Peugeot 3008 Allure 2022,800000000,Nam SX 2022,Ki?u dáng SUV,Tình tr?ng Xe cu,Xu?t x? Trong nu?c,Km dã di 29.000 km,"T?nh thành
Tp.HCM",H?p s? S? t? d?ng,Nhiên li?u Máy xang
Ford Fiesta 1.5AT Titanium 2017,265000000,Nam SX 2017,,Tình tr?ng Xe cu,Xu?t x? Trong nu?c,Km dã di 120.000 km,"T?nh thành
Hà N?i",H?p s? S? t? d?ng,Nhiên li?u Máy xang
Honda CR-V 2.4L TG 2017,570000000,Nam SX 2017,Ki?u dáng SUV,Tình tr?ng Xe cu,Xu?t x? Trong nu?c,Km dã di 90.000 km,"T?nh thành
Hà N?i",H?p s? S? t? d?ng,Nhiên li?u Máy xang
Toyota Camry 2.4G 2011,345000000,Nam SX 2011,Ki?u dáng Sedan,Tình tr?ng Xe cu,Xu?t x? Trong nu?c,Km dã di 100.000 km,"T?nh thành
Phú Th?",H?p s? S? t? d?ng,Nhiên li?u Máy xang
Toyota Zace 2002,110000000,Nam SX 2002,Ki?u dáng MPV,Tình tr?ng Xe cu,Xu?t x? Nh?p kh?u,Km dã di 350.000 km,"T?nh thành
B?c Liêu",H?p s? S? sàn,Nhiên li?u Máy xang
Hyundai Stargazer 1.5 AT Tiêu chu?n 2022,400000000,Nam SX 2022,Ki?u dáng MPV,Tình tr?ng Xe cu,Xu?t x? Nh?p kh?u,Km dã di 89.000 km,"T?nh thành
C?n Tho",H?p s? S? t? d?ng,Nhiên li?u Máy xang
BMW X6 xDrive35i 2008,330000000,Nam SX 2008,Ki?u dáng SUV,Tình tr?ng Xe cu,Xu?t x? Nh?p kh?u,Km dã di 150.000 km,"T?nh thành
Phú Th?",H?p s? S? t? d?ng,Nhiên li?u Máy xang
Kia Morning SLX 1.0 AT 2009,150000000,Nam SX 2009,Ki?u dáng Hatchback,Tình tr?ng Xe cu,Xu?t x? Nh?p kh?u,Km dã di 90.000 km,"T?nh thành
An Giang",H?p s? S? t? d?ng,Nhiên li?u Máy xang
Mitsubishi Mirage 1.2 MT 2017,180000000,Nam SX 2017,Ki?u dáng Hatchback,Tình tr?ng Xe cu,Xu?t x? Nh?p kh?u,Km dã di 155.000 km,"T?nh thành
Ðà N?ng",H?p s? S? sàn,Nhiên li?u Máy xang
Mercedes-Benz E280 2008,250000000,Nam SX 2008,Ki?u dáng Sedan,Tình tr?ng Xe cu,Xu?t x? Nh?p kh?u,Km dã di 243.421 km,"T?nh thành
Hà N?i",H?p s? S? t? d?ng,Nhiên li?u Máy xang
Hyundai Santa Fe 2.2L D?u Cao c?p 2020,900000000,Nam SX 2020,Ki?u dáng SUV,Tình tr?ng Xe cu,Xu?t x? Trong nu?c,Km dã di 41.000 km,"T?nh thành
Trà Vinh",H?p s? S? t? d?ng,Nhiên li?u Máy d?u
Mazda CX-8 Premium AWD 2019,770000000,Nam SX 2019,Ki?u dáng SUV,Tình tr?ng Xe cu,Xu?t x? Nh?p kh?u,Km dã di 48.000 km,"T?nh thành
Tp.HCM",H?p s? S? t? d?ng,Nhiên li?u Máy xang
Toyota Camry 2.4G 2007,260000000,Nam SX 2007,Ki?u dáng Sedan,Tình tr?ng Xe cu,Xu?t x? Trong nu?c,Km dã di 180.000 km,"T?nh thành
Bà R?a Vung Tàu",H?p s? S? t? d?ng,Nhiên li?u Máy xang
Toyota Corolla Cross 1.8 G 2023,685000000,Nam SX 2023,Ki?u dáng SUV,Tình tr?ng Xe cu,Xu?t x? Trong nu?c,Km dã di 27.000 km,"T?nh thành
Hà N?i",H?p s? S? t? d?ng,Nhiên li?u Máy xang
Toyota Corolla Cross 1.8 G 2023,685000000,Nam SX 2023,Ki?u dáng SUV,Tình tr?ng Xe cu,Xu?t x? Trong nu?c,Km dã di 27.000 km,"T?nh thành
Hà N?i",H?p s? S? t? d?ng,Nhiên li?u Máy xang
Toyota Corolla Altis 1.8E MT 2002,125000000,Nam SX 2002,Ki?u dáng Sedan,Tình tr?ng Xe cu,Xu?t x? Trong nu?c,Km dã di 105.000 km,"T?nh thành
Phú Th?",H?p s? S? sàn,Nhiên li?u Máy xang
Toyota Innova 2.0E 2017,375000000,Nam SX 2017,Ki?u dáng MPV,Tình tr?ng Xe cu,Xu?t x? Trong nu?c,Km dã di 138.000 km,"T?nh thành
Ð?ng Nai",H?p s? S? sàn,Nhiên li?u Máy xang
Toyota Zace 2005,145000000,Nam SX 2005,Ki?u dáng SUV,Tình tr?ng Xe cu,Xu?t x? Trong nu?c,Km dã di 150.000 km,"T?nh thành
Hà N?i",H?p s? S? sàn,Nhiên li?u Máy xang
Hyundai Grand i10 Sedan 1.2 MT 2020,300000000,Nam SX 2020,Ki?u dáng Sedan,Tình tr?ng Xe cu,Xu?t x? Nh?p kh?u,Km dã di 86.000 km,"T?nh thành
Nam Ð?nh",H?p s? S? sàn,Nhiên li?u Máy xang
Daewoo Lacetti EX 1.6 MT 2010,120000000,Nam SX 2010,Ki?u dáng Sedan,Tình tr?ng Xe cu,Xu?t x? Trong nu?c,Km dã di 130.000 km,"T?nh thành
B?n Tre",H?p s? S? sàn,Nhiên li?u Máy xang
Mitsubishi Attrage CVT 2020,299000000,Nam SX 2020,Ki?u dáng Sedan,Tình tr?ng Xe cu,Xu?t x? Nh?p kh?u,Km dã di 52.000 km,"T?nh thành
Hà N?i",H?p s? S? t? d?ng,Nhiên li?u Máy xang
Hyundai Avante 1.6 MT 2012,200000000,Nam SX 2012,Ki?u dáng Sedan,Tình tr?ng Xe cu,Xu?t x? Trong nu?c,Km dã di 130.000 km,"T?nh thành
Phú Th?",H?p s? S? sàn,Nhiên li?u Máy xang
Kia Sorento 2020,660000000,Nam SX 2020,Ki?u dáng SUV,Tình tr?ng Xe cu,Xu?t x? Nh?p kh?u,Km dã di 67.000 km,"T?nh thành
Tp.HCM",H?p s? S? t? d?ng,Nhiên li?u Máy xang
Daewoo Lacetti  2009,65000000,Nam SX 2009,Ki?u dáng Sedan,Tình tr?ng Xe cu,Xu?t x? Trong nu?c,Km dã di 40 km,"T?nh thành
B?c Giang",H?p s? S? sàn,Nhiên li?u Máy xang
Chevrolet Vivant 2.0 2009,85000000,Nam SX 2009,Ki?u dáng Crossover,Tình tr?ng Xe cu,Xu?t x? Trong nu?c,Km dã di 150.000 km,"T?nh thành
Phú Th?",H?p s? S? sàn,Nhiên li?u Máy xang
Hyundai Grand Starex 2.4 MT 2017,460000000,Nam SX 2017,Ki?u dáng Van/Minivan,Tình tr?ng Xe cu,Xu?t x? Nh?p kh?u,Km dã di 10.000 km,"T?nh thành
Hà N?i",H?p s? S? sàn,Nhiên li?u Máy d?u
Honda City RS 2022,420000000,Nam SX 2022,Ki?u dáng Sedan,Tình tr?ng Xe cu,Xu?t x? Trong nu?c,Km dã di 27.000 km,"T?nh thành
Tp.HCM",H?p s? S? t? d?ng,Nhiên li?u Máy xang
Mitsubishi Triton 4×4 AT 2013,295000000,Nam SX 2013,Ki?u dáng Bán t?i,Tình tr?ng Xe cu,Xu?t x? Trong nu?c,Km dã di 140.000 km,"T?nh thành
Hà N?i",H?p s? S? t? d?ng,Nhiên li?u Máy xang
Daewoo Matiz SE 2008,36000000,Nam SX 2008,Ki?u dáng Van/Minivan,Tình tr?ng Xe cu,Xu?t x? Trong nu?c,Km dã di 40 km,"T?nh thành
B?c Giang",H?p s? S? sàn,Nhiên li?u Máy xang
Daewoo Matiz SE 2008,36000000,Nam SX 2008,Ki?u dáng Van/Minivan,Tình tr?ng Xe cu,Xu?t x? Trong nu?c,Km dã di 40 km,"T?nh thành
B?c Giang",H?p s? S? sàn,Nhiên li?u Máy xang
Ford Ranger XLS 2.2 4x2 AT 2016,395000000,Nam SX 2016,Ki?u dáng Bán t?i,Tình tr?ng Xe cu,Xu?t x? Trong nu?c,Km dã di 78.000 km,"T?nh thành
Hà N?i",H?p s? S? t? d?ng,Nhiên li?u Máy xang
Mazda CX-8 Premium 2023,960000000,Nam SX 2023,Ki?u dáng SUV,Tình tr?ng Xe cu,Xu?t x? Trong nu?c,Km dã di 7.000 km,"T?nh thành
Tp.HCM",H?p s? S? t? d?ng,Nhiên li?u Máy xang
Hyundai Santa Fe 2.4L Xang Tiêu chu?n 2017,550000000,Nam SX 2017,Ki?u dáng SUV,Tình tr?ng Xe cu,Xu?t x? Nh?p kh?u,Km dã di 130.000 km,"T?nh thành
Tp.HCM",H?p s? S? t? d?ng,Nhiên li?u Máy xang
Ford Fiesta 2015,290000000,Nam SX 2015,Ki?u dáng Hatchback,Tình tr?ng Xe cu,Xu?t x? Nh?p kh?u,Km dã di 42.000 km,"T?nh thành
Tp.HCM",H?p s? S? t? d?ng,Nhiên li?u Máy xang
Honda Civic 1.8 AT 2019,495000000,Nam SX 2019,Ki?u dáng Sedan,Tình tr?ng Xe cu,Xu?t x? Nh?p kh?u,Km dã di 65.000 km,"T?nh thành
Hà N?i",H?p s? S? t? d?ng,Nhiên li?u Máy xang
Kia Morning S 1.25 AT 2017,275000000,Nam SX 2017,Ki?u dáng Hatchback,Tình tr?ng Xe cu,Xu?t x? Trong nu?c,Km dã di 100.000 km,"T?nh thành
Phú Th?",H?p s? S? t? d?ng,Nhiên li?u Máy xang
Kia Cerato 1.6 MT 2016,305000000,Nam SX 2016,Ki?u dáng Sedan,Tình tr?ng Xe cu,Xu?t x? Trong nu?c,Km dã di 155.000 km,"T?nh thành
Ðà N?ng",H?p s? S? sàn,Nhiên li?u Máy xang
Hyundai Grand i10 Sedan 1.2 MT 2019,220000000,Nam SX 2019,Ki?u dáng Sedan,Tình tr?ng Xe cu,Xu?t x? Trong nu?c,Km dã di 230.000 km,"T?nh thành
Hà N?i",H?p s? S? sàn,Nhiên li?u Máy xang
Nissan Navara E 2017,345000000,Nam SX 2017,Ki?u dáng Bán t?i,Tình tr?ng Xe cu,,,"T?nh thành
Hà N?i",H?p s? S? t? d?ng,Nhiên li?u Máy xang
Honda City 2020,435000000,Nam SX 2020,Ki?u dáng Sedan,Tình tr?ng Xe cu,,Km dã di 80.000 km,"T?nh thành
Hà N?i",H?p s? S? t? d?ng,Nhiên li?u Máy xang
Ford Ranger XLS 2.0L 4x2 AT 2022,668000000,Nam SX 2022,Ki?u dáng Bán t?i,Tình tr?ng Xe cu,Xu?t x? Trong nu?c,Km dã di 60.000 km,"T?nh thành
Ð?ng Nai",H?p s? S? t? d?ng,Nhiên li?u Máy d?u
Ford Ranger XLS 2.2L 4x2 MT 2017,430000000,Nam SX 2017,Ki?u dáng Bán t?i,Tình tr?ng Xe cu,Xu?t x? Nh?p kh?u,Km dã di 110.000 km,"T?nh thành
Hà N?i",H?p s? S? t? d?ng,Nhiên li?u Máy d?u
Peugeot 3008 Allure 2018,555000000,Nam SX 2018,Ki?u dáng SUV,Tình tr?ng Xe cu,Xu?t x? Nh?p kh?u,Km dã di 98.000 km,"T?nh thành
Hà N?i",H?p s? S? t? d?ng,Nhiên li?u Máy xang
Nissan Navara EL 2020,485000000,Nam SX 2020,,Tình tr?ng Xe cu,Xu?t x? Trong nu?c,Km dã di 100.000 km,"T?nh thành
Hà N?i",H?p s? S? t? d?ng,Nhiên li?u Máy xang
Mazda 6 2.0 AT 2018,505000000,Nam SX 2018,Ki?u dáng Sedan,Tình tr?ng Xe cu,Xu?t x? Trong nu?c,Km dã di 100.000 km,"T?nh thành
Phú Th?",H?p s? S? t? d?ng,Nhiên li?u Máy xang
Nissan Sunny 1.5 XV 2013,215000000,Nam SX 2013,Ki?u dáng Sedan,Tình tr?ng Xe cu,Xu?t x? Trong nu?c,Km dã di 140.000 km,"T?nh thành
Hà N?i",H?p s? S? t? d?ng,Nhiên li?u Máy xang
Toyota Corolla Altis 1.8G MT 2004,135000000,Nam SX 2004,Ki?u dáng Sedan,Tình tr?ng Xe cu,Xu?t x? Trong nu?c,Km dã di 230.000 km,"T?nh thành
Phú Th?",H?p s? S? sàn,Nhiên li?u Máy xang
Kia Cerato 2.0 AT Premium 2021,500000000,Nam SX 2021,Ki?u dáng Sedan,Tình tr?ng Xe cu,Xu?t x? Trong nu?c,Km dã di 450.000 km,"T?nh thành
Khánh Hòa",H?p s? S? t? d?ng,Nhiên li?u Máy xang
Daewoo Lacetti CDX 1.6 AT 2009,135000000,Nam SX 2009,Ki?u dáng Sedan,Tình tr?ng Xe cu,Xu?t x? Nh?p kh?u,Km dã di 30 km,"T?nh thành
B?c Giang",H?p s? S? t? d?ng,Nhiên li?u Máy xang
Kia Soluto 2020,330000000,Nam SX 2020,,Tình tr?ng Xe cu,,Km dã di 31.000 km,"T?nh thành
Thái Nguyên",H?p s? S? t? d?ng,Nhiên li?u Máy xang
Mazda 3 2.0L Sedan 2015,395000000,Nam SX 2015,Ki?u dáng Sedan,Tình tr?ng Xe cu,Xu?t x? Trong nu?c,Km dã di 63.000 km,"T?nh thành
Hà N?i",H?p s? S? t? d?ng,Nhiên li?u Máy xang
Mercedes-Benz E280 2008,195000000,Nam SX 2008,Ki?u dáng Sedan,Tình tr?ng Xe cu,Xu?t x? Trong nu?c,Km dã di 200.000 km,"T?nh thành
Tp.HCM",H?p s? S? t? d?ng,Nhiên li?u Máy xang
Mitsubishi Attrage 1.2L MT 2021,265000000,Nam SX 2021,Ki?u dáng Sedan,Tình tr?ng Xe cu,Xu?t x? Nh?p kh?u,Km dã di 38.000 km,"T?nh thành
Long An",H?p s? S? sàn,Nhiên li?u Máy xang
Hyundai Getz 1.1 MT 2009,80000000,Nam SX 2009,Ki?u dáng Crossover,Tình tr?ng Xe cu,Xu?t x? Nh?p kh?u,Km dã di 40 km,"T?nh thành
B?c Giang",H?p s? S? sàn,Nhiên li?u Máy xang
Daewoo Lacetti CDX 1.6 AT 2009,135000000,Nam SX 2009,Ki?u dáng Sedan,Tình tr?ng Xe cu,Xu?t x? Nh?p kh?u,Km dã di 40 km,"T?nh thành
B?c Giang",H?p s? S? t? d?ng,Nhiên li?u Máy xang
Mitsubishi Xpander 1.5 AT  2019,389000000,Nam SX 2019,Ki?u dáng MPV,Tình tr?ng Xe cu,Xu?t x? Nh?p kh?u,Km dã di 146.000 km,"T?nh thành
Ð?ng Nai",H?p s? S? t? d?ng,Nhiên li?u Máy xang
Toyota Vios Limo 2010,115000000,Nam SX 2010,Ki?u dáng Sedan,Tình tr?ng Xe cu,Xu?t x? Trong nu?c,Km dã di 45 km,"T?nh thành
B?c Giang",H?p s? S? sàn,Nhiên li?u Máy xang
Honda City 1.5 TOP CVT 2019,395000000,Nam SX 2019,Ki?u dáng Sedan,Tình tr?ng Xe cu,Xu?t x? Trong nu?c,Km dã di 89.000 km,"T?nh thành
Hà N?i",H?p s? S? t? d?ng,Nhiên li?u Máy xang
Toyota Fortuner 2.4G 4x2 AT  2017,680000000,Nam SX 2017,Ki?u dáng SUV,Tình tr?ng Xe cu,Xu?t x? Nh?p kh?u,Km dã di 68.600 km,"T?nh thành
Tp.HCM",H?p s? S? sàn,Nhiên li?u Máy d?u
Toyota Vios Limo 2010,115000000,Nam SX 2010,Ki?u dáng Sedan,Tình tr?ng Xe cu,Xu?t x? Trong nu?c,Km dã di 45 km,"T?nh thành
B?c Giang",H?p s? S? sàn,Nhiên li?u Máy xang
Honda City 1.5 TOP CVT 2019,395000000,Nam SX 2019,Ki?u dáng Sedan,Tình tr?ng Xe cu,Xu?t x? Trong nu?c,Km dã di 89.000 km,"T?nh thành
Hà N?i",H?p s? S? t? d?ng,Nhiên li?u Máy xang
Toyota Fortuner 2.4G 4x2 AT  2017,680000000,Nam SX 2017,Ki?u dáng SUV,Tình tr?ng Xe cu,Xu?t x? Nh?p kh?u,Km dã di 68.600 km,"T?nh thành
Tp.HCM",H?p s? S? sàn,Nhiên li?u Máy d?u
Daewoo Gentra SX 2011,115000000,Nam SX 2011,Ki?u dáng Sedan,Tình tr?ng Xe cu,Xu?t x? Nh?p kh?u,Km dã di 100.000 km,"T?nh thành
Bình Duong",H?p s? S? t? d?ng,Nhiên li?u Máy xang
Honda City RS 2021,495000000,Nam SX 2021,Ki?u dáng Sedan,Tình tr?ng Xe cu,Xu?t x? Trong nu?c,Km dã di 38.000 km,"T?nh thành
Tp.HCM",H?p s? S? t? d?ng,Nhiên li?u Máy xang
Chevrolet Spark LT 1.0 MT 2016,165000000,Nam SX 2016,Ki?u dáng Hatchback,Tình tr?ng Xe cu,Xu?t x? Nh?p kh?u,Km dã di 01 km,"T?nh thành
Gia Lai",H?p s? S? sàn,Nhiên li?u Máy xang
Toyota Corolla Altis 2.0V  2009,235000000,Nam SX 2009,Ki?u dáng Sedan,Tình tr?ng Xe cu,Xu?t x? Trong nu?c,Km dã di 150.000 km,"T?nh thành
Phú Th?",H?p s? S? t? d?ng,Nhiên li?u Máy xang
Hyundai i30 CW 1.6 AT 2011,267000000,Nam SX 2011,Ki?u dáng Hatchback,Tình tr?ng Xe cu,Xu?t x? Nh?p kh?u,Km dã di 93.000 km,"T?nh thành
Bình Duong",H?p s? S? t? d?ng,Nhiên li?u Máy xang
Toyota Camry LE 2.4 2008,275000000,Nam SX 2008,Ki?u dáng Sedan,Tình tr?ng Xe cu,Xu?t x? Nh?p kh?u,Km dã di 15.000 km,"T?nh thành
Hà N?i",H?p s? S? t? d?ng,Nhiên li?u Máy xang
Hyundai Accent 1.4 MT 2019,320000000,Nam SX 2019,Ki?u dáng Sedan,Tình tr?ng Xe cu,Xu?t x? Nh?p kh?u,Km dã di 54.000 km,"T?nh thành
Hà N?i",H?p s? S? sàn,Nhiên li?u Máy xang
Lexus RX 350 F-Sport 2013,960000000,Nam SX 2013,Ki?u dáng SUV,Tình tr?ng Xe cu,Xu?t x? Nh?p kh?u,Km dã di 80.000 km,"T?nh thành
Tp.HCM",H?p s? S? t? d?ng,Nhiên li?u Máy xang
Mercedes-Benz C300 AMG 2019,998000000,Nam SX 2019,Ki?u dáng Sedan,Tình tr?ng Xe cu,Xu?t x? Trong nu?c,Km dã di 50.000 km,"T?nh thành
Tp.HCM",H?p s? S? t? d?ng,Nhiên li?u Máy xang
Ford Transit Standard 2015,290000000,Nam SX 2015,Ki?u dáng Van/Minivan,Tình tr?ng Xe cu,Xu?t x? Trong nu?c,Km dã di 300.000 km,"T?nh thành
Bình Phu?c",H?p s? S? sàn,Nhiên li?u Máy d?u
Toyota Corolla Altis 1.8G MT 2014,295000000,Nam SX 2014,Ki?u dáng Sedan,Tình tr?ng Xe cu,Xu?t x? Nh?p kh?u,Km dã di 01 km,"T?nh thành
Gia Lai",H?p s? S? sàn,Nhiên li?u Máy xang
Toyota Raize 2022,425000000,Nam SX 2022,Ki?u dáng SUV,Tình tr?ng Xe cu,Xu?t x? Nh?p kh?u,Km dã di 50.000 km,"T?nh thành
Bình Phu?c",H?p s? S? t? d?ng,Nhiên li?u Máy xang
Kia Cerato 2.0 AT Premium 2016,350000000,Nam SX 2016,Ki?u dáng Sedan,Tình tr?ng Xe cu,Xu?t x? Trong nu?c,Km dã di 88.200 km,"T?nh thành
Tp.HCM",H?p s? S? t? d?ng,Nhiên li?u Máy xang
BMW X6 xDrive30d 2014,990000000,Nam SX 2014,Ki?u dáng SUV,Tình tr?ng Xe cu,Xu?t x? Nh?p kh?u,Km dã di 100.000 km,"T?nh thành
Phú Th?",H?p s? S? t? d?ng,Nhiên li?u Máy d?u
Mercedes-Benz E250 E250 2014,535000000,Nam SX 2014,Ki?u dáng Sedan,Tình tr?ng Xe cu,Xu?t x? Trong nu?c,Km dã di 185.000 km,"T?nh thành
Hà N?i",H?p s? S? t? d?ng,Nhiên li?u Máy xang
Ford Ranger XLT 2.0 4x4 AT 2022,780000000,Nam SX 2022,Ki?u dáng Bán t?i,Tình tr?ng Xe cu,Xu?t x? Trong nu?c,Km dã di 70.000 km,"T?nh thành
Ð?k L?k",H?p s? S? t? d?ng,Nhiên li?u Máy d?u
Kia Sonet 1.5 Premium 2023,545000000,Nam SX 2023,Ki?u dáng Crossover,Tình tr?ng Xe cu,Xu?t x? Trong nu?c,Km dã di 60.000 km,"T?nh thành
Phú Th?",H?p s? S? t? d?ng,Nhiên li?u Máy xang
Ford Laser 2005,85000000,Nam SX 2005,Ki?u dáng Sedan,Tình tr?ng Xe cu,Xu?t x? Trong nu?c,Km dã di 210.000 km,"T?nh thành
Phú Th?",H?p s? S? sàn,Nhiên li?u Máy xang
Toyota Vios 1.5E MT 2019,270000000,Nam SX 2019,Ki?u dáng Sedan,Tình tr?ng Xe cu,Xu?t x? Nh?p kh?u,Km dã di 240.000 km,"T?nh thành
Qu?ng Nam",H?p s? S? sàn,Nhiên li?u Máy xang
Mazda CX-5 2.0 Luxury 2019,650000000,Nam SX 2019,Ki?u dáng SUV,Tình tr?ng Xe cu,Xu?t x? Trong nu?c,Km dã di 70.000 km,"T?nh thành
Hà N?i",H?p s? S? t? d?ng,Nhiên li?u Máy xang
Peugeot 3008 Allure 2022,750000000,Nam SX 2022,Ki?u dáng SUV,Tình tr?ng Xe cu,,Km dã di 49.000 km,"T?nh thành
Hà N?i",H?p s? S? t? d?ng,Nhiên li?u Máy xang
Hyundai Accent 1.4 AT 2011,185000000,Nam SX 2011,Ki?u dáng Sedan,Tình tr?ng Xe cu,Xu?t x? Nh?p kh?u,Km dã di 80.000 km,"T?nh thành
Tp.HCM",H?p s? S? t? d?ng,Nhiên li?u Máy xang
Honda Civic 2009,185000000,Nam SX 2009,Ki?u dáng Sedan,Tình tr?ng Xe cu,Xu?t x? Trong nu?c,Km dã di 150.000 km,"T?nh thành
Phú Th?",H?p s? S? sàn,Nhiên li?u Máy xang
Mitsubishi Xpander 1.5 AT  2024,500000000,Nam SX 2024,Ki?u dáng Crossover,Tình tr?ng Xe cu,Xu?t x? Nh?p kh?u,Km dã di 20.000 km,"T?nh thành
Tp.HCM",H?p s? S? t? d?ng,Nhiên li?u Máy xang
Kia Morning MT 2018,215000000,Nam SX 2018,Ki?u dáng Hatchback,Tình tr?ng Xe cu,Xu?t x? Trong nu?c,Km dã di 73.000 km,"T?nh thành
Bình Duong",H?p s? S? sàn,Nhiên li?u Máy xang
Kia Cerato 1.6 AT Deluxe 2018,389000000,Nam SX 2018,Ki?u dáng Sedan,Tình tr?ng Xe cu,Xu?t x? Trong nu?c,Km dã di 160.000 km,"T?nh thành
Hà N?i",H?p s? S? t? d?ng,Nhiên li?u Máy xang
Toyota Vios G 2022,485000000,Nam SX 2022,Ki?u dáng Sedan,Tình tr?ng Xe cu,Xu?t x? Nh?p kh?u,Km dã di 45.000 km,"T?nh thành
Hà N?i",H?p s? S? t? d?ng,Nhiên li?u Máy xang
Suzuki Swift 1.4 AT 2013,230000000,Nam SX 2013,Ki?u dáng Hatchback,Tình tr?ng Xe cu,Xu?t x? Nh?p kh?u,Km dã di 121.248 km,"T?nh thành
Hà N?i",H?p s? S? t? d?ng,Nhiên li?u Máy xang
Chevrolet Lacetti EX 1.6 MT 2013,165000000,Nam SX 2013,Ki?u dáng Sedan,Tình tr?ng Xe cu,Xu?t x? Trong nu?c,Km dã di 150.000 km,"T?nh thành
Phú Th?",H?p s? S? sàn,Nhiên li?u Máy xang
Hyundai Avante 1.6 AT 2011,210000000,Nam SX 2011,Ki?u dáng Sedan,Tình tr?ng Xe cu,Xu?t x? Trong nu?c,Km dã di 118.481 km,"T?nh thành
Hà N?i",H?p s? S? t? d?ng,Nhiên li?u Máy xang
Kia Cerato 1.6 MT 2017,325000000,Nam SX 2017,Ki?u dáng Sedan,Tình tr?ng Xe cu,Xu?t x? Trong nu?c,Km dã di 90.000 km,"T?nh thành
Phú Th?",H?p s? S? sàn,Nhiên li?u Máy xang
Toyota Hilux 2.5E 4x2 MT 2011,255000000,Nam SX 2011,Ki?u dáng Bán t?i,Tình tr?ng Xe cu,Xu?t x? Nh?p kh?u,Km dã di 222.020 km,"T?nh thành
Hà N?i",H?p s? S? sàn,Nhiên li?u Máy d?u
Kia Soul 2014,355000000,Nam SX 2014,Ki?u dáng Crossover,Tình tr?ng Xe cu,Xu?t x? Trong nu?c,Km dã di 13.800 km,"T?nh thành
Hà N?i",H?p s? S? t? d?ng,Nhiên li?u Máy xang
Chevrolet Cruze LT 1.6 2017,235000000,Nam SX 2017,Ki?u dáng Sedan,Tình tr?ng Xe cu,Xu?t x? Nh?p kh?u,Km dã di 80.000 km,"T?nh thành
Tp.HCM",H?p s? S? sàn,Nhiên li?u Máy xang
Toyota Vios 1.5E MT 2009,145000000,Nam SX 2009,Ki?u dáng Sedan,Tình tr?ng Xe cu,Xu?t x? Nh?p kh?u,Km dã di 92.000 km,"T?nh thành
Ð?k L?k",H?p s? S? sàn,Nhiên li?u Máy xang
Mitsubishi Attrage 1.2L MT 2023,315000000,Nam SX 2023,Ki?u dáng Sedan,Tình tr?ng Xe cu,Xu?t x? Nh?p kh?u,Km dã di 45.000 km,"T?nh thành
Hà N?i",H?p s? S? sàn,Nhiên li?u Máy xang
Mazda BT-50 Standard 4x4 2.2 MT 2018,420000000,Nam SX 2018,Ki?u dáng Bán t?i,Tình tr?ng Xe cu,Xu?t x? Trong nu?c,Km dã di 89.000 km,"T?nh thành
Hà N?i",H?p s? S? sàn,Nhiên li?u Máy xang
Toyota Rush S 1.5 AT 2021,478000000,Nam SX 2021,Ki?u dáng SUV,Tình tr?ng Xe cu,Xu?t x? Nh?p kh?u,Km dã di 63.000 km,"T?nh thành
Tp.HCM",H?p s? S? t? d?ng,Nhiên li?u Máy xang
Toyota Fortuner 2.5G 4x2 MT 2016,500000000,Nam SX 2016,Ki?u dáng SUV,Tình tr?ng Xe cu,Xu?t x? Nh?p kh?u,Km dã di 01 km,"T?nh thành
Gia Lai",H?p s? S? t? d?ng,Nhiên li?u Máy d?u
Toyota Fortuner 2.5G 4x2 MT 2018,660000000,Nam SX 2018,Ki?u dáng SUV,Tình tr?ng Xe cu,Xu?t x? Nh?p kh?u,Km dã di 01 km,"T?nh thành
Gia Lai",H?p s? S? sàn,Nhiên li?u Máy d?u
Ford Focus 1.8L 2010,140000000,Nam SX 2010,Ki?u dáng Sedan,Tình tr?ng Xe cu,Xu?t x? Nh?p kh?u,Km dã di 15.000 km,"T?nh thành
Hà N?i",H?p s? S? t? d?ng,Nhiên li?u Máy xang
Chevrolet Cruze LS 2014,200000000,Nam SX 2014,Ki?u dáng Sedan,Tình tr?ng Xe cu,Xu?t x? Trong nu?c,Km dã di 190.000 km,"T?nh thành
Ti?n Giang",H?p s? S? t? d?ng,Nhiên li?u Máy xang
Ford Focus 1.8L 2010,140000000,Nam SX 2010,Ki?u dáng Sedan,Tình tr?ng Xe cu,Xu?t x? Nh?p kh?u,Km dã di 15.000 km,"T?nh thành
Hà N?i",H?p s? S? t? d?ng,Nhiên li?u Máy xang
Chevrolet Cruze LS 2014,200000000,Nam SX 2014,Ki?u dáng Sedan,Tình tr?ng Xe cu,Xu?t x? Trong nu?c,Km dã di 190.000 km,"T?nh thành
Ti?n Giang",H?p s? S? t? d?ng,Nhiên li?u Máy xang
Ford Escape XLS 2.3 AT 4x2 2010,222000000,Nam SX 2010,Ki?u dáng SUV,Tình tr?ng Xe cu,Xu?t x? Trong nu?c,Km dã di 118.000 km,"T?nh thành
Bình Duong",H?p s? S? t? d?ng,Nhiên li?u Máy xang
Hyundai Grand i10 Sedan 1.2 AT 2019,270000000,Nam SX 2019,Ki?u dáng Sedan,Tình tr?ng Xe cu,Xu?t x? Trong nu?c,Km dã di 103.000 km,"T?nh thành
Tp.HCM",H?p s? S? t? d?ng,Nhiên li?u Máy xang
Kia Soluto AT Deluxe 2019,300000000,Nam SX 2019,Ki?u dáng Sedan,Tình tr?ng Xe cu,Xu?t x? Nh?p kh?u,Km dã di 01 km,"T?nh thành
Qu?ng Nam",H?p s? S? t? d?ng,Nhiên li?u Máy xang
Hyundai Starex 2.5 MT 2017,628000000,Nam SX 2017,Ki?u dáng Van/Minivan,Tình tr?ng Xe cu,Xu?t x? Nh?p kh?u,Km dã di 91.000 km,"T?nh thành
Tp.HCM",H?p s? S? sàn,Nhiên li?u Máy d?u
VinFast LUX A2.0 2021,450000000,Nam SX 2021,Ki?u dáng Sedan,Tình tr?ng Xe cu,Xu?t x? Trong nu?c,Km dã di 71.000 km,"T?nh thành
Ðà N?ng",H?p s? S? t? d?ng,Nhiên li?u Máy xang
Mercedes-Benz C300 AMG 2016,630000000,Nam SX 2016,Ki?u dáng Sedan,Tình tr?ng Xe cu,Xu?t x? Trong nu?c,Km dã di 6.789 km,"T?nh thành
Tp.HCM",H?p s? S? t? d?ng,Nhiên li?u Máy xang
Toyota Vios 1.5 E CVT 2019,360000000,Nam SX 2019,Ki?u dáng Sedan,Tình tr?ng Xe cu,Xu?t x? Nh?p kh?u,Km dã di 103.500 km,"T?nh thành
Lâm Ð?ng",H?p s? S? t? d?ng,Nhiên li?u Máy xang
Mitsubishi Outlander 2.0 CVT 2022,650000000,Nam SX 2022,Ki?u dáng SUV,Tình tr?ng Xe cu,Xu?t x? Trong nu?c,Km dã di 39.000 km,"T?nh thành
Hà N?i",H?p s? S? t? d?ng,Nhiên li?u Máy xang
Hyundai Tucson 2.0 Ð?c bi?t 2015,550000000,Nam SX 2015,Ki?u dáng SUV,Tình tr?ng Xe cu,Xu?t x? Nh?p kh?u,Km dã di 620.000 km,"T?nh thành
Hà N?i",H?p s? S? t? d?ng,Nhiên li?u Máy xang
Hyundai Accent 2012,240000000,Nam SX 2012,Ki?u dáng Sedan,Tình tr?ng Xe cu,Xu?t x? Nh?p kh?u,,"T?nh thành
Gia Lai",H?p s? S? t? d?ng,Nhiên li?u Máy xang
Kia Soluto AT Deluxe 2022,320000000,Nam SX 2022,Ki?u dáng Sedan,Tình tr?ng Xe cu,Xu?t x? Nh?p kh?u,Km dã di 96.000 km,"T?nh thành
Khánh Hòa",H?p s? S? t? d?ng,Nhiên li?u Máy xang
Suzuki Super Carry Van Blind Van 2014,120000000,Nam SX 2014,Ki?u dáng Van/Minivan,Tình tr?ng Xe cu,Xu?t x? Trong nu?c,Km dã di 10.000 km,"T?nh thành
Hà N?i",H?p s? S? sàn,Nhiên li?u Máy xang
Toyota Hilux 2.5E 4x2 MT 2009,240000000,Nam SX 2009,Ki?u dáng Bán t?i,Tình tr?ng Xe cu,Xu?t x? Nh?p kh?u,Km dã di 200.000 km,"T?nh thành
Bình Duong",H?p s? S? sàn,Nhiên li?u Máy d?u
Suzuki Super Carry Van Blind Van 2014,120000000,Nam SX 2014,Ki?u dáng Van/Minivan,Tình tr?ng Xe cu,Xu?t x? Trong nu?c,Km dã di 10.000 km,"T?nh thành
Hà N?i",H?p s? S? sàn,Nhiên li?u Máy xang
Toyota Hilux 2.5E 4x2 MT 2009,240000000,Nam SX 2009,Ki?u dáng Bán t?i,Tình tr?ng Xe cu,Xu?t x? Nh?p kh?u,Km dã di 200.000 km,"T?nh thành
Bình Duong",H?p s? S? sàn,Nhiên li?u Máy d?u
Mitsubishi Xpander 1.5 MT 2024,480000000,Nam SX 2024,Ki?u dáng Crossover,Tình tr?ng Xe cu,Xu?t x? Nh?p kh?u,Km dã di 31.000 km,"T?nh thành
Ð?k L?k",H?p s? S? sàn,Nhiên li?u Máy xang
Toyota Corolla Altis 1.8 G 2009,280000000,Nam SX 2009,Ki?u dáng Sedan,Tình tr?ng Xe cu,Xu?t x? Trong nu?c,Km dã di 150.000 km,"T?nh thành
Hà N?i",H?p s? S? t? d?ng,Nhiên li?u Máy xang
Chevrolet Cruze 2017,190000000,Nam SX 2017,Ki?u dáng Sedan,Tình tr?ng Xe cu,Xu?t x? Nh?p kh?u,Km dã di 190.000 km,"T?nh thành
Qu?ng Nam",H?p s? S? sàn,Nhiên li?u Máy xang
Kia Sorento 2022,935000000,Nam SX 2022,Ki?u dáng SUV,Tình tr?ng Xe cu,,Km dã di 50.000 km,"T?nh thành
Hà N?i",H?p s? S? t? d?ng,Nhiên li?u Máy xang
Hyundai Grand i10 2017,199000000,Nam SX 2017,,Tình tr?ng Xe cu,,,"T?nh thành
Ð?k L?k",H?p s? S? t? d?ng,Nhiên li?u Máy xang
Chevrolet Cruze LS 1.6 2011,169000000,Nam SX 2011,Ki?u dáng Sedan,Tình tr?ng Xe cu,Xu?t x? Nh?p kh?u,Km dã di 80.000 km,"T?nh thành
Tp.HCM",H?p s? S? t? d?ng,Nhiên li?u Máy xang
Suzuki Ertiga 2019,385000000,Nam SX 2019,Ki?u dáng MPV,Tình tr?ng Xe cu,Xu?t x? Nh?p kh?u,Km dã di 53.000 km,"T?nh thành
Tp.HCM",H?p s? S? t? d?ng,Nhiên li?u Máy xang
Mitsubishi Xpander AT 2020,530000000,Nam SX 2020,Ki?u dáng MPV,Tình tr?ng Xe cu,Xu?t x? Nh?p kh?u,Km dã di 4.900 km,"T?nh thành
Hà N?i",H?p s? S? t? d?ng,Nhiên li?u Máy xang
Ford Fiesta 1.6 AT 2013,210000000,Nam SX 2013,Ki?u dáng Hatchback,Tình tr?ng Xe cu,Xu?t x? Trong nu?c,Km dã di 100.000 km,"T?nh thành
Tp.HCM",H?p s? S? t? d?ng,Nhiên li?u Máy xang
Kia Morning AT 2019,270000000,Nam SX 2019,Ki?u dáng Hatchback,Tình tr?ng Xe cu,Xu?t x? Nh?p kh?u,Km dã di 77.000 km,"T?nh thành
Bình Duong",H?p s? S? t? d?ng,Nhiên li?u Máy xang
VinFast Fadil Tiêu Chu?n 2020,288000000,Nam SX 2020,Ki?u dáng Hatchback,Tình tr?ng Xe cu,Xu?t x? Trong nu?c,Km dã di 42.000 km,"T?nh thành
Qu?ng Bình",H?p s? S? t? d?ng,Nhiên li?u Máy xang
MG 5 1.5L Luxury 2023,405000000,Nam SX 2023,Ki?u dáng Sedan,Tình tr?ng Xe cu,Xu?t x? Nh?p kh?u,Km dã di 30.000 km,"T?nh thành
Tp.HCM",H?p s? S? t? d?ng,Nhiên li?u Máy xang
Ford Ranger XLS 2.2 4x2 MT 2017,,Nam SX 2017,Ki?u dáng Bán t?i,Tình tr?ng Xe cu,Xu?t x? Nh?p kh?u,Km dã di 120.000 km,"T?nh thành
Qu?ng Bình",H?p s? S? sàn,Nhiên li?u Máy d?u
Kia Cerato 1.6 AT Luxury 2019,440000000,Nam SX 2019,Ki?u dáng Sedan,Tình tr?ng Xe cu,Xu?t x? Trong nu?c,Km dã di 80.000 km,"T?nh thành
Vinh Phúc",H?p s? S? t? d?ng,Nhiên li?u Máy xang
Ford Ranger XLS 2.0L 4x2 AT 2023,599000000,Nam SX 2023,Ki?u dáng Bán t?i,Tình tr?ng Xe cu,Xu?t x? Trong nu?c,Km dã di 60.000 km,"T?nh thành
Thanh Hóa",H?p s? S? t? d?ng,Nhiên li?u Máy d?u
Toyota Fortuner 2.7V 2020,755000000,Nam SX 2020,Ki?u dáng SUV,Tình tr?ng Xe cu,Xu?t x? Nh?p kh?u,Km dã di 66.127 km,"T?nh thành
Hà N?i",H?p s? S? t? d?ng,Nhiên li?u Máy xang
Mazda CX-5 2.0L Premium 2021,698000000,Nam SX 2021,Ki?u dáng SUV,Tình tr?ng Xe cu,Xu?t x? Trong nu?c,Km dã di 45.000 km,"T?nh thành
Tp.HCM",H?p s? S? t? d?ng,Nhiên li?u Máy xang
Hyundai Accent 2019,370000000,Nam SX 2019,Ki?u dáng Sedan,Tình tr?ng Xe cu,,Km dã di 90.000 km,"T?nh thành
Ngh? An",H?p s? S? t? d?ng,Nhiên li?u Máy xang
Toyota Vios 1.5G AT 2020,390000000,Nam SX 2020,Ki?u dáng Sedan,Tình tr?ng Xe cu,Xu?t x? Trong nu?c,,"T?nh thành
Ti?n Giang",H?p s? S? t? d?ng,Nhiên li?u Máy xang
Mazda 2 Sedan 1.5L Deluxe 2024,395000000,Nam SX 2024,Ki?u dáng Sedan,Tình tr?ng Xe cu,Xu?t x? Nh?p kh?u,Km dã di 17.000 km,"T?nh thành
Ð?ng Nai",H?p s? S? t? d?ng,Nhiên li?u Máy xang
Toyota Veloz Cross 2022,475000000,Nam SX 2022,Ki?u dáng MPV,Tình tr?ng Xe cu,Xu?t x? Nh?p kh?u,Km dã di 60.000 km,"T?nh thành
Hà N?i",H?p s? S? t? d?ng,Nhiên li?u Máy xang
Toyota Fortuner 2.7 V 4X2 AT 2014,450000000,Nam SX 2014,Ki?u dáng SUV,Tình tr?ng Xe cu,Xu?t x? Trong nu?c,Km dã di 110.000 km,"T?nh thành
Tp.HCM",H?p s? S? t? d?ng,Nhiên li?u Máy xang
Kia Morning 2015,160000000,Nam SX 2015,Ki?u dáng Hatchback,Tình tr?ng Xe cu,Xu?t x? Trong nu?c,Km dã di 105.000 km,"T?nh thành
Hà Nam",H?p s? S? sàn,Nhiên li?u Máy xang
Toyota Wigo 1.2 G AT 2021,302000000,Nam SX 2021,Ki?u dáng Hatchback,Tình tr?ng Xe cu,Xu?t x? Nh?p kh?u,Km dã di 38.700 km,"T?nh thành
Bà R?a Vung Tàu",H?p s? S? t? d?ng,Nhiên li?u Máy xang
VinFast LUX SA2.0 Cao c?p 2021,620000000,Nam SX 2021,Ki?u dáng SUV,Tình tr?ng Xe cu,Xu?t x? Trong nu?c,Km dã di 47.000 km,"T?nh thành
Hà N?i",H?p s? S? t? d?ng,Nhiên li?u Máy xang
Hyundai Kona 2.0 AT Tiêu chu?n 2020,480000000,Nam SX 2020,Ki?u dáng SUV,Tình tr?ng Xe cu,Xu?t x? Trong nu?c,Km dã di 29.000 km,"T?nh thành
Thanh Hóa",H?p s? S? t? d?ng,Nhiên li?u Máy xang
Hyundai Santa Fe 2.2L D?u Cao c?p 2021,1030000000,Nam SX 2021,Ki?u dáng SUV,Tình tr?ng Xe cu,Xu?t x? Nh?p kh?u,Km dã di 50.000 km,"T?nh thành
Hà N?i",H?p s? S? t? d?ng,Nhiên li?u Máy d?u
VinFast LUX A2.0 Cao c?p 2019,535000000,Nam SX 2019,Ki?u dáng Sedan,Tình tr?ng Xe cu,Xu?t x? Trong nu?c,Km dã di 70.000 km,"T?nh thành
Hà N?i",H?p s? S? t? d?ng,Nhiên li?u Máy xang
Mazda 2 Sport 1.5L Premium 2016,330000000,Nam SX 2016,Ki?u dáng Hatchback,Tình tr?ng Xe cu,Xu?t x? Trong nu?c,Km dã di 70.000 km,"T?nh thành
Hà N?i",H?p s? S? t? d?ng,Nhiên li?u Máy xang
Toyota Corolla Altis 1.8 V 2022,645000000,Nam SX 2022,Ki?u dáng Sedan,Tình tr?ng Xe cu,Xu?t x? Nh?p kh?u,Km dã di 65.000 km,"T?nh thành
Tp.HCM",H?p s? S? t? d?ng,Nhiên li?u Máy xang
Hyundai Accent 1.4 AT Ð?c bi?t 2020,410000000,Nam SX 2020,Ki?u dáng Sedan,Tình tr?ng Xe cu,Xu?t x? Trong nu?c,Km dã di 70.000 km,"T?nh thành
Hà N?i",H?p s? S? t? d?ng,Nhiên li?u Máy xang
Hyundai Accent 1.4 AT 2022,425000000,Nam SX 2022,Ki?u dáng Sedan,Tình tr?ng Xe cu,Xu?t x? Trong nu?c,Km dã di 40.000 km,"T?nh thành
Hà N?i",H?p s? S? t? d?ng,Nhiên li?u Máy xang
BMW 528i 2010,385000000,Nam SX 2010,Ki?u dáng Sedan,Tình tr?ng Xe cu,Xu?t x? Nh?p kh?u,,"T?nh thành
Hà N?i",H?p s? S? t? d?ng,Nhiên li?u Máy xang
Ford Escape 2010,200000000,Nam SX 2010,Ki?u dáng SUV,Tình tr?ng Xe cu,Xu?t x? Trong nu?c,Km dã di 170.000 km,"T?nh thành
Qu?ng Ngãi",H?p s? S? t? d?ng,Nhiên li?u Máy xang
VinFast Fadil 2022,295000000,Nam SX 2022,Ki?u dáng Hatchback,Tình tr?ng Xe cu,Xu?t x? Nh?p kh?u,Km dã di 60.000 km,"T?nh thành
Ðà N?ng",H?p s? S? t? d?ng,Nhiên li?u Máy xang
Hyundai Porter II 2015,350000000,Nam SX 2015,Ki?u dáng Xe t?i,Tình tr?ng Xe cu,Xu?t x? Nh?p kh?u,Km dã di 10.000 km,"T?nh thành
Hà N?i",H?p s? S? sàn,Nhiên li?u Máy d?u
Toyota Wigo 1.2 G AT 2019,288000000,Nam SX 2019,Ki?u dáng Hatchback,Tình tr?ng Xe cu,Xu?t x? Nh?p kh?u,Km dã di 183.000 km,"T?nh thành
C?n Tho",H?p s? S? t? d?ng,Nhiên li?u Máy xang
Mitsubishi Attrage CVT 2020,299000000,Nam SX 2020,Ki?u dáng Sedan,Tình tr?ng Xe cu,Xu?t x? Nh?p kh?u,Km dã di 78.000 km,"T?nh thành
Nam Ð?nh",H?p s? S? t? d?ng,Nhiên li?u Máy xang
Toyota Innova 2.0G 2021,685000000,Nam SX 2021,Ki?u dáng MPV,Tình tr?ng Xe cu,Xu?t x? Nh?p kh?u,Km dã di 71.540 km,"T?nh thành
Tp.HCM",H?p s? S? t? d?ng,Nhiên li?u Máy xang
Chevrolet Captiva LT 2.4 2009,190000000,Nam SX 2009,Ki?u dáng SUV,Tình tr?ng Xe cu,Xu?t x? Nh?p kh?u,Km dã di 100.000 km,"T?nh thành
Tp.HCM",H?p s? S? t? d?ng,Nhiên li?u Máy xang
Hyundai Grand i10 2014,105000000,Nam SX 2014,Ki?u dáng Sedan,Tình tr?ng Xe cu,Xu?t x? Nh?p kh?u,Km dã di 330.000 km,"T?nh thành
Hà Tinh",H?p s? S? sàn,Nhiên li?u Máy xang
Mitsubishi Xpander Cross 1.5 AT 2021,455000000,Nam SX 2021,Ki?u dáng MPV,Tình tr?ng Xe cu,Xu?t x? Nh?p kh?u,Km dã di 86.000 km,"T?nh thành
Tp.HCM",H?p s? S? t? d?ng,Nhiên li?u Máy xang
VinFast LUX A2.0 Nâng cao 2021,575000000,Nam SX 2021,Ki?u dáng Sedan,Tình tr?ng Xe cu,Xu?t x? Trong nu?c,Km dã di 46.000 km,"T?nh thành
Hà N?i",H?p s? S? t? d?ng,Nhiên li?u Máy xang
Chevrolet Captiva LT 2.4 2009,190000000,Nam SX 2009,Ki?u dáng SUV,Tình tr?ng Xe cu,Xu?t x? Nh?p kh?u,Km dã di 100.000 km,"T?nh thành
Tp.HCM",H?p s? S? t? d?ng,Nhiên li?u Máy xang
Hyundai Grand i10 2014,105000000,Nam SX 2014,Ki?u dáng Sedan,Tình tr?ng Xe cu,Xu?t x? Nh?p kh?u,Km dã di 330.000 km,"T?nh thành
Hà Tinh",H?p s? S? sàn,Nhiên li?u Máy xang
Mitsubishi Xpander Cross 1.5 AT 2021,455000000,Nam SX 2021,Ki?u dáng MPV,Tình tr?ng Xe cu,Xu?t x? Nh?p kh?u,Km dã di 86.000 km,"T?nh thành
Tp.HCM",H?p s? S? t? d?ng,Nhiên li?u Máy xang
VinFast LUX A2.0 Nâng cao 2021,575000000,Nam SX 2021,Ki?u dáng Sedan,Tình tr?ng Xe cu,Xu?t x? Trong nu?c,Km dã di 46.000 km,"T?nh thành
Hà N?i",H?p s? S? t? d?ng,Nhiên li?u Máy xang
Kia Carens 1.5G Luxury 2022,529000000,Nam SX 2022,Ki?u dáng MPV,Tình tr?ng Xe cu,Xu?t x? Trong nu?c,Km dã di 45.000 km,"T?nh thành
Tp.HCM",H?p s? S? t? d?ng,Nhiên li?u Máy xang
Mazda 3 Sport 2020,478000000,Nam SX 2020,Ki?u dáng Sedan,Tình tr?ng Xe cu,Xu?t x? Trong nu?c,Km dã di 82.000 km,"T?nh thành
Tp.HCM",H?p s? S? t? d?ng,Nhiên li?u Máy xang
Kia Seltos 1.4T Premium 2020,520000000,Nam SX 2020,Ki?u dáng SUV,Tình tr?ng Xe cu,Xu?t x? Trong nu?c,Km dã di 55.000 km,"T?nh thành
H?i Phòng",H?p s? S? t? d?ng,Nhiên li?u Máy xang
Toyota Corolla Cross 1.8 G 2023,690000000,Nam SX 2023,Ki?u dáng Crossover,Tình tr?ng Xe cu,Xu?t x? Nh?p kh?u,Km dã di 30.000 km,"T?nh thành
B?c Ninh",H?p s? S? t? d?ng,Nhiên li?u Máy xang
Ford EcoSport Titanium 1.5L AT 2020,455000000,Nam SX 2020,Ki?u dáng SUV,Tình tr?ng Xe cu,Xu?t x? Trong nu?c,Km dã di 80.000 km,"T?nh thành
Tp.HCM",H?p s? S? t? d?ng,Nhiên li?u Máy xang
Mercedes-Benz E300 2017,859000000,Nam SX 2017,Ki?u dáng Sedan,Tình tr?ng Xe cu,Xu?t x? Nh?p kh?u,Km dã di 90.000 km,"T?nh thành
Hà N?i",H?p s? S? t? d?ng,Nhiên li?u Máy xang
Kia Sedona 2020,700000000,Nam SX 2020,Ki?u dáng MPV,Tình tr?ng Xe cu,Xu?t x? Trong nu?c,,"T?nh thành
Hà N?i",H?p s? S? t? d?ng,Nhiên li?u Máy d?u
Hyundai Tucson 2.0 Tiêu chu?n 2021,670000000,Nam SX 2021,Ki?u dáng SUV,Tình tr?ng Xe cu,Xu?t x? Trong nu?c,Km dã di 38.000 km,"T?nh thành
Hà N?i",H?p s? S? t? d?ng,Nhiên li?u Máy xang
Nissan X trail 2.5 SV 4WD Xtronic-CVT 2016,430000000,Nam SX 2016,Ki?u dáng SUV,Tình tr?ng Xe cu,Xu?t x? Trong nu?c,Km dã di 78.000 km,"T?nh thành
Tp.HCM",H?p s? S? t? d?ng,Nhiên li?u Máy xang
Hyundai i20 1.4 AT 2010,220000000,Nam SX 2010,Ki?u dáng Hatchback,Tình tr?ng Xe cu,Xu?t x? Nh?p kh?u,Km dã di 87.000 km,"T?nh thành
Bình Duong",H?p s? S? t? d?ng,Nhiên li?u Máy xang
Mercedes-Benz C200 Avantgarde 2009,235000000,Nam SX 2009,Ki?u dáng Sedan,Tình tr?ng Xe cu,Xu?t x? Trong nu?c,Km dã di 190.000 km,"T?nh thành
H?i Phòng",H?p s? S? t? d?ng,Nhiên li?u Máy xang
Nissan Almera CVT Cao c?p 2022,440000000,Nam SX 2022,Ki?u dáng Sedan,Tình tr?ng Xe cu,Xu?t x? Nh?p kh?u,Km dã di 53.000 km,"T?nh thành
Hà N?i",H?p s? S? t? d?ng,Nhiên li?u Máy xang
VinFast Fadil Nâng Cao 2020,295000000,Nam SX 2020,,Tình tr?ng Xe cu,Xu?t x? Trong nu?c,Km dã di 28.000 km,"T?nh thành
Long An",H?p s? S? t? d?ng,Nhiên li?u Máy xang
MG 5 1.5L Luxury 2022,375000000,Nam SX 2022,Ki?u dáng Sedan,Tình tr?ng Xe cu,Xu?t x? Nh?p kh?u,Km dã di 35.000 km,"T?nh thành
Hà N?i",H?p s? S? t? d?ng,Nhiên li?u Máy xang
Hyundai i20 1.4 AT 2012,226000000,Nam SX 2012,Ki?u dáng Hatchback,Tình tr?ng Xe cu,Xu?t x? Nh?p kh?u,Km dã di 91.000 km,"T?nh thành
Hà N?i",H?p s? S? t? d?ng,Nhiên li?u Máy xang
Ford Everest Platinum 2.0L 4x4 AT 2020,900000000,Nam SX 2020,Ki?u dáng SUV,Tình tr?ng Xe cu,Xu?t x? Nh?p kh?u,Km dã di 85.000 km,"T?nh thành
Lâm Ð?ng",H?p s? S? t? d?ng,Nhiên li?u Máy d?u
Kia Morning Si 1.25 MT 2018,225000000,Nam SX 2018,Ki?u dáng Hatchback,Tình tr?ng Xe cu,Xu?t x? Trong nu?c,Km dã di 80.000 km,"T?nh thành
Lâm Ð?ng",H?p s? S? sàn,Nhiên li?u Máy xang
Mazda CX-5 2.0 Deluxe 2021,635000000,Nam SX 2021,Ki?u dáng SUV,Tình tr?ng Xe cu,Xu?t x? Trong nu?c,Km dã di 52.000 km,"T?nh thành
H?i Phòng",H?p s? S? t? d?ng,Nhiên li?u Máy xang
Hyundai Kona 2.0 AT Tiêu chu?n 2020,465000000,Nam SX 2020,Ki?u dáng SUV,Tình tr?ng Xe cu,Xu?t x? Trong nu?c,Km dã di 58.000 km,"T?nh thành
H?i Phòng",H?p s? S? t? d?ng,Nhiên li?u Máy xang
VinFast Fadil Tiêu Chu?n 2021,289000000,Nam SX 2021,,Tình tr?ng Xe cu,Xu?t x? Trong nu?c,Km dã di 72.000 km,"T?nh thành
H?i Phòng",H?p s? S? t? d?ng,Nhiên li?u Máy xang
Chevrolet Colorado LTZ 2.8 AT 4x4 2017,390000000,Nam SX 2017,Ki?u dáng Bán t?i,Tình tr?ng Xe cu,Xu?t x? Nh?p kh?u,Km dã di 130.000 km,"T?nh thành
Hà N?i",H?p s? S? t? d?ng,Nhiên li?u Máy d?u
Ford Focus 1.8L 2011,220000000,Nam SX 2011,Ki?u dáng Hatchback,Tình tr?ng Xe cu,Xu?t x? Trong nu?c,Km dã di 125.000 km,"T?nh thành
Hà N?i",H?p s? S? t? d?ng,Nhiên li?u Máy xang
Kia Sedona 3.3 Platinum G 2019,698000000,Nam SX 2019,Ki?u dáng MPV,Tình tr?ng Xe cu,Xu?t x? Trong nu?c,Km dã di 60.000 km,"T?nh thành
Tp.HCM",H?p s? S? t? d?ng,Nhiên li?u Máy xang
Subaru Outback 2.5i-T EyeSight 2022,1350000000,Nam SX 2022,Ki?u dáng Crossover,Tình tr?ng Xe cu,Xu?t x? Nh?p kh?u,Km dã di 16.000 km,"T?nh thành
Hà N?i",H?p s? S? t? d?ng,Nhiên li?u Máy xang
Ford EcoSport Titanium 1.5L AT 2021,445000000,Nam SX 2021,Ki?u dáng SUV,Tình tr?ng Xe cu,Xu?t x? Trong nu?c,Km dã di 55.000 km,"T?nh thành
Hà N?i",H?p s? S? t? d?ng,Nhiên li?u Máy xang
Porsche Cayenne 3.6 V6 2014,1200000000,Nam SX 2014,Ki?u dáng SUV,Tình tr?ng Xe cu,Xu?t x? Nh?p kh?u,Km dã di 88.888 km,"T?nh thành
Hà N?i",H?p s? S? t? d?ng,Nhiên li?u Máy xang
Nissan Almera CVT Cao c?p 2022,440000000,Nam SX 2022,Ki?u dáng Sedan,Tình tr?ng Xe cu,Xu?t x? Nh?p kh?u,Km dã di 53.000 km,"T?nh thành
Hà N?i",H?p s? S? t? d?ng,Nhiên li?u Máy xang
VinFast Fadil Nâng Cao 2020,295000000,Nam SX 2020,,Tình tr?ng Xe cu,Xu?t x? Trong nu?c,Km dã di 28.000 km,"T?nh thành
Long An",H?p s? S? t? d?ng,Nhiên li?u Máy xang
MG 5 1.5L Luxury 2022,375000000,Nam SX 2022,Ki?u dáng Sedan,Tình tr?ng Xe cu,Xu?t x? Nh?p kh?u,Km dã di 35.000 km,"T?nh thành
Hà N?i",H?p s? S? t? d?ng,Nhiên li?u Máy xang
Hyundai i20 1.4 AT 2012,226000000,Nam SX 2012,Ki?u dáng Hatchback,Tình tr?ng Xe cu,Xu?t x? Nh?p kh?u,Km dã di 91.000 km,"T?nh thành
Hà N?i",H?p s? S? t? d?ng,Nhiên li?u Máy xang
Ford Everest Platinum 2.0L 4x4 AT 2020,900000000,Nam SX 2020,Ki?u dáng SUV,Tình tr?ng Xe cu,Xu?t x? Nh?p kh?u,Km dã di 85.000 km,"T?nh thành
Lâm Ð?ng",H?p s? S? t? d?ng,Nhiên li?u Máy d?u
Kia Morning Si 1.25 MT 2018,225000000,Nam SX 2018,Ki?u dáng Hatchback,Tình tr?ng Xe cu,Xu?t x? Trong nu?c,Km dã di 80.000 km,"T?nh thành
Lâm Ð?ng",H?p s? S? sàn,Nhiên li?u Máy xang
Mazda CX-5 2.0 Deluxe 2021,635000000,Nam SX 2021,Ki?u dáng SUV,Tình tr?ng Xe cu,Xu?t x? Trong nu?c,Km dã di 52.000 km,"T?nh thành
H?i Phòng",H?p s? S? t? d?ng,Nhiên li?u Máy xang
Hyundai Kona 2.0 AT Tiêu chu?n 2020,465000000,Nam SX 2020,Ki?u dáng SUV,Tình tr?ng Xe cu,Xu?t x? Trong nu?c,Km dã di 58.000 km,"T?nh thành
H?i Phòng",H?p s? S? t? d?ng,Nhiên li?u Máy xang
VinFast Fadil Tiêu Chu?n 2021,289000000,Nam SX 2021,,Tình tr?ng Xe cu,Xu?t x? Trong nu?c,Km dã di 72.000 km,"T?nh thành
H?i Phòng",H?p s? S? t? d?ng,Nhiên li?u Máy xang
Chevrolet Colorado LTZ 2.8 AT 4x4 2017,390000000,Nam SX 2017,Ki?u dáng Bán t?i,Tình tr?ng Xe cu,Xu?t x? Nh?p kh?u,Km dã di 130.000 km,"T?nh thành
Hà N?i",H?p s? S? t? d?ng,Nhiên li?u Máy d?u
Ford Focus 1.8L 2011,220000000,Nam SX 2011,Ki?u dáng Hatchback,Tình tr?ng Xe cu,Xu?t x? Trong nu?c,Km dã di 125.000 km,"T?nh thành
Hà N?i",H?p s? S? t? d?ng,Nhiên li?u Máy xang
Kia Sedona 3.3 Platinum G 2019,698000000,Nam SX 2019,Ki?u dáng MPV,Tình tr?ng Xe cu,Xu?t x? Trong nu?c,Km dã di 60.000 km,"T?nh thành
Tp.HCM",H?p s? S? t? d?ng,Nhiên li?u Máy xang
Subaru Outback 2.5i-T EyeSight 2022,1350000000,Nam SX 2022,Ki?u dáng Crossover,Tình tr?ng Xe cu,Xu?t x? Nh?p kh?u,Km dã di 16.000 km,"T?nh thành
Hà N?i",H?p s? S? t? d?ng,Nhiên li?u Máy xang
Ford EcoSport Titanium 1.5L AT 2021,445000000,Nam SX 2021,Ki?u dáng SUV,Tình tr?ng Xe cu,Xu?t x? Trong nu?c,Km dã di 55.000 km,"T?nh thành
Hà N?i",H?p s? S? t? d?ng,Nhiên li?u Máy xang
Porsche Cayenne 3.6 V6 2014,1200000000,Nam SX 2014,Ki?u dáng SUV,Tình tr?ng Xe cu,Xu?t x? Nh?p kh?u,Km dã di 88.888 km,"T?nh thành
Hà N?i",H?p s? S? t? d?ng,Nhiên li?u Máy xang
Nissan Almera CVT Cao c?p 2022,440000000,Nam SX 2022,Ki?u dáng Sedan,Tình tr?ng Xe cu,Xu?t x? Nh?p kh?u,Km dã di 53.000 km,"T?nh thành
Hà N?i",H?p s? S? t? d?ng,Nhiên li?u Máy xang
VinFast Fadil Nâng Cao 2020,295000000,Nam SX 2020,,Tình tr?ng Xe cu,Xu?t x? Trong nu?c,Km dã di 28.000 km,"T?nh thành
Long An",H?p s? S? t? d?ng,Nhiên li?u Máy xang
MG 5 1.5L Luxury 2022,375000000,Nam SX 2022,Ki?u dáng Sedan,Tình tr?ng Xe cu,Xu?t x? Nh?p kh?u,Km dã di 35.000 km,"T?nh thành
Hà N?i",H?p s? S? t? d?ng,Nhiên li?u Máy xang
Hyundai i20 1.4 AT 2012,226000000,Nam SX 2012,Ki?u dáng Hatchback,Tình tr?ng Xe cu,Xu?t x? Nh?p kh?u,Km dã di 91.000 km,"T?nh thành
Hà N?i",H?p s? S? t? d?ng,Nhiên li?u Máy xang
Ford Everest Platinum 2.0L 4x4 AT 2020,900000000,Nam SX 2020,Ki?u dáng SUV,Tình tr?ng Xe cu,Xu?t x? Nh?p kh?u,Km dã di 85.000 km,"T?nh thành
Lâm Ð?ng",H?p s? S? t? d?ng,Nhiên li?u Máy d?u
Kia Morning Si 1.25 MT 2018,225000000,Nam SX 2018,Ki?u dáng Hatchback,Tình tr?ng Xe cu,Xu?t x? Trong nu?c,Km dã di 80.000 km,"T?nh thành
Lâm Ð?ng",H?p s? S? sàn,Nhiên li?u Máy xang
Mazda CX-5 2.0 Deluxe 2021,635000000,Nam SX 2021,Ki?u dáng SUV,Tình tr?ng Xe cu,Xu?t x? Trong nu?c,Km dã di 52.000 km,"T?nh thành
H?i Phòng",H?p s? S? t? d?ng,Nhiên li?u Máy xang
Hyundai Kona 2.0 AT Tiêu chu?n 2020,465000000,Nam SX 2020,Ki?u dáng SUV,Tình tr?ng Xe cu,Xu?t x? Trong nu?c,Km dã di 58.000 km,"T?nh thành
H?i Phòng",H?p s? S? t? d?ng,Nhiên li?u Máy xang
VinFast Fadil Tiêu Chu?n 2021,289000000,Nam SX 2021,,Tình tr?ng Xe cu,Xu?t x? Trong nu?c,Km dã di 72.000 km,"T?nh thành
H?i Phòng",H?p s? S? t? d?ng,Nhiên li?u Máy xang
Chevrolet Colorado LTZ 2.8 AT 4x4 2017,390000000,Nam SX 2017,Ki?u dáng Bán t?i,Tình tr?ng Xe cu,Xu?t x? Nh?p kh?u,Km dã di 130.000 km,"T?nh thành
Hà N?i",H?p s? S? t? d?ng,Nhiên li?u Máy d?u
Ford Focus 1.8L 2011,220000000,Nam SX 2011,Ki?u dáng Hatchback,Tình tr?ng Xe cu,Xu?t x? Trong nu?c,Km dã di 125.000 km,"T?nh thành
Hà N?i",H?p s? S? t? d?ng,Nhiên li?u Máy xang
Kia Sedona 3.3 Platinum G 2019,698000000,Nam SX 2019,Ki?u dáng MPV,Tình tr?ng Xe cu,Xu?t x? Trong nu?c,Km dã di 60.000 km,"T?nh thành
Tp.HCM",H?p s? S? t? d?ng,Nhiên li?u Máy xang
Subaru Outback 2.5i-T EyeSight 2022,1350000000,Nam SX 2022,Ki?u dáng Crossover,Tình tr?ng Xe cu,Xu?t x? Nh?p kh?u,Km dã di 16.000 km,"T?nh thành
Hà N?i",H?p s? S? t? d?ng,Nhiên li?u Máy xang
Ford EcoSport Titanium 1.5L AT 2021,445000000,Nam SX 2021,Ki?u dáng SUV,Tình tr?ng Xe cu,Xu?t x? Trong nu?c,Km dã di 55.000 km,"T?nh thành
Hà N?i",H?p s? S? t? d?ng,Nhiên li?u Máy xang
Porsche Cayenne 3.6 V6 2014,1200000000,Nam SX 2014,Ki?u dáng SUV,Tình tr?ng Xe cu,Xu?t x? Nh?p kh?u,Km dã di 88.888 km,"T?nh thành
Hà N?i",H?p s? S? t? d?ng,Nhiên li?u Máy xang
Nissan Almera CVT Cao c?p 2022,440000000,Nam SX 2022,Ki?u dáng Sedan,Tình tr?ng Xe cu,Xu?t x? Nh?p kh?u,Km dã di 53.000 km,"T?nh thành
Hà N?i",H?p s? S? t? d?ng,Nhiên li?u Máy xang
VinFast Fadil Nâng Cao 2020,295000000,Nam SX 2020,,Tình tr?ng Xe cu,Xu?t x? Trong nu?c,Km dã di 28.000 km,"T?nh thành
Long An",H?p s? S? t? d?ng,Nhiên li?u Máy xang
MG 5 1.5L Luxury 2022,375000000,Nam SX 2022,Ki?u dáng Sedan,Tình tr?ng Xe cu,Xu?t x? Nh?p kh?u,Km dã di 35.000 km,"T?nh thành
Hà N?i",H?p s? S? t? d?ng,Nhiên li?u Máy xang
Hyundai i20 1.4 AT 2012,226000000,Nam SX 2012,Ki?u dáng Hatchback,Tình tr?ng Xe cu,Xu?t x? Nh?p kh?u,Km dã di 91.000 km,"T?nh thành
Hà N?i",H?p s? S? t? d?ng,Nhiên li?u Máy xang
Ford Everest Platinum 2.0L 4x4 AT 2020,900000000,Nam SX 2020,Ki?u dáng SUV,Tình tr?ng Xe cu,Xu?t x? Nh?p kh?u,Km dã di 85.000 km,"T?nh thành
Lâm Ð?ng",H?p s? S? t? d?ng,Nhiên li?u Máy d?u
Kia Morning Si 1.25 MT 2018,225000000,Nam SX 2018,Ki?u dáng Hatchback,Tình tr?ng Xe cu,Xu?t x? Trong nu?c,Km dã di 80.000 km,"T?nh thành
Lâm Ð?ng",H?p s? S? sàn,Nhiên li?u Máy xang
Mazda CX-5 2.0 Deluxe 2021,635000000,Nam SX 2021,Ki?u dáng SUV,Tình tr?ng Xe cu,Xu?t x? Trong nu?c,Km dã di 52.000 km,"T?nh thành
H?i Phòng",H?p s? S? t? d?ng,Nhiên li?u Máy xang
Hyundai Kona 2.0 AT Tiêu chu?n 2020,465000000,Nam SX 2020,Ki?u dáng SUV,Tình tr?ng Xe cu,Xu?t x? Trong nu?c,Km dã di 58.000 km,"T?nh thành
H?i Phòng",H?p s? S? t? d?ng,Nhiên li?u Máy xang
VinFast Fadil Tiêu Chu?n 2021,289000000,Nam SX 2021,,Tình tr?ng Xe cu,Xu?t x? Trong nu?c,Km dã di 72.000 km,"T?nh thành
H?i Phòng",H?p s? S? t? d?ng,Nhiên li?u Máy xang
Chevrolet Colorado LTZ 2.8 AT 4x4 2017,390000000,Nam SX 2017,Ki?u dáng Bán t?i,Tình tr?ng Xe cu,Xu?t x? Nh?p kh?u,Km dã di 130.000 km,"T?nh thành
Hà N?i",H?p s? S? t? d?ng,Nhiên li?u Máy d?u
Ford Focus 1.8L 2011,220000000,Nam SX 2011,Ki?u dáng Hatchback,Tình tr?ng Xe cu,Xu?t x? Trong nu?c,Km dã di 125.000 km,"T?nh thành
Hà N?i",H?p s? S? t? d?ng,Nhiên li?u Máy xang
Kia Sedona 3.3 Platinum G 2019,698000000,Nam SX 2019,Ki?u dáng MPV,Tình tr?ng Xe cu,Xu?t x? Trong nu?c,Km dã di 60.000 km,"T?nh thành
Tp.HCM",H?p s? S? t? d?ng,Nhiên li?u Máy xang
Subaru Outback 2.5i-T EyeSight 2022,1350000000,Nam SX 2022,Ki?u dáng Crossover,Tình tr?ng Xe cu,Xu?t x? Nh?p kh?u,Km dã di 16.000 km,"T?nh thành
Hà N?i",H?p s? S? t? d?ng,Nhiên li?u Máy xang
Ford EcoSport Titanium 1.5L AT 2021,445000000,Nam SX 2021,Ki?u dáng SUV,Tình tr?ng Xe cu,Xu?t x? Trong nu?c,Km dã di 55.000 km,"T?nh thành
Hà N?i",H?p s? S? t? d?ng,Nhiên li?u Máy xang
Porsche Cayenne 3.6 V6 2014,1200000000,Nam SX 2014,Ki?u dáng SUV,Tình tr?ng Xe cu,Xu?t x? Nh?p kh?u,Km dã di 88.888 km,"T?nh thành
Hà N?i",H?p s? S? t? d?ng,Nhiên li?u Máy xang
Nissan Almera CVT Cao c?p 2022,440000000,Nam SX 2022,Ki?u dáng Sedan,Tình tr?ng Xe cu,Xu?t x? Nh?p kh?u,Km dã di 53.000 km,"T?nh thành
Hà N?i",H?p s? S? t? d?ng,Nhiên li?u Máy xang
VinFast Fadil Nâng Cao 2020,295000000,Nam SX 2020,,Tình tr?ng Xe cu,Xu?t x? Trong nu?c,Km dã di 28.000 km,"T?nh thành
Long An",H?p s? S? t? d?ng,Nhiên li?u Máy xang
MG 5 1.5L Luxury 2022,375000000,Nam SX 2022,Ki?u dáng Sedan,Tình tr?ng Xe cu,Xu?t x? Nh?p kh?u,Km dã di 35.000 km,"T?nh thành
Hà N?i",H?p s? S? t? d?ng,Nhiên li?u Máy xang
Hyundai i20 1.4 AT 2012,226000000,Nam SX 2012,Ki?u dáng Hatchback,Tình tr?ng Xe cu,Xu?t x? Nh?p kh?u,Km dã di 91.000 km,"T?nh thành
Hà N?i",H?p s? S? t? d?ng,Nhiên li?u Máy xang
Ford Everest Platinum 2.0L 4x4 AT 2020,900000000,Nam SX 2020,Ki?u dáng SUV,Tình tr?ng Xe cu,Xu?t x? Nh?p kh?u,Km dã di 85.000 km,"T?nh thành
Lâm Ð?ng",H?p s? S? t? d?ng,Nhiên li?u Máy d?u
Kia Morning Si 1.25 MT 2018,225000000,Nam SX 2018,Ki?u dáng Hatchback,Tình tr?ng Xe cu,Xu?t x? Trong nu?c,Km dã di 80.000 km,"T?nh thành
Lâm Ð?ng",H?p s? S? sàn,Nhiên li?u Máy xang
Mazda CX-5 2.0 Deluxe 2021,635000000,Nam SX 2021,Ki?u dáng SUV,Tình tr?ng Xe cu,Xu?t x? Trong nu?c,Km dã di 52.000 km,"T?nh thành
H?i Phòng",H?p s? S? t? d?ng,Nhiên li?u Máy xang
Hyundai Kona 2.0 AT Tiêu chu?n 2020,465000000,Nam SX 2020,Ki?u dáng SUV,Tình tr?ng Xe cu,Xu?t x? Trong nu?c,Km dã di 58.000 km,"T?nh thành
H?i Phòng",H?p s? S? t? d?ng,Nhiên li?u Máy xang
VinFast Fadil Tiêu Chu?n 2021,289000000,Nam SX 2021,,Tình tr?ng Xe cu,Xu?t x? Trong nu?c,Km dã di 72.000 km,"T?nh thành
H?i Phòng",H?p s? S? t? d?ng,Nhiên li?u Máy xang
Chevrolet Colorado LTZ 2.8 AT 4x4 2017,390000000,Nam SX 2017,Ki?u dáng Bán t?i,Tình tr?ng Xe cu,Xu?t x? Nh?p kh?u,Km dã di 130.000 km,"T?nh thành
Hà N?i",H?p s? S? t? d?ng,Nhiên li?u Máy d?u
Ford Focus 1.8L 2011,220000000,Nam SX 2011,Ki?u dáng Hatchback,Tình tr?ng Xe cu,Xu?t x? Trong nu?c,Km dã di 125.000 km,"T?nh thành
Hà N?i",H?p s? S? t? d?ng,Nhiên li?u Máy xang
Kia Sedona 3.3 Platinum G 2019,698000000,Nam SX 2019,Ki?u dáng MPV,Tình tr?ng Xe cu,Xu?t x? Trong nu?c,Km dã di 60.000 km,"T?nh thành
Tp.HCM",H?p s? S? t? d?ng,Nhiên li?u Máy xang
Subaru Outback 2.5i-T EyeSight 2022,1350000000,Nam SX 2022,Ki?u dáng Crossover,Tình tr?ng Xe cu,Xu?t x? Nh?p kh?u,Km dã di 16.000 km,"T?nh thành
Hà N?i",H?p s? S? t? d?ng,Nhiên li?u Máy xang
Ford EcoSport Titanium 1.5L AT 2021,445000000,Nam SX 2021,Ki?u dáng SUV,Tình tr?ng Xe cu,Xu?t x? Trong nu?c,Km dã di 55.000 km,"T?nh thành
Hà N?i",H?p s? S? t? d?ng,Nhiên li?u Máy xang
Porsche Cayenne 3.6 V6 2014,1200000000,Nam SX 2014,Ki?u dáng SUV,Tình tr?ng Xe cu,Xu?t x? Nh?p kh?u,Km dã di 88.888 km,"T?nh thành
Hà N?i",H?p s? S? t? d?ng,Nhiên li?u Máy xang
Nissan Almera CVT Cao c?p 2022,440000000,Nam SX 2022,Ki?u dáng Sedan,Tình tr?ng Xe cu,Xu?t x? Nh?p kh?u,Km dã di 53.000 km,"T?nh thành
Hà N?i",H?p s? S? t? d?ng,Nhiên li?u Máy xang
VinFast Fadil Nâng Cao 2020,295000000,Nam SX 2020,,Tình tr?ng Xe cu,Xu?t x? Trong nu?c,Km dã di 28.000 km,"T?nh thành
Long An",H?p s? S? t? d?ng,Nhiên li?u Máy xang
MG 5 1.5L Luxury 2022,375000000,Nam SX 2022,Ki?u dáng Sedan,Tình tr?ng Xe cu,Xu?t x? Nh?p kh?u,Km dã di 35.000 km,"T?nh thành
Hà N?i",H?p s? S? t? d?ng,Nhiên li?u Máy xang
Hyundai i20 1.4 AT 2012,226000000,Nam SX 2012,Ki?u dáng Hatchback,Tình tr?ng Xe cu,Xu?t x? Nh?p kh?u,Km dã di 91.000 km,"T?nh thành
Hà N?i",H?p s? S? t? d?ng,Nhiên li?u Máy xang
Ford Everest Platinum 2.0L 4x4 AT 2020,900000000,Nam SX 2020,Ki?u dáng SUV,Tình tr?ng Xe cu,Xu?t x? Nh?p kh?u,Km dã di 85.000 km,"T?nh thành
Lâm Ð?ng",H?p s? S? t? d?ng,Nhiên li?u Máy d?u
Kia Morning Si 1.25 MT 2018,225000000,Nam SX 2018,Ki?u dáng Hatchback,Tình tr?ng Xe cu,Xu?t x? Trong nu?c,Km dã di 80.000 km,"T?nh thành
Lâm Ð?ng",H?p s? S? sàn,Nhiên li?u Máy xang
Mazda CX-5 2.0 Deluxe 2021,635000000,Nam SX 2021,Ki?u dáng SUV,Tình tr?ng Xe cu,Xu?t x? Trong nu?c,Km dã di 52.000 km,"T?nh thành
H?i Phòng",H?p s? S? t? d?ng,Nhiên li?u Máy xang
Hyundai Kona 2.0 AT Tiêu chu?n 2020,465000000,Nam SX 2020,Ki?u dáng SUV,Tình tr?ng Xe cu,Xu?t x? Trong nu?c,Km dã di 58.000 km,"T?nh thành
H?i Phòng",H?p s? S? t? d?ng,Nhiên li?u Máy xang
VinFast Fadil Tiêu Chu?n 2021,289000000,Nam SX 2021,,Tình tr?ng Xe cu,Xu?t x? Trong nu?c,Km dã di 72.000 km,"T?nh thành
H?i Phòng",H?p s? S? t? d?ng,Nhiên li?u Máy xang
Chevrolet Colorado LTZ 2.8 AT 4x4 2017,390000000,Nam SX 2017,Ki?u dáng Bán t?i,Tình tr?ng Xe cu,Xu?t x? Nh?p kh?u,Km dã di 130.000 km,"T?nh thành
Hà N?i",H?p s? S? t? d?ng,Nhiên li?u Máy d?u
Ford Focus 1.8L 2011,220000000,Nam SX 2011,Ki?u dáng Hatchback,Tình tr?ng Xe cu,Xu?t x? Trong nu?c,Km dã di 125.000 km,"T?nh thành
Hà N?i",H?p s? S? t? d?ng,Nhiên li?u Máy xang
Kia Sedona 3.3 Platinum G 2019,698000000,Nam SX 2019,Ki?u dáng MPV,Tình tr?ng Xe cu,Xu?t x? Trong nu?c,Km dã di 60.000 km,"T?nh thành
Tp.HCM",H?p s? S? t? d?ng,Nhiên li?u Máy xang
Subaru Outback 2.5i-T EyeSight 2022,1350000000,Nam SX 2022,Ki?u dáng Crossover,Tình tr?ng Xe cu,Xu?t x? Nh?p kh?u,Km dã di 16.000 km,"T?nh thành
Hà N?i",H?p s? S? t? d?ng,Nhiên li?u Máy xang
Ford EcoSport Titanium 1.5L AT 2021,445000000,Nam SX 2021,Ki?u dáng SUV,Tình tr?ng Xe cu,Xu?t x? Trong nu?c,Km dã di 55.000 km,"T?nh thành
Hà N?i",H?p s? S? t? d?ng,Nhiên li?u Máy xang
Porsche Cayenne 3.6 V6 2014,1200000000,Nam SX 2014,Ki?u dáng SUV,Tình tr?ng Xe cu,Xu?t x? Nh?p kh?u,Km dã di 88.888 km,"T?nh thành
Hà N?i",H?p s? S? t? d?ng,Nhiên li?u Máy xang
Nissan Almera CVT Cao c?p 2022,440000000,Nam SX 2022,Ki?u dáng Sedan,Tình tr?ng Xe cu,Xu?t x? Nh?p kh?u,Km dã di 53.000 km,"T?nh thành
Hà N?i",H?p s? S? t? d?ng,Nhiên li?u Máy xang
VinFast Fadil Nâng Cao 2020,295000000,Nam SX 2020,,Tình tr?ng Xe cu,Xu?t x? Trong nu?c,Km dã di 28.000 km,"T?nh thành
Long An",H?p s? S? t? d?ng,Nhiên li?u Máy xang
MG 5 1.5L Luxury 2022,375000000,Nam SX 2022,Ki?u dáng Sedan,Tình tr?ng Xe cu,Xu?t x? Nh?p kh?u,Km dã di 35.000 km,"T?nh thành
Hà N?i",H?p s? S? t? d?ng,Nhiên li?u Máy xang
Hyundai i20 1.4 AT 2012,226000000,Nam SX 2012,Ki?u dáng Hatchback,Tình tr?ng Xe cu,Xu?t x? Nh?p kh?u,Km dã di 91.000 km,"T?nh thành
Hà N?i",H?p s? S? t? d?ng,Nhiên li?u Máy xang
Ford Everest Platinum 2.0L 4x4 AT 2020,900000000,Nam SX 2020,Ki?u dáng SUV,Tình tr?ng Xe cu,Xu?t x? Nh?p kh?u,Km dã di 85.000 km,"T?nh thành
Lâm Ð?ng",H?p s? S? t? d?ng,Nhiên li?u Máy d?u
Kia Morning Si 1.25 MT 2018,225000000,Nam SX 2018,Ki?u dáng Hatchback,Tình tr?ng Xe cu,Xu?t x? Trong nu?c,Km dã di 80.000 km,"T?nh thành
Lâm Ð?ng",H?p s? S? sàn,Nhiên li?u Máy xang
Mazda CX-5 2.0 Deluxe 2021,635000000,Nam SX 2021,Ki?u dáng SUV,Tình tr?ng Xe cu,Xu?t x? Trong nu?c,Km dã di 52.000 km,"T?nh thành
H?i Phòng",H?p s? S? t? d?ng,Nhiên li?u Máy xang
Hyundai Kona 2.0 AT Tiêu chu?n 2020,465000000,Nam SX 2020,Ki?u dáng SUV,Tình tr?ng Xe cu,Xu?t x? Trong nu?c,Km dã di 58.000 km,"T?nh thành
H?i Phòng",H?p s? S? t? d?ng,Nhiên li?u Máy xang
VinFast Fadil Tiêu Chu?n 2021,289000000,Nam SX 2021,,Tình tr?ng Xe cu,Xu?t x? Trong nu?c,Km dã di 72.000 km,"T?nh thành
H?i Phòng",H?p s? S? t? d?ng,Nhiên li?u Máy xang
Chevrolet Colorado LTZ 2.8 AT 4x4 2017,390000000,Nam SX 2017,Ki?u dáng Bán t?i,Tình tr?ng Xe cu,Xu?t x? Nh?p kh?u,Km dã di 130.000 km,"T?nh thành
Hà N?i",H?p s? S? t? d?ng,Nhiên li?u Máy d?u
Ford Focus 1.8L 2011,220000000,Nam SX 2011,Ki?u dáng Hatchback,Tình tr?ng Xe cu,Xu?t x? Trong nu?c,Km dã di 125.000 km,"T?nh thành
Hà N?i",H?p s? S? t? d?ng,Nhiên li?u Máy xang
Kia Sedona 3.3 Platinum G 2019,698000000,Nam SX 2019,Ki?u dáng MPV,Tình tr?ng Xe cu,Xu?t x? Trong nu?c,Km dã di 60.000 km,"T?nh thành
Tp.HCM",H?p s? S? t? d?ng,Nhiên li?u Máy xang
Subaru Outback 2.5i-T EyeSight 2022,1350000000,Nam SX 2022,Ki?u dáng Crossover,Tình tr?ng Xe cu,Xu?t x? Nh?p kh?u,Km dã di 16.000 km,"T?nh thành
Hà N?i",H?p s? S? t? d?ng,Nhiên li?u Máy xang
Ford EcoSport Titanium 1.5L AT 2021,445000000,Nam SX 2021,Ki?u dáng SUV,Tình tr?ng Xe cu,Xu?t x? Trong nu?c,Km dã di 55.000 km,"T?nh thành
Hà N?i",H?p s? S? t? d?ng,Nhiên li?u Máy xang
Porsche Cayenne 3.6 V6 2014,1200000000,Nam SX 2014,Ki?u dáng SUV,Tình tr?ng Xe cu,Xu?t x? Nh?p kh?u,Km dã di 88.888 km,"T?nh thành
Hà N?i",H?p s? S? t? d?ng,Nhiên li?u Máy xang
Nissan Almera CVT Cao c?p 2022,440000000,Nam SX 2022,Ki?u dáng Sedan,Tình tr?ng Xe cu,Xu?t x? Nh?p kh?u,Km dã di 53.000 km,"T?nh thành
Hà N?i",H?p s? S? t? d?ng,Nhiên li?u Máy xang
VinFast Fadil Nâng Cao 2020,295000000,Nam SX 2020,,Tình tr?ng Xe cu,Xu?t x? Trong nu?c,Km dã di 28.000 km,"T?nh thành
Long An",H?p s? S? t? d?ng,Nhiên li?u Máy xang
MG 5 1.5L Luxury 2022,375000000,Nam SX 2022,Ki?u dáng Sedan,Tình tr?ng Xe cu,Xu?t x? Nh?p kh?u,Km dã di 35.000 km,"T?nh thành
Hà N?i",H?p s? S? t? d?ng,Nhiên li?u Máy xang
Hyundai i20 1.4 AT 2012,226000000,Nam SX 2012,Ki?u dáng Hatchback,Tình tr?ng Xe cu,Xu?t x? Nh?p kh?u,Km dã di 91.000 km,"T?nh thành
Hà N?i",H?p s? S? t? d?ng,Nhiên li?u Máy xang
Ford Everest Platinum 2.0L 4x4 AT 2020,900000000,Nam SX 2020,Ki?u dáng SUV,Tình tr?ng Xe cu,Xu?t x? Nh?p kh?u,Km dã di 85.000 km,"T?nh thành
Lâm Ð?ng",H?p s? S? t? d?ng,Nhiên li?u Máy d?u
Kia Morning Si 1.25 MT 2018,225000000,Nam SX 2018,Ki?u dáng Hatchback,Tình tr?ng Xe cu,Xu?t x? Trong nu?c,Km dã di 80.000 km,"T?nh thành
Lâm Ð?ng",H?p s? S? sàn,Nhiên li?u Máy xang
Mazda CX-5 2.0 Deluxe 2021,635000000,Nam SX 2021,Ki?u dáng SUV,Tình tr?ng Xe cu,Xu?t x? Trong nu?c,Km dã di 52.000 km,"T?nh thành
H?i Phòng",H?p s? S? t? d?ng,Nhiên li?u Máy xang
Hyundai Kona 2.0 AT Tiêu chu?n 2020,465000000,Nam SX 2020,Ki?u dáng SUV,Tình tr?ng Xe cu,Xu?t x? Trong nu?c,Km dã di 58.000 km,"T?nh thành
H?i Phòng",H?p s? S? t? d?ng,Nhiên li?u Máy xang
VinFast Fadil Tiêu Chu?n 2021,289000000,Nam SX 2021,,Tình tr?ng Xe cu,Xu?t x? Trong nu?c,Km dã di 72.000 km,"T?nh thành
H?i Phòng",H?p s? S? t? d?ng,Nhiên li?u Máy xang
Chevrolet Colorado LTZ 2.8 AT 4x4 2017,390000000,Nam SX 2017,Ki?u dáng Bán t?i,Tình tr?ng Xe cu,Xu?t x? Nh?p kh?u,Km dã di 130.000 km,"T?nh thành
Hà N?i",H?p s? S? t? d?ng,Nhiên li?u Máy d?u
Ford Focus 1.8L 2011,220000000,Nam SX 2011,Ki?u dáng Hatchback,Tình tr?ng Xe cu,Xu?t x? Trong nu?c,Km dã di 125.000 km,"T?nh thành
Hà N?i",H?p s? S? t? d?ng,Nhiên li?u Máy xang
Kia Sedona 3.3 Platinum G 2019,698000000,Nam SX 2019,Ki?u dáng MPV,Tình tr?ng Xe cu,Xu?t x? Trong nu?c,Km dã di 60.000 km,"T?nh thành
Tp.HCM",H?p s? S? t? d?ng,Nhiên li?u Máy xang
Subaru Outback 2.5i-T EyeSight 2022,1350000000,Nam SX 2022,Ki?u dáng Crossover,Tình tr?ng Xe cu,Xu?t x? Nh?p kh?u,Km dã di 16.000 km,"T?nh thành
Hà N?i",H?p s? S? t? d?ng,Nhiên li?u Máy xang
Ford EcoSport Titanium 1.5L AT 2021,445000000,Nam SX 2021,Ki?u dáng SUV,Tình tr?ng Xe cu,Xu?t x? Trong nu?c,Km dã di 55.000 km,"T?nh thành
Hà N?i",H?p s? S? t? d?ng,Nhiên li?u Máy xang
Porsche Cayenne 3.6 V6 2014,1200000000,Nam SX 2014,Ki?u dáng SUV,Tình tr?ng Xe cu,Xu?t x? Nh?p kh?u,Km dã di 88.888 km,"T?nh thành
Hà N?i",H?p s? S? t? d?ng,Nhiên li?u Máy xang
Nissan Almera CVT Cao c?p 2022,440000000,Nam SX 2022,Ki?u dáng Sedan,Tình tr?ng Xe cu,Xu?t x? Nh?p kh?u,Km dã di 53.000 km,"T?nh thành
Hà N?i",H?p s? S? t? d?ng,Nhiên li?u Máy xang
VinFast Fadil Nâng Cao 2020,295000000,Nam SX 2020,,Tình tr?ng Xe cu,Xu?t x? Trong nu?c,Km dã di 28.000 km,"T?nh thành
Long An",H?p s? S? t? d?ng,Nhiên li?u Máy xang
MG 5 1.5L Luxury 2022,375000000,Nam SX 2022,Ki?u dáng Sedan,Tình tr?ng Xe cu,Xu?t x? Nh?p kh?u,Km dã di 35.000 km,"T?nh thành
Hà N?i",H?p s? S? t? d?ng,Nhiên li?u Máy xang
Hyundai i20 1.4 AT 2012,226000000,Nam SX 2012,Ki?u dáng Hatchback,Tình tr?ng Xe cu,Xu?t x? Nh?p kh?u,Km dã di 91.000 km,"T?nh thành
Hà N?i",H?p s? S? t? d?ng,Nhiên li?u Máy xang
Ford Everest Platinum 2.0L 4x4 AT 2020,900000000,Nam SX 2020,Ki?u dáng SUV,Tình tr?ng Xe cu,Xu?t x? Nh?p kh?u,Km dã di 85.000 km,"T?nh thành
Lâm Ð?ng",H?p s? S? t? d?ng,Nhiên li?u Máy d?u
Kia Morning Si 1.25 MT 2018,225000000,Nam SX 2018,Ki?u dáng Hatchback,Tình tr?ng Xe cu,Xu?t x? Trong nu?c,Km dã di 80.000 km,"T?nh thành
Lâm Ð?ng",H?p s? S? sàn,Nhiên li?u Máy xang
Mazda CX-5 2.0 Deluxe 2021,635000000,Nam SX 2021,Ki?u dáng SUV,Tình tr?ng Xe cu,Xu?t x? Trong nu?c,Km dã di 52.000 km,"T?nh thành
H?i Phòng",H?p s? S? t? d?ng,Nhiên li?u Máy xang
Hyundai Kona 2.0 AT Tiêu chu?n 2020,465000000,Nam SX 2020,Ki?u dáng SUV,Tình tr?ng Xe cu,Xu?t x? Trong nu?c,Km dã di 58.000 km,"T?nh thành
H?i Phòng",H?p s? S? t? d?ng,Nhiên li?u Máy xang
VinFast Fadil Tiêu Chu?n 2021,289000000,Nam SX 2021,,Tình tr?ng Xe cu,Xu?t x? Trong nu?c,Km dã di 72.000 km,"T?nh thành
H?i Phòng",H?p s? S? t? d?ng,Nhiên li?u Máy xang
Chevrolet Colorado LTZ 2.8 AT 4x4 2017,390000000,Nam SX 2017,Ki?u dáng Bán t?i,Tình tr?ng Xe cu,Xu?t x? Nh?p kh?u,Km dã di 130.000 km,"T?nh thành
Hà N?i",H?p s? S? t? d?ng,Nhiên li?u Máy d?u
Ford Focus 1.8L 2011,220000000,Nam SX 2011,Ki?u dáng Hatchback,Tình tr?ng Xe cu,Xu?t x? Trong nu?c,Km dã di 125.000 km,"T?nh thành
Hà N?i",H?p s? S? t? d?ng,Nhiên li?u Máy xang
Kia Sedona 3.3 Platinum G 2019,698000000,Nam SX 2019,Ki?u dáng MPV,Tình tr?ng Xe cu,Xu?t x? Trong nu?c,Km dã di 60.000 km,"T?nh thành
Tp.HCM",H?p s? S? t? d?ng,Nhiên li?u Máy xang
Subaru Outback 2.5i-T EyeSight 2022,1350000000,Nam SX 2022,Ki?u dáng Crossover,Tình tr?ng Xe cu,Xu?t x? Nh?p kh?u,Km dã di 16.000 km,"T?nh thành
Hà N?i",H?p s? S? t? d?ng,Nhiên li?u Máy xang
Ford EcoSport Titanium 1.5L AT 2021,445000000,Nam SX 2021,Ki?u dáng SUV,Tình tr?ng Xe cu,Xu?t x? Trong nu?c,Km dã di 55.000 km,"T?nh thành
Hà N?i",H?p s? S? t? d?ng,Nhiên li?u Máy xang
Porsche Cayenne 3.6 V6 2014,1200000000,Nam SX 2014,Ki?u dáng SUV,Tình tr?ng Xe cu,Xu?t x? Nh?p kh?u,Km dã di 88.888 km,"T?nh thành
Hà N?i",H?p s? S? t? d?ng,Nhiên li?u Máy xang
Ford Everest Trend 2.0 AT 4x2 2019,750000000,Nam SX 2019,Ki?u dáng SUV,Tình tr?ng Xe cu,Xu?t x? Trong nu?c,Km dã di 79.000 km,"T?nh thành
Bình Duong",H?p s? S? t? d?ng,Nhiên li?u Máy xang
Nissan Almera CVT Cao c?p 2022,440000000,Nam SX 2022,Ki?u dáng Sedan,Tình tr?ng Xe cu,Xu?t x? Nh?p kh?u,Km dã di 53.000 km,"T?nh thành
Hà N?i",H?p s? S? t? d?ng,Nhiên li?u Máy xang
VinFast Fadil Nâng Cao 2020,295000000,Nam SX 2020,,Tình tr?ng Xe cu,Xu?t x? Trong nu?c,Km dã di 28.000 km,"T?nh thành
Long An",H?p s? S? t? d?ng,Nhiên li?u Máy xang
MG 5 1.5L Luxury 2022,375000000,Nam SX 2022,Ki?u dáng Sedan,Tình tr?ng Xe cu,Xu?t x? Nh?p kh?u,Km dã di 35.000 km,"T?nh thành
Hà N?i",H?p s? S? t? d?ng,Nhiên li?u Máy xang
Hyundai i20 1.4 AT 2012,226000000,Nam SX 2012,Ki?u dáng Hatchback,Tình tr?ng Xe cu,Xu?t x? Nh?p kh?u,Km dã di 91.000 km,"T?nh thành
Hà N?i",H?p s? S? t? d?ng,Nhiên li?u Máy xang
Ford Everest Platinum 2.0L 4x4 AT 2020,900000000,Nam SX 2020,Ki?u dáng SUV,Tình tr?ng Xe cu,Xu?t x? Nh?p kh?u,Km dã di 85.000 km,"T?nh thành
Lâm Ð?ng",H?p s? S? t? d?ng,Nhiên li?u Máy d?u
Kia Morning Si 1.25 MT 2018,225000000,Nam SX 2018,Ki?u dáng Hatchback,Tình tr?ng Xe cu,Xu?t x? Trong nu?c,Km dã di 80.000 km,"T?nh thành
Lâm Ð?ng",H?p s? S? sàn,Nhiên li?u Máy xang
Mazda CX-5 2.0 Deluxe 2021,635000000,Nam SX 2021,Ki?u dáng SUV,Tình tr?ng Xe cu,Xu?t x? Trong nu?c,Km dã di 52.000 km,"T?nh thành
H?i Phòng",H?p s? S? t? d?ng,Nhiên li?u Máy xang
Hyundai Kona 2.0 AT Tiêu chu?n 2020,465000000,Nam SX 2020,Ki?u dáng SUV,Tình tr?ng Xe cu,Xu?t x? Trong nu?c,Km dã di 58.000 km,"T?nh thành
H?i Phòng",H?p s? S? t? d?ng,Nhiên li?u Máy xang
VinFast Fadil Tiêu Chu?n 2021,289000000,Nam SX 2021,,Tình tr?ng Xe cu,Xu?t x? Trong nu?c,Km dã di 72.000 km,"T?nh thành
H?i Phòng",H?p s? S? t? d?ng,Nhiên li?u Máy xang
Chevrolet Colorado LTZ 2.8 AT 4x4 2017,390000000,Nam SX 2017,Ki?u dáng Bán t?i,Tình tr?ng Xe cu,Xu?t x? Nh?p kh?u,Km dã di 130.000 km,"T?nh thành
Hà N?i",H?p s? S? t? d?ng,Nhiên li?u Máy d?u
Ford Focus 1.8L 2011,220000000,Nam SX 2011,Ki?u dáng Hatchback,Tình tr?ng Xe cu,Xu?t x? Trong nu?c,Km dã di 125.000 km,"T?nh thành
Hà N?i",H?p s? S? t? d?ng,Nhiên li?u Máy xang
Kia Sedona 3.3 Platinum G 2019,698000000,Nam SX 2019,Ki?u dáng MPV,Tình tr?ng Xe cu,Xu?t x? Trong nu?c,Km dã di 60.000 km,"T?nh thành
Tp.HCM",H?p s? S? t? d?ng,Nhiên li?u Máy xang
Subaru Outback 2.5i-T EyeSight 2022,1350000000,Nam SX 2022,Ki?u dáng Crossover,Tình tr?ng Xe cu,Xu?t x? Nh?p kh?u,Km dã di 16.000 km,"T?nh thành
Hà N?i",H?p s? S? t? d?ng,Nhiên li?u Máy xang
Ford EcoSport Titanium 1.5L AT 2021,445000000,Nam SX 2021,Ki?u dáng SUV,Tình tr?ng Xe cu,Xu?t x? Trong nu?c,Km dã di 55.000 km,"T?nh thành
Hà N?i",H?p s? S? t? d?ng,Nhiên li?u Máy xang
Ford Everest Trend 2.0 AT 4x2 2019,750000000,Nam SX 2019,Ki?u dáng SUV,Tình tr?ng Xe cu,Xu?t x? Trong nu?c,Km dã di 79.000 km,"T?nh thành
Bình Duong",H?p s? S? t? d?ng,Nhiên li?u Máy xang
Nissan Almera CVT Cao c?p 2022,440000000,Nam SX 2022,Ki?u dáng Sedan,Tình tr?ng Xe cu,Xu?t x? Nh?p kh?u,Km dã di 53.000 km,"T?nh thành
Hà N?i",H?p s? S? t? d?ng,Nhiên li?u Máy xang
VinFast Fadil Nâng Cao 2020,295000000,Nam SX 2020,,Tình tr?ng Xe cu,Xu?t x? Trong nu?c,Km dã di 28.000 km,"T?nh thành
Long An",H?p s? S? t? d?ng,Nhiên li?u Máy xang
MG 5 1.5L Luxury 2022,375000000,Nam SX 2022,Ki?u dáng Sedan,Tình tr?ng Xe cu,Xu?t x? Nh?p kh?u,Km dã di 35.000 km,"T?nh thành
Hà N?i",H?p s? S? t? d?ng,Nhiên li?u Máy xang
Hyundai i20 1.4 AT 2012,226000000,Nam SX 2012,Ki?u dáng Hatchback,Tình tr?ng Xe cu,Xu?t x? Nh?p kh?u,Km dã di 91.000 km,"T?nh thành
Hà N?i",H?p s? S? t? d?ng,Nhiên li?u Máy xang
Ford Everest Platinum 2.0L 4x4 AT 2020,900000000,Nam SX 2020,Ki?u dáng SUV,Tình tr?ng Xe cu,Xu?t x? Nh?p kh?u,Km dã di 85.000 km,"T?nh thành
Lâm Ð?ng",H?p s? S? t? d?ng,Nhiên li?u Máy d?u
Kia Morning Si 1.25 MT 2018,225000000,Nam SX 2018,Ki?u dáng Hatchback,Tình tr?ng Xe cu,Xu?t x? Trong nu?c,Km dã di 80.000 km,"T?nh thành
Lâm Ð?ng",H?p s? S? sàn,Nhiên li?u Máy xang
Mazda CX-5 2.0 Deluxe 2021,635000000,Nam SX 2021,Ki?u dáng SUV,Tình tr?ng Xe cu,Xu?t x? Trong nu?c,Km dã di 52.000 km,"T?nh thành
H?i Phòng",H?p s? S? t? d?ng,Nhiên li?u Máy xang
Hyundai Kona 2.0 AT Tiêu chu?n 2020,465000000,Nam SX 2020,Ki?u dáng SUV,Tình tr?ng Xe cu,Xu?t x? Trong nu?c,Km dã di 58.000 km,"T?nh thành
H?i Phòng",H?p s? S? t? d?ng,Nhiên li?u Máy xang
VinFast Fadil Tiêu Chu?n 2021,289000000,Nam SX 2021,,Tình tr?ng Xe cu,Xu?t x? Trong nu?c,Km dã di 72.000 km,"T?nh thành
H?i Phòng",H?p s? S? t? d?ng,Nhiên li?u Máy xang
Chevrolet Colorado LTZ 2.8 AT 4x4 2017,390000000,Nam SX 2017,Ki?u dáng Bán t?i,Tình tr?ng Xe cu,Xu?t x? Nh?p kh?u,Km dã di 130.000 km,"T?nh thành
Hà N?i",H?p s? S? t? d?ng,Nhiên li?u Máy d?u
Ford Focus 1.8L 2011,220000000,Nam SX 2011,Ki?u dáng Hatchback,Tình tr?ng Xe cu,Xu?t x? Trong nu?c,Km dã di 125.000 km,"T?nh thành
Hà N?i",H?p s? S? t? d?ng,Nhiên li?u Máy xang
Kia Sedona 3.3 Platinum G 2019,698000000,Nam SX 2019,Ki?u dáng MPV,Tình tr?ng Xe cu,Xu?t x? Trong nu?c,Km dã di 60.000 km,"T?nh thành
Tp.HCM",H?p s? S? t? d?ng,Nhiên li?u Máy xang
Subaru Outback 2.5i-T EyeSight 2022,1350000000,Nam SX 2022,Ki?u dáng Crossover,Tình tr?ng Xe cu,Xu?t x? Nh?p kh?u,Km dã di 16.000 km,"T?nh thành
Hà N?i",H?p s? S? t? d?ng,Nhiên li?u Máy xang
Ford EcoSport Titanium 1.5L AT 2021,445000000,Nam SX 2021,Ki?u dáng SUV,Tình tr?ng Xe cu,Xu?t x? Trong nu?c,Km dã di 55.000 km,"T?nh thành
Hà N?i",H?p s? S? t? d?ng,Nhiên li?u Máy xang
Ford Everest Trend 2.0 AT 4x2 2019,750000000,Nam SX 2019,Ki?u dáng SUV,Tình tr?ng Xe cu,Xu?t x? Trong nu?c,Km dã di 79.000 km,"T?nh thành
Bình Duong",H?p s? S? t? d?ng,Nhiên li?u Máy xang
Nissan Almera CVT Cao c?p 2022,440000000,Nam SX 2022,Ki?u dáng Sedan,Tình tr?ng Xe cu,Xu?t x? Nh?p kh?u,Km dã di 53.000 km,"T?nh thành
Hà N?i",H?p s? S? t? d?ng,Nhiên li?u Máy xang
VinFast Fadil Nâng Cao 2020,295000000,Nam SX 2020,,Tình tr?ng Xe cu,Xu?t x? Trong nu?c,Km dã di 28.000 km,"T?nh thành
Long An",H?p s? S? t? d?ng,Nhiên li?u Máy xang
MG 5 1.5L Luxury 2022,375000000,Nam SX 2022,Ki?u dáng Sedan,Tình tr?ng Xe cu,Xu?t x? Nh?p kh?u,Km dã di 35.000 km,"T?nh thành
Hà N?i",H?p s? S? t? d?ng,Nhiên li?u Máy xang
Hyundai i20 1.4 AT 2012,226000000,Nam SX 2012,Ki?u dáng Hatchback,Tình tr?ng Xe cu,Xu?t x? Nh?p kh?u,Km dã di 91.000 km,"T?nh thành
Hà N?i",H?p s? S? t? d?ng,Nhiên li?u Máy xang
Ford Everest Platinum 2.0L 4x4 AT 2020,900000000,Nam SX 2020,Ki?u dáng SUV,Tình tr?ng Xe cu,Xu?t x? Nh?p kh?u,Km dã di 85.000 km,"T?nh thành
Lâm Ð?ng",H?p s? S? t? d?ng,Nhiên li?u Máy d?u
Kia Morning Si 1.25 MT 2018,225000000,Nam SX 2018,Ki?u dáng Hatchback,Tình tr?ng Xe cu,Xu?t x? Trong nu?c,Km dã di 80.000 km,"T?nh thành
Lâm Ð?ng",H?p s? S? sàn,Nhiên li?u Máy xang
Mazda CX-5 2.0 Deluxe 2021,635000000,Nam SX 2021,Ki?u dáng SUV,Tình tr?ng Xe cu,Xu?t x? Trong nu?c,Km dã di 52.000 km,"T?nh thành
H?i Phòng",H?p s? S? t? d?ng,Nhiên li?u Máy xang
Hyundai Kona 2.0 AT Tiêu chu?n 2020,465000000,Nam SX 2020,Ki?u dáng SUV,Tình tr?ng Xe cu,Xu?t x? Trong nu?c,Km dã di 58.000 km,"T?nh thành
H?i Phòng",H?p s? S? t? d?ng,Nhiên li?u Máy xang
VinFast Fadil Tiêu Chu?n 2021,289000000,Nam SX 2021,,Tình tr?ng Xe cu,Xu?t x? Trong nu?c,Km dã di 72.000 km,"T?nh thành
H?i Phòng",H?p s? S? t? d?ng,Nhiên li?u Máy xang
Chevrolet Colorado LTZ 2.8 AT 4x4 2017,390000000,Nam SX 2017,Ki?u dáng Bán t?i,Tình tr?ng Xe cu,Xu?t x? Nh?p kh?u,Km dã di 130.000 km,"T?nh thành
Hà N?i",H?p s? S? t? d?ng,Nhiên li?u Máy d?u
Ford Focus 1.8L 2011,220000000,Nam SX 2011,Ki?u dáng Hatchback,Tình tr?ng Xe cu,Xu?t x? Trong nu?c,Km dã di 125.000 km,"T?nh thành
Hà N?i",H?p s? S? t? d?ng,Nhiên li?u Máy xang
Kia Sedona 3.3 Platinum G 2019,698000000,Nam SX 2019,Ki?u dáng MPV,Tình tr?ng Xe cu,Xu?t x? Trong nu?c,Km dã di 60.000 km,"T?nh thành
Tp.HCM",H?p s? S? t? d?ng,Nhiên li?u Máy xang
Subaru Outback 2.5i-T EyeSight 2022,1350000000,Nam SX 2022,Ki?u dáng Crossover,Tình tr?ng Xe cu,Xu?t x? Nh?p kh?u,Km dã di 16.000 km,"T?nh thành
Hà N?i",H?p s? S? t? d?ng,Nhiên li?u Máy xang
Ford EcoSport Titanium 1.5L AT 2021,445000000,Nam SX 2021,Ki?u dáng SUV,Tình tr?ng Xe cu,Xu?t x? Trong nu?c,Km dã di 55.000 km,"T?nh thành
Hà N?i",H?p s? S? t? d?ng,Nhiên li?u Máy xang
Ford Everest Trend 2.0 AT 4x2 2019,750000000,Nam SX 2019,Ki?u dáng SUV,Tình tr?ng Xe cu,Xu?t x? Trong nu?c,Km dã di 79.000 km,"T?nh thành
Bình Duong",H?p s? S? t? d?ng,Nhiên li?u Máy xang
Nissan Almera CVT Cao c?p 2022,440000000,Nam SX 2022,Ki?u dáng Sedan,Tình tr?ng Xe cu,Xu?t x? Nh?p kh?u,Km dã di 53.000 km,"T?nh thành
Hà N?i",H?p s? S? t? d?ng,Nhiên li?u Máy xang
VinFast Fadil Nâng Cao 2020,295000000,Nam SX 2020,,Tình tr?ng Xe cu,Xu?t x? Trong nu?c,Km dã di 28.000 km,"T?nh thành
Long An",H?p s? S? t? d?ng,Nhiên li?u Máy xang
MG 5 1.5L Luxury 2022,375000000,Nam SX 2022,Ki?u dáng Sedan,Tình tr?ng Xe cu,Xu?t x? Nh?p kh?u,Km dã di 35.000 km,"T?nh thành
Hà N?i",H?p s? S? t? d?ng,Nhiên li?u Máy xang
Hyundai i20 1.4 AT 2012,226000000,Nam SX 2012,Ki?u dáng Hatchback,Tình tr?ng Xe cu,Xu?t x? Nh?p kh?u,Km dã di 91.000 km,"T?nh thành
Hà N?i",H?p s? S? t? d?ng,Nhiên li?u Máy xang
Ford Everest Platinum 2.0L 4x4 AT 2020,900000000,Nam SX 2020,Ki?u dáng SUV,Tình tr?ng Xe cu,Xu?t x? Nh?p kh?u,Km dã di 85.000 km,"T?nh thành
Lâm Ð?ng",H?p s? S? t? d?ng,Nhiên li?u Máy d?u
Kia Morning Si 1.25 MT 2018,225000000,Nam SX 2018,Ki?u dáng Hatchback,Tình tr?ng Xe cu,Xu?t x? Trong nu?c,Km dã di 80.000 km,"T?nh thành
Lâm Ð?ng",H?p s? S? sàn,Nhiên li?u Máy xang
Mazda CX-5 2.0 Deluxe 2021,635000000,Nam SX 2021,Ki?u dáng SUV,Tình tr?ng Xe cu,Xu?t x? Trong nu?c,Km dã di 52.000 km,"T?nh thành
H?i Phòng",H?p s? S? t? d?ng,Nhiên li?u Máy xang
Hyundai Kona 2.0 AT Tiêu chu?n 2020,465000000,Nam SX 2020,Ki?u dáng SUV,Tình tr?ng Xe cu,Xu?t x? Trong nu?c,Km dã di 58.000 km,"T?nh thành
H?i Phòng",H?p s? S? t? d?ng,Nhiên li?u Máy xang
VinFast Fadil Tiêu Chu?n 2021,289000000,Nam SX 2021,,Tình tr?ng Xe cu,Xu?t x? Trong nu?c,Km dã di 72.000 km,"T?nh thành
H?i Phòng",H?p s? S? t? d?ng,Nhiên li?u Máy xang
Chevrolet Colorado LTZ 2.8 AT 4x4 2017,390000000,Nam SX 2017,Ki?u dáng Bán t?i,Tình tr?ng Xe cu,Xu?t x? Nh?p kh?u,Km dã di 130.000 km,"T?nh thành
Hà N?i",H?p s? S? t? d?ng,Nhiên li?u Máy d?u
Ford Focus 1.8L 2011,220000000,Nam SX 2011,Ki?u dáng Hatchback,Tình tr?ng Xe cu,Xu?t x? Trong nu?c,Km dã di 125.000 km,"T?nh thành
Hà N?i",H?p s? S? t? d?ng,Nhiên li?u Máy xang
Kia Sedona 3.3 Platinum G 2019,698000000,Nam SX 2019,Ki?u dáng MPV,Tình tr?ng Xe cu,Xu?t x? Trong nu?c,Km dã di 60.000 km,"T?nh thành
Tp.HCM",H?p s? S? t? d?ng,Nhiên li?u Máy xang
Subaru Outback 2.5i-T EyeSight 2022,1350000000,Nam SX 2022,Ki?u dáng Crossover,Tình tr?ng Xe cu,Xu?t x? Nh?p kh?u,Km dã di 16.000 km,"T?nh thành
Hà N?i",H?p s? S? t? d?ng,Nhiên li?u Máy xang
Ford EcoSport Titanium 1.5L AT 2021,445000000,Nam SX 2021,Ki?u dáng SUV,Tình tr?ng Xe cu,Xu?t x? Trong nu?c,Km dã di 55.000 km,"T?nh thành
Hà N?i",H?p s? S? t? d?ng,Nhiên li?u Máy xang
Ford Everest Trend 2.0 AT 4x2 2019,750000000,Nam SX 2019,Ki?u dáng SUV,Tình tr?ng Xe cu,Xu?t x? Trong nu?c,Km dã di 79.000 km,"T?nh thành
Bình Duong",H?p s? S? t? d?ng,Nhiên li?u Máy xang
Nissan Almera CVT Cao c?p 2022,440000000,Nam SX 2022,Ki?u dáng Sedan,Tình tr?ng Xe cu,Xu?t x? Nh?p kh?u,Km dã di 53.000 km,"T?nh thành
Hà N?i",H?p s? S? t? d?ng,Nhiên li?u Máy xang
VinFast Fadil Nâng Cao 2020,295000000,Nam SX 2020,,Tình tr?ng Xe cu,Xu?t x? Trong nu?c,Km dã di 28.000 km,"T?nh thành
Long An",H?p s? S? t? d?ng,Nhiên li?u Máy xang
MG 5 1.5L Luxury 2022,375000000,Nam SX 2022,Ki?u dáng Sedan,Tình tr?ng Xe cu,Xu?t x? Nh?p kh?u,Km dã di 35.000 km,"T?nh thành
Hà N?i",H?p s? S? t? d?ng,Nhiên li?u Máy xang
Hyundai i20 1.4 AT 2012,226000000,Nam SX 2012,Ki?u dáng Hatchback,Tình tr?ng Xe cu,Xu?t x? Nh?p kh?u,Km dã di 91.000 km,"T?nh thành
Hà N?i",H?p s? S? t? d?ng,Nhiên li?u Máy xang
Ford Everest Platinum 2.0L 4x4 AT 2020,900000000,Nam SX 2020,Ki?u dáng SUV,Tình tr?ng Xe cu,Xu?t x? Nh?p kh?u,Km dã di 85.000 km,"T?nh thành
Lâm Ð?ng",H?p s? S? t? d?ng,Nhiên li?u Máy d?u
Kia Morning Si 1.25 MT 2018,225000000,Nam SX 2018,Ki?u dáng Hatchback,Tình tr?ng Xe cu,Xu?t x? Trong nu?c,Km dã di 80.000 km,"T?nh thành
Lâm Ð?ng",H?p s? S? sàn,Nhiên li?u Máy xang
Mazda CX-5 2.0 Deluxe 2021,635000000,Nam SX 2021,Ki?u dáng SUV,Tình tr?ng Xe cu,Xu?t x? Trong nu?c,Km dã di 52.000 km,"T?nh thành
H?i Phòng",H?p s? S? t? d?ng,Nhiên li?u Máy xang
Hyundai Kona 2.0 AT Tiêu chu?n 2020,465000000,Nam SX 2020,Ki?u dáng SUV,Tình tr?ng Xe cu,Xu?t x? Trong nu?c,Km dã di 58.000 km,"T?nh thành
H?i Phòng",H?p s? S? t? d?ng,Nhiên li?u Máy xang
VinFast Fadil Tiêu Chu?n 2021,289000000,Nam SX 2021,,Tình tr?ng Xe cu,Xu?t x? Trong nu?c,Km dã di 72.000 km,"T?nh thành
H?i Phòng",H?p s? S? t? d?ng,Nhiên li?u Máy xang
Chevrolet Colorado LTZ 2.8 AT 4x4 2017,390000000,Nam SX 2017,Ki?u dáng Bán t?i,Tình tr?ng Xe cu,Xu?t x? Nh?p kh?u,Km dã di 130.000 km,"T?nh thành
Hà N?i",H?p s? S? t? d?ng,Nhiên li?u Máy d?u
Ford Focus 1.8L 2011,220000000,Nam SX 2011,Ki?u dáng Hatchback,Tình tr?ng Xe cu,Xu?t x? Trong nu?c,Km dã di 125.000 km,"T?nh thành
Hà N?i",H?p s? S? t? d?ng,Nhiên li?u Máy xang
Kia Sedona 3.3 Platinum G 2019,698000000,Nam SX 2019,Ki?u dáng MPV,Tình tr?ng Xe cu,Xu?t x? Trong nu?c,Km dã di 60.000 km,"T?nh thành
Tp.HCM",H?p s? S? t? d?ng,Nhiên li?u Máy xang
Subaru Outback 2.5i-T EyeSight 2022,1350000000,Nam SX 2022,Ki?u dáng Crossover,Tình tr?ng Xe cu,Xu?t x? Nh?p kh?u,Km dã di 16.000 km,"T?nh thành
Hà N?i",H?p s? S? t? d?ng,Nhiên li?u Máy xang
Ford EcoSport Titanium 1.5L AT 2021,445000000,Nam SX 2021,Ki?u dáng SUV,Tình tr?ng Xe cu,Xu?t x? Trong nu?c,Km dã di 55.000 km,"T?nh thành
Hà N?i",H?p s? S? t? d?ng,Nhiên li?u Máy xang
Ford Everest Trend 2.0 AT 4x2 2019,750000000,Nam SX 2019,Ki?u dáng SUV,Tình tr?ng Xe cu,Xu?t x? Trong nu?c,Km dã di 79.000 km,"T?nh thành
Bình Duong",H?p s? S? t? d?ng,Nhiên li?u Máy xang
Nissan Almera CVT Cao c?p 2022,440000000,Nam SX 2022,Ki?u dáng Sedan,Tình tr?ng Xe cu,Xu?t x? Nh?p kh?u,Km dã di 53.000 km,"T?nh thành
Hà N?i",H?p s? S? t? d?ng,Nhiên li?u Máy xang
VinFast Fadil Nâng Cao 2020,295000000,Nam SX 2020,,Tình tr?ng Xe cu,Xu?t x? Trong nu?c,Km dã di 28.000 km,"T?nh thành
Long An",H?p s? S? t? d?ng,Nhiên li?u Máy xang
MG 5 1.5L Luxury 2022,375000000,Nam SX 2022,Ki?u dáng Sedan,Tình tr?ng Xe cu,Xu?t x? Nh?p kh?u,Km dã di 35.000 km,"T?nh thành
Hà N?i",H?p s? S? t? d?ng,Nhiên li?u Máy xang
Hyundai i20 1.4 AT 2012,226000000,Nam SX 2012,Ki?u dáng Hatchback,Tình tr?ng Xe cu,Xu?t x? Nh?p kh?u,Km dã di 91.000 km,"T?nh thành
Hà N?i",H?p s? S? t? d?ng,Nhiên li?u Máy xang
Ford Everest Platinum 2.0L 4x4 AT 2020,900000000,Nam SX 2020,Ki?u dáng SUV,Tình tr?ng Xe cu,Xu?t x? Nh?p kh?u,Km dã di 85.000 km,"T?nh thành
Lâm Ð?ng",H?p s? S? t? d?ng,Nhiên li?u Máy d?u
Kia Morning Si 1.25 MT 2018,225000000,Nam SX 2018,Ki?u dáng Hatchback,Tình tr?ng Xe cu,Xu?t x? Trong nu?c,Km dã di 80.000 km,"T?nh thành
Lâm Ð?ng",H?p s? S? sàn,Nhiên li?u Máy xang
Mazda CX-5 2.0 Deluxe 2021,635000000,Nam SX 2021,Ki?u dáng SUV,Tình tr?ng Xe cu,Xu?t x? Trong nu?c,Km dã di 52.000 km,"T?nh thành
H?i Phòng",H?p s? S? t? d?ng,Nhiên li?u Máy xang
Hyundai Kona 2.0 AT Tiêu chu?n 2020,465000000,Nam SX 2020,Ki?u dáng SUV,Tình tr?ng Xe cu,Xu?t x? Trong nu?c,Km dã di 58.000 km,"T?nh thành
H?i Phòng",H?p s? S? t? d?ng,Nhiên li?u Máy xang
VinFast Fadil Tiêu Chu?n 2021,289000000,Nam SX 2021,,Tình tr?ng Xe cu,Xu?t x? Trong nu?c,Km dã di 72.000 km,"T?nh thành
H?i Phòng",H?p s? S? t? d?ng,Nhiên li?u Máy xang
Chevrolet Colorado LTZ 2.8 AT 4x4 2017,390000000,Nam SX 2017,Ki?u dáng Bán t?i,Tình tr?ng Xe cu,Xu?t x? Nh?p kh?u,Km dã di 130.000 km,"T?nh thành
Hà N?i",H?p s? S? t? d?ng,Nhiên li?u Máy d?u
Ford Focus 1.8L 2011,220000000,Nam SX 2011,Ki?u dáng Hatchback,Tình tr?ng Xe cu,Xu?t x? Trong nu?c,Km dã di 125.000 km,"T?nh thành
Hà N?i",H?p s? S? t? d?ng,Nhiên li?u Máy xang
Kia Sedona 3.3 Platinum G 2019,698000000,Nam SX 2019,Ki?u dáng MPV,Tình tr?ng Xe cu,Xu?t x? Trong nu?c,Km dã di 60.000 km,"T?nh thành
Tp.HCM",H?p s? S? t? d?ng,Nhiên li?u Máy xang
Subaru Outback 2.5i-T EyeSight 2022,1350000000,Nam SX 2022,Ki?u dáng Crossover,Tình tr?ng Xe cu,Xu?t x? Nh?p kh?u,Km dã di 16.000 km,"T?nh thành
Hà N?i",H?p s? S? t? d?ng,Nhiên li?u Máy xang
Ford EcoSport Titanium 1.5L AT 2021,445000000,Nam SX 2021,Ki?u dáng SUV,Tình tr?ng Xe cu,Xu?t x? Trong nu?c,Km dã di 55.000 km,"T?nh thành
Hà N?i",H?p s? S? t? d?ng,Nhiên li?u Máy xang
Ford Everest Trend 2.0 AT 4x2 2019,750000000,Nam SX 2019,Ki?u dáng SUV,Tình tr?ng Xe cu,Xu?t x? Trong nu?c,Km dã di 79.000 km,"T?nh thành
Bình Duong",H?p s? S? t? d?ng,Nhiên li?u Máy xang
Nissan Almera CVT Cao c?p 2022,440000000,Nam SX 2022,Ki?u dáng Sedan,Tình tr?ng Xe cu,Xu?t x? Nh?p kh?u,Km dã di 53.000 km,"T?nh thành
Hà N?i",H?p s? S? t? d?ng,Nhiên li?u Máy xang
VinFast Fadil Nâng Cao 2020,295000000,Nam SX 2020,,Tình tr?ng Xe cu,Xu?t x? Trong nu?c,Km dã di 28.000 km,"T?nh thành
Long An",H?p s? S? t? d?ng,Nhiên li?u Máy xang
MG 5 1.5L Luxury 2022,375000000,Nam SX 2022,Ki?u dáng Sedan,Tình tr?ng Xe cu,Xu?t x? Nh?p kh?u,Km dã di 35.000 km,"T?nh thành
Hà N?i",H?p s? S? t? d?ng,Nhiên li?u Máy xang
Hyundai i20 1.4 AT 2012,226000000,Nam SX 2012,Ki?u dáng Hatchback,Tình tr?ng Xe cu,Xu?t x? Nh?p kh?u,Km dã di 91.000 km,"T?nh thành
Hà N?i",H?p s? S? t? d?ng,Nhiên li?u Máy xang
Ford Everest Platinum 2.0L 4x4 AT 2020,900000000,Nam SX 2020,Ki?u dáng SUV,Tình tr?ng Xe cu,Xu?t x? Nh?p kh?u,Km dã di 85.000 km,"T?nh thành
Lâm Ð?ng",H?p s? S? t? d?ng,Nhiên li?u Máy d?u
Kia Morning Si 1.25 MT 2018,225000000,Nam SX 2018,Ki?u dáng Hatchback,Tình tr?ng Xe cu,Xu?t x? Trong nu?c,Km dã di 80.000 km,"T?nh thành
Lâm Ð?ng",H?p s? S? sàn,Nhiên li?u Máy xang
Mazda CX-5 2.0 Deluxe 2021,635000000,Nam SX 2021,Ki?u dáng SUV,Tình tr?ng Xe cu,Xu?t x? Trong nu?c,Km dã di 52.000 km,"T?nh thành
H?i Phòng",H?p s? S? t? d?ng,Nhiên li?u Máy xang
Hyundai Kona 2.0 AT Tiêu chu?n 2020,465000000,Nam SX 2020,Ki?u dáng SUV,Tình tr?ng Xe cu,Xu?t x? Trong nu?c,Km dã di 58.000 km,"T?nh thành
H?i Phòng",H?p s? S? t? d?ng,Nhiên li?u Máy xang
VinFast Fadil Tiêu Chu?n 2021,289000000,Nam SX 2021,,Tình tr?ng Xe cu,Xu?t x? Trong nu?c,Km dã di 72.000 km,"T?nh thành
H?i Phòng",H?p s? S? t? d?ng,Nhiên li?u Máy xang
Chevrolet Colorado LTZ 2.8 AT 4x4 2017,390000000,Nam SX 2017,Ki?u dáng Bán t?i,Tình tr?ng Xe cu,Xu?t x? Nh?p kh?u,Km dã di 130.000 km,"T?nh thành
Hà N?i",H?p s? S? t? d?ng,Nhiên li?u Máy d?u
Ford Focus 1.8L 2011,220000000,Nam SX 2011,Ki?u dáng Hatchback,Tình tr?ng Xe cu,Xu?t x? Trong nu?c,Km dã di 125.000 km,"T?nh thành
Hà N?i",H?p s? S? t? d?ng,Nhiên li?u Máy xang
Kia Sedona 3.3 Platinum G 2019,698000000,Nam SX 2019,Ki?u dáng MPV,Tình tr?ng Xe cu,Xu?t x? Trong nu?c,Km dã di 60.000 km,"T?nh thành
Tp.HCM",H?p s? S? t? d?ng,Nhiên li?u Máy xang
Subaru Outback 2.5i-T EyeSight 2022,1350000000,Nam SX 2022,Ki?u dáng Crossover,Tình tr?ng Xe cu,Xu?t x? Nh?p kh?u,Km dã di 16.000 km,"T?nh thành
Hà N?i",H?p s? S? t? d?ng,Nhiên li?u Máy xang
Ford EcoSport Titanium 1.5L AT 2021,445000000,Nam SX 2021,Ki?u dáng SUV,Tình tr?ng Xe cu,Xu?t x? Trong nu?c,Km dã di 55.000 km,"T?nh thành
Hà N?i",H?p s? S? t? d?ng,Nhiên li?u Máy xang
Ford Everest Trend 2.0 AT 4x2 2019,750000000,Nam SX 2019,Ki?u dáng SUV,Tình tr?ng Xe cu,Xu?t x? Trong nu?c,Km dã di 79.000 km,"T?nh thành
Bình Duong",H?p s? S? t? d?ng,Nhiên li?u Máy xang
Nissan Almera CVT Cao c?p 2022,440000000,Nam SX 2022,Ki?u dáng Sedan,Tình tr?ng Xe cu,Xu?t x? Nh?p kh?u,Km dã di 53.000 km,"T?nh thành
Hà N?i",H?p s? S? t? d?ng,Nhiên li?u Máy xang
VinFast Fadil Nâng Cao 2020,295000000,Nam SX 2020,,Tình tr?ng Xe cu,Xu?t x? Trong nu?c,Km dã di 28.000 km,"T?nh thành
Long An",H?p s? S? t? d?ng,Nhiên li?u Máy xang
MG 5 1.5L Luxury 2022,375000000,Nam SX 2022,Ki?u dáng Sedan,Tình tr?ng Xe cu,Xu?t x? Nh?p kh?u,Km dã di 35.000 km,"T?nh thành
Hà N?i",H?p s? S? t? d?ng,Nhiên li?u Máy xang
Hyundai i20 1.4 AT 2012,226000000,Nam SX 2012,Ki?u dáng Hatchback,Tình tr?ng Xe cu,Xu?t x? Nh?p kh?u,Km dã di 91.000 km,"T?nh thành
Hà N?i",H?p s? S? t? d?ng,Nhiên li?u Máy xang
Ford Everest Platinum 2.0L 4x4 AT 2020,900000000,Nam SX 2020,Ki?u dáng SUV,Tình tr?ng Xe cu,Xu?t x? Nh?p kh?u,Km dã di 85.000 km,"T?nh thành
Lâm Ð?ng",H?p s? S? t? d?ng,Nhiên li?u Máy d?u
Kia Morning Si 1.25 MT 2018,225000000,Nam SX 2018,Ki?u dáng Hatchback,Tình tr?ng Xe cu,Xu?t x? Trong nu?c,Km dã di 80.000 km,"T?nh thành
Lâm Ð?ng",H?p s? S? sàn,Nhiên li?u Máy xang
Mazda CX-5 2.0 Deluxe 2021,635000000,Nam SX 2021,Ki?u dáng SUV,Tình tr?ng Xe cu,Xu?t x? Trong nu?c,Km dã di 52.000 km,"T?nh thành
H?i Phòng",H?p s? S? t? d?ng,Nhiên li?u Máy xang
Hyundai Kona 2.0 AT Tiêu chu?n 2020,465000000,Nam SX 2020,Ki?u dáng SUV,Tình tr?ng Xe cu,Xu?t x? Trong nu?c,Km dã di 58.000 km,"T?nh thành
H?i Phòng",H?p s? S? t? d?ng,Nhiên li?u Máy xang
VinFast Fadil Tiêu Chu?n 2021,289000000,Nam SX 2021,,Tình tr?ng Xe cu,Xu?t x? Trong nu?c,Km dã di 72.000 km,"T?nh thành
H?i Phòng",H?p s? S? t? d?ng,Nhiên li?u Máy xang
Chevrolet Colorado LTZ 2.8 AT 4x4 2017,390000000,Nam SX 2017,Ki?u dáng Bán t?i,Tình tr?ng Xe cu,Xu?t x? Nh?p kh?u,Km dã di 130.000 km,"T?nh thành
Hà N?i",H?p s? S? t? d?ng,Nhiên li?u Máy d?u
Ford Focus 1.8L 2011,220000000,Nam SX 2011,Ki?u dáng Hatchback,Tình tr?ng Xe cu,Xu?t x? Trong nu?c,Km dã di 125.000 km,"T?nh thành
Hà N?i",H?p s? S? t? d?ng,Nhiên li?u Máy xang
Kia Sedona 3.3 Platinum G 2019,698000000,Nam SX 2019,Ki?u dáng MPV,Tình tr?ng Xe cu,Xu?t x? Trong nu?c,Km dã di 60.000 km,"T?nh thành
Tp.HCM",H?p s? S? t? d?ng,Nhiên li?u Máy xang
Subaru Outback 2.5i-T EyeSight 2022,1350000000,Nam SX 2022,Ki?u dáng Crossover,Tình tr?ng Xe cu,Xu?t x? Nh?p kh?u,Km dã di 16.000 km,"T?nh thành
Hà N?i",H?p s? S? t? d?ng,Nhiên li?u Máy xang
Ford EcoSport Titanium 1.5L AT 2021,445000000,Nam SX 2021,Ki?u dáng SUV,Tình tr?ng Xe cu,Xu?t x? Trong nu?c,Km dã di 55.000 km,"T?nh thành
Hà N?i",H?p s? S? t? d?ng,Nhiên li?u Máy xang
Ford Everest Trend 2.0 AT 4x2 2019,750000000,Nam SX 2019,Ki?u dáng SUV,Tình tr?ng Xe cu,Xu?t x? Trong nu?c,Km dã di 79.000 km,"T?nh thành
Bình Duong",H?p s? S? t? d?ng,Nhiên li?u Máy xang
Nissan Almera CVT Cao c?p 2022,440000000,Nam SX 2022,Ki?u dáng Sedan,Tình tr?ng Xe cu,Xu?t x? Nh?p kh?u,Km dã di 53.000 km,"T?nh thành
Hà N?i",H?p s? S? t? d?ng,Nhiên li?u Máy xang
VinFast Fadil Nâng Cao 2020,295000000,Nam SX 2020,,Tình tr?ng Xe cu,Xu?t x? Trong nu?c,Km dã di 28.000 km,"T?nh thành
Long An",H?p s? S? t? d?ng,Nhiên li?u Máy xang
MG 5 1.5L Luxury 2022,375000000,Nam SX 2022,Ki?u dáng Sedan,Tình tr?ng Xe cu,Xu?t x? Nh?p kh?u,Km dã di 35.000 km,"T?nh thành
Hà N?i",H?p s? S? t? d?ng,Nhiên li?u Máy xang
Hyundai i20 1.4 AT 2012,226000000,Nam SX 2012,Ki?u dáng Hatchback,Tình tr?ng Xe cu,Xu?t x? Nh?p kh?u,Km dã di 91.000 km,"T?nh thành
Hà N?i",H?p s? S? t? d?ng,Nhiên li?u Máy xang
Ford Everest Platinum 2.0L 4x4 AT 2020,900000000,Nam SX 2020,Ki?u dáng SUV,Tình tr?ng Xe cu,Xu?t x? Nh?p kh?u,Km dã di 85.000 km,"T?nh thành
Lâm Ð?ng",H?p s? S? t? d?ng,Nhiên li?u Máy d?u
Kia Morning Si 1.25 MT 2018,225000000,Nam SX 2018,Ki?u dáng Hatchback,Tình tr?ng Xe cu,Xu?t x? Trong nu?c,Km dã di 80.000 km,"T?nh thành
Lâm Ð?ng",H?p s? S? sàn,Nhiên li?u Máy xang
Mazda CX-5 2.0 Deluxe 2021,635000000,Nam SX 2021,Ki?u dáng SUV,Tình tr?ng Xe cu,Xu?t x? Trong nu?c,Km dã di 52.000 km,"T?nh thành
H?i Phòng",H?p s? S? t? d?ng,Nhiên li?u Máy xang
Hyundai Kona 2.0 AT Tiêu chu?n 2020,465000000,Nam SX 2020,Ki?u dáng SUV,Tình tr?ng Xe cu,Xu?t x? Trong nu?c,Km dã di 58.000 km,"T?nh thành
H?i Phòng",H?p s? S? t? d?ng,Nhiên li?u Máy xang
VinFast Fadil Tiêu Chu?n 2021,289000000,Nam SX 2021,,Tình tr?ng Xe cu,Xu?t x? Trong nu?c,Km dã di 72.000 km,"T?nh thành
H?i Phòng",H?p s? S? t? d?ng,Nhiên li?u Máy xang
Chevrolet Colorado LTZ 2.8 AT 4x4 2017,390000000,Nam SX 2017,Ki?u dáng Bán t?i,Tình tr?ng Xe cu,Xu?t x? Nh?p kh?u,Km dã di 130.000 km,"T?nh thành
Hà N?i",H?p s? S? t? d?ng,Nhiên li?u Máy d?u
Ford Focus 1.8L 2011,220000000,Nam SX 2011,Ki?u dáng Hatchback,Tình tr?ng Xe cu,Xu?t x? Trong nu?c,Km dã di 125.000 km,"T?nh thành
Hà N?i",H?p s? S? t? d?ng,Nhiên li?u Máy xang
Kia Sedona 3.3 Platinum G 2019,698000000,Nam SX 2019,Ki?u dáng MPV,Tình tr?ng Xe cu,Xu?t x? Trong nu?c,Km dã di 60.000 km,"T?nh thành
Tp.HCM",H?p s? S? t? d?ng,Nhiên li?u Máy xang
Subaru Outback 2.5i-T EyeSight 2022,1350000000,Nam SX 2022,Ki?u dáng Crossover,Tình tr?ng Xe cu,Xu?t x? Nh?p kh?u,Km dã di 16.000 km,"T?nh thành
Hà N?i",H?p s? S? t? d?ng,Nhiên li?u Máy xang
Ford EcoSport Titanium 1.5L AT 2021,445000000,Nam SX 2021,Ki?u dáng SUV,Tình tr?ng Xe cu,Xu?t x? Trong nu?c,Km dã di 55.000 km,"T?nh thành
Hà N?i",H?p s? S? t? d?ng,Nhiên li?u Máy xang
Hyundai i20 1.4 AT 2012,226000000,Nam SX 2012,Ki?u dáng Hatchback,Tình tr?ng Xe cu,Xu?t x? Nh?p kh?u,Km dã di 91.000 km,"T?nh thành
Hà N?i",H?p s? S? t? d?ng,Nhiên li?u Máy xang
Ford Everest Platinum 2.0L 4x4 AT 2020,900000000,Nam SX 2020,Ki?u dáng SUV,Tình tr?ng Xe cu,Xu?t x? Nh?p kh?u,Km dã di 85.000 km,"T?nh thành
Lâm Ð?ng",H?p s? S? t? d?ng,Nhiên li?u Máy d?u
Kia Morning Si 1.25 MT 2018,225000000,Nam SX 2018,Ki?u dáng Hatchback,Tình tr?ng Xe cu,Xu?t x? Trong nu?c,Km dã di 80.000 km,"T?nh thành
Lâm Ð?ng",H?p s? S? sàn,Nhiên li?u Máy xang
Mazda CX-5 2.0 Deluxe 2021,635000000,Nam SX 2021,Ki?u dáng SUV,Tình tr?ng Xe cu,Xu?t x? Trong nu?c,Km dã di 52.000 km,"T?nh thành
H?i Phòng",H?p s? S? t? d?ng,Nhiên li?u Máy xang
Hyundai Kona 2.0 AT Tiêu chu?n 2020,465000000,Nam SX 2020,Ki?u dáng SUV,Tình tr?ng Xe cu,Xu?t x? Trong nu?c,Km dã di 58.000 km,"T?nh thành
H?i Phòng",H?p s? S? t? d?ng,Nhiên li?u Máy xang
