tên_xe,giá,năm_sản_xuất,kiểu_dáng,tình_trạng,xuất_xứ,số_km_đã_đi,tỉnh_thành,hộp_số,nhiên_liệu
Lexus Rx 350 Luxury 2024,42900000000,2024,Kiểu Dáng Suv,Tình Trạng Xe Cũ,Nhập Khẩu,3900,"Tỉnh Thành
Tp.Hcm",Hộp Số Số Tự Động,Nhiên Liệu Máy Xăng
Ford Transit 2018,4650000000,2018,Kiểu Dáng Van/Minivan,Tình Trạng Xe Cũ,Trong Nước,100000,"Tỉnh Thành
Tp.Hcm",Hộp Số Số Sàn,Nhiên Liệu Máy Dầu
Kia Morning Si 1.25 Mt 2016,1350000000,2016,Kiểu Dáng Hatchback,Tình Trạng Xe Cũ,Nhập Khẩu,40000,"Tỉnh Thành
Hà Nội",Hộp Số Số Sàn,Nhiên Liệu Máy Xăng
Mazda 6 2004,1050000000,2004,Kiểu Dáng Sedan,Tình Trạng Xe Cũ,Nhập Khẩu,12345,"Tỉnh Thành
Ninh Bình",Hộp Số Số Sàn,Nhiên Liệu Máy Xăng
Chevrolet Cruze Ls 1.6 2013,1700000000,2013,Kiểu Dáng Sedan,Tình Trạng Xe Cũ,Nhập Khẩu,117000,"Tỉnh Thành
Tp.Hcm",Hộp Số Số Sàn,Nhiên Liệu Máy Xăng
Toyota Innova 2.0G 2022,7250000000,2022,Kiểu Dáng Mpv,Tình Trạng Xe Cũ,Trong Nước,40000,"Tỉnh Thành
Đà Nẵng",Hộp Số Số Tự Động,Nhiên Liệu Máy Xăng
Toyota Wigo 1.2 G At 2019,2650000000,2019,Kiểu Dáng Hatchback,Tình Trạng Xe Cũ,Nhập Khẩu,52000,"Tỉnh Thành
Hà Nội",Hộp Số Số Tự Động,Nhiên Liệu Máy Xăng
Subaru Forester 2.0I-L Eyesight 2023,7900000000,2023,Kiểu Dáng Suv,Tình Trạng Xe Cũ,Nhập Khẩu,15000,"Tỉnh Thành
Tp.Hcm",Hộp Số Số Tự Động,Nhiên Liệu Máy Xăng
Mazda 2 Sedan 1.5L Luxury 2020,3850000000,2020,Kiểu Dáng Sedan,Tình Trạng Xe Cũ,Trong Nước,50000,"Tỉnh Thành
Tp.Hcm",Hộp Số Số Tự Động,Nhiên Liệu Máy Xăng
Toyota Corolla Altis 1.8 V 2022,6000000000,2022,Kiểu Dáng Sedan,Tình Trạng Xe Cũ,Nhập Khẩu,5000,"Tỉnh Thành
Tp.Hcm",Hộp Số Số Tự Động,Nhiên Liệu Máy Xăng
Kia Sonet 1.5 Premium 2023,5600000000,2023,Kiểu Dáng Suv,Tình Trạng Xe Cũ,Trong Nước,31000,"Tỉnh Thành
Bình Định",Hộp Số Số Tự Động,Nhiên Liệu Máy Xăng
Ford Ranger Xls 2.0L 4X2 At 2022,5850000000,2022,Kiểu Dáng Bán Tải,Tình Trạng Xe Cũ,Trong Nước,60000,"Tỉnh Thành
Tp.Hcm",Hộp Số Số Tự Động,Nhiên Liệu Máy Xăng
Hyundai Accent 1.4 At Đặc Biệt 2019,3680000000,2019,Kiểu Dáng Sedan,Tình Trạng Xe Cũ,Trong Nước,90000,"Tỉnh Thành
Thừa Thiên Huế",Hộp Số Số Tự Động,Nhiên Liệu Máy Xăng
Mercedes-Benz Glc 200 2019,9870000000,2019,Kiểu Dáng Suv,Tình Trạng Xe Cũ,Trong Nước,74000,"Tỉnh Thành
Tp.Hcm",Hộp Số Số Tự Động,Nhiên Liệu Máy Xăng
Mercedes-Benz Glc 300 4Matic 2019,10870000000,2019,Kiểu Dáng Suv,Tình Trạng Xe Cũ,Trong Nước,71000,"Tỉnh Thành
Tp.Hcm",Hộp Số Số Tự Động,Nhiên Liệu Máy Xăng
Mercedes-Benz E200 E200 2019,10390000000,2019,Kiểu Dáng Sedan,Tình Trạng Xe Cũ,Trong Nước,66000,"Tỉnh Thành
Tp.Hcm",Hộp Số Số Tự Động,Nhiên Liệu Máy Xăng
Mercedes-Benz C200 2.0 At 2016,5790000000,2016,Kiểu Dáng Sedan,Tình Trạng Xe Cũ,Trong Nước,69000,"Tỉnh Thành
Tp.Hcm",Hộp Số Số Tự Động,Nhiên Liệu Máy Xăng
Mercedes-Benz C200 2.0 At 2016,5990000000,2016,Kiểu Dáng Sedan,Tình Trạng Xe Cũ,Trong Nước,106000,"Tỉnh Thành
Tp.Hcm",Hộp Số Số Tự Động,Nhiên Liệu Máy Xăng
Mercedes-Benz Glc 200 V1 2022,13790000000,2022,Kiểu Dáng Suv,Tình Trạng Xe Cũ,Trong Nước,28000,"Tỉnh Thành
Tp.Hcm",Hộp Số Số Tự Động,Nhiên Liệu Máy Xăng
Mercedes-Benz Glc 200 V1 2022,13790000000,2022,Kiểu Dáng Suv,Tình Trạng Xe Cũ,Trong Nước,39000,"Tỉnh Thành
Tp.Hcm",Hộp Số Số Tự Động,Nhiên Liệu Máy Xăng
Mercedes-Benz Glc 300 4Matic 2023,23790000000,2023,Kiểu Dáng Suv,Tình Trạng Xe Cũ,Trong Nước,13333,"Tỉnh Thành
Tp.Hcm",Hộp Số Số Tự Động,Nhiên Liệu Máy Xăng
Vinfast Lux A2.0 Nâng Cao 2020,4500000000,2020,Kiểu Dáng Sedan,Tình Trạng Xe Cũ,Nhập Khẩu,76000,"Tỉnh Thành
Tp.Hcm",Hộp Số Số Tự Động,Nhiên Liệu Máy Xăng
Vinfast Fadil Tiêu Chuẩn 2022,3000000000,2022,Kiểu Dáng Hatchback,Tình Trạng Xe Cũ,Trong Nước,60000,"Tỉnh Thành
Hà Nội",Hộp Số Số Tự Động,Nhiên Liệu Máy Xăng
Hyundai Accent 1.4 At 2021,4300000000,2021,Kiểu Dáng Sedan,Tình Trạng Xe Cũ,Trong Nước,46000,"Tỉnh Thành
Hà Nội",Hộp Số Số Tự Động,Nhiên Liệu Máy Xăng
Honda Cr-V 1.5 G 2018,6800000000,2018,Kiểu Dáng Suv,Tình Trạng Xe Cũ,Trong Nước,70000,"Tỉnh Thành
Hà Nội",Hộp Số Số Tự Động,Nhiên Liệu Máy Xăng
Kia Forte Sli 1.6 At 2011,2100000000,2011,Kiểu Dáng Sedan,Tình Trạng Xe Cũ,Trong Nước,100000,"Tỉnh Thành
Hà Nội",Hộp Số Số Tự Động,Nhiên Liệu Máy Xăng
Mazda 6 2.5 2015,3990000000,2015,Kiểu Dáng Sedan,Tình Trạng Xe Cũ,Nhập Khẩu,68000,"Tỉnh Thành
Tp.Hcm",Hộp Số Số Tự Động,Nhiên Liệu Máy Xăng
Mercedes-Benz Amg G63 2022,98990000000,2022,Kiểu Dáng Suv,Tình Trạng Xe Cũ,Nhập Khẩu,15000,"Tỉnh Thành
Tp.Hcm",Hộp Số Số Tự Động,Nhiên Liệu Máy Xăng
Mg 7 2025,6300000000,2025,Kiểu Dáng Sedan,Tình Trạng Xe Cũ,Nhập Khẩu,26000,"Tỉnh Thành
Hà Nội",Hộp Số Số Tự Động,Nhiên Liệu Máy Xăng
Vinfast Vf E34 Tiêu Chuẩn 2022,4500000000,2022,Kiểu Dáng Suv,Tình Trạng Xe Cũ,Trong Nước,60000,"Tỉnh Thành
Hà Nội",Hộp Số Số Tự Động,Nhiên Liệu Máy Xăng
Hyundai Grand I10 Hatchback 1.2 Mt Base 2016,1450000000,2016,Kiểu Dáng Hatchback,Tình Trạng Xe Cũ,Nhập Khẩu,140000,"Tỉnh Thành
Tp.Hcm",Hộp Số Số Sàn,Nhiên Liệu Máy Xăng
Mazda 3 1.6 At 2018,4200000000,2018,Kiểu Dáng Sedan,Tình Trạng Xe Cũ,Trong Nước,85000,"Tỉnh Thành
Cần Thơ",Hộp Số Số Tự Động,Nhiên Liệu Máy Xăng
Mg Zs 1.5L Lux+ 2025,5250000000,2025,Kiểu Dáng Crossover,Tình Trạng Xe Cũ,Nhập Khẩu,5000,"Tỉnh Thành
Tp.Hcm",Hộp Số Số Tự Động,Nhiên Liệu Máy Xăng
Hyundai Grand I10 Sedan 1.2 Mt 2016,1350000000,2016,Kiểu Dáng Sedan,Tình Trạng Xe Cũ,Nhập Khẩu,199999,"Tỉnh Thành
Hải Phòng",Hộp Số Số Sàn,Nhiên Liệu Máy Xăng
Honda Civic 1.8 Mt 2008,1700000000,2008,Kiểu Dáng Sedan,Tình Trạng Xe Cũ,Trong Nước,100000,"Tỉnh Thành
Tp.Hcm",Hộp Số Số Sàn,Nhiên Liệu Máy Xăng
Ford Transit Tiêu Chuẩn 2020,4300000000,2020,Kiểu Dáng Van/Minivan,Tình Trạng Xe Cũ,Nhập Khẩu,345,"Tỉnh Thành
Khánh Hòa",Hộp Số Số Sàn,Nhiên Liệu Máy Dầu
Toyota Vios 1.5G At 2019,3050000000,2019,Kiểu Dáng Sedan,Tình Trạng Xe Cũ,Trong Nước,270000,"Tỉnh Thành
Bình Dương",Hộp Số Số Tự Động,Nhiên Liệu Máy Xăng
Ford Everest Titanium 2.2L 4X2 At 2018,7600000000,2018,Kiểu Dáng Suv,Tình Trạng Xe Cũ,Nhập Khẩu,101000,"Tỉnh Thành
Tp.Hcm",Hộp Số Số Tự Động,Nhiên Liệu Máy Xăng
Kia Cerato Koup 2.0 At 2010,2190000000,2010,Kiểu Dáng Coupe,Tình Trạng Xe Cũ,Nhập Khẩu,160000,"Tỉnh Thành
Bến Tre",Hộp Số Số Tự Động,Nhiên Liệu Máy Xăng
Mitsubishi Outlander 2.0 Cvt Premium 2022,7200000000,2022,Kiểu Dáng Suv,Tình Trạng Xe Cũ,Nhập Khẩu,59000,"Tỉnh Thành
Hà Nội",Hộp Số Số Tự Động,Nhiên Liệu Máy Xăng
Ferrari F8 Spider 2022,269990000000,2022,Na,Tình Trạng Xe Cũ,Nhập Khẩu,7000,"Tỉnh Thành
Tp.Hcm",Hộp Số Số Tự Động,Nhiên Liệu Máy Xăng
Bmw X6 2020,26380000000,2020,Kiểu Dáng Suv,Tình Trạng Xe Cũ,Nhập Khẩu,54000,"Tỉnh Thành
Tp.Hcm",Hộp Số Số Tự Động,Nhiên Liệu Máy Xăng
Ford Ranger Xls 2.0L 4X2 At 2021,5450000000,2021,Kiểu Dáng Bán Tải,Tình Trạng Xe Cũ,Nhập Khẩu,90000,"Tỉnh Thành
Hà Nội",Hộp Số Số Tự Động,Nhiên Liệu Máy Dầu
Kia Cerato Koup 2.0 At 2010,2190000000,2010,Kiểu Dáng Coupe,Tình Trạng Xe Cũ,Nhập Khẩu,160000,"Tỉnh Thành
Bến Tre",Hộp Số Số Tự Động,Nhiên Liệu Máy Xăng
Mitsubishi Outlander 2.0 Cvt Premium 2022,7200000000,2022,Kiểu Dáng Suv,Tình Trạng Xe Cũ,Nhập Khẩu,59000,"Tỉnh Thành
Hà Nội",Hộp Số Số Tự Động,Nhiên Liệu Máy Xăng
Ferrari F8 Spider 2022,269990000000,2022,Na,Tình Trạng Xe Cũ,Nhập Khẩu,7000,"Tỉnh Thành
Tp.Hcm",Hộp Số Số Tự Động,Nhiên Liệu Máy Xăng
Bmw X6 2020,26380000000,2020,Kiểu Dáng Suv,Tình Trạng Xe Cũ,Nhập Khẩu,54000,"Tỉnh Thành
Tp.Hcm",Hộp Số Số Tự Động,Nhiên Liệu Máy Xăng
Ford Ranger Xls 2.0L 4X2 At 2021,5450000000,2021,Kiểu Dáng Bán Tải,Tình Trạng Xe Cũ,Nhập Khẩu,90000,"Tỉnh Thành
Hà Nội",Hộp Số Số Tự Động,Nhiên Liệu Máy Dầu
Mg Zs 1.5L Lux+ 2025,5250000000,2025,Kiểu Dáng Suv,Tình Trạng Xe Cũ,Nhập Khẩu,1000,"Tỉnh Thành
Tp.Hcm",Hộp Số Số Tự Động,Nhiên Liệu Máy Xăng
Toyota Innova 2.0E 2019,4300000000,2019,Kiểu Dáng Mpv,Tình Trạng Xe Cũ,Trong Nước,180000,"Tỉnh Thành
Tp.Hcm",Hộp Số Số Tự Động,Nhiên Liệu Máy Xăng
Mg Zs 1.5 2Wd Std+ 2021,3850000000,2021,Kiểu Dáng Suv,Tình Trạng Xe Cũ,Nhập Khẩu,30000,"Tỉnh Thành
Hà Nội",Hộp Số Số Tự Động,Nhiên Liệu Máy Xăng
Mitsubishi Xpander At Premium 2022,5550000000,2022,Kiểu Dáng Mpv,Tình Trạng Xe Cũ,Trong Nước,24000,"Tỉnh Thành
Hà Nội",Hộp Số Số Tự Động,Nhiên Liệu Máy Xăng
Mercedes-Benz C300 Amg 2022,17890000000,2022,Kiểu Dáng Sedan,Tình Trạng Xe Cũ,Trong Nước,17000,"Tỉnh Thành
Tp.Hcm",Hộp Số Số Tự Động,Nhiên Liệu Máy Xăng
Vinfast Vf E34 2022,4150000000,2022,Kiểu Dáng Suv,Tình Trạng Xe Cũ,Trong Nước,86000,"Tỉnh Thành
Hà Nội",Hộp Số Số Tự Động,Nhiên Liệu Máy Xăng
Suzuki Swift Glx 1.2 Cvt 2019,4300000000,2019,Kiểu Dáng Hatchback,Tình Trạng Xe Cũ,Nhập Khẩu,69800,"Tỉnh Thành
Đà Nẵng",Hộp Số Số Tự Động,Nhiên Liệu Máy Xăng
Mitsubishi Xpander At Premium 2023,5850000000,2023,Kiểu Dáng Mpv,Tình Trạng Xe Cũ,Nhập Khẩu,20000,"Tỉnh Thành
Hà Nội",Hộp Số Số Tự Động,Nhiên Liệu Máy Xăng
Mercedes-Benz C300 Amg 2022,18390000000,2022,Kiểu Dáng Sedan,Tình Trạng Xe Cũ,Trong Nước,26000,"Tỉnh Thành
Tp.Hcm",Hộp Số Số Tự Động,Nhiên Liệu Máy Xăng
Ford Ecosport Titanium 1.5L At 2019,4130000000,2019,Kiểu Dáng Suv,Tình Trạng Xe Cũ,Trong Nước,92000,"Tỉnh Thành
Hà Nội",Hộp Số Số Tự Động,Nhiên Liệu Máy Xăng
Toyota Vios 1.5E Mt 2015,1800000000,2015,Kiểu Dáng Sedan,Tình Trạng Xe Cũ,Nhập Khẩu,333830,"Tỉnh Thành
Hà Nội",Hộp Số Số Sàn,Nhiên Liệu Máy Xăng
Toyota Wigo 1.2 G At 2021,2880000000,2021,Kiểu Dáng Hatchback,Tình Trạng Xe Cũ,Nhập Khẩu,79000,"Tỉnh Thành
Tp.Hcm",Hộp Số Số Tự Động,Nhiên Liệu Máy Xăng
Mazda Cx-5 2019,6250000000,2019,Kiểu Dáng Suv,Tình Trạng Xe Cũ,Trong Nước,70000,"Tỉnh Thành
Hà Nội",Hộp Số Số Tự Động,Nhiên Liệu Máy Xăng
Hyundai Grand I10 Sedan 1.2 Mt 2020,2500000000,2020,Kiểu Dáng Sedan,Tình Trạng Xe Cũ,Trong Nước,200000,"Tỉnh Thành
Hà Nội",Hộp Số Số Sàn,Nhiên Liệu Máy Xăng
Mazda Cx-5 2.0 Deluxe 2018,5650000000,2018,Kiểu Dáng Suv,Tình Trạng Xe Cũ,Trong Nước,69000,"Tỉnh Thành
Khánh Hòa",Hộp Số Số Tự Động,Nhiên Liệu Máy Xăng
Chevrolet Orlando Ltz 1.8 2016,3400000000,2016,Kiểu Dáng Mpv,Tình Trạng Xe Cũ,Nhập Khẩu,106000,"Tỉnh Thành
Bình Định",Hộp Số Số Tự Động,Nhiên Liệu Máy Xăng
Mg Zs 1.5 2Wd Lux+ 2025,5250000000,2025,Kiểu Dáng Crossover,Tình Trạng Xe Cũ,Nhập Khẩu,1000,"Tỉnh Thành
Tp.Hcm",Hộp Số Số Tự Động,Nhiên Liệu Máy Xăng
Hyundai Santa Fe 2.2 Dầu Cao Cấp 2024,12650000000,2024,Kiểu Dáng Suv,Tình Trạng Xe Cũ,Trong Nước,13000,"Tỉnh Thành
Hà Nội",Hộp Số Số Tự Động,Nhiên Liệu Máy Dầu
Lexus Es 250 2022,19990000000,2022,Kiểu Dáng Sedan,Tình Trạng Xe Cũ,Nhập Khẩu,46004,"Tỉnh Thành
Hà Nội",Hộp Số Số Tự Động,Nhiên Liệu Máy Xăng
Toyota Vios 1.5E Mt 2020,2960000000,2020,Kiểu Dáng Sedan,Tình Trạng Xe Cũ,Trong Nước,62000,"Tỉnh Thành
Bình Dương",Hộp Số Số Sàn,Nhiên Liệu Máy Xăng
Mercedes-Benz Gls 450 2021,40990000000,2021,Na,Tình Trạng Xe Cũ,Nhập Khẩu,29000,"Tỉnh Thành
Tp.Hcm",Hộp Số Số Tự Động,Nhiên Liệu Máy Xăng
Chevrolet Spark Ls 2012,1100000000,2012,Kiểu Dáng Hatchback,Tình Trạng Xe Cũ,Trong Nước,98000,"Tỉnh Thành
Đồng Nai",Hộp Số Số Sàn,Nhiên Liệu Máy Xăng
Jeep Wrangler Rubicon 2021,24490000000,2021,Kiểu Dáng Suv,Tình Trạng Xe Cũ,Nhập Khẩu,43000,"Tỉnh Thành
Tp.Hcm",Hộp Số Số Tự Động,Nhiên Liệu Máy Xăng
Suzuki Swift 2019,4300000000,2019,Kiểu Dáng Hatchback,Tình Trạng Xe Cũ,Nhập Khẩu,68978,"Tỉnh Thành
Đà Nẵng",Hộp Số Số Tự Động,Nhiên Liệu Máy Xăng
Kia Morning Mt 2015,1430000000,2015,Kiểu Dáng Hatchback,Tình Trạng Xe Cũ,Nhập Khẩu,11000,"Tỉnh Thành
Bình Dương",Hộp Số Số Sàn,Nhiên Liệu Máy Xăng
Jeep Wrangler Rubicon 2021,24490000000,2021,Kiểu Dáng Suv,Tình Trạng Xe Cũ,Nhập Khẩu,43000,"Tỉnh Thành
Tp.Hcm",Hộp Số Số Tự Động,Nhiên Liệu Máy Xăng
Suzuki Swift 2019,4300000000,2019,Kiểu Dáng Hatchback,Tình Trạng Xe Cũ,Nhập Khẩu,68978,"Tỉnh Thành
Đà Nẵng",Hộp Số Số Tự Động,Nhiên Liệu Máy Xăng
Kia Morning Mt 2015,1430000000,2015,Kiểu Dáng Hatchback,Tình Trạng Xe Cũ,Nhập Khẩu,11000,"Tỉnh Thành
Bình Dương",Hộp Số Số Sàn,Nhiên Liệu Máy Xăng
Ford Everest Limited 2009,3050000000,2009,Kiểu Dáng Suv,Tình Trạng Xe Cũ,Trong Nước,170000,"Tỉnh Thành
Tp.Hcm",Hộp Số Số Tự Động,Nhiên Liệu Máy Dầu
Chevrolet Colorado  2018,4200000000,2018,Kiểu Dáng Bán Tải,Tình Trạng Xe Cũ,Nhập Khẩu,110000,"Tỉnh Thành
Long An",Hộp Số Số Tự Động,Nhiên Liệu Máy Dầu
Chevrolet Spark 1.2 Mt 2011,1180000000,2011,Kiểu Dáng Hatchback,Tình Trạng Xe Cũ,Nhập Khẩu,70000,"Tỉnh Thành
An Giang",Hộp Số Số Sàn,Nhiên Liệu Máy Xăng
Toyota Alphard Executive Lounge 2019,29990000000,2019,Kiểu Dáng Van/Minivan,Tình Trạng Xe Cũ,Nhập Khẩu,83008,"Tỉnh Thành
Hà Nội",Hộp Số Số Tự Động,Nhiên Liệu Máy Xăng
Porsche Cayenne Coupe 2022,45990000000,2022,Kiểu Dáng Suv,Tình Trạng Xe Cũ,Nhập Khẩu,22222,"Tỉnh Thành
Tp.Hcm",Hộp Số Số Tự Động,Nhiên Liệu Máy Xăng
Mazda 6 2.0 Premium 2023,6950000000,2023,Kiểu Dáng Sedan,Tình Trạng Xe Cũ,Trong Nước,37000,"Tỉnh Thành
Tp.Hcm",Hộp Số Số Tự Động,Nhiên Liệu Máy Xăng
Mazda 3 Sedan 1.5L Premium 2022,6150000000,2022,Kiểu Dáng Sedan,Tình Trạng Xe Cũ,Trong Nước,12000,"Tỉnh Thành
Tp.Hcm",Hộp Số Số Tự Động,Nhiên Liệu Máy Xăng
Kia Carnival 2.2D Signature 2022,11750000000,2022,Kiểu Dáng Mpv,Tình Trạng Xe Cũ,Trong Nước,70000,"Tỉnh Thành
Tp.Hcm",Hộp Số Số Tự Động,Nhiên Liệu Máy Dầu
Mazda 3 Sedan 1.5L Luxury 2022,5700000000,2022,Kiểu Dáng Sedan,Tình Trạng Xe Cũ,Trong Nước,23000,"Tỉnh Thành
Tp.Hcm",Hộp Số Số Tự Động,Nhiên Liệu Máy Xăng
Kia Sorento 2.5G Premium 2022,9190000000,2022,Kiểu Dáng Suv,Tình Trạng Xe Cũ,Trong Nước,30000,"Tỉnh Thành
Tp.Hcm",Hộp Số Số Tự Động,Nhiên Liệu Máy Xăng
Lexus Es 250 2022,21900000000,2022,Kiểu Dáng Sedan,Tình Trạng Xe Cũ,Nhập Khẩu,28000,"Tỉnh Thành
Tp.Hcm",Hộp Số Số Tự Động,Nhiên Liệu Máy Xăng
Ford Ecosport Titanium 1.5L At 2019,3990000000,2019,Kiểu Dáng Suv,Tình Trạng Xe Cũ,Trong Nước,39000,"Tỉnh Thành
Tp.Hcm",Hộp Số Số Tự Động,Nhiên Liệu Máy Xăng
Ford Ecosport Titanium 1.5L At 2019,3990000000,2019,Kiểu Dáng Suv,Tình Trạng Xe Cũ,Trong Nước,39000,"Tỉnh Thành
Tp.Hcm",Hộp Số Số Tự Động,Nhiên Liệu Máy Xăng
Toyota Fortuner 2.7 V 4X4 At 2010,3200000000,2010,Kiểu Dáng Suv,Tình Trạng Xe Cũ,Trong Nước,114000,"Tỉnh Thành
Tp.Hcm",Hộp Số Số Tự Động,Nhiên Liệu Máy Xăng
Lexus Rx 350 2019,26500000000,2019,Na,Tình Trạng Xe Cũ,Nhập Khẩu,43000,"Tỉnh Thành
Tp.Hcm",Hộp Số Số Tự Động,Nhiên Liệu Máy Xăng
Hyundai Grand I10 2015,1290000000,2015,Kiểu Dáng Hatchback,Tình Trạng Xe Cũ,Nhập Khẩu,98000,"Tỉnh Thành
Hà Nội",Hộp Số Số Sàn,Nhiên Liệu Máy Xăng
Suzuki Swift Gl 1.2 Cvt 2019,3700000000,2019,Kiểu Dáng Hatchback,Tình Trạng Xe Cũ,Trong Nước,100000,"Tỉnh Thành
Hà Nội",Hộp Số Số Tự Động,Nhiên Liệu Máy Xăng
Mg Zs 1.5 2Wd Lux+ 2025,5250000000,2025,Kiểu Dáng Crossover,Tình Trạng Xe Cũ,Nhập Khẩu,1000,"Tỉnh Thành
Cần Thơ",Hộp Số Số Tự Động,Nhiên Liệu Máy Xăng
Volkswagen Viloran Premium 2023,17380000000,2023,Kiểu Dáng Mpv,Tình Trạng Xe Cũ,Nhập Khẩu,32000,"Tỉnh Thành
Tp.Hcm",Hộp Số Số Tự Động,Nhiên Liệu Máy Xăng
Honda Cr-V 1.5 G 2022,8100000000,2022,Kiểu Dáng Suv,Tình Trạng Xe Cũ,Nhập Khẩu,52000,"Tỉnh Thành
Bình Dương",Hộp Số Số Tự Động,Nhiên Liệu Máy Xăng
Toyota Vios 1.5E Mt 2020,3200000000,2020,Kiểu Dáng Sedan,Tình Trạng Xe Cũ,Nhập Khẩu,47000,"Tỉnh Thành
Kiên Giang",Hộp Số Số Sàn,Nhiên Liệu Máy Xăng
Mitsubishi Xpander 1.5 Mt 2020,3850000000,2020,Kiểu Dáng Mpv,Tình Trạng Xe Cũ,Nhập Khẩu,54000,"Tỉnh Thành
Tp.Hcm",Hộp Số Số Sàn,Nhiên Liệu Máy Xăng
Toyota Innova 2016,3300000000,2016,Kiểu Dáng Mpv,Tình Trạng Xe Cũ,Trong Nước,140000,"Tỉnh Thành
Đà Nẵng",Hộp Số Số Sàn,Nhiên Liệu Máy Xăng
Kia Seltos 1.4 Premium 2022,5900000000,2022,Kiểu Dáng Suv,Tình Trạng Xe Cũ,Trong Nước,77000,"Tỉnh Thành
Tp.Hcm",Hộp Số Số Tự Động,Nhiên Liệu Máy Xăng
Ford Everest Titanium 2.2L 4X2 At 2016,5700000000,2016,Kiểu Dáng Suv,Tình Trạng Xe Cũ,Nhập Khẩu,130000,"Tỉnh Thành
Tp.Hcm",Hộp Số Số Tự Động,Nhiên Liệu Máy Dầu
Kia Sorento 2Wd 2.2 Dath 2014,4250000000,2014,Kiểu Dáng Suv,Tình Trạng Xe Cũ,Nhập Khẩu,140000,"Tỉnh Thành
Đắk Nông",Hộp Số Số Tự Động,Nhiên Liệu Máy Dầu
Lexus Rx 350 2013,9300000000,2013,Kiểu Dáng Suv,Tình Trạng Xe Cũ,Nhập Khẩu,79000,"Tỉnh Thành
Tp.Hcm",Hộp Số Số Tự Động,Nhiên Liệu Máy Xăng
Hyundai Grand I10 Sedan 1.2 Mt 2019,2200000000,2019,Kiểu Dáng Sedan,Tình Trạng Xe Cũ,Trong Nước,111111,"Tỉnh Thành
Lâm Đồng",Hộp Số Số Sàn,Nhiên Liệu Máy Xăng
Hyundai Accent 1.5 At 2024,4550000000,2024,Kiểu Dáng Sedan,Tình Trạng Xe Cũ,Trong Nước,31000,"Tỉnh Thành
Cần Thơ",Hộp Số Số Tự Động,Nhiên Liệu Máy Xăng
Toyota Zace 2005,1250000000,2005,Kiểu Dáng Suv,Tình Trạng Xe Cũ,Trong Nước,12000,"Tỉnh Thành
Hà Nội",Hộp Số Số Sàn,Nhiên Liệu Máy Xăng
Mazda 3 Sedan 1.5L Luxury 2021,5500000000,2021,Kiểu Dáng Sedan,Tình Trạng Xe Cũ,Trong Nước,120000,"Tỉnh Thành
Tp.Hcm",Hộp Số Số Tự Động,Nhiên Liệu Máy Xăng
Hyundai Santa Fe 2021,10200000000,2021,Kiểu Dáng Suv,Tình Trạng Xe Cũ,Khác,33000,"Tỉnh Thành
Hà Nội",Hộp Số Số Tự Động,Nhiên Liệu Máy Xăng
Mercedes-Benz C300 Amg 2019,10680000000,2019,Kiểu Dáng Sedan,Tình Trạng Xe Cũ,Nhập Khẩu,1,"Tỉnh Thành
Tp.Hcm",Hộp Số Số Tự Động,Nhiên Liệu Máy Xăng
Mg Zs 1.5L Lux+ 2025,5250000000,2025,Kiểu Dáng Crossover,Tình Trạng Xe Cũ,Nhập Khẩu,5000,"Tỉnh Thành
Cần Thơ",Hộp Số Số Tự Động,Nhiên Liệu Máy Xăng
Mitsubishi Grandis 2.4 Mivec 2009,2720000000,2009,Kiểu Dáng Mpv,Tình Trạng Xe Cũ,Trong Nước,110000,"Tỉnh Thành
Tp.Hcm",Hộp Số Số Tự Động,Nhiên Liệu Máy Xăng
Mitsubishi Xpander 1.5 Mt 2019,3400000000,2019,Kiểu Dáng Crossover,Tình Trạng Xe Cũ,Nhập Khẩu,170000,"Tỉnh Thành
Hà Nội",Hộp Số Số Sàn,Nhiên Liệu Máy Xăng
Toyota Fortuner 2.7 V 4X2 At 2019,7500000000,2019,Kiểu Dáng Mpv,Tình Trạng Xe Cũ,Nhập Khẩu,8000,"Tỉnh Thành
Hà Nội",Hộp Số Số Tự Động,Nhiên Liệu Máy Xăng
Nissan X Trail 2.5 Sv 4Wd 2016,4750000000,2016,Kiểu Dáng Suv,Tình Trạng Xe Cũ,Trong Nước,8000,"Tỉnh Thành
Hà Nội",Hộp Số Số Tự Động,Nhiên Liệu Máy Xăng
Toyota Innova 2.0E 2017,3950000000,2017,Kiểu Dáng Mpv,Tình Trạng Xe Cũ,Trong Nước,120000,"Tỉnh Thành
Hải Phòng",Hộp Số Số Tự Động,Nhiên Liệu Máy Xăng
Ford Focus 1.8L 2008,1100000000,2008,Kiểu Dáng Sedan,Tình Trạng Xe Cũ,Nhập Khẩu,25000,"Tỉnh Thành
Vĩnh Phúc",Hộp Số Số Sàn,Nhiên Liệu Máy Xăng
Hyundai Accent 1.4 At 2018,3750000000,2018,Kiểu Dáng Sedan,Tình Trạng Xe Cũ,Trong Nước,75000,"Tỉnh Thành
Hải Phòng",Hộp Số Số Tự Động,Nhiên Liệu Máy Xăng
Hyundai Accent 1.4 At 2018,3650000000,2018,Kiểu Dáng Sedan,Tình Trạng Xe Cũ,Trong Nước,100000,"Tỉnh Thành
Hải Phòng",Hộp Số Số Tự Động,Nhiên Liệu Máy Xăng
Hyundai Tucson 1.6 Turbo Htrac 2019,6380000000,2019,Kiểu Dáng Suv,Tình Trạng Xe Cũ,Trong Nước,60000,"Tỉnh Thành
Hải Phòng",Hộp Số Số Tự Động,Nhiên Liệu Máy Xăng
Toyota Fortuner 2009,2750000000,2009,Na,Tình Trạng Xe Cũ,Trong Nước,100000,"Tỉnh Thành
Hải Phòng",Hộp Số Số Tự Động,Nhiên Liệu Máy Xăng
Mazda Cx-5 2019,5000000000,2019,Kiểu Dáng Suv,Tình Trạng Xe Cũ,Trong Nước,20000,"Tỉnh Thành
Đà Nẵng",Hộp Số Số Tự Động,Nhiên Liệu Máy Xăng
Toyota Corolla Altis 1.8E Cvt 2019,5200000000,2019,Kiểu Dáng Sedan,Tình Trạng Xe Cũ,Trong Nước,59000,"Tỉnh Thành
Tp.Hcm",Hộp Số Số Tự Động,Nhiên Liệu Máy Xăng
Mitsubishi Xpander 2020,4300000000,2020,Kiểu Dáng Mpv,Tình Trạng Xe Cũ,Nhập Khẩu,157000,"Tỉnh Thành
Quảng Ngãi",Hộp Số Số Sàn,Nhiên Liệu Máy Xăng
Toyota Camry 2.0E 2013,3900000000,2013,Kiểu Dáng Sedan,Tình Trạng Xe Cũ,Nhập Khẩu,157000,"Tỉnh Thành
Đồng Nai",Hộp Số Số Tự Động,Nhiên Liệu Máy Xăng
Ford Everest Wildtrak 2.0L At 4X4 2019,5900000000,2019,Kiểu Dáng Suv,Tình Trạng Xe Cũ,Nhập Khẩu,18000,"Tỉnh Thành
Thái Nguyên",Hộp Số Số Tự Động,Nhiên Liệu Máy Dầu
Mitsubishi Xpander At Premium 2022,4950000000,2022,Kiểu Dáng Mpv,Tình Trạng Xe Cũ,Nhập Khẩu,85000,"Tỉnh Thành
Tp.Hcm",Hộp Số Số Tự Động,Nhiên Liệu Máy Xăng
Hyundai Elantra 1.6 At Đặc Biệt 2022,4950000000,2022,Kiểu Dáng Sedan,Tình Trạng Xe Cũ,Trong Nước,65000,"Tỉnh Thành
Tp.Hcm",Hộp Số Số Tự Động,Nhiên Liệu Máy Xăng
Toyota Avanza 1.5 At 2022,4650000000,2022,Kiểu Dáng Mpv,Tình Trạng Xe Cũ,Nhập Khẩu,65000,"Tỉnh Thành
Tp.Hcm",Hộp Số Số Tự Động,Nhiên Liệu Máy Xăng
Toyota Venza 3.5 Awd At 2009,4500000000,2009,Kiểu Dáng Suv,Tình Trạng Xe Cũ,Nhập Khẩu,110000,"Tỉnh Thành
Tp.Hcm",Hộp Số Số Tự Động,Nhiên Liệu Máy Xăng
Toyota Corolla Altis 1.8 G 2019,4850000000,2019,Kiểu Dáng Sedan,Tình Trạng Xe Cũ,Trong Nước,75000,"Tỉnh Thành
Tp.Hcm",Hộp Số Số Tự Động,Nhiên Liệu Máy Xăng
Audi A4 1.8L Tfsi 2013,3850000000,2013,Kiểu Dáng Sedan,Tình Trạng Xe Cũ,Nhập Khẩu,120000,"Tỉnh Thành
Tp.Hcm",Hộp Số Số Tự Động,Nhiên Liệu Máy Xăng
Ford Ecosport Titanium 1.0L At 2016,3250000000,2016,Na,Tình Trạng Xe Cũ,Trong Nước,40000,"Tỉnh Thành
Tp.Hcm",Hộp Số Số Tự Động,Nhiên Liệu Máy Xăng
Ford Transit Tiêu Chuẩn 2024,6800000000,2024,Kiểu Dáng Minibus,Tình Trạng Xe Cũ,Trong Nước,16000,"Tỉnh Thành
Tp.Hcm",Hộp Số Số Sàn,Nhiên Liệu Máy Dầu
Audi A4 1.8L Tfsi 2013,3850000000,2013,Kiểu Dáng Sedan,Tình Trạng Xe Cũ,Nhập Khẩu,120000,"Tỉnh Thành
Tp.Hcm",Hộp Số Số Tự Động,Nhiên Liệu Máy Xăng
Ford Ecosport Titanium 1.0L At 2016,3250000000,2016,Na,Tình Trạng Xe Cũ,Trong Nước,40000,"Tỉnh Thành
Tp.Hcm",Hộp Số Số Tự Động,Nhiên Liệu Máy Xăng
Ford Transit Tiêu Chuẩn 2024,6800000000,2024,Kiểu Dáng Minibus,Tình Trạng Xe Cũ,Trong Nước,16000,"Tỉnh Thành
Tp.Hcm",Hộp Số Số Sàn,Nhiên Liệu Máy Dầu
Mazda 3 1.5 Hatchback 2016,3850000000,2016,Kiểu Dáng Hatchback,Tình Trạng Xe Cũ,Trong Nước,45000,"Tỉnh Thành
Lâm Đồng",Hộp Số Số Tự Động,Nhiên Liệu Máy Xăng
Vinfast Vf 3 2024,2500000000,2024,Kiểu Dáng Suv,Tình Trạng Xe Cũ,Trong Nước,10670,"Tỉnh Thành
Hà Tĩnh",Hộp Số Số Tự Động,Nhiên Liệu Điện
Vinfast Lux A2.0 Tiêu Chuẩn 2020,4750000000,2020,Kiểu Dáng Sedan,Tình Trạng Xe Cũ,Trong Nước,90000,"Tỉnh Thành
Hà Nội",Hộp Số Số Tự Động,Nhiên Liệu Máy Xăng
Nissan X Trail 2.5 Sv 4Wd 2019,6050000000,2019,Kiểu Dáng Suv,Tình Trạng Xe Cũ,Trong Nước,8000,"Tỉnh Thành
Hà Nội",Hộp Số Số Tự Động,Nhiên Liệu Máy Xăng
Kia Morning Lx 1.0 Mt 2010,1010000000,2010,Kiểu Dáng Sedan,Tình Trạng Xe Cũ,Trong Nước,333996,"Tỉnh Thành
Hà Nội",Hộp Số Số Sàn,Nhiên Liệu Máy Xăng
Toyota Innova 2.0 Venturer At 2019,5600000000,2019,Kiểu Dáng Mpv,Tình Trạng Xe Cũ,Trong Nước,160,"Tỉnh Thành
Tp.Hcm",Hộp Số Số Tự Động,Nhiên Liệu Máy Xăng
Mazda 3 Sedan 1.5L Deluxe 2020,4850000000,2020,Kiểu Dáng Sedan,Tình Trạng Xe Cũ,Trong Nước,75000,"Tỉnh Thành
Hải Phòng",Hộp Số Số Tự Động,Nhiên Liệu Máy Xăng
Kia Cerato 1.6 Mt 2017,3250000000,2017,Na,Tình Trạng Xe Cũ,Trong Nước,83901,"Tỉnh Thành
Hải Phòng",Hộp Số Số Sàn,Nhiên Liệu Máy Xăng
Hyundai Santa Fe 2.2 Dầu Cao Cấp 2021,9990000000,2021,Kiểu Dáng Suv,Tình Trạng Xe Cũ,Trong Nước,76000,"Tỉnh Thành
Tp.Hcm",Hộp Số Số Tự Động,Nhiên Liệu Máy Dầu
Hyundai Verna Ls 2009,2200000000,2009,Kiểu Dáng Sedan,Tình Trạng Xe Cũ,Nhập Khẩu,150000,"Tỉnh Thành
Hà Nội",Hộp Số Số Tự Động,Nhiên Liệu Máy Xăng
Vinfast Lux A2.0 Tiêu Chuẩn 2022,5750000000,2022,Kiểu Dáng Sedan,Tình Trạng Xe Cũ,Trong Nước,30000,"Tỉnh Thành
Hà Nội",Hộp Số Số Tự Động,Nhiên Liệu Máy Xăng
Kia Sportage 2.0D Signature 2022,8260000000,2022,Kiểu Dáng Suv,Tình Trạng Xe Cũ,Nhập Khẩu,50000,"Tỉnh Thành
Hà Nội",Hộp Số Số Tự Động,Nhiên Liệu Máy Dầu
Kia Sportage 2.0D Signature 2022,8260000000,2022,Kiểu Dáng Suv,Tình Trạng Xe Cũ,Nhập Khẩu,50000,"Tỉnh Thành
Hà Nội",Hộp Số Số Tự Động,Nhiên Liệu Máy Dầu
Peugeot 2008 Active 2022,5500000000,2022,Kiểu Dáng Suv,Tình Trạng Xe Cũ,Nhập Khẩu,49000,"Tỉnh Thành
Hà Nội",Hộp Số Số Tự Động,Nhiên Liệu Máy Xăng
Mazda Cx-5 2.0 Luxury 2024,7580000000,2024,Kiểu Dáng Suv,Tình Trạng Xe Cũ,Trong Nước,20000,"Tỉnh Thành
Hà Nội",Hộp Số Số Tự Động,Nhiên Liệu Máy Xăng
Hyundai I30 1.6 At 2009,2300000000,2009,Kiểu Dáng Hatchback,Tình Trạng Xe Cũ,Nhập Khẩu,100000,"Tỉnh Thành
Hà Nội",Hộp Số Số Tự Động,Nhiên Liệu Máy Xăng
Toyota Innova 2.0E 2015,2750000000,2015,Kiểu Dáng Suv,Tình Trạng Xe Cũ,Trong Nước,10000,"Tỉnh Thành
Hà Nội",Hộp Số Số Sàn,Nhiên Liệu Máy Xăng
Mitsubishi Xpander Cross 1.5 At 2022,5000000000,2022,Kiểu Dáng Mpv,Tình Trạng Xe Cũ,Trong Nước,47000,"Tỉnh Thành
Bình Dương",Hộp Số Số Tự Động,Nhiên Liệu Máy Xăng
Bmw 320I 2024,15980000000,2024,Kiểu Dáng Sedan,Tình Trạng Xe Cũ,Nhập Khẩu,9000,"Tỉnh Thành
Tp.Hcm",Hộp Số Số Tự Động,Nhiên Liệu Máy Xăng
Mitsubishi Xpander 1.5 At  2020,4650000000,2020,Na,Tình Trạng Xe Cũ,Nhập Khẩu,80000,"Tỉnh Thành
Hải Phòng",Hộp Số Số Tự Động,Nhiên Liệu Máy Xăng
Toyota Fortuner 2.4 Mt 4X2 2018,6000000000,2018,Kiểu Dáng Suv,Tình Trạng Xe Cũ,Nhập Khẩu,49000,"Tỉnh Thành
Tp.Hcm",Hộp Số Số Sàn,Nhiên Liệu Máy Dầu
Hyundai Santa Fe 2.5 Xăng Cao Cấp 2022,10400000000,2022,Kiểu Dáng Suv,Tình Trạng Xe Cũ,Trong Nước,23800,"Tỉnh Thành
Hà Nội",Hộp Số Số Tự Động,Nhiên Liệu Máy Xăng
Bmw X5 Xdrive 40I Xline Plus 2023,39990000000,2023,Kiểu Dáng Suv,Tình Trạng Xe Cũ,Nhập Khẩu,3333,"Tỉnh Thành
Tp.Hcm",Hộp Số Số Tự Động,Nhiên Liệu Máy Xăng
Hyundai Elantra 1.8 Mt 2020,3880000000,2020,Kiểu Dáng Sedan,Tình Trạng Xe Cũ,Trong Nước,66000,"Tỉnh Thành
Hải Phòng",Hộp Số Số Sàn,Nhiên Liệu Máy Xăng
Vinfast Vf6 Plus 2023,6000000000,2023,Kiểu Dáng Crossover,Tình Trạng Xe Cũ,Trong Nước,45000,"Tỉnh Thành
Hà Nội",Hộp Số Số Tự Động,Nhiên Liệu Điện
Toyota Vios 1.5E Mt 2021,3500000000,2021,Kiểu Dáng Sedan,Tình Trạng Xe Cũ,Trong Nước,140000,"Tỉnh Thành
Tp.Hcm",Hộp Số Số Sàn,Nhiên Liệu Máy Xăng
Suzuki Xl7 Glx 2021,4550000000,2021,Kiểu Dáng Suv,Tình Trạng Xe Cũ,Nhập Khẩu,67000,"Tỉnh Thành
Bình Phước",Hộp Số Số Tự Động,Nhiên Liệu Máy Xăng
Mitsubishi Triton Gls Mt 2019,3700000000,2019,Kiểu Dáng Bán Tải,Tình Trạng Xe Cũ,Nhập Khẩu,116000,"Tỉnh Thành
Tp.Hcm",Hộp Số Số Sàn,Nhiên Liệu Máy Dầu
Toyota Camry 2.5Q 2020,8700000000,2020,Kiểu Dáng Sedan,Tình Trạng Xe Cũ,Nhập Khẩu,101650,"Tỉnh Thành
Hà Nội",Hộp Số Số Tự Động,Nhiên Liệu Máy Xăng
Kia Carens Sx 2.0 At 2010,1950000000,2010,Kiểu Dáng Mpv,Tình Trạng Xe Cũ,Trong Nước,210000,"Tỉnh Thành
Hà Nội",Hộp Số Số Tự Động,Nhiên Liệu Máy Xăng
Kia Cerato 1.6 Mt 2019,3750000000,2019,Kiểu Dáng Sedan,Tình Trạng Xe Cũ,Trong Nước,90000,"Tỉnh Thành
Hải Phòng",Hộp Số Số Sàn,Nhiên Liệu Máy Xăng
Toyota Corolla Cross 1.8 V  2023,7000000000,2023,Kiểu Dáng Suv,Tình Trạng Xe Cũ,Trong Nước,43000,"Tỉnh Thành
Hải Phòng",Hộp Số Số Tự Động,Nhiên Liệu Máy Xăng
Mazda Cx-5 2.5 Awd 2016,4400000000,2016,Kiểu Dáng Suv,Tình Trạng Xe Cũ,Nhập Khẩu,87000,"Tỉnh Thành
Tp.Hcm",Hộp Số Số Tự Động,Nhiên Liệu Máy Xăng
Ford Ranger Wildtrak 3.2 4X4 At 2016,4700000000,2016,Kiểu Dáng Bán Tải,Tình Trạng Xe Cũ,Nhập Khẩu,140000,"Tỉnh Thành
Tp.Hcm",Hộp Số Số Tự Động,Nhiên Liệu Máy Dầu
Kia Morning Si 1.25 At 2016,2650000000,2016,Kiểu Dáng Hatchback,Tình Trạng Xe Cũ,Trong Nước,39000,"Tỉnh Thành
Tp.Hcm",Hộp Số Số Tự Động,Nhiên Liệu Máy Xăng
Honda Cr-V 1.5 E 2019,6580000000,2019,Kiểu Dáng Suv,Tình Trạng Xe Cũ,Nhập Khẩu,68000,"Tỉnh Thành
Hải Phòng",Hộp Số Số Tự Động,Nhiên Liệu Máy Xăng
Toyota Rush 1.5 At 2021,5200000000,2021,Kiểu Dáng Suv,Tình Trạng Xe Cũ,Nhập Khẩu,80000,"Tỉnh Thành
Thừa Thiên Huế",Hộp Số Số Tự Động,Nhiên Liệu Máy Xăng
Kia Cerato 1.6 Mt 2018,2850000000,2018,Kiểu Dáng Sedan,Tình Trạng Xe Cũ,Trong Nước,140000,"Tỉnh Thành
Hải Dương",Hộp Số Số Sàn,Nhiên Liệu Máy Xăng
Toyota Corolla Altis 1.8G Cvt 2014,3500000000,2014,Kiểu Dáng Sedan,Tình Trạng Xe Cũ,Trong Nước,15000,"Tỉnh Thành
Hà Nam",Hộp Số Số Tự Động,Nhiên Liệu Máy Xăng
Kia Cerato 1.6 Mt 2019,3750000000,2019,Kiểu Dáng Sedan,Tình Trạng Xe Cũ,Trong Nước,90000,"Tỉnh Thành
Hải Phòng",Hộp Số Số Sàn,Nhiên Liệu Máy Xăng
Toyota Vios 1.5 E Cvt 2024,4000000000,2024,Kiểu Dáng Sedan,Tình Trạng Xe Cũ,Nhập Khẩu,32000,"Tỉnh Thành
Hà Nội",Hộp Số Số Tự Động,Nhiên Liệu Máy Xăng
Mazda 3 Sedan 1.5L Luxury 2022,5380000000,2022,Kiểu Dáng Sedan,Tình Trạng Xe Cũ,Nhập Khẩu,68000,"Tỉnh Thành
Quảng Bình",Hộp Số Số Tự Động,Nhiên Liệu Máy Xăng
Toyota Vios 1.5 E Cvt 2024,4000000000,2024,Kiểu Dáng Sedan,Tình Trạng Xe Cũ,Nhập Khẩu,32000,"Tỉnh Thành
Hà Nội",Hộp Số Số Tự Động,Nhiên Liệu Máy Xăng
Mazda 3 Sedan 1.5L Luxury 2022,5380000000,2022,Kiểu Dáng Sedan,Tình Trạng Xe Cũ,Nhập Khẩu,68000,"Tỉnh Thành
Quảng Bình",Hộp Số Số Tự Động,Nhiên Liệu Máy Xăng
Hyundai Stargazer 1.5 At Cao Cấp 2024,5500000000,2024,Kiểu Dáng Mpv,Tình Trạng Xe Cũ,Nhập Khẩu,10000,"Tỉnh Thành
Hà Nội",Hộp Số Số Tự Động,Nhiên Liệu Máy Xăng
Ford Ranger Xls 2.2 4X2 Mt 2017,3000000000,2017,Kiểu Dáng Bán Tải,Tình Trạng Xe Cũ,Trong Nước,10000,"Tỉnh Thành
Hà Nội",Hộp Số Số Sàn,Nhiên Liệu Máy Dầu
Mazda 2 2016,2950000000,2016,Kiểu Dáng Sedan,Tình Trạng Xe Cũ,Trong Nước,50000,"Tỉnh Thành
Hải Phòng",Hộp Số Số Tự Động,Nhiên Liệu Máy Xăng
Hyundai Grand I10 1.0 At 2015,2350000000,2015,Na,Tình Trạng Xe Cũ,Trong Nước,75284,"Tỉnh Thành
Hải Phòng",Hộp Số Số Tự Động,Nhiên Liệu Máy Xăng
Vinfast Fadil 2022,3280000000,2022,Kiểu Dáng Hatchback,Tình Trạng Xe Cũ,Nhập Khẩu,58000,"Tỉnh Thành
Tp.Hcm",Hộp Số Số Tự Động,Nhiên Liệu Máy Xăng
Kia Sorento 2Wd 2.4 Gat 2016,3900000000,2016,Kiểu Dáng Suv,Tình Trạng Xe Cũ,Trong Nước,115000,"Tỉnh Thành
Tp.Hcm",Hộp Số Số Tự Động,Nhiên Liệu Máy Xăng
Honda Cr-V 1.5 L 2018,7150000000,2018,Kiểu Dáng Suv,Tình Trạng Xe Cũ,Nhập Khẩu,8000,"Tỉnh Thành
Hà Nội",Hộp Số Số Tự Động,Nhiên Liệu Máy Xăng
Mercedes-Benz Amg G63 4.0 V8 2022,109990000000,2022,Kiểu Dáng Suv,Tình Trạng Xe Cũ,Nhập Khẩu,19999,"Tỉnh Thành
Tp.Hcm",Hộp Số Số Tự Động,Nhiên Liệu Máy Xăng
Toyota Vios 1.5G At 2019,3890000000,2019,Kiểu Dáng Sedan,Tình Trạng Xe Cũ,Trong Nước,77459,"Tỉnh Thành
Hải Phòng",Hộp Số Số Tự Động,Nhiên Liệu Máy Xăng
Toyota Vios 1.5E Mt 2020,3000000000,2020,Kiểu Dáng Sedan,Tình Trạng Xe Cũ,Trong Nước,124500,"Tỉnh Thành
Phú Thọ",Hộp Số Số Sàn,Nhiên Liệu Máy Xăng
Vinfast Fadil Cao Cấp 2022,3420000000,2022,Kiểu Dáng Hatchback,Tình Trạng Xe Cũ,Trong Nước,20000,"Tỉnh Thành
Hà Nội",Hộp Số Số Tự Động,Nhiên Liệu Máy Xăng
Toyota Corolla Altis 1.8 G 2021,6100000000,2021,Kiểu Dáng Sedan,Tình Trạng Xe Cũ,Trong Nước,40000,"Tỉnh Thành
Hà Nội",Hộp Số Số Tự Động,Nhiên Liệu Máy Xăng
Mazda 6 2.5L Signature Premium 2021,5950000000,2021,Na,Tình Trạng Xe Cũ,Trong Nước,29000,"Tỉnh Thành
Hải Phòng",Hộp Số Số Tự Động,Nhiên Liệu Máy Xăng
Hyundai Accent 1.4 At 2019,3680000000,2019,Kiểu Dáng Sedan,Tình Trạng Xe Cũ,Trong Nước,11000,"Tỉnh Thành
Hải Phòng",Hộp Số Số Tự Động,Nhiên Liệu Máy Xăng
Mazda 6 2.0 At 2015,3580000000,2015,Kiểu Dáng Sedan,Tình Trạng Xe Cũ,Trong Nước,120000,"Tỉnh Thành
Hải Phòng",Hộp Số Số Tự Động,Nhiên Liệu Máy Xăng
Toyota Innova 2017,3950000000,2017,Na,Tình Trạng Xe Cũ,Trong Nước,100000,"Tỉnh Thành
Hải Phòng",Hộp Số Số Tự Động,Nhiên Liệu Máy Xăng
Mazda Cx-5 2.0 Luxury 2012,3990000000,2012,Kiểu Dáng Suv,Tình Trạng Xe Cũ,Nhập Khẩu,8000,"Tỉnh Thành
Hà Nội",Hộp Số Số Tự Động,Nhiên Liệu Máy Xăng
Toyota Innova 2016,3580000000,2016,Na,Tình Trạng Xe Cũ,Trong Nước,151667,"Tỉnh Thành
Hải Phòng",Hộp Số Số Tự Động,Nhiên Liệu Máy Xăng
Vinfast Vf5 Plus 2024,4700000000,2024,Kiểu Dáng Suv,Tình Trạng Xe Cũ,Nhập Khẩu,23000,"Tỉnh Thành
Bắc Ninh",Hộp Số Số Tự Động,Nhiên Liệu Điện
Toyota Yaris 1.5G 2018,4150000000,2018,Kiểu Dáng Hatchback,Tình Trạng Xe Cũ,Nhập Khẩu,80000,"Tỉnh Thành
Hải Phòng",Hộp Số Số Tự Động,Nhiên Liệu Máy Xăng
Suzuki Ertiga 2019,3650000000,2019,Kiểu Dáng Mpv,Tình Trạng Xe Cũ,Trong Nước,50000,"Tỉnh Thành
Lâm Đồng",Hộp Số Số Tự Động,Nhiên Liệu Máy Xăng
Kia Sedona 2.2 Platinum D 2017,6200000000,2017,Kiểu Dáng Mpv,Tình Trạng Xe Cũ,Trong Nước,9000,"Tỉnh Thành
Hà Nội",Hộp Số Số Tự Động,Nhiên Liệu Máy Dầu
Ford Ranger Xls 2.2 4X2 At 2016,3500000000,2016,Kiểu Dáng Bán Tải,Tình Trạng Xe Cũ,Nhập Khẩu,200000,"Tỉnh Thành
Yên Bái",Hộp Số Số Tự Động,Nhiên Liệu Máy Dầu
Hyundai Grand I10 Sedan 1.2 At 2017,2900000000,2017,Kiểu Dáng Sedan,Tình Trạng Xe Cũ,Trong Nước,60243,"Tỉnh Thành
Hải Phòng",Hộp Số Số Tự Động,Nhiên Liệu Máy Xăng
Vinfast Vf5 Plus 2025,4450000000,2025,Kiểu Dáng Crossover,Tình Trạng Xe Cũ,Nhập Khẩu,20000,"Tỉnh Thành
Hà Nội",Hộp Số Số Tự Động,Nhiên Liệu Điện
Ford Transit Svp 2022,6200000000,2022,Kiểu Dáng Van/Minivan,Tình Trạng Xe Cũ,Trong Nước,110000,"Tỉnh Thành
Tp.Hcm",Hộp Số Số Sàn,Nhiên Liệu Máy Dầu
Mazda 2 Sedan 1.5L Deluxe 2015,2950000000,2015,Kiểu Dáng Sedan,Tình Trạng Xe Cũ,Nhập Khẩu,120000,"Tỉnh Thành
Hải Phòng",Hộp Số Số Tự Động,Nhiên Liệu Máy Xăng
Ford Transit Svp 2022,6200000000,2022,Kiểu Dáng Van/Minivan,Tình Trạng Xe Cũ,Trong Nước,110000,"Tỉnh Thành
Tp.Hcm",Hộp Số Số Sàn,Nhiên Liệu Máy Dầu
Mazda 2 Sedan 1.5L Deluxe 2015,2950000000,2015,Kiểu Dáng Sedan,Tình Trạng Xe Cũ,Nhập Khẩu,120000,"Tỉnh Thành
Hải Phòng",Hộp Số Số Tự Động,Nhiên Liệu Máy Xăng
Mg 5 1.5L Luxury 2022,3800000000,2022,Kiểu Dáng Sedan,Tình Trạng Xe Cũ,Nhập Khẩu,34000,"Tỉnh Thành
Tp.Hcm",Hộp Số Số Tự Động,Nhiên Liệu Máy Xăng
Honda City 1.5 Cvt 2017,3350000000,2017,Kiểu Dáng Sedan,Tình Trạng Xe Cũ,Trong Nước,115000,"Tỉnh Thành
Hà Nội",Hộp Số Số Tự Động,Nhiên Liệu Máy Xăng
Ford Everest 2.5 At 2011,2650000000,2011,Kiểu Dáng Suv,Tình Trạng Xe Cũ,Trong Nước,150000,"Tỉnh Thành
Hà Nội",Hộp Số Số Tự Động,Nhiên Liệu Máy Dầu
Bmw 430I 2023,26380000000,2023,Kiểu Dáng Convertible,Tình Trạng Xe Cũ,Nhập Khẩu,22000,"Tỉnh Thành
Tp.Hcm",Hộp Số Số Tự Động,Nhiên Liệu Máy Xăng
Isuzu Mu-X 2018,4990000000,2018,Kiểu Dáng Bán Tải,Tình Trạng Xe Cũ,Nhập Khẩu,282000,"Tỉnh Thành
Quảng Nam",Hộp Số Số Tự Động,Nhiên Liệu Máy Dầu
Toyota Vios G 2018,3570000000,2018,Kiểu Dáng Sedan,Tình Trạng Xe Cũ,Trong Nước,110000,"Tỉnh Thành
Đà Nẵng",Hộp Số Số Tự Động,Nhiên Liệu Máy Xăng
Peugeot 2008 Gt Line 2022,6300000000,2022,Kiểu Dáng Suv,Tình Trạng Xe Cũ,Nhập Khẩu,40000,"Tỉnh Thành
Hà Nội",Hộp Số Số Tự Động,Nhiên Liệu Máy Xăng
Hyundai Elantra   2.0 At 2019,5150000000,2019,Kiểu Dáng Sedan,Tình Trạng Xe Cũ,Trong Nước,19000,"Tỉnh Thành
Hà Nội",Hộp Số Số Tự Động,Nhiên Liệu Máy Xăng
Ford Ranger Raptor 2023,8600000000,2023,Kiểu Dáng Bán Tải,Tình Trạng Xe Cũ,Nhập Khẩu,50000,"Tỉnh Thành
Tp.Hcm",Hộp Số Số Tự Động,Nhiên Liệu Máy Dầu
Kia Cerato 1.6 At Deluxe 2016,3650000000,2016,Kiểu Dáng Sedan,Tình Trạng Xe Cũ,Trong Nước,130000,"Tỉnh Thành
Hải Phòng",Hộp Số Số Tự Động,Nhiên Liệu Máy Xăng
Mazda Cx-5 2.0 Deluxe 2023,7120000000,2023,Kiểu Dáng Suv,Tình Trạng Xe Cũ,Trong Nước,8000,"Tỉnh Thành
Hà Nội",Hộp Số Số Tự Động,Nhiên Liệu Máy Xăng
Kia K3 1.6 Luxury 2022,6000000000,2022,Kiểu Dáng Sedan,Tình Trạng Xe Cũ,Trong Nước,30000,"Tỉnh Thành
Đà Nẵng",Hộp Số Số Tự Động,Nhiên Liệu Máy Xăng
Toyota Corolla Cross 1.8 Hv 2025,8600000000,2025,Kiểu Dáng Crossover,Tình Trạng Xe Cũ,Trong Nước,25,"Tỉnh Thành
Hải Phòng",Hộp Số Số Tự Động,Nhiên Liệu Hybrid
Mitsubishi Outlander 2.0 Cvt 2022,6790000000,2022,Kiểu Dáng Suv,Tình Trạng Xe Cũ,Trong Nước,50000,"Tỉnh Thành
Hà Nội",Hộp Số Số Tự Động,Nhiên Liệu Máy Xăng
Mitsubishi Outlander 2.0 Cvt 2022,6800000000,2022,Kiểu Dáng Suv,Tình Trạng Xe Cũ,Trong Nước,10500,"Tỉnh Thành
Bình Định",Hộp Số Số Tự Động,Nhiên Liệu Máy Xăng
Mitsubishi Pajero Sport D 4X2 At 2018,6750000000,2018,Kiểu Dáng Suv,Tình Trạng Xe Cũ,Nhập Khẩu,100000,"Tỉnh Thành
Phú Thọ",Hộp Số Số Tự Động,Nhiên Liệu Máy Dầu
Ford Escape Xlt 2.3 At 4X4 2010,1790000000,2010,Kiểu Dáng Suv,Tình Trạng Xe Cũ,Nhập Khẩu,18000,"Tỉnh Thành
Tp.Hcm",Hộp Số Số Tự Động,Nhiên Liệu Máy Xăng
Toyota Fortuner 2.5G 4X2 Mt 2016,6250000000,2016,Kiểu Dáng Suv,Tình Trạng Xe Cũ,Nhập Khẩu,104500,"Tỉnh Thành
Bình Dương",Hộp Số Số Sàn,Nhiên Liệu Máy Dầu
Hyundai Accent 1.4 At 2021,4050000000,2021,Kiểu Dáng Sedan,Tình Trạng Xe Cũ,Trong Nước,41000,"Tỉnh Thành
Quảng Nam",Hộp Số Số Tự Động,Nhiên Liệu Máy Xăng
Hyundai Verna 2010,1350000000,2010,Kiểu Dáng Sedan,Tình Trạng Xe Cũ,Nhập Khẩu,180000,"Tỉnh Thành
Phú Thọ",Hộp Số Số Sàn,Nhiên Liệu Máy Xăng
Chevrolet Cruze Ls 1.6 2010,1500000000,2010,Kiểu Dáng Sedan,Tình Trạng Xe Cũ,Trong Nước,107000,"Tỉnh Thành
Bến Tre",Hộp Số Số Sàn,Nhiên Liệu Máy Xăng
Mazda 2 Sedan 1.5L Deluxe 2017,3400000000,2017,Kiểu Dáng Sedan,Tình Trạng Xe Cũ,Nhập Khẩu,85000,"Tỉnh Thành
Hà Nội",Hộp Số Số Tự Động,Nhiên Liệu Máy Xăng
Toyota Camry Xli 1997,1450000000,1997,Kiểu Dáng Sedan,Tình Trạng Xe Cũ,Nhập Khẩu,170000,"Tỉnh Thành
Cần Thơ",Hộp Số Số Sàn,Nhiên Liệu Máy Xăng
Mitsubishi Attrage 1.2L Mt 2016,1860000000,2016,Kiểu Dáng Sedan,Tình Trạng Xe Cũ,Nhập Khẩu,241824,"Tỉnh Thành
Tp.Hcm",Hộp Số Số Sàn,Nhiên Liệu Máy Xăng
Kia Sportage Limited 2.0 At 2015,4650000000,2015,Kiểu Dáng Suv,Tình Trạng Xe Cũ,Nhập Khẩu,130000,"Tỉnh Thành
Hà Nội",Hộp Số Số Tự Động,Nhiên Liệu Máy Xăng
Mazda 3 2019,4900000000,2019,Kiểu Dáng Sedan,Tình Trạng Xe Cũ,Nhập Khẩu,25974,"Tỉnh Thành
Tp.Hcm",Hộp Số Số Tự Động,Nhiên Liệu Máy Xăng
Mazda 3 2019,4900000000,2019,Kiểu Dáng Sedan,Tình Trạng Xe Cũ,Nhập Khẩu,25974,"Tỉnh Thành
Tp.Hcm",Hộp Số Số Tự Động,Nhiên Liệu Máy Xăng
Kia Spectra 2003,750000000,2003,Kiểu Dáng Sedan,Tình Trạng Xe Cũ,Trong Nước,150000,"Tỉnh Thành
Phú Thọ",Hộp Số Số Sàn,Nhiên Liệu Máy Xăng
Mazda 3 1.6 At 2017,3950000000,2017,Kiểu Dáng Sedan,Tình Trạng Xe Cũ,Trong Nước,84000,"Tỉnh Thành
Tp.Hcm",Hộp Số Số Tự Động,Nhiên Liệu Máy Xăng
Hyundai Grand I10 Sedan 1.2 Mt 2016,1550000000,2016,Kiểu Dáng Sedan,Tình Trạng Xe Cũ,Nhập Khẩu,200000,"Tỉnh Thành
Phú Thọ",Hộp Số Số Sàn,Nhiên Liệu Máy Xăng
Peugeot 3008 Allure 2022,8000000000,2022,Kiểu Dáng Suv,Tình Trạng Xe Cũ,Trong Nước,29000,"Tỉnh Thành
Tp.Hcm",Hộp Số Số Tự Động,Nhiên Liệu Máy Xăng
Ford Fiesta 1.5At Titanium 2017,2650000000,2017,Na,Tình Trạng Xe Cũ,Trong Nước,120000,"Tỉnh Thành
Hà Nội",Hộp Số Số Tự Động,Nhiên Liệu Máy Xăng
Kia Morning Si 1.25 At 2017,2650000000,2017,Kiểu Dáng Hatchback,Tình Trạng Xe Cũ,Trong Nước,38000,"Tỉnh Thành
Hà Nội",Hộp Số Số Tự Động,Nhiên Liệu Máy Xăng
Honda Cr-V 2.4L Tg 2010,2900000000,2010,Kiểu Dáng Suv,Tình Trạng Xe Cũ,Trong Nước,130000,"Tỉnh Thành
Phú Thọ",Hộp Số Số Tự Động,Nhiên Liệu Máy Xăng
Mercedes-Benz Glc 250 2017,8380000000,2017,Kiểu Dáng Suv,Tình Trạng Xe Cũ,Trong Nước,78000,"Tỉnh Thành
Tp.Hcm",Hộp Số Số Tự Động,Nhiên Liệu Máy Xăng
Honda Cr-V 2.4L Tg 2017,5700000000,2017,Kiểu Dáng Suv,Tình Trạng Xe Cũ,Trong Nước,90000,"Tỉnh Thành
Hà Nội",Hộp Số Số Tự Động,Nhiên Liệu Máy Xăng
Toyota Camry 2.4G 2011,3450000000,2011,Kiểu Dáng Sedan,Tình Trạng Xe Cũ,Trong Nước,100000,"Tỉnh Thành
Phú Thọ",Hộp Số Số Tự Động,Nhiên Liệu Máy Xăng
Toyota Zace 2002,1100000000,2002,Kiểu Dáng Mpv,Tình Trạng Xe Cũ,Nhập Khẩu,350000,"Tỉnh Thành
Bạc Liêu",Hộp Số Số Sàn,Nhiên Liệu Máy Xăng
Hyundai Stargazer 1.5 At Tiêu Chuẩn 2022,4000000000,2022,Kiểu Dáng Mpv,Tình Trạng Xe Cũ,Nhập Khẩu,89000,"Tỉnh Thành
Cần Thơ",Hộp Số Số Tự Động,Nhiên Liệu Máy Xăng
Mazda Cx-5 2.0 Awd 2015,4650000000,2015,Kiểu Dáng Suv,Tình Trạng Xe Cũ,Trong Nước,150000,"Tỉnh Thành
Phú Thọ",Hộp Số Số Tự Động,Nhiên Liệu Máy Xăng
Bmw X6 Xdrive35I 2008,3300000000,2008,Kiểu Dáng Suv,Tình Trạng Xe Cũ,Nhập Khẩu,150000,"Tỉnh Thành
Phú Thọ",Hộp Số Số Tự Động,Nhiên Liệu Máy Xăng
Hyundai Santa Fe 2.2L Dầu Cao Cấp 2020,9000000000,2020,Kiểu Dáng Suv,Tình Trạng Xe Cũ,Trong Nước,41000,"Tỉnh Thành
Trà Vinh",Hộp Số Số Tự Động,Nhiên Liệu Máy Dầu
Mazda Cx-8 Premium Awd 2019,7700000000,2019,Kiểu Dáng Suv,Tình Trạng Xe Cũ,Nhập Khẩu,48000,"Tỉnh Thành
Tp.Hcm",Hộp Số Số Tự Động,Nhiên Liệu Máy Xăng
Toyota Corolla Altis 1.8E Mt 2002,1250000000,2002,Kiểu Dáng Sedan,Tình Trạng Xe Cũ,Trong Nước,105000,"Tỉnh Thành
Phú Thọ",Hộp Số Số Sàn,Nhiên Liệu Máy Xăng
Toyota Zace 2005,1450000000,2005,Kiểu Dáng Suv,Tình Trạng Xe Cũ,Trong Nước,150000,"Tỉnh Thành
Hà Nội",Hộp Số Số Sàn,Nhiên Liệu Máy Xăng
Hyundai Grand I10 Sedan 1.2 Mt 2020,3000000000,2020,Kiểu Dáng Sedan,Tình Trạng Xe Cũ,Nhập Khẩu,86000,"Tỉnh Thành
Nam Định",Hộp Số Số Sàn,Nhiên Liệu Máy Xăng
Daewoo Lacetti Ex 1.6 Mt 2010,1200000000,2010,Kiểu Dáng Sedan,Tình Trạng Xe Cũ,Trong Nước,130000,"Tỉnh Thành
Bến Tre",Hộp Số Số Sàn,Nhiên Liệu Máy Xăng
Mitsubishi Attrage Cvt 2020,2990000000,2020,Kiểu Dáng Sedan,Tình Trạng Xe Cũ,Nhập Khẩu,52000,"Tỉnh Thành
Hà Nội",Hộp Số Số Tự Động,Nhiên Liệu Máy Xăng
Hyundai Avante 1.6 Mt 2012,2000000000,2012,Kiểu Dáng Sedan,Tình Trạng Xe Cũ,Trong Nước,130000,"Tỉnh Thành
Phú Thọ",Hộp Số Số Sàn,Nhiên Liệu Máy Xăng
Kia Sorento 2020,6600000000,2020,Kiểu Dáng Suv,Tình Trạng Xe Cũ,Nhập Khẩu,67000,"Tỉnh Thành
Tp.Hcm",Hộp Số Số Tự Động,Nhiên Liệu Máy Xăng
Chevrolet Vivant 2.0 2009,850000000,2009,Kiểu Dáng Crossover,Tình Trạng Xe Cũ,Trong Nước,150000,"Tỉnh Thành
Phú Thọ",Hộp Số Số Sàn,Nhiên Liệu Máy Xăng
Hyundai Grand Starex 2.4 Mt 2017,4600000000,2017,Kiểu Dáng Van/Minivan,Tình Trạng Xe Cũ,Nhập Khẩu,10000,"Tỉnh Thành
Hà Nội",Hộp Số Số Sàn,Nhiên Liệu Máy Dầu
Honda City Rs 2022,4200000000,2022,Kiểu Dáng Sedan,Tình Trạng Xe Cũ,Trong Nước,27000,"Tỉnh Thành
Tp.Hcm",Hộp Số Số Tự Động,Nhiên Liệu Máy Xăng
Mitsubishi Triton 4×4 At 2013,2950000000,2013,Kiểu Dáng Bán Tải,Tình Trạng Xe Cũ,Trong Nước,140000,"Tỉnh Thành
Hà Nội",Hộp Số Số Tự Động,Nhiên Liệu Máy Xăng
Ford Ranger Wildtrak 2.0L 4X4 At 2018,5900000000,2018,Kiểu Dáng Bán Tải,Tình Trạng Xe Cũ,Trong Nước,100000,"Tỉnh Thành
Phú Thọ",Hộp Số Số Tự Động,Nhiên Liệu Máy Dầu
Ford Ranger Xls 2.2 4X2 At 2016,3950000000,2016,Kiểu Dáng Bán Tải,Tình Trạng Xe Cũ,Trong Nước,78000,"Tỉnh Thành
Hà Nội",Hộp Số Số Tự Động,Nhiên Liệu Máy Xăng
Ford Ranger Xls 2.2 4X2 At 2016,3950000000,2016,Kiểu Dáng Bán Tải,Tình Trạng Xe Cũ,Trong Nước,78000,"Tỉnh Thành
Hà Nội",Hộp Số Số Tự Động,Nhiên Liệu Máy Xăng
Vinfast Vf8 Eco 2023,7770000000,2023,Kiểu Dáng Crossover,Tình Trạng Xe Cũ,Trong Nước,40000,"Tỉnh Thành
Hà Nội",Hộp Số Số Tự Động,Nhiên Liệu Điện
Kia Cerato 2.0 At Premium 2019,4500000000,2019,Kiểu Dáng Sedan,Tình Trạng Xe Cũ,Trong Nước,64000,"Tỉnh Thành
Hà Nội",Hộp Số Số Tự Động,Nhiên Liệu Máy Xăng
Mazda Cx-8 Premium 2023,9600000000,2023,Kiểu Dáng Suv,Tình Trạng Xe Cũ,Trong Nước,7000,"Tỉnh Thành
Tp.Hcm",Hộp Số Số Tự Động,Nhiên Liệu Máy Xăng
Hyundai Santa Fe 2.4L Xăng Tiêu Chuẩn 2017,5500000000,2017,Kiểu Dáng Suv,Tình Trạng Xe Cũ,Nhập Khẩu,130000,"Tỉnh Thành
Tp.Hcm",Hộp Số Số Tự Động,Nhiên Liệu Máy Xăng
Honda Civic 1.8 At 2019,4950000000,2019,Kiểu Dáng Sedan,Tình Trạng Xe Cũ,Nhập Khẩu,65000,"Tỉnh Thành
Hà Nội",Hộp Số Số Tự Động,Nhiên Liệu Máy Xăng
Kia Morning S 1.25 At 2017,2750000000,2017,Kiểu Dáng Hatchback,Tình Trạng Xe Cũ,Trong Nước,100000,"Tỉnh Thành
Phú Thọ",Hộp Số Số Tự Động,Nhiên Liệu Máy Xăng
Hyundai Grand I10 Sedan 1.2 Mt 2019,2200000000,2019,Kiểu Dáng Sedan,Tình Trạng Xe Cũ,Trong Nước,230000,"Tỉnh Thành
Hà Nội",Hộp Số Số Sàn,Nhiên Liệu Máy Xăng
Ford Ranger Xls 2.0L 4X2 At 2022,6680000000,2022,Kiểu Dáng Bán Tải,Tình Trạng Xe Cũ,Trong Nước,60000,"Tỉnh Thành
Đồng Nai",Hộp Số Số Tự Động,Nhiên Liệu Máy Dầu
Vinfast Lux A2.0 Cao Cấp 2019,5500000000,2019,Kiểu Dáng Sedan,Tình Trạng Xe Cũ,Trong Nước,70000,"Tỉnh Thành
Hà Nội",Hộp Số Số Tự Động,Nhiên Liệu Máy Xăng
Ford Ranger Xls 2.2L 4X2 Mt 2017,4300000000,2017,Kiểu Dáng Bán Tải,Tình Trạng Xe Cũ,Nhập Khẩu,110000,"Tỉnh Thành
Hà Nội",Hộp Số Số Tự Động,Nhiên Liệu Máy Dầu
Mercedes-Benz C300 Amg 2021,14680000000,2021,Kiểu Dáng Sedan,Tình Trạng Xe Cũ,Trong Nước,9000,"Tỉnh Thành
Tp.Hcm",Hộp Số Số Tự Động,Nhiên Liệu Máy Xăng
Peugeot 3008 Allure 2018,5550000000,2018,Kiểu Dáng Suv,Tình Trạng Xe Cũ,Nhập Khẩu,98000,"Tỉnh Thành
Hà Nội",Hộp Số Số Tự Động,Nhiên Liệu Máy Xăng
Nissan Navara El 2020,4850000000,2020,Na,Tình Trạng Xe Cũ,Trong Nước,100000,"Tỉnh Thành
Hà Nội",Hộp Số Số Tự Động,Nhiên Liệu Máy Xăng
Mazda 6 2.0 At 2018,5050000000,2018,Kiểu Dáng Sedan,Tình Trạng Xe Cũ,Trong Nước,100000,"Tỉnh Thành
Phú Thọ",Hộp Số Số Tự Động,Nhiên Liệu Máy Xăng
Hyundai Santa Fe 2.2 Dầu Đặc Biệt 2022,10700000000,2022,Kiểu Dáng Suv,Tình Trạng Xe Cũ,Trong Nước,58000,"Tỉnh Thành
Phú Thọ",Hộp Số Số Tự Động,Nhiên Liệu Máy Dầu
Ford Ranger Wildtrak 2.0L 4X4 At 2021,7500000000,2021,Kiểu Dáng Bán Tải,Tình Trạng Xe Cũ,Nhập Khẩu,60000,"Tỉnh Thành
Tp.Hcm",Hộp Số Số Tự Động,Nhiên Liệu Máy Dầu
Volvo Xc90 2022,33000000000,2022,Kiểu Dáng Suv,Tình Trạng Xe Cũ,Nhập Khẩu,19000,"Tỉnh Thành
Tp.Hcm",Hộp Số Số Tự Động,Nhiên Liệu Hybrid
Lexus Es 250 2021,19800000000,2021,Kiểu Dáng Sedan,Tình Trạng Xe Cũ,Nhập Khẩu,29000,"Tỉnh Thành
Tp.Hcm",Hộp Số Số Tự Động,Nhiên Liệu Máy Xăng
Hyundai Accent 1.4 Mt Tiêu Chuẩn 2021,3100000000,2021,Kiểu Dáng Sedan,Tình Trạng Xe Cũ,Trong Nước,96000,"Tỉnh Thành
Hà Nội",Hộp Số Số Sàn,Nhiên Liệu Máy Xăng
Lexus Gx 460 2016,23500000000,2016,Kiểu Dáng Suv,Tình Trạng Xe Cũ,Nhập Khẩu,68000,"Tỉnh Thành
Tp.Hcm",Hộp Số Số Tự Động,Nhiên Liệu Máy Xăng
Ford Ranger Xls 2.2 4X2 At 2022,5850000000,2022,Kiểu Dáng Bán Tải,Tình Trạng Xe Cũ,Trong Nước,40000,"Tỉnh Thành
Tp.Hcm",Hộp Số Số Tự Động,Nhiên Liệu Máy Dầu
Lexus Gx 460 2016,23500000000,2016,Kiểu Dáng Suv,Tình Trạng Xe Cũ,Nhập Khẩu,68000,"Tỉnh Thành
Tp.Hcm",Hộp Số Số Tự Động,Nhiên Liệu Máy Xăng
Toyota Fortuner 2.7V 2017,6350000000,2017,Kiểu Dáng Suv,Tình Trạng Xe Cũ,Nhập Khẩu,1,"Tỉnh Thành
Hà Nội",Hộp Số Số Tự Động,Nhiên Liệu Máy Xăng
Mercedes-Benz Glc 200 4Matic 2022,11800000000,2022,Kiểu Dáng Suv,Tình Trạng Xe Cũ,Nhập Khẩu,59000,"Tỉnh Thành
Tp.Hcm",Hộp Số Số Tự Động,Nhiên Liệu Máy Xăng
Vinfast Lux A2.0 Cao Cấp 2020,5800000000,2020,Na,Tình Trạng Xe Cũ,Trong Nước,76000,"Tỉnh Thành
Hà Nội",Hộp Số Số Tự Động,Nhiên Liệu Máy Xăng
Ford Ecosport Titanium 1.5L At 2015,2950000000,2015,Kiểu Dáng Suv,Tình Trạng Xe Cũ,Trong Nước,120000,"Tỉnh Thành
Hà Nội",Hộp Số Số Tự Động,Nhiên Liệu Máy Xăng
Mini Cooper S 3 Cửa 2022,15900000000,2022,Kiểu Dáng Hatchback,Tình Trạng Xe Cũ,Nhập Khẩu,9500,"Tỉnh Thành
Tp.Hcm",Hộp Số Số Tự Động,Nhiên Liệu Máy Xăng
Lexus Gx 470 2007,6500000000,2007,Na,Tình Trạng Xe Cũ,Nhập Khẩu,162000,"Tỉnh Thành
Hà Nội",Hộp Số Số Tự Động,Nhiên Liệu Máy Xăng
Kia Cerato 1.6 At Luxury 2018,3990000000,2018,Kiểu Dáng Sedan,Tình Trạng Xe Cũ,Trong Nước,91289,"Tỉnh Thành
Hà Nội",Hộp Số Số Tự Động,Nhiên Liệu Máy Xăng
Mazda 3 1.5L Sedan 2019,4550000000,2019,Kiểu Dáng Sedan,Tình Trạng Xe Cũ,Trong Nước,65689,"Tỉnh Thành
Hà Nội",Hộp Số Số Tự Động,Nhiên Liệu Máy Xăng
Vinfast Lux A2.0 Cao Cấp 2019,4990000000,2019,Kiểu Dáng Sedan,Tình Trạng Xe Cũ,Trong Nước,67899,"Tỉnh Thành
Hà Nội",Hộp Số Số Tự Động,Nhiên Liệu Máy Xăng
Mercedes-Benz Glc 300 4Matic 2023,22980000000,2023,Na,Tình Trạng Xe Cũ,Trong Nước,28000,"Tỉnh Thành
Tp.Hcm",Hộp Số Số Tự Động,Nhiên Liệu Máy Xăng
Kia Forte Sx 1.6 At 2009,2350000000,2009,Kiểu Dáng Sedan,Tình Trạng Xe Cũ,Trong Nước,200000,"Tỉnh Thành
Hải Phòng",Hộp Số Số Tự Động,Nhiên Liệu Máy Xăng
Ford Ranger Xls 2.2L 4X2 Mt 2019,4850000000,2019,Kiểu Dáng Bán Tải,Tình Trạng Xe Cũ,Trong Nước,85000,"Tỉnh Thành
Tp.Hcm",Hộp Số Số Sàn,Nhiên Liệu Máy Dầu
Kia Carens Sx 2.0 At 2012,2250000000,2012,Kiểu Dáng Mpv,Tình Trạng Xe Cũ,Trong Nước,130000,"Tỉnh Thành
Hưng Yên",Hộp Số Số Tự Động,Nhiên Liệu Máy Xăng
Toyota Corolla Altis 2.0V  2014,3700000000,2014,Kiểu Dáng Sedan,Tình Trạng Xe Cũ,Trong Nước,120000,"Tỉnh Thành
Hưng Yên",Hộp Số Số Tự Động,Nhiên Liệu Máy Xăng
Hyundai Grand I10 Sedan 1.2 Mt 2018,2180000000,2018,Kiểu Dáng Sedan,Tình Trạng Xe Cũ,Trong Nước,120000,"Tỉnh Thành
Hưng Yên",Hộp Số Số Sàn,Nhiên Liệu Máy Xăng
Kia Rondo 1.7 Dat 2015,3500000000,2015,Kiểu Dáng Suv,Tình Trạng Xe Cũ,Trong Nước,130000,"Tỉnh Thành
Hưng Yên",Hộp Số Số Tự Động,Nhiên Liệu Máy Dầu
Toyota Vios 1.5E Mt 2018,2790000000,2018,Kiểu Dáng Sedan,Tình Trạng Xe Cũ,Trong Nước,120000,"Tỉnh Thành
Hưng Yên",Hộp Số Số Sàn,Nhiên Liệu Máy Xăng
Ford Ranger Wildtrak 2.0L 4X4 At 2020,7150000000,2020,Kiểu Dáng Bán Tải,Tình Trạng Xe Cũ,Trong Nước,58000,"Tỉnh Thành
Tp.Hcm",Hộp Số Số Tự Động,Nhiên Liệu Máy Dầu
Mercedes-Benz S450 4Matic Luxury 2019,21990000000,2019,Kiểu Dáng Sedan,Tình Trạng Xe Cũ,Nhập Khẩu,56000,"Tỉnh Thành
Tp.Hcm",Hộp Số Số Tự Động,Nhiên Liệu Máy Xăng
Land Rover Range Rover Autobiography 3.0L P400 2020,63800000000,2020,Kiểu Dáng Suv,Tình Trạng Xe Cũ,Nhập Khẩu,40000,"Tỉnh Thành
Hà Nội",Hộp Số Số Tự Động,Nhiên Liệu Máy Xăng
Mercedes-Benz Glc 300 4Matic 2019,10880000000,2019,Kiểu Dáng Suv,Tình Trạng Xe Cũ,Trong Nước,83000,"Tỉnh Thành
Tp.Hcm",Hộp Số Số Tự Động,Nhiên Liệu Máy Xăng
Kia Carnival 2022,9980000000,2022,Kiểu Dáng Mpv,Tình Trạng Xe Cũ,Trong Nước,46000,"Tỉnh Thành
Tp.Hcm",Hộp Số Số Tự Động,Nhiên Liệu Máy Dầu
Mercedes-Benz Glc 200 4Matic 2022,13990000000,2022,Kiểu Dáng Suv,Tình Trạng Xe Cũ,Trong Nước,45000,"Tỉnh Thành
Tp.Hcm",Hộp Số Số Tự Động,Nhiên Liệu Máy Xăng
Mercedes-Benz C300 Amg 2019,10680000000,2019,Kiểu Dáng Suv,Tình Trạng Xe Cũ,Nhập Khẩu,49890,"Tỉnh Thành
Tp.Hcm",Hộp Số Số Tự Động,Nhiên Liệu Máy Xăng
Mercedes-Benz C300 Amg 2016,6300000000,2016,Kiểu Dáng Sedan,Tình Trạng Xe Cũ,Trong Nước,789000,"Tỉnh Thành
Tp.Hcm",Hộp Số Số Tự Động,Nhiên Liệu Máy Xăng
Hyundai Accent 1.4 At Đặc Biệt 2019,3650000000,2019,Kiểu Dáng Sedan,Tình Trạng Xe Cũ,Trong Nước,60000,"Tỉnh Thành
Hà Nội",Hộp Số Số Tự Động,Nhiên Liệu Máy Xăng
Mercedes-Benz E200 Exclusive 2020,10590000000,2020,Kiểu Dáng Sedan,Tình Trạng Xe Cũ,Trong Nước,50000,"Tỉnh Thành
Tp.Hcm",Hộp Số Số Tự Động,Nhiên Liệu Máy Xăng
Ford Ranger Xls 2.2 4X2 At 2015,3980000000,2015,Kiểu Dáng Bán Tải,Tình Trạng Xe Cũ,Nhập Khẩu,100,"Tỉnh Thành
Tp.Hcm",Hộp Số Số Tự Động,Nhiên Liệu Máy Dầu
Lexus Rx 350 2024,35000000000,2024,Kiểu Dáng Suv,Tình Trạng Xe Cũ,Nhập Khẩu,10000,"Tỉnh Thành
Hà Nội",Hộp Số Số Tự Động,Nhiên Liệu Máy Xăng
Suzuki Vitara 1.6 At 2015,3500000000,2015,Kiểu Dáng Suv,Tình Trạng Xe Cũ,Nhập Khẩu,82000,"Tỉnh Thành
Tp.Hcm",Hộp Số Số Tự Động,Nhiên Liệu Máy Xăng
Hyundai Porter Ii 2016,3600000000,2016,Kiểu Dáng Xe Tải,Tình Trạng Xe Cũ,Nhập Khẩu,60000,"Tỉnh Thành
Hà Nội",Hộp Số Số Sàn,Nhiên Liệu Máy Dầu
Volvo S60 Inscription 2021,11000000000,2021,Kiểu Dáng Sedan,Tình Trạng Xe Cũ,Nhập Khẩu,75000,"Tỉnh Thành
Hà Nội",Hộp Số Số Tự Động,Nhiên Liệu Máy Xăng
Hyundai Tucson 1.6 Turbo Htrac 2023,8880000000,2023,Kiểu Dáng Hatchback,Tình Trạng Xe Cũ,Trong Nước,40000,"Tỉnh Thành
Hà Nội",Hộp Số Số Tự Động,Nhiên Liệu Máy Xăng
Suzuki Blind Van Suzuki Blind Van 2022,2150000000,2022,Kiểu Dáng Bán Tải,Tình Trạng Xe Cũ,Trong Nước,52000,"Tỉnh Thành
Tp.Hcm",Hộp Số Số Sàn,Nhiên Liệu Máy Xăng
Volvo Xc60 B6 Awd Inscription 2021,15990000000,2021,Kiểu Dáng Suv,Tình Trạng Xe Cũ,Nhập Khẩu,80000,"Tỉnh Thành
Hà Nội",Hộp Số Số Tự Động,Nhiên Liệu Máy Xăng
Toyota Vios 1.5G At 2019,3800000000,2019,Kiểu Dáng Sedan,Tình Trạng Xe Cũ,Trong Nước,125000,"Tỉnh Thành
Hà Nội",Hộp Số Số Tự Động,Nhiên Liệu Máy Xăng
Ford Transit Mid Tiêu Chuẩn 2016,3750000000,2016,Kiểu Dáng Van/Minivan,Tình Trạng Xe Cũ,Trong Nước,80000,"Tỉnh Thành
Hà Nội",Hộp Số Số Sàn,Nhiên Liệu Máy Dầu
Vinfast Lux A2.0 Nâng Cao 2021,5450000000,2021,Kiểu Dáng Sedan,Tình Trạng Xe Cũ,Trong Nước,79000,"Tỉnh Thành
Hà Nội",Hộp Số Số Tự Động,Nhiên Liệu Máy Xăng
Hyundai I30 Cw 1.6 At 2009,2200000000,2009,Kiểu Dáng Hatchback,Tình Trạng Xe Cũ,Nhập Khẩu,120000,"Tỉnh Thành
Hà Nội",Hộp Số Số Tự Động,Nhiên Liệu Máy Xăng
Kia K165 2016,2400000000,2016,Kiểu Dáng Xe Tải,Tình Trạng Xe Cũ,Trong Nước,10000,"Tỉnh Thành
Hà Nội",Hộp Số Số Sàn,Nhiên Liệu Máy Dầu
Mercedes-Benz Amg G63 4.0 V8 2021,96500000000,2021,Kiểu Dáng Suv,Tình Trạng Xe Cũ,Nhập Khẩu,19999,"Tỉnh Thành
Tp.Hcm",Hộp Số Số Tự Động,Nhiên Liệu Máy Xăng
Suzuki Super Carry Van Blind Van 2015,1400000000,2015,Kiểu Dáng Van/Minivan,Tình Trạng Xe Cũ,Trong Nước,10000,"Tỉnh Thành
Hà Nội",Hộp Số Số Sàn,Nhiên Liệu Máy Xăng
Mitsubishi Outlander 2.4 Premium 2017,5750000000,2017,Kiểu Dáng Suv,Tình Trạng Xe Cũ,Nhập Khẩu,36000,"Tỉnh Thành
Hà Nội",Hộp Số Số Tự Động,Nhiên Liệu Máy Xăng
Kia Sonet 1.5 Premium 2023,5650000000,2023,Na,Tình Trạng Xe Cũ,Trong Nước,30000,"Tỉnh Thành
Hải Phòng",Hộp Số Số Tự Động,Nhiên Liệu Máy Xăng
Kia Sonet 1.5 Deluxe 2023,4950000000,2023,Na,Tình Trạng Xe Cũ,Trong Nước,24000,"Tỉnh Thành
Hải Phòng",Hộp Số Số Tự Động,Nhiên Liệu Máy Xăng
Mercedes-Benz E200 E200 2019,10550000000,2019,Kiểu Dáng Sedan,Tình Trạng Xe Cũ,Nhập Khẩu,40000,"Tỉnh Thành
Hải Phòng",Hộp Số Số Tự Động,Nhiên Liệu Máy Xăng
Peugeot 408 Premium 2023,8900000000,2023,Kiểu Dáng Sedan,Tình Trạng Xe Cũ,Nhập Khẩu,19000,"Tỉnh Thành
Hải Phòng",Hộp Số Số Tự Động,Nhiên Liệu Máy Xăng
Toyota Corolla Cross 1.8 V  2021,6850000000,2021,Na,Tình Trạng Xe Cũ,Trong Nước,61000,"Tỉnh Thành
Hải Phòng",Hộp Số Số Tự Động,Nhiên Liệu Máy Xăng
Hyundai Kona 2.0 At Đặc Biệt 2019,4700000000,2019,Na,Tình Trạng Xe Cũ,Trong Nước,85000,"Tỉnh Thành
Hải Phòng",Hộp Số Số Tự Động,Nhiên Liệu Máy Xăng
Vinfast Vf E34 Tiêu Chuẩn 2022,4400000000,2022,Kiểu Dáng Suv,Tình Trạng Xe Cũ,Trong Nước,40000,"Tỉnh Thành
Hải Phòng",Hộp Số Số Tự Động,Nhiên Liệu Điện
Kia K3 2.0 Premium 2022,5250000000,2022,Kiểu Dáng Sedan,Tình Trạng Xe Cũ,Trong Nước,40000,"Tỉnh Thành
Hải Phòng",Hộp Số Số Tự Động,Nhiên Liệu Máy Xăng
Mercedes-Benz C200 2.0 At 2016,5850000000,2016,Kiểu Dáng Sedan,Tình Trạng Xe Cũ,Nhập Khẩu,70000,"Tỉnh Thành
Hải Phòng",Hộp Số Số Tự Động,Nhiên Liệu Máy Xăng
Mercedes-Benz Glc 250 4Matic 2017,8200000000,2017,Kiểu Dáng Suv,Tình Trạng Xe Cũ,Nhập Khẩu,94000,"Tỉnh Thành
Hải Phòng",Hộp Số Số Tự Động,Nhiên Liệu Máy Xăng
Mercedes-Benz Glc 200 4Matic 2018,8800000000,2018,Kiểu Dáng Suv,Tình Trạng Xe Cũ,Trong Nước,86000,"Tỉnh Thành
Hải Phòng",Hộp Số Số Tự Động,Nhiên Liệu Máy Xăng
Honda City 1.5 L 2022,4450000000,2022,Kiểu Dáng Sedan,Tình Trạng Xe Cũ,Trong Nước,70000,"Tỉnh Thành
Hải Phòng",Hộp Số Số Tự Động,Nhiên Liệu Máy Xăng
Toyota Veloz 2025,6090000000,2025,Na,Tình Trạng Xe Cũ,Trong Nước,10000,"Tỉnh Thành
Đồng Nai",Hộp Số Số Tự Động,Nhiên Liệu Máy Xăng
Kia Sedona 2.2 Dath 2018,6800000000,2018,Kiểu Dáng Mpv,Tình Trạng Xe Cũ,Trong Nước,81000,"Tỉnh Thành
Hà Nội",Hộp Số Số Tự Động,Nhiên Liệu Máy Dầu
Mercedes-Benz Glb 200 2022,12580000000,2022,Kiểu Dáng Suv,Tình Trạng Xe Cũ,Nhập Khẩu,46000,"Tỉnh Thành
Tp.Hcm",Hộp Số Số Tự Động,Nhiên Liệu Máy Xăng
Mg Rx5 1.5 Lux 2024,6650000000,2024,Kiểu Dáng Suv,Tình Trạng Xe Cũ,Nhập Khẩu,1000,"Tỉnh Thành
Hà Nội",Hộp Số Số Tự Động,Nhiên Liệu Máy Xăng
Hyundai Kona 2.0 At Tiêu Chuẩn 2019,4400000000,2019,Na,Tình Trạng Xe Cũ,Trong Nước,80000,"Tỉnh Thành
Long An",Hộp Số Số Tự Động,Nhiên Liệu Máy Xăng
Ford Transit Svp Bản Trung 2019,4550000000,2019,Kiểu Dáng Van/Minivan,Tình Trạng Xe Cũ,Trong Nước,80000,"Tỉnh Thành
Hà Nội",Hộp Số Số Sàn,Nhiên Liệu Máy Dầu
Ford Ecosport Ambiente 1.5L At 2017,3100000000,2017,Kiểu Dáng Suv,Tình Trạng Xe Cũ,Trong Nước,100000,"Tỉnh Thành
Hải Phòng",Hộp Số Số Tự Động,Nhiên Liệu Máy Xăng
Ford Ranger Raptor 2023,11200000000,2023,Kiểu Dáng Bán Tải,Tình Trạng Xe Cũ,Nhập Khẩu,44000,"Tỉnh Thành
Tp.Hcm",Hộp Số Số Tự Động,Nhiên Liệu Máy Dầu
Ford Ranger Wildtrak 2.0L 4X4 At 2023,8550000000,2023,Kiểu Dáng Bán Tải,Tình Trạng Xe Cũ,Trong Nước,33000,"Tỉnh Thành
Tp.Hcm",Hộp Số Số Tự Động,Nhiên Liệu Máy Dầu
Kia K3 1.6At 2022,5400000000,2022,Na,Tình Trạng Xe Cũ,Trong Nước,45000,"Tỉnh Thành
Hà Nội",Hộp Số Số Tự Động,Nhiên Liệu Máy Xăng
Kia Sonet 1.5 Premium 2024,5880000000,2024,Kiểu Dáng Hatchback,Tình Trạng Xe Cũ,Trong Nước,20000,"Tỉnh Thành
Hà Nội",Hộp Số Số Tự Động,Nhiên Liệu Máy Xăng
Suzuki Swift 2014,2550000000,2014,Kiểu Dáng Hatchback,Tình Trạng Xe Cũ,Nhập Khẩu,86000,"Tỉnh Thành
Hà Nội",Hộp Số Số Tự Động,Nhiên Liệu Máy Xăng
Mitsubishi Xpander Cross 1.5 At 2020,4750000000,2020,Kiểu Dáng Suv,Tình Trạng Xe Cũ,Trong Nước,61000,"Tỉnh Thành
Hà Nội",Hộp Số Số Tự Động,Nhiên Liệu Máy Xăng
Kia Carens Sx 2.0 At 2011,2300000000,2011,Kiểu Dáng Mpv,Tình Trạng Xe Cũ,Trong Nước,120000,"Tỉnh Thành
Hà Nội",Hộp Số Số Tự Động,Nhiên Liệu Máy Xăng
Hyundai Tucson 1.6 Turbo Htrac 2025,9800000000,2025,Kiểu Dáng Suv,Tình Trạng Xe Cũ,Trong Nước,4000,"Tỉnh Thành
Hà Nội",Hộp Số Số Tự Động,Nhiên Liệu Máy Xăng
Ford Ranger Raptor 2022,9750000000,2022,Kiểu Dáng Bán Tải,Tình Trạng Xe Cũ,Nhập Khẩu,50000,"Tỉnh Thành
Tp.Hcm",Hộp Số Số Tự Động,Nhiên Liệu Máy Dầu
Lexus Rx 350 Luxury 2016,20500000000,2016,Kiểu Dáng Suv,Tình Trạng Xe Cũ,Nhập Khẩu,160000,"Tỉnh Thành
Hà Nội",Hộp Số Số Tự Động,Nhiên Liệu Máy Xăng
Vinfast Vf 3 2025,3050000000,2025,Kiểu Dáng Hatchback,Tình Trạng Xe Cũ,Trong Nước,550,"Tỉnh Thành
Tp.Hcm",Hộp Số Số Tự Động,Nhiên Liệu Điện
Honda Cr-V 1.5 L 2020,8150000000,2020,Kiểu Dáng Suv,Tình Trạng Xe Cũ,Trong Nước,68000,"Tỉnh Thành
Tp.Hcm",Hộp Số Số Tự Động,Nhiên Liệu Máy Xăng
Kia Sorento 2Wd 2.2 Dath 2019,6550000000,2019,Kiểu Dáng Suv,Tình Trạng Xe Cũ,Trong Nước,93000,"Tỉnh Thành
Tp.Hcm",Hộp Số Số Tự Động,Nhiên Liệu Máy Dầu
Chevrolet Captiva Maxx Ltz 2.4 2011,2350000000,2011,Kiểu Dáng Suv,Tình Trạng Xe Cũ,Trong Nước,126000,"Tỉnh Thành
Tp.Hcm",Hộp Số Số Tự Động,Nhiên Liệu Máy Xăng
Kia Rondo 1.7 Dat 2015,3500000000,2015,Kiểu Dáng Suv,Tình Trạng Xe Cũ,Trong Nước,130000,"Tỉnh Thành
Hưng Yên",Hộp Số Số Tự Động,Nhiên Liệu Máy Dầu
Toyota Vios 1.5E Mt 2018,2790000000,2018,Kiểu Dáng Sedan,Tình Trạng Xe Cũ,Trong Nước,120000,"Tỉnh Thành
Hưng Yên",Hộp Số Số Sàn,Nhiên Liệu Máy Xăng
Kia Carens Sx 2.0 At 2012,2250000000,2012,Kiểu Dáng Mpv,Tình Trạng Xe Cũ,Trong Nước,130000,"Tỉnh Thành
Hưng Yên",Hộp Số Số Tự Động,Nhiên Liệu Máy Xăng
Ford Transit Tiêu Chuẩn 2023,6500000000,2023,Kiểu Dáng Van/Minivan,Tình Trạng Xe Cũ,Trong Nước,80000,"Tỉnh Thành
Hà Nội",Hộp Số Số Sàn,Nhiên Liệu Máy Dầu
Toyota Land Cruiser Prado Tx-L 2014,9600000000,2014,Kiểu Dáng Suv,Tình Trạng Xe Cũ,Nhập Khẩu,120000,"Tỉnh Thành
Hà Nội",Hộp Số Số Tự Động,Nhiên Liệu Máy Xăng
Toyota Fortuner 2021,9280000000,2021,Kiểu Dáng Suv,Tình Trạng Xe Cũ,Trong Nước,60000,"Tỉnh Thành
Hà Nội",Hộp Số Số Tự Động,Nhiên Liệu Máy Dầu
Hyundai Palisade Prestige 7 Chỗ 2023,13800000000,2023,Kiểu Dáng Suv,Tình Trạng Xe Cũ,Nhập Khẩu,40000,"Tỉnh Thành
Hà Nội",Hộp Số Số Tự Động,Nhiên Liệu Máy Dầu
Hyundai Santa Fe 2.2L Dầu Cao Cấp 2022,11790000000,2022,Kiểu Dáng Suv,Tình Trạng Xe Cũ,Trong Nước,50000,"Tỉnh Thành
Hà Nội",Hộp Số Số Tự Động,Nhiên Liệu Máy Dầu
Hyundai Santa Fe 2.5 Xăng Cao Cấp 2024,12190000000,2024,Kiểu Dáng Suv,Tình Trạng Xe Cũ,Trong Nước,40000,"Tỉnh Thành
Hà Nội",Hộp Số Số Tự Động,Nhiên Liệu Máy Xăng
Ford Explorer 2.3L Ecoboost 2023,17800000000,2023,Kiểu Dáng Suv,Tình Trạng Xe Cũ,Nhập Khẩu,10000,"Tỉnh Thành
Hà Nội",Hộp Số Số Tự Động,Nhiên Liệu Máy Xăng
Toyota Land Cruiser Prado Gx 2019,19290000000,2019,Kiểu Dáng Suv,Tình Trạng Xe Cũ,Nhập Khẩu,100000,"Tỉnh Thành
Hà Nội",Hộp Số Số Tự Động,Nhiên Liệu Máy Xăng
Daewoo Matiz 2009,1380000000,2009,Kiểu Dáng Hatchback,Tình Trạng Xe Cũ,Nhập Khẩu,200000,"Tỉnh Thành
Hải Phòng",Hộp Số Số Tự Động,Nhiên Liệu Máy Xăng
Ford Territory Titanium X 2025,8750000000,2025,Kiểu Dáng Suv,Tình Trạng Xe Cũ,Nhập Khẩu,2000,"Tỉnh Thành
Hà Nội",Hộp Số Số Tự Động,Nhiên Liệu Máy Xăng
Toyota Camry 2.0G 2021,8350000000,2021,Kiểu Dáng Sedan,Tình Trạng Xe Cũ,Trong Nước,20000,"Tỉnh Thành
Hà Nội",Hộp Số Số Tự Động,Nhiên Liệu Máy Xăng
Ford Everest Titanium 2.0L At 4Wd 2022,12650000000,2022,Kiểu Dáng Suv,Tình Trạng Xe Cũ,Nhập Khẩu,70000,"Tỉnh Thành
Hà Nội",Hộp Số Số Tự Động,Nhiên Liệu Máy Dầu
Kia Cerato 1.6 At Deluxe 2016,3680000000,2016,Kiểu Dáng Sedan,Tình Trạng Xe Cũ,Trong Nước,130000,"Tỉnh Thành
Hải Phòng",Hộp Số Số Tự Động,Nhiên Liệu Máy Xăng
Mazda 2 1.5At 2015,2950000000,2015,Kiểu Dáng Sedan,Tình Trạng Xe Cũ,Nhập Khẩu,120000,"Tỉnh Thành
Hải Phòng",Hộp Số Số Tự Động,Nhiên Liệu Máy Xăng
Kia K5 2.0 Luxury 2022,6450000000,2022,Kiểu Dáng Sedan,Tình Trạng Xe Cũ,Trong Nước,58000,"Tỉnh Thành
Hà Nội",Hộp Số Số Tự Động,Nhiên Liệu Máy Xăng
Toyota Camry 2.5Q 2022,11500000000,2022,Kiểu Dáng Sedan,Tình Trạng Xe Cũ,Trong Nước,32000,"Tỉnh Thành
Hà Nội",Hộp Số Số Tự Động,Nhiên Liệu Máy Xăng
Mercedes-Benz C200 2015,5750000000,2015,Kiểu Dáng Sedan,Tình Trạng Xe Cũ,Trong Nước,60000,"Tỉnh Thành
Tp.Hcm",Hộp Số Số Tự Động,Nhiên Liệu Máy Xăng
Toyota Fortuner 2.4 At 4X2 Legender 2022,10350000000,2022,Kiểu Dáng Suv,Tình Trạng Xe Cũ,Trong Nước,20000,"Tỉnh Thành
Tp.Hcm",Hộp Số Số Tự Động,Nhiên Liệu Máy Dầu
Toyota Fortuner 2.4 Mt 4X2 2019,7750000000,2019,Kiểu Dáng Suv,Tình Trạng Xe Cũ,Trong Nước,20000,"Tỉnh Thành
Tp.Hcm",Hộp Số Số Sàn,Nhiên Liệu Máy Dầu
Ford Ranger Xls 2.2 4X2 At 2022,5450000000,2022,Kiểu Dáng Bán Tải,Tình Trạng Xe Cũ,Trong Nước,40000,"Tỉnh Thành
Hưng Yên",Hộp Số Số Tự Động,Nhiên Liệu Máy Xăng
Hyundai Grand I10 Hatchback 1.2 At 2023,3850000000,2023,Kiểu Dáng Hatchback,Tình Trạng Xe Cũ,Trong Nước,20000,"Tỉnh Thành
Hà Nội",Hộp Số Số Tự Động,Nhiên Liệu Máy Xăng
Kia K140 2016,2450000000,2016,Kiểu Dáng Xe Tải,Tình Trạng Xe Cũ,Trong Nước,80000,"Tỉnh Thành
Hà Nội",Hộp Số Số Sàn,Nhiên Liệu Máy Dầu
Porsche Macan Tiêu Chuẩn 2020,22990000000,2020,Kiểu Dáng Suv,Tình Trạng Xe Cũ,Nhập Khẩu,56000,"Tỉnh Thành
Tp.Hcm",Hộp Số Số Tự Động,Nhiên Liệu Máy Xăng
Mercedes-Benz S450L 2018,19990000000,2018,Kiểu Dáng Sedan,Tình Trạng Xe Cũ,Nhập Khẩu,68000,"Tỉnh Thành
Tp.Hcm",Hộp Số Số Tự Động,Nhiên Liệu Máy Xăng
Porsche Macan Tiêu Chuẩn 2021,29990000000,2021,Kiểu Dáng Suv,Tình Trạng Xe Cũ,Nhập Khẩu,55000,"Tỉnh Thành
Tp.Hcm",Hộp Số Số Tự Động,Nhiên Liệu Máy Xăng
Honda City 1.5 Top Cvt 2019,3950000000,2019,Kiểu Dáng Sedan,Tình Trạng Xe Cũ,Trong Nước,59000,"Tỉnh Thành
Hà Nội",Hộp Số Số Tự Động,Nhiên Liệu Máy Xăng
Kia Carnival 2025,18000000000,2025,Kiểu Dáng Mpv,Tình Trạng Xe Cũ,Trong Nước,1000,"Tỉnh Thành
Hải Phòng",Hộp Số Số Tự Động,Nhiên Liệu Hybrid
Mercedes-Benz S400 3.0 V6 2014,11000000000,2014,Kiểu Dáng Sedan,Tình Trạng Xe Cũ,Trong Nước,109134,"Tỉnh Thành
Tp.Hcm",Hộp Số Số Tự Động,Nhiên Liệu Máy Xăng
Ford Ranger Xls 2.0L 4X2 At 2023,6300000000,2023,Kiểu Dáng Bán Tải,Tình Trạng Xe Cũ,Trong Nước,36000,"Tỉnh Thành
Tp.Hcm",Hộp Số Số Tự Động,Nhiên Liệu Máy Xăng
Kia K3 2.0 Premium 2022,5790000000,2022,Na,Tình Trạng Xe Cũ,Trong Nước,37000,"Tỉnh Thành
Tp.Hcm",Hộp Số Số Tự Động,Nhiên Liệu Máy Xăng
Hyundai Elantra   2.0 At 2021,5180000000,2021,Kiểu Dáng Sedan,Tình Trạng Xe Cũ,Trong Nước,30000,"Tỉnh Thành
Tp.Hcm",Hộp Số Số Tự Động,Nhiên Liệu Máy Xăng
Bmw 320I 2024,15980000000,2024,Na,Tình Trạng Xe Cũ,Trong Nước,9000,"Tỉnh Thành
Tp.Hcm",Hộp Số Số Tự Động,Nhiên Liệu Máy Xăng
Toyota Land Cruiser Vx 4.6 V8 2019,38000000000,2019,Kiểu Dáng Suv,Tình Trạng Xe Cũ,Nhập Khẩu,140000,"Tỉnh Thành
Hà Nội",Hộp Số Số Tự Động,Nhiên Liệu Máy Xăng
Hyundai Santa Fe 2.4L Xăng Đặc Biệt 2018,5800000000,2018,Kiểu Dáng Suv,Tình Trạng Xe Cũ,Trong Nước,122000,"Tỉnh Thành
Bình Định",Hộp Số Số Tự Động,Nhiên Liệu Máy Xăng
Kia Sonet 1.5 Premium 2022,5180000000,2022,Kiểu Dáng Suv,Tình Trạng Xe Cũ,Trong Nước,67000,"Tỉnh Thành
Bình Định",Hộp Số Số Tự Động,Nhiên Liệu Máy Xăng
Toyota Corolla Altis 1.8 G 2009,2800000000,2009,Kiểu Dáng Sedan,Tình Trạng Xe Cũ,Trong Nước,107000,"Tỉnh Thành
Bình Định",Hộp Số Số Tự Động,Nhiên Liệu Máy Xăng
Hyundai Grand I10 Hatchback 1.2 At 2010,1850000000,2010,Kiểu Dáng Hatchback,Tình Trạng Xe Cũ,Trong Nước,140,"Tỉnh Thành
Bình Định",Hộp Số Số Tự Động,Nhiên Liệu Máy Xăng
Lexus Rx 350 F-Sport 2009,7190000000,2009,Kiểu Dáng Suv,Tình Trạng Xe Cũ,Nhập Khẩu,70000,"Tỉnh Thành
Hà Nội",Hộp Số Số Tự Động,Nhiên Liệu Máy Xăng
Kia Seltos 1.4 Premium 2022,6280000000,2022,Kiểu Dáng Suv,Tình Trạng Xe Cũ,Trong Nước,40000,"Tỉnh Thành
Hải Phòng",Hộp Số Số Tự Động,Nhiên Liệu Máy Xăng
Mazda Cx-5 2.0 Premium 2020,6690000000,2020,Kiểu Dáng Suv,Tình Trạng Xe Cũ,Trong Nước,70000,"Tỉnh Thành
Hải Phòng",Hộp Số Số Tự Động,Nhiên Liệu Máy Xăng
Mazda 3 1.5L Sedan 2023,5380000000,2023,Kiểu Dáng Sedan,Tình Trạng Xe Cũ,Trong Nước,30000,"Tỉnh Thành
Hải Phòng",Hộp Số Số Tự Động,Nhiên Liệu Máy Xăng
Kia Sonet 1.5 Premium 2023,5680000000,2023,Kiểu Dáng Suv,Tình Trạng Xe Cũ,Trong Nước,31000,"Tỉnh Thành
Hải Phòng",Hộp Số Số Tự Động,Nhiên Liệu Máy Xăng
Hyundai Creta 1.5L Đặc Biệt 2022,5650000000,2022,Kiểu Dáng Suv,Tình Trạng Xe Cũ,Nhập Khẩu,39000,"Tỉnh Thành
Hải Phòng",Hộp Số Số Tự Động,Nhiên Liệu Máy Xăng
Hyundai Elantra   2.0 At 2021,4900000000,2021,Kiểu Dáng Sedan,Tình Trạng Xe Cũ,Trong Nước,40000,"Tỉnh Thành
Hà Nội",Hộp Số Số Tự Động,Nhiên Liệu Máy Xăng
Mercedes-Benz E200 Exclusive V1 2022,16990000000,2022,Kiểu Dáng Sedan,Tình Trạng Xe Cũ,Trong Nước,30000,"Tỉnh Thành
Hà Nội",Hộp Số Số Tự Động,Nhiên Liệu Máy Xăng
Mercedes-Benz Gls 450 4Matic 2021,38500000000,2021,Kiểu Dáng Suv,Tình Trạng Xe Cũ,Nhập Khẩu,53000,"Tỉnh Thành
Tp.Hcm",Hộp Số Số Tự Động,Nhiên Liệu Máy Xăng
Mercedes-Benz Glc 300 4Matic 2017,8990000000,2017,Kiểu Dáng Suv,Tình Trạng Xe Cũ,Nhập Khẩu,66000,"Tỉnh Thành
Tp.Hcm",Hộp Số Số Tự Động,Nhiên Liệu Máy Xăng
Toyota Fortuner 2.7V 2015,4190000000,2015,Kiểu Dáng Suv,Tình Trạng Xe Cũ,Trong Nước,140000,"Tỉnh Thành
Hà Nội",Hộp Số Số Tự Động,Nhiên Liệu Máy Xăng
Ford Tourneo Titanium 2019,5950000000,2019,Kiểu Dáng Mpv,Tình Trạng Xe Cũ,Nhập Khẩu,90000,"Tỉnh Thành
Hà Nội",Hộp Số Số Tự Động,Nhiên Liệu Máy Xăng
Toyota Corolla Cross 1.8 G 2022,6450000000,2022,Kiểu Dáng Crossover,Tình Trạng Xe Cũ,Trong Nước,60000,"Tỉnh Thành
Hà Nội",Hộp Số Số Tự Động,Nhiên Liệu Máy Xăng
Ford Ecosport Titanium 1.5L At 2014,2590000000,2014,Kiểu Dáng Suv,Tình Trạng Xe Cũ,Trong Nước,100000,"Tỉnh Thành
Hà Nội",Hộp Số Số Tự Động,Nhiên Liệu Máy Xăng
Lexus Lx 570 Super Sport 2019,74490000000,2019,Kiểu Dáng Suv,Tình Trạng Xe Cũ,Nhập Khẩu,41000,"Tỉnh Thành
Tp.Hcm",Hộp Số Số Tự Động,Nhiên Liệu Máy Xăng
Lexus Rx 350 Luxury 2023,43790000000,2023,Kiểu Dáng Suv,Tình Trạng Xe Cũ,Nhập Khẩu,10000,"Tỉnh Thành
Tp.Hcm",Hộp Số Số Tự Động,Nhiên Liệu Máy Xăng
Toyota Alphard Executive Lounge 2019,29790000000,2019,Kiểu Dáng Mpv,Tình Trạng Xe Cũ,Nhập Khẩu,62000,"Tỉnh Thành
Tp.Hcm",Hộp Số Số Tự Động,Nhiên Liệu Máy Xăng
Mercedes-Benz S450L 4Matic 2019,24500000000,2019,Kiểu Dáng Sedan,Tình Trạng Xe Cũ,Nhập Khẩu,29000,"Tỉnh Thành
Tp.Hcm",Hộp Số Số Tự Động,Nhiên Liệu Máy Xăng
Audi Q8 55 Tfsi Quattro 2021,29800000000,2021,Kiểu Dáng Suv,Tình Trạng Xe Cũ,Nhập Khẩu,23999,"Tỉnh Thành
Tp.Hcm",Hộp Số Số Tự Động,Nhiên Liệu Máy Xăng
Bmw X5 Xdrive 40I Xline Plus 2024,40990000000,2024,Kiểu Dáng Suv,Tình Trạng Xe Cũ,Nhập Khẩu,4000,"Tỉnh Thành
Tp.Hcm",Hộp Số Số Tự Động,Nhiên Liệu Máy Xăng
Mercedes-Benz C200 2.0 At 2019,8850000000,2019,Kiểu Dáng Sedan,Tình Trạng Xe Cũ,Trong Nước,9000,"Tỉnh Thành
Tp.Hcm",Hộp Số Số Tự Động,Nhiên Liệu Máy Xăng
Mercedes-Benz Maybach S450 4Matic 2019,38790000000,2019,Kiểu Dáng Sedan,Tình Trạng Xe Cũ,Nhập Khẩu,38000,"Tỉnh Thành
Tp.Hcm",Hộp Số Số Tự Động,Nhiên Liệu Máy Xăng
Lexus Rx 350L 2023,40890000000,2023,Kiểu Dáng Suv,Tình Trạng Xe Cũ,Nhập Khẩu,5000,"Tỉnh Thành
Tp.Hcm",Hộp Số Số Tự Động,Nhiên Liệu Máy Xăng
Kia Cerato 2.0 At Premium 2019,4500000000,2019,Kiểu Dáng Sedan,Tình Trạng Xe Cũ,Trong Nước,76000,"Tỉnh Thành
Hà Nội",Hộp Số Số Tự Động,Nhiên Liệu Máy Xăng
Vinfast Fadil Cao Cấp 2020,3350000000,2020,Kiểu Dáng Hatchback,Tình Trạng Xe Cũ,Trong Nước,25000,"Tỉnh Thành
Hà Nội",Hộp Số Số Tự Động,Nhiên Liệu Máy Xăng
Hyundai Grand I10 1.0 At 2015,2380000000,2015,Kiểu Dáng Hatchback,Tình Trạng Xe Cũ,Nhập Khẩu,120840,"Tỉnh Thành
Hải Phòng",Hộp Số Số Tự Động,Nhiên Liệu Máy Xăng
Kia Sportage 1.6 T Signature X-Line Awd 2024,9000000000,2024,Kiểu Dáng Suv,Tình Trạng Xe Cũ,Nhập Khẩu,6666,"Tỉnh Thành
Tp.Hcm",Hộp Số Số Tự Động,Nhiên Liệu Máy Xăng
Suzuki Xl7 1.5L 2022,4600000000,2022,Kiểu Dáng Suv,Tình Trạng Xe Cũ,Nhập Khẩu,95000,"Tỉnh Thành
Tp.Hcm",Hộp Số Số Tự Động,Nhiên Liệu Máy Xăng
Toyota Vios 1.5E Mt 2013,1750000000,2013,Kiểu Dáng Sedan,Tình Trạng Xe Cũ,Trong Nước,150000,"Tỉnh Thành
Hải Phòng",Hộp Số Số Sàn,Nhiên Liệu Máy Xăng
Mazda 3 1.5L Sedan 2018,4280000000,2018,Kiểu Dáng Sedan,Tình Trạng Xe Cũ,Trong Nước,82000,"Tỉnh Thành
Hải Phòng",Hộp Số Số Tự Động,Nhiên Liệu Máy Xăng
Hyundai Grand I10 Sedan 1.2 At 2017,2950000000,2017,Kiểu Dáng Sedan,Tình Trạng Xe Cũ,Trong Nước,60243,"Tỉnh Thành
Hải Phòng",Hộp Số Số Tự Động,Nhiên Liệu Máy Xăng
Toyota Vios 1.3J Mt 2016,2280000000,2016,Kiểu Dáng Sedan,Tình Trạng Xe Cũ,Trong Nước,120000,"Tỉnh Thành
Hải Phòng",Hộp Số Số Sàn,Nhiên Liệu Máy Xăng
Hyundai Accent 1.4 At 2018,3790000000,2018,Kiểu Dáng Sedan,Tình Trạng Xe Cũ,Trong Nước,94548,"Tỉnh Thành
Hải Phòng",Hộp Số Số Tự Động,Nhiên Liệu Máy Xăng
Kia K3 1.6At 2013,2980000000,2013,Kiểu Dáng Sedan,Tình Trạng Xe Cũ,Trong Nước,110275,"Tỉnh Thành
Hải Phòng",Hộp Số Số Tự Động,Nhiên Liệu Máy Xăng
Toyota Corolla 1.6 Xli 2009,2550000000,2009,Kiểu Dáng Sedan,Tình Trạng Xe Cũ,Nhập Khẩu,120000,"Tỉnh Thành
Hà Nội",Hộp Số Số Tự Động,Nhiên Liệu Máy Xăng
Mitsubishi Pajero Sport D 4X2 At 2019,7150000000,2019,Kiểu Dáng Suv,Tình Trạng Xe Cũ,Trong Nước,55000,"Tỉnh Thành
Tp.Hcm",Hộp Số Số Tự Động,Nhiên Liệu Máy Dầu
Mercedes-Benz Glc 300 2019,11500000000,2019,Na,Tình Trạng Xe Cũ,Trong Nước,50000,"Tỉnh Thành
Hà Nội",Hộp Số Số Tự Động,Nhiên Liệu Máy Xăng
Mercedes-Benz Glc 200 4Matic 2021,12800000000,2021,Kiểu Dáng Suv,Tình Trạng Xe Cũ,Trong Nước,40000,"Tỉnh Thành
Hà Nội",Hộp Số Số Tự Động,Nhiên Liệu Máy Xăng
Mercedes-Benz Amg G63 2021,89500000000,2021,Kiểu Dáng Suv,Tình Trạng Xe Cũ,Nhập Khẩu,30000,"Tỉnh Thành
Hà Nội",Hộp Số Số Tự Động,Nhiên Liệu Máy Xăng
Vinfast Vf8 Eco 2023,7700000000,2023,Kiểu Dáng Suv,Tình Trạng Xe Cũ,Trong Nước,42000,"Tỉnh Thành
Bình Dương",Hộp Số Số Tự Động,Nhiên Liệu Điện
Vinfast Vf8 Plus 2022,8400000000,2022,Na,Tình Trạng Xe Cũ,Trong Nước,50000,"Tỉnh Thành
Bình Dương",Hộp Số Số Tự Động,Nhiên Liệu Điện
Vinfast Vf8 Eco 2023,8000000000,2023,Kiểu Dáng Suv,Tình Trạng Xe Cũ,Trong Nước,48000,"Tỉnh Thành
Bình Dương",Hộp Số Số Tự Động,Nhiên Liệu Điện
Hyundai Accent 1.4 At 2018,3450000000,2018,Kiểu Dáng Sedan,Tình Trạng Xe Cũ,Trong Nước,80,"Tỉnh Thành
Thanh Hóa",Hộp Số Số Tự Động,Nhiên Liệu Máy Xăng
Toyota Raize 2022,4450000000,2022,Kiểu Dáng Crossover,Tình Trạng Xe Cũ,Nhập Khẩu,40000,"Tỉnh Thành
Thanh Hóa",Hộp Số Số Tự Động,Nhiên Liệu Máy Xăng
Ford Ranger Xls 2.2 4X2 At 2020,5290000000,2020,Kiểu Dáng Bán Tải,Tình Trạng Xe Cũ,Trong Nước,55000,"Tỉnh Thành
Hà Nội",Hộp Số Số Tự Động,Nhiên Liệu Máy Dầu
Toyota Fortuner 2.7 V 4X2 At 2015,4500000000,2015,Kiểu Dáng Suv,Tình Trạng Xe Cũ,Trong Nước,90000,"Tỉnh Thành
Hà Nội",Hộp Số Số Tự Động,Nhiên Liệu Máy Xăng
Toyota Veloz Cross 1.5 Cvt 2022,4950000000,2022,Kiểu Dáng Crossover,Tình Trạng Xe Cũ,Nhập Khẩu,50000,"Tỉnh Thành
Hà Nội",Hộp Số Số Tự Động,Nhiên Liệu Máy Xăng
Vinfast Lux A2.0 Cao Cấp 2020,5080000000,2020,Kiểu Dáng Sedan,Tình Trạng Xe Cũ,Trong Nước,69000,"Tỉnh Thành
Hà Nội",Hộp Số Số Tự Động,Nhiên Liệu Máy Xăng
Ford Everest Titanium 2.0 At 4X2 2023,12250000000,2023,Kiểu Dáng Suv,Tình Trạng Xe Cũ,Nhập Khẩu,22000,"Tỉnh Thành
Hà Nội",Hộp Số Số Tự Động,Nhiên Liệu Máy Dầu
Toyota Fortuner 2.5G 4X2 Mt 2013,4550000000,2013,Kiểu Dáng Suv,Tình Trạng Xe Cũ,Trong Nước,80000,"Tỉnh Thành
Hà Nội",Hộp Số Số Sàn,Nhiên Liệu Máy Xăng
Honda City Rs 2023,4790000000,2023,Kiểu Dáng Sedan,Tình Trạng Xe Cũ,Trong Nước,1200,"Tỉnh Thành
Hà Nội",Hộp Số Số Tự Động,Nhiên Liệu Máy Xăng
Hyundai Sonata 2.0L-6At 2009,1990000000,2009,Kiểu Dáng Sedan,Tình Trạng Xe Cũ,Nhập Khẩu,120000,"Tỉnh Thành
Hà Nội",Hộp Số Số Tự Động,Nhiên Liệu Máy Xăng
Ford Explorer Limited 2017,8300000000,2017,Kiểu Dáng Suv,Tình Trạng Xe Cũ,Nhập Khẩu,80000,"Tỉnh Thành
Hà Nội",Hộp Số Số Tự Động,Nhiên Liệu Máy Xăng
Vinfast Lux A2.0 Cao Cấp 2020,5450000000,2020,Kiểu Dáng Sedan,Tình Trạng Xe Cũ,Trong Nước,60000,"Tỉnh Thành
Hà Nội",Hộp Số Số Tự Động,Nhiên Liệu Máy Xăng
Mitsubishi Attrage Cvt 2021,2990000000,2021,Kiểu Dáng Sedan,Tình Trạng Xe Cũ,Nhập Khẩu,80000,"Tỉnh Thành
Bình Dương",Hộp Số Số Tự Động,Nhiên Liệu Máy Xăng
Mercedes-Benz Amg G63 4.0 V8 2022,102000000000,2022,Kiểu Dáng Suv,Tình Trạng Xe Cũ,Nhập Khẩu,17000,"Tỉnh Thành
Hà Nội",Hộp Số Số Tự Động,Nhiên Liệu Máy Xăng
Mitsubishi Xpander 1.5 At  2023,4990000000,2023,Kiểu Dáng Mpv,Tình Trạng Xe Cũ,Nhập Khẩu,36000,"Tỉnh Thành
Bình Dương",Hộp Số Số Tự Động,Nhiên Liệu Máy Xăng
Kia Morning Luxury 2020,2990000000,2020,Kiểu Dáng Hatchback,Tình Trạng Xe Cũ,Trong Nước,60000,"Tỉnh Thành
Bình Dương",Hộp Số Số Tự Động,Nhiên Liệu Máy Xăng
Kia Soluto At Deluxe 2020,3190000000,2020,Kiểu Dáng Sedan,Tình Trạng Xe Cũ,Trong Nước,26000,"Tỉnh Thành
Bình Dương",Hộp Số Số Tự Động,Nhiên Liệu Máy Xăng
Vinfast Fadil Nâng Cao 2022,3290000000,2022,Kiểu Dáng Hatchback,Tình Trạng Xe Cũ,Trong Nước,30000,"Tỉnh Thành
Bình Dương",Hộp Số Số Tự Động,Nhiên Liệu Máy Xăng
Vinfast Lux Sa2.0 Cao Cấp 2020,6690000000,2020,Kiểu Dáng Suv,Tình Trạng Xe Cũ,Trong Nước,89000,"Tỉnh Thành
Bình Dương",Hộp Số Số Tự Động,Nhiên Liệu Máy Xăng
Suzuki Ertiga Hybrid Ertiga At 2022,4290000000,2022,Na,Tình Trạng Xe Cũ,Nhập Khẩu,58000,"Tỉnh Thành
Bình Dương",Hộp Số Số Tự Động,Nhiên Liệu Máy Xăng
Toyota Camry 2.5Q 2020,8650000000,2020,Kiểu Dáng Sedan,Tình Trạng Xe Cũ,Trong Nước,80000,"Tỉnh Thành
Hà Nội",Hộp Số Số Tự Động,Nhiên Liệu Máy Xăng
Kia Morning Si 1.25 At 2016,2450000000,2016,Kiểu Dáng Hatchback,Tình Trạng Xe Cũ,Trong Nước,89000,"Tỉnh Thành
Bình Dương",Hộp Số Số Tự Động,Nhiên Liệu Máy Xăng
Kia Morning At 2011,2190000000,2011,Kiểu Dáng Hatchback,Tình Trạng Xe Cũ,Nhập Khẩu,133000,"Tỉnh Thành
Bình Dương",Hộp Số Số Tự Động,Nhiên Liệu Máy Xăng
Subaru Tribeca 3.6R 2013,4390000000,2013,Kiểu Dáng Suv,Tình Trạng Xe Cũ,Nhập Khẩu,130000,"Tỉnh Thành
Bình Dương",Hộp Số Số Tự Động,Nhiên Liệu Máy Xăng
Chevrolet Cruze Ltz 2017,2890000000,2017,Kiểu Dáng Sedan,Tình Trạng Xe Cũ,Trong Nước,58000,"Tỉnh Thành
Bình Dương",Hộp Số Số Tự Động,Nhiên Liệu Máy Xăng
Mitsubishi Attrage Cvt 2021,3290000000,2021,Kiểu Dáng Sedan,Tình Trạng Xe Cũ,Nhập Khẩu,73000,"Tỉnh Thành
Bình Dương",Hộp Số Số Tự Động,Nhiên Liệu Máy Xăng
Mitsubishi Attrage Cvt 2021,3290000000,2021,Kiểu Dáng Sedan,Tình Trạng Xe Cũ,Nhập Khẩu,73000,"Tỉnh Thành
Bình Dương",Hộp Số Số Tự Động,Nhiên Liệu Máy Xăng
Vinfast Vf8 Eco 2023,7380000000,2023,Kiểu Dáng Suv,Tình Trạng Xe Cũ,Trong Nước,100,"Tỉnh Thành
Hà Nội",Hộp Số Số Tự Động,Nhiên Liệu Điện
Vinfast Vf8 Eco 2024,8090000000,2024,Kiểu Dáng Suv,Tình Trạng Xe Cũ,Trong Nước,30,"Tỉnh Thành
Hà Nội",Hộp Số Số Tự Động,Nhiên Liệu Điện
Hyundai Grand I10 2014,1260000000,2014,Kiểu Dáng Hatchback,Tình Trạng Xe Cũ,Nhập Khẩu,78000,"Tỉnh Thành
Hà Tĩnh",Hộp Số Số Sàn,Nhiên Liệu Máy Xăng
Mercedes-Benz C250 Amg 2010,2200000000,2010,Kiểu Dáng Sedan,Tình Trạng Xe Cũ,Nhập Khẩu,81000,"Tỉnh Thành
Nghệ An",Hộp Số Số Tự Động,Nhiên Liệu Máy Xăng
Hyundai Grand I10 2014,1180000000,2014,Kiểu Dáng Hatchback,Tình Trạng Xe Cũ,Nhập Khẩu,101000,"Tỉnh Thành
Hà Tĩnh",Hộp Số Số Sàn,Nhiên Liệu Máy Xăng
Vinfast Vf8 S 2024,8490000000,2024,Kiểu Dáng Suv,Tình Trạng Xe Cũ,Trong Nước,40,"Tỉnh Thành
Hải Phòng",Hộp Số Số Tự Động,Nhiên Liệu Điện
Vinfast Vf8 S 2024,8550000000,2024,Kiểu Dáng Suv,Tình Trạng Xe Cũ,Trong Nước,30,"Tỉnh Thành
Hà Nội",Hộp Số Số Tự Động,Nhiên Liệu Điện
Kia Seltos 1.6 Luxury 2024,6350000000,2024,Kiểu Dáng Suv,Tình Trạng Xe Cũ,Trong Nước,22000,"Tỉnh Thành
Tp.Hcm",Hộp Số Số Tự Động,Nhiên Liệu Máy Xăng
Vinfast Vf8 2023,7600000000,2023,Na,Tình Trạng Xe Cũ,Trong Nước,32000,"Tỉnh Thành
Tp.Hcm",Hộp Số Số Tự Động,Nhiên Liệu Máy Xăng
Mercedes-Benz Glc 200 4Matic 2023,19200000000,2023,Kiểu Dáng Suv,Tình Trạng Xe Cũ,Trong Nước,9000,"Tỉnh Thành
Hà Nội",Hộp Số Số Tự Động,Nhiên Liệu Máy Xăng
Honda Cr-V 2.4L Tg 2012,3350000000,2012,Kiểu Dáng Suv,Tình Trạng Xe Cũ,Nhập Khẩu,100000,"Tỉnh Thành
Hà Nội",Hộp Số Số Tự Động,Nhiên Liệu Máy Xăng
Mercedes-Benz Glc 200 2021,12800000000,2021,Kiểu Dáng Suv,Tình Trạng Xe Cũ,Trong Nước,50000,"Tỉnh Thành
Hà Nội",Hộp Số Số Tự Động,Nhiên Liệu Máy Xăng
Lexus Lx 570 Super Sport 2018,61000000000,2018,Kiểu Dáng Suv,Tình Trạng Xe Cũ,Nhập Khẩu,70000,"Tỉnh Thành
Hà Nội",Hộp Số Số Tự Động,Nhiên Liệu Máy Xăng
Bmw X5 Xdrive40I Xline 2019,21000000000,2019,Kiểu Dáng Suv,Tình Trạng Xe Cũ,Nhập Khẩu,65000,"Tỉnh Thành
Hà Nội",Hộp Số Số Tự Động,Nhiên Liệu Máy Xăng
Mercedes-Benz E180 1.5 I4 2020,9700000000,2020,Kiểu Dáng Sedan,Tình Trạng Xe Cũ,Trong Nước,55000,"Tỉnh Thành
Hà Nội",Hộp Số Số Tự Động,Nhiên Liệu Máy Xăng
Lexus Es 250 F-Sport 2019,18500000000,2019,Kiểu Dáng Sedan,Tình Trạng Xe Cũ,Nhập Khẩu,68000,"Tỉnh Thành
Tp.Hcm",Hộp Số Số Tự Động,Nhiên Liệu Máy Xăng
Mazda 3 1.5L Sedan 2015,3450000000,2015,Kiểu Dáng Sedan,Tình Trạng Xe Cũ,Trong Nước,88000,"Tỉnh Thành
Hà Nội",Hộp Số Số Tự Động,Nhiên Liệu Máy Xăng
Lexus Rx 350 2023,32500000000,2023,Kiểu Dáng Suv,Tình Trạng Xe Cũ,Nhập Khẩu,52000,"Tỉnh Thành
Hà Nội",Hộp Số Số Tự Động,Nhiên Liệu Máy Xăng
Honda Cr-V 1.5 L 2022,8550000000,2022,Kiểu Dáng Suv,Tình Trạng Xe Cũ,Trong Nước,55000,"Tỉnh Thành
Hà Nội",Hộp Số Số Tự Động,Nhiên Liệu Máy Xăng
Hyundai Grand I10 Hatchback 1.2 At 2021,3600000000,2021,Kiểu Dáng Hatchback,Tình Trạng Xe Cũ,Trong Nước,30000,"Tỉnh Thành
Hà Nội",Hộp Số Số Tự Động,Nhiên Liệu Máy Xăng
Mercedes-Benz Gls 450 4Matic 2021,38890000000,2021,Kiểu Dáng Suv,Tình Trạng Xe Cũ,Nhập Khẩu,65000,"Tỉnh Thành
Hà Nội",Hộp Số Số Tự Động,Nhiên Liệu Máy Xăng
Mercedes-Benz V250 Luxury 2020,16990000000,2020,Kiểu Dáng Mpv,Tình Trạng Xe Cũ,Nhập Khẩu,36000,"Tỉnh Thành
Hà Nội",Hộp Số Số Tự Động,Nhiên Liệu Máy Xăng
Hyundai Santa Fe 2.4L Xăng Cao Cấp 2019,7890000000,2019,Kiểu Dáng Suv,Tình Trạng Xe Cũ,Trong Nước,83000,"Tỉnh Thành
Hà Nội",Hộp Số Số Tự Động,Nhiên Liệu Máy Xăng
Porsche Cayenne 3.0 2023,65790000000,2023,Kiểu Dáng Suv,Tình Trạng Xe Cũ,Nhập Khẩu,3000,"Tỉnh Thành
Hà Nội",Hộp Số Số Tự Động,Nhiên Liệu Máy Xăng
Nissan Almera Cvt Cao Cấp 2021,4090000000,2021,Kiểu Dáng Sedan,Tình Trạng Xe Cũ,Nhập Khẩu,53000,"Tỉnh Thành
Tp.Hcm",Hộp Số Số Tự Động,Nhiên Liệu Máy Xăng
Porsche Panamera 4 2021,52990000000,2021,Kiểu Dáng Sedan,Tình Trạng Xe Cũ,Nhập Khẩu,39000,"Tỉnh Thành
Tp.Hcm",Hộp Số Số Tự Động,Nhiên Liệu Máy Xăng
Mercedes-Benz S450L 2017,17990000000,2017,Kiểu Dáng Sedan,Tình Trạng Xe Cũ,Nhập Khẩu,70000,"Tỉnh Thành
Tp.Hcm",Hộp Số Số Tự Động,Nhiên Liệu Máy Xăng
Honda City Rs 2023,4850000000,2023,Kiểu Dáng Sedan,Tình Trạng Xe Cũ,Trong Nước,40000,"Tỉnh Thành
Hà Nội",Hộp Số Số Tự Động,Nhiên Liệu Máy Xăng
Ford Ranger Xls 2.2 4X2 At 2019,4990000000,2019,Kiểu Dáng Bán Tải,Tình Trạng Xe Cũ,Nhập Khẩu,92000,"Tỉnh Thành
Hà Nội",Hộp Số Số Tự Động,Nhiên Liệu Máy Dầu
Mercedes-Benz E280 2008,1950000000,2008,Kiểu Dáng Sedan,Tình Trạng Xe Cũ,Nhập Khẩu,260000,"Tỉnh Thành
Hà Nội",Hộp Số Số Tự Động,Nhiên Liệu Máy Xăng
Peugeot 3008 Gt Line 2022,8200000000,2022,Na,Tình Trạng Xe Cũ,Trong Nước,50000,"Tỉnh Thành
Hà Nội",Hộp Số Số Tự Động,Nhiên Liệu Máy Xăng
Ford Ranger Xls 2.2 4X2 At 2019,4990000000,2019,Kiểu Dáng Bán Tải,Tình Trạng Xe Cũ,Nhập Khẩu,92000,"Tỉnh Thành
Hà Nội",Hộp Số Số Tự Động,Nhiên Liệu Máy Dầu
Mercedes-Benz E280 2008,1950000000,2008,Kiểu Dáng Sedan,Tình Trạng Xe Cũ,Nhập Khẩu,260000,"Tỉnh Thành
Hà Nội",Hộp Số Số Tự Động,Nhiên Liệu Máy Xăng
Peugeot 3008 Gt Line 2022,8200000000,2022,Na,Tình Trạng Xe Cũ,Trong Nước,50000,"Tỉnh Thành
Hà Nội",Hộp Số Số Tự Động,Nhiên Liệu Máy Xăng
Nissan Almera Cvt Cao Cấp 2021,4190000000,2021,Kiểu Dáng Sedan,Tình Trạng Xe Cũ,Nhập Khẩu,64000,"Tỉnh Thành
Tp.Hcm",Hộp Số Số Tự Động,Nhiên Liệu Máy Xăng
Nissan Almera Cvt 2023,4000000000,2023,Kiểu Dáng Sedan,Tình Trạng Xe Cũ,Nhập Khẩu,69000,"Tỉnh Thành
Tp.Hcm",Hộp Số Số Tự Động,Nhiên Liệu Máy Xăng
Mercedes-Benz Maybach S450 4Matic 2018,34990000000,2018,Kiểu Dáng Sedan,Tình Trạng Xe Cũ,Nhập Khẩu,87000,"Tỉnh Thành
Tp.Hcm",Hộp Số Số Tự Động,Nhiên Liệu Máy Xăng
Kia Morning Slx 1.0 At 2010,1500000000,2010,Kiểu Dáng Hatchback,Tình Trạng Xe Cũ,Nhập Khẩu,170000,"Tỉnh Thành
Vĩnh Phúc",Hộp Số Số Tự Động,Nhiên Liệu Máy Xăng
Kia Forte Koup 2010,2280000000,2010,Kiểu Dáng Coupe,Tình Trạng Xe Cũ,Nhập Khẩu,100000,"Tỉnh Thành
Tp.Hcm",Hộp Số Số Tự Động,Nhiên Liệu Máy Xăng
Toyota Corolla Altis 1.8 G 2016,4750000000,2016,Kiểu Dáng Sedan,Tình Trạng Xe Cũ,Trong Nước,35000,"Tỉnh Thành
Hà Nội",Hộp Số Số Tự Động,Nhiên Liệu Máy Xăng
Toyota Innova 2.0G 2017,4950000000,2017,Kiểu Dáng Mpv,Tình Trạng Xe Cũ,Trong Nước,150000,"Tỉnh Thành
Hà Nội",Hộp Số Số Tự Động,Nhiên Liệu Máy Xăng
Toyota Corolla Altis 1.8 G 2010,2680000000,2010,Kiểu Dáng Sedan,Tình Trạng Xe Cũ,Trong Nước,170000,"Tỉnh Thành
Hà Nội",Hộp Số Số Tự Động,Nhiên Liệu Máy Xăng
Toyota Corolla Altis 1.8 G 2010,2690000000,2010,Kiểu Dáng Sedan,Tình Trạng Xe Cũ,Trong Nước,170000,"Tỉnh Thành
Hà Nội",Hộp Số Số Tự Động,Nhiên Liệu Máy Xăng
Hyundai Grand I10 Hatchback 1.2 At 2019,3150000000,2019,Kiểu Dáng Hatchback,Tình Trạng Xe Cũ,Trong Nước,30000,"Tỉnh Thành
Hà Nội",Hộp Số Số Tự Động,Nhiên Liệu Máy Xăng
Kia Morning 2018,2780000000,2018,Kiểu Dáng Hatchback,Tình Trạng Xe Cũ,Trong Nước,50000,"Tỉnh Thành
Hà Nội",Hộp Số Số Tự Động,Nhiên Liệu Máy Xăng
Honda City 1.5 Cvt 2014,2900000000,2014,Kiểu Dáng Sedan,Tình Trạng Xe Cũ,Trong Nước,90000,"Tỉnh Thành
Hà Nội",Hộp Số Số Tự Động,Nhiên Liệu Máy Xăng
Hyundai Tucson 2.0 Tiêu Chuẩn 2019,5950000000,2019,Kiểu Dáng Suv,Tình Trạng Xe Cũ,Trong Nước,60000,"Tỉnh Thành
Hà Nội",Hộp Số Số Tự Động,Nhiên Liệu Máy Xăng
Mercedes-Benz Glc 300 4Matic 2020,15390000000,2020,Kiểu Dáng Suv,Tình Trạng Xe Cũ,Nhập Khẩu,60000,"Tỉnh Thành
Hà Nội",Hộp Số Số Tự Động,Nhiên Liệu Máy Xăng
Chevrolet Captiva Ls 2.4 2007,1480000000,2007,Kiểu Dáng Suv,Tình Trạng Xe Cũ,Trong Nước,195000,"Tỉnh Thành
Hà Nội",Hộp Số Số Sàn,Nhiên Liệu Máy Xăng
Toyota Corolla Cross 1.8 V  2022,7250000000,2022,Kiểu Dáng Crossover,Tình Trạng Xe Cũ,Nhập Khẩu,49486,"Tỉnh Thành
Hà Nội",Hộp Số Số Tự Động,Nhiên Liệu Máy Xăng
Mitsubishi Outlander 2.0 Cvt 2023,7350000000,2023,Kiểu Dáng Suv,Tình Trạng Xe Cũ,Trong Nước,42438,"Tỉnh Thành
Hà Nội",Hộp Số Số Tự Động,Nhiên Liệu Máy Xăng
Mazda Cx-5 2.0 Luxury 2021,6750000000,2021,Kiểu Dáng Suv,Tình Trạng Xe Cũ,Trong Nước,65819,"Tỉnh Thành
Hà Nội",Hộp Số Số Tự Động,Nhiên Liệu Máy Xăng
Mazda Cx-5 2.0 Premium 2022,7300000000,2022,Kiểu Dáng Suv,Tình Trạng Xe Cũ,Trong Nước,50836,"Tỉnh Thành
Hà Nội",Hộp Số Số Tự Động,Nhiên Liệu Máy Xăng
Vinfast Lux A2.0 Tiêu Chuẩn 2022,5350000000,2022,Kiểu Dáng Sedan,Tình Trạng Xe Cũ,Trong Nước,48609,"Tỉnh Thành
Hà Nội",Hộp Số Số Tự Động,Nhiên Liệu Máy Xăng
Peugeot 5008 1.6L Turbo 2020,6800000000,2020,Kiểu Dáng Suv,Tình Trạng Xe Cũ,Nhập Khẩu,54420,"Tỉnh Thành
Hà Nội",Hộp Số Số Tự Động,Nhiên Liệu Máy Xăng
Ford Everest Titanium 2.0 At 4X2 2019,8100000000,2019,Kiểu Dáng Suv,Tình Trạng Xe Cũ,Nhập Khẩu,1,"Tỉnh Thành
Hà Nội",Hộp Số Số Tự Động,Nhiên Liệu Máy Dầu
Nissan X Trail 2.0 Sl 2Wd Premium 2020,6100000000,2020,Kiểu Dáng Suv,Tình Trạng Xe Cũ,Trong Nước,1,"Tỉnh Thành
Hà Nội",Hộp Số Số Tự Động,Nhiên Liệu Máy Xăng
Suzuki Swift 1.4 At 2017,3290000000,2017,Kiểu Dáng Hatchback,Tình Trạng Xe Cũ,Nhập Khẩu,50000,"Tỉnh Thành
Hà Nội",Hộp Số Số Tự Động,Nhiên Liệu Máy Xăng
Acura Mdx 2008,2990000000,2008,Kiểu Dáng Suv,Tình Trạng Xe Cũ,Nhập Khẩu,100000,"Tỉnh Thành
Phú Thọ",Hộp Số Số Tự Động,Nhiên Liệu Máy Xăng
Bmw 430I 2023,26380000000,2023,Na,Tình Trạng Xe Cũ,Trong Nước,22222,"Tỉnh Thành
Tp.Hcm",Hộp Số Số Tự Động,Nhiên Liệu Máy Xăng
Volkswagen Viloran 2023,17380000000,2023,Na,Tình Trạng Xe Cũ,Trong Nước,32000,"Tỉnh Thành
Tp.Hcm",Hộp Số Số Tự Động,Nhiên Liệu Máy Xăng
Kia Sedona 3.3 Gat 2020,14000000000,2020,Kiểu Dáng Van/Minivan,Tình Trạng Xe Cũ,Trong Nước,108000,"Tỉnh Thành
Tp.Hcm",Hộp Số Số Tự Động,Nhiên Liệu Máy Xăng
Kia Forte Ex 1.6 Mt 2011,2150000000,2011,Kiểu Dáng Sedan,Tình Trạng Xe Cũ,Trong Nước,70000,"Tỉnh Thành
Tp.Hcm",Hộp Số Số Sàn,Nhiên Liệu Máy Xăng
Mazda Bt-50 Standard 4X4 2.2 Mt 2014,2950000000,2014,Kiểu Dáng Bán Tải,Tình Trạng Xe Cũ,Nhập Khẩu,120000,"Tỉnh Thành
Tp.Hcm",Hộp Số Số Sàn,Nhiên Liệu Máy Dầu
Mitsubishi Zinger 2008,1850000000,2008,Kiểu Dáng Mpv,Tình Trạng Xe Cũ,Trong Nước,90000,"Tỉnh Thành
Tp.Hcm",Hộp Số Số Sàn,Nhiên Liệu Máy Xăng
Toyota Hiace 2.8 Mt 2009,2650000000,2009,Kiểu Dáng Van/Minivan,Tình Trạng Xe Cũ,Trong Nước,140000,"Tỉnh Thành
Hà Nội",Hộp Số Số Sàn,Nhiên Liệu Máy Dầu
Suzuki Blind Van Suzuki Blind Van 2015,1350000000,2015,Kiểu Dáng Xe Tải,Tình Trạng Xe Cũ,Trong Nước,70000,"Tỉnh Thành
Hà Nội",Hộp Số Số Tự Động,Nhiên Liệu Máy Xăng
Hyundai Grand Starex 2.5 Mt 2016,3950000000,2016,Kiểu Dáng Van/Minivan,Tình Trạng Xe Cũ,Nhập Khẩu,120000,"Tỉnh Thành
Hà Nội",Hộp Số Số Sàn,Nhiên Liệu Máy Xăng
Hyundai Grand Starex 2.4 At 2008,4250000000,2008,Kiểu Dáng Van/Minivan,Tình Trạng Xe Cũ,Nhập Khẩu,160000,"Tỉnh Thành
Hà Nội",Hộp Số Số Tự Động,Nhiên Liệu Máy Dầu
Mitsubishi Triton 2011,2480000000,2011,Kiểu Dáng Bán Tải,Tình Trạng Xe Cũ,Trong Nước,155000,"Tỉnh Thành
Hà Nội",Hộp Số Số Sàn,Nhiên Liệu Máy Xăng
Dongben X30 2017,1100000000,2017,Kiểu Dáng Van/Minivan,Tình Trạng Xe Cũ,Trong Nước,120000,"Tỉnh Thành
Hà Nội",Hộp Số Số Sàn,Nhiên Liệu Máy Xăng
Isuzu D-Max Ls 3.0 4X2 At 2008,1950000000,2008,Kiểu Dáng Bán Tải,Tình Trạng Xe Cũ,Trong Nước,160000,"Tỉnh Thành
Hà Nội",Hộp Số Số Tự Động,Nhiên Liệu Máy Dầu
Toyota Hiace 2.8 Mt 2008,1450000000,2008,Na,Tình Trạng Xe Cũ,Trong Nước,160000,"Tỉnh Thành
Hà Nội",Hộp Số Số Sàn,Nhiên Liệu Máy Xăng
Toyota Hiace Commuter 2.5 2010,2850000000,2010,Kiểu Dáng Van/Minivan,Tình Trạng Xe Cũ,Trong Nước,140000,"Tỉnh Thành
Hà Nội",Hộp Số Số Sàn,Nhiên Liệu Máy Dầu
Hyundai Starex 2.4 Mt 2014,4250000000,2014,Kiểu Dáng Van/Minivan,Tình Trạng Xe Cũ,Nhập Khẩu,140000,"Tỉnh Thành
Hà Nội",Hộp Số Số Sàn,Nhiên Liệu Máy Xăng
Chevrolet Colorado  2016,3300000000,2016,Kiểu Dáng Bán Tải,Tình Trạng Xe Cũ,Nhập Khẩu,130000,"Tỉnh Thành
Hà Nội",Hộp Số Số Tự Động,Nhiên Liệu Máy Dầu
Mitsubishi Triton 4×4 At 2013,3150000000,2013,Kiểu Dáng Bán Tải,Tình Trạng Xe Cũ,Nhập Khẩu,160000,"Tỉnh Thành
Hà Nội",Hộp Số Số Tự Động,Nhiên Liệu Máy Dầu
Peugeot 2008 Gt Line 2021,5930000000,2021,Kiểu Dáng Crossover,Tình Trạng Xe Cũ,Nhập Khẩu,38000,"Tỉnh Thành
Hà Nội",Hộp Số Số Tự Động,Nhiên Liệu Máy Xăng
Mg Zs 1.5 2Wd Lux+ 2025,5290000000,2025,Kiểu Dáng Suv,Tình Trạng Xe Cũ,Nhập Khẩu,300,"Tỉnh Thành
Tp.Hcm",Hộp Số Số Tự Động,Nhiên Liệu Máy Xăng
Lexus Lx 570 2014,28000000000,2014,Kiểu Dáng Suv,Tình Trạng Xe Cũ,Nhập Khẩu,110000,"Tỉnh Thành
Hà Nội",Hộp Số Số Tự Động,Nhiên Liệu Máy Xăng
Mazda Cx-8 Premium 2023,8950000000,2023,Kiểu Dáng Suv,Tình Trạng Xe Cũ,Trong Nước,54000,"Tỉnh Thành
Hà Nội",Hộp Số Số Tự Động,Nhiên Liệu Máy Xăng
Ford Everest Titanium 2.0 At 4X2 2019,7550000000,2019,Kiểu Dáng Suv,Tình Trạng Xe Cũ,Nhập Khẩu,90000,"Tỉnh Thành
Tp.Hcm",Hộp Số Số Tự Động,Nhiên Liệu Máy Dầu
Hyundai I20 1.4 At 2015,3130000000,2015,Kiểu Dáng Hatchback,Tình Trạng Xe Cũ,Nhập Khẩu,110000,"Tỉnh Thành
Phú Thọ",Hộp Số Số Tự Động,Nhiên Liệu Máy Xăng
Honda City 1.5 Cvt 2014,2960000000,2014,Kiểu Dáng Sedan,Tình Trạng Xe Cũ,Trong Nước,132000,"Tỉnh Thành
Hà Nội",Hộp Số Số Tự Động,Nhiên Liệu Máy Xăng
Hyundai Grand I10 2019,3150000000,2019,Kiểu Dáng Hatchback,Tình Trạng Xe Cũ,Trong Nước,56000,"Tỉnh Thành
Hà Nội",Hộp Số Số Tự Động,Nhiên Liệu Máy Xăng
Hyundai Grand I10 2019,3150000000,2019,Kiểu Dáng Hatchback,Tình Trạng Xe Cũ,Trong Nước,56000,"Tỉnh Thành
Hà Nội",Hộp Số Số Tự Động,Nhiên Liệu Máy Xăng
Mitsubishi Xpander 2023,5000000000,2023,Kiểu Dáng Mpv,Tình Trạng Xe Cũ,Nhập Khẩu,50000,"Tỉnh Thành
Hà Nội",Hộp Số Số Tự Động,Nhiên Liệu Máy Xăng
Mazda 2 Sedan 1.5L Luxury 2020,3950000000,2020,Kiểu Dáng Sedan,Tình Trạng Xe Cũ,Nhập Khẩu,34000,"Tỉnh Thành
Hà Nội",Hộp Số Số Tự Động,Nhiên Liệu Máy Xăng
Ford Ranger Wildtrak 2.0L 4X4 At 2023,8550000000,2023,Kiểu Dáng Bán Tải,Tình Trạng Xe Cũ,Nhập Khẩu,24000,"Tỉnh Thành
Tp.Hcm",Hộp Số Số Tự Động,Nhiên Liệu Máy Dầu
Kia Morning 1.25 Mt 2021,2250000000,2021,Na,Tình Trạng Xe Cũ,Trong Nước,50000,"Tỉnh Thành
Hà Nội",Hộp Số Số Tự Động,Nhiên Liệu Máy Xăng
Mercedes-Benz C250 Amg 2010,2200000000,2010,Kiểu Dáng Sedan,Tình Trạng Xe Cũ,Nhập Khẩu,78000,"Tỉnh Thành
Hà Tĩnh",Hộp Số Số Tự Động,Nhiên Liệu Máy Xăng
Mazda 3 Sedan 1.5L Luxury 2020,4950000000,2020,Kiểu Dáng Sedan,Tình Trạng Xe Cũ,Trong Nước,33000,"Tỉnh Thành
Hưng Yên",Hộp Số Số Tự Động,Nhiên Liệu Máy Xăng
Mitsubishi Xpander At Premium 2024,5890000000,2024,Kiểu Dáng Mpv,Tình Trạng Xe Cũ,Trong Nước,25000,"Tỉnh Thành
Hải Phòng",Hộp Số Số Tự Động,Nhiên Liệu Máy Xăng
Mitsubishi Xforce Ultimate 2025,6300000000,2025,Kiểu Dáng Suv,Tình Trạng Xe Cũ,Nhập Khẩu,3000,"Tỉnh Thành
Hà Nội",Hộp Số Số Tự Động,Nhiên Liệu Máy Xăng
Vinfast Vf5 Plus 2024,4500000000,2024,Kiểu Dáng Crossover,Tình Trạng Xe Cũ,Trong Nước,9000,"Tỉnh Thành
Hà Nội",Hộp Số Số Tự Động,Nhiên Liệu Điện
Mercedes-Benz Glb 200 Amg 2022,12590000000,2022,Kiểu Dáng Suv,Tình Trạng Xe Cũ,Nhập Khẩu,47000,"Tỉnh Thành
Tp.Hcm",Hộp Số Số Tự Động,Nhiên Liệu Máy Xăng
Mercedes-Benz Glc 250 2017,8390000000,2017,Kiểu Dáng Suv,Tình Trạng Xe Cũ,Trong Nước,78000,"Tỉnh Thành
Tp.Hcm",Hộp Số Số Tự Động,Nhiên Liệu Máy Xăng
Toyota Innova 2.0E 2016,3280000000,2016,Kiểu Dáng Mpv,Tình Trạng Xe Cũ,Trong Nước,176000,"Tỉnh Thành
Tp.Hcm",Hộp Số Số Tự Động,Nhiên Liệu Máy Xăng
Mercedes-Benz E250 E250 2018,9990000000,2018,Kiểu Dáng Sedan,Tình Trạng Xe Cũ,Trong Nước,42000,"Tỉnh Thành
Tp.Hcm",Hộp Số Số Tự Động,Nhiên Liệu Máy Xăng
Mercedes-Benz C300 Amg 2021,14690000000,2021,Kiểu Dáng Sedan,Tình Trạng Xe Cũ,Nhập Khẩu,9000,"Tỉnh Thành
Tp.Hcm",Hộp Số Số Tự Động,Nhiên Liệu Máy Xăng
Land Rover Range Rover Autobiography 3.0 2013,19990000000,2013,Kiểu Dáng Suv,Tình Trạng Xe Cũ,Nhập Khẩu,115000,"Tỉnh Thành
Tp.Hcm",Hộp Số Số Tự Động,Nhiên Liệu Máy Xăng
Audi Q5 2021,17990000000,2021,Kiểu Dáng Suv,Tình Trạng Xe Cũ,Nhập Khẩu,14500,"Tỉnh Thành
Tp.Hcm",Hộp Số Số Tự Động,Nhiên Liệu Máy Xăng
Vinfast Vf8 Eco 2022,6950000000,2022,Kiểu Dáng Suv,Tình Trạng Xe Cũ,Trong Nước,58000,"Tỉnh Thành
Tp.Hcm",Hộp Số Số Tự Động,Nhiên Liệu Điện
Hyundai Santa Fe 2.5 Xăng Cao Cấp 2023,11190000000,2023,Kiểu Dáng Suv,Tình Trạng Xe Cũ,Nhập Khẩu,48000,"Tỉnh Thành
Hà Nội",Hộp Số Số Tự Động,Nhiên Liệu Máy Xăng
Mazda Cx-5 2.0L Premium Sport  2024,8110000000,2024,Kiểu Dáng Suv,Tình Trạng Xe Cũ,Trong Nước,17000,"Tỉnh Thành
Hà Nội",Hộp Số Số Tự Động,Nhiên Liệu Máy Xăng
Ford Ranger Xls 2.0L 4X2 At 2014,3440000000,2014,Kiểu Dáng Bán Tải,Tình Trạng Xe Cũ,Nhập Khẩu,100000,"Tỉnh Thành
Hà Nội",Hộp Số Số Tự Động,Nhiên Liệu Máy Dầu
Toyota Vios 1.5E Mt 2019,3200000000,2019,Kiểu Dáng Sedan,Tình Trạng Xe Cũ,Trong Nước,80000,"Tỉnh Thành
Hà Nội",Hộp Số Số Sàn,Nhiên Liệu Máy Xăng
Vinfast Lux Sa2.0 Cao Cấp 2022,7880000000,2022,Kiểu Dáng Mpv,Tình Trạng Xe Cũ,Trong Nước,75000,"Tỉnh Thành
Hà Nội",Hộp Số Số Tự Động,Nhiên Liệu Máy Xăng
Mg Zs 1.5L Lux+ 2025,5250000000,2025,Kiểu Dáng Suv,Tình Trạng Xe Cũ,Nhập Khẩu,1000,"Tỉnh Thành
Cần Thơ",Hộp Số Số Tự Động,Nhiên Liệu Máy Xăng
Mg 5 1.5L Luxury 2022,3990000000,2022,Kiểu Dáng Sedan,Tình Trạng Xe Cũ,Nhập Khẩu,34000,"Tỉnh Thành
Hà Nội",Hộp Số Số Tự Động,Nhiên Liệu Máy Xăng
Mazda Bt-50 1.9 At 4X2 2020,4700000000,2020,Kiểu Dáng Bán Tải,Tình Trạng Xe Cũ,Nhập Khẩu,70000,"Tỉnh Thành
Hà Nội",Hộp Số Số Tự Động,Nhiên Liệu Máy Dầu
Ford Ranger Xls 2.0L 4X2 At 2018,4700000000,2018,Na,Tình Trạng Xe Cũ,Trong Nước,120000,"Tỉnh Thành
Hà Nội",Hộp Số Số Tự Động,Nhiên Liệu Máy Xăng
Toyota Rav4 2008,3100000000,2008,Kiểu Dáng Suv,Tình Trạng Xe Cũ,Nhập Khẩu,90000,"Tỉnh Thành
Hà Nội",Hộp Số Số Tự Động,Nhiên Liệu Máy Xăng
Ford Ecosport Titanium 1.5L At 2016,3100000000,2016,Kiểu Dáng Suv,Tình Trạng Xe Cũ,Trong Nước,120000,"Tỉnh Thành
Hà Nội",Hộp Số Số Tự Động,Nhiên Liệu Máy Xăng
Toyota Corolla Altis 1.8 G 2017,4600000000,2017,Kiểu Dáng Sedan,Tình Trạng Xe Cũ,Trong Nước,120000,"Tỉnh Thành
Hà Nội",Hộp Số Số Tự Động,Nhiên Liệu Máy Xăng
Ford Ranger Xls 2.2 4X2 At 2020,5100000000,2020,Na,Tình Trạng Xe Cũ,Nhập Khẩu,90000,"Tỉnh Thành
Hà Nội",Hộp Số Số Tự Động,Nhiên Liệu Máy Dầu
Mitsubishi Triton 4X2 At Mivec Premium 2020,5550000000,2020,Kiểu Dáng Bán Tải,Tình Trạng Xe Cũ,Nhập Khẩu,80000,"Tỉnh Thành
Hà Nội",Hộp Số Số Tự Động,Nhiên Liệu Máy Dầu
Toyota Fortuner 2022,9350000000,2022,Kiểu Dáng Suv,Tình Trạng Xe Cũ,Trong Nước,60000,"Tỉnh Thành
Hà Nội",Hộp Số Số Tự Động,Nhiên Liệu Máy Dầu
Toyota Fortuner 2.8 At 4X4 Legender 2021,10200000000,2021,Kiểu Dáng Suv,Tình Trạng Xe Cũ,Trong Nước,50000,"Tỉnh Thành
Hà Nội",Hộp Số Số Tự Động,Nhiên Liệu Máy Dầu
Nissan Juke 1.6 Cvt 2015,4990000000,2015,Kiểu Dáng Hatchback,Tình Trạng Xe Cũ,Nhập Khẩu,57000,"Tỉnh Thành
Bình Dương",Hộp Số Số Tự Động,Nhiên Liệu Máy Xăng
Ford Explorer 2.3L Ecoboost 2016,6950000000,2016,Na,Tình Trạng Xe Cũ,Nhập Khẩu,100000,"Tỉnh Thành
Hà Nội",Hộp Số Số Tự Động,Nhiên Liệu Máy Xăng
Mazda Cx-5 2.0 Premium 2024,8050000000,2024,Kiểu Dáng Suv,Tình Trạng Xe Cũ,Trong Nước,8900,"Tỉnh Thành
Hà Nội",Hộp Số Số Tự Động,Nhiên Liệu Máy Xăng
Kia Sorento 2022,9450000000,2022,Kiểu Dáng Suv,Tình Trạng Xe Cũ,Trong Nước,50000,"Tỉnh Thành
Hà Nội",Hộp Số Số Tự Động,Nhiên Liệu Máy Dầu
Hyundai Tucson 2020,6990000000,2020,Na,Tình Trạng Xe Cũ,Trong Nước,78000,"Tỉnh Thành
Hà Nội",Hộp Số Số Tự Động,Nhiên Liệu Máy Dầu
Toyota Fortuner 2.7 V 4X2 At 2013,4000000000,2013,Kiểu Dáng Suv,Tình Trạng Xe Cũ,Trong Nước,130000,"Tỉnh Thành
Tp.Hcm",Hộp Số Số Tự Động,Nhiên Liệu Máy Xăng
Suzuki Swift 1.4 At 2017,3250000000,2017,Kiểu Dáng Hatchback,Tình Trạng Xe Cũ,Trong Nước,50000,"Tỉnh Thành
Đà Nẵng",Hộp Số Số Tự Động,Nhiên Liệu Máy Xăng
Toyota Vios 1.3J Mt 2015,1950000000,2015,Kiểu Dáng Sedan,Tình Trạng Xe Cũ,Trong Nước,95000,"Tỉnh Thành
Lâm Đồng",Hộp Số Số Sàn,Nhiên Liệu Máy Xăng
Kia Morning At 2018,2950000000,2018,Kiểu Dáng Hatchback,Tình Trạng Xe Cũ,Trong Nước,27000,"Tỉnh Thành
Tp.Hcm",Hộp Số Số Tự Động,Nhiên Liệu Máy Xăng
Suzuki Swift 1.4 At 2017,3300000000,2017,Kiểu Dáng Hatchback,Tình Trạng Xe Cũ,Trong Nước,51000,"Tỉnh Thành
Đà Nẵng",Hộp Số Số Tự Động,Nhiên Liệu Máy Xăng
Mg Zs 1.5 2Wd Luxury 2025,5250000000,2025,Kiểu Dáng Suv,Tình Trạng Xe Cũ,Nhập Khẩu,1000,"Tỉnh Thành
Tp.Hcm",Hộp Số Số Tự Động,Nhiên Liệu Máy Xăng
Vinfast Fadil Cao Cấp 2020,2690000000,2020,Kiểu Dáng Hatchback,Tình Trạng Xe Cũ,Trong Nước,60000,"Tỉnh Thành
Hưng Yên",Hộp Số Số Tự Động,Nhiên Liệu Máy Xăng
Vinfast Lux Sa2.0 Nâng Cao 2020,7000000000,2020,Kiểu Dáng Suv,Tình Trạng Xe Cũ,Trong Nước,20000,"Tỉnh Thành
Long An",Hộp Số Số Tự Động,Nhiên Liệu Máy Xăng
Ford Focus S 2.0At 2011,1900000000,2011,Kiểu Dáng Sedan,Tình Trạng Xe Cũ,Trong Nước,118000,"Tỉnh Thành
Bà Rịa Vũng Tàu",Hộp Số Số Tự Động,Nhiên Liệu Máy Xăng
Vinfast Vf7 Base 2024,7050000000,2024,Kiểu Dáng Suv,Tình Trạng Xe Cũ,Trong Nước,11000,"Tỉnh Thành
Long An",Hộp Số Số Tự Động,Nhiên Liệu Điện
Mercedes-Benz E250 2018,9980000000,2018,Kiểu Dáng Sedan,Tình Trạng Xe Cũ,Trong Nước,1,"Tỉnh Thành
Tp.Hcm",Hộp Số Số Tự Động,Nhiên Liệu Máy Xăng
Suzuki Swift Glx 1.2 Cvt 2018,3900000000,2018,Kiểu Dáng Coupe,Tình Trạng Xe Cũ,Nhập Khẩu,54000,"Tỉnh Thành
Hà Nội",Hộp Số Số Tự Động,Nhiên Liệu Máy Xăng
Toyota Land Cruiser 5.7 V8 2010,13000000000,2010,Kiểu Dáng Suv,Tình Trạng Xe Cũ,Nhập Khẩu,100000,"Tỉnh Thành
Hà Nội",Hộp Số Số Tự Động,Nhiên Liệu Máy Xăng
Vinfast Fadil Tiêu Chuẩn 2021,3000000000,2021,Kiểu Dáng Hatchback,Tình Trạng Xe Cũ,Trong Nước,40000,"Tỉnh Thành
Thanh Hóa",Hộp Số Số Tự Động,Nhiên Liệu Máy Xăng
Mazda 2 Sport 1.5L Premium 2016,2950000000,2016,Kiểu Dáng Hatchback,Tình Trạng Xe Cũ,Trong Nước,130,"Tỉnh Thành
Thanh Hóa",Hộp Số Số Tự Động,Nhiên Liệu Máy Xăng
Vinfast Vf8 Eco 2024,8650000000,2024,Kiểu Dáng Suv,Tình Trạng Xe Cũ,Trong Nước,30,"Tỉnh Thành
Lâm Đồng",Hộp Số Số Tự Động,Nhiên Liệu Điện
Vinfast Vf8 Plus 2023,8550000000,2023,Kiểu Dáng Suv,Tình Trạng Xe Cũ,Trong Nước,45000,"Tỉnh Thành
Lâm Đồng",Hộp Số Số Tự Động,Nhiên Liệu Điện
Vinfast Vf 3 2024,2460000000,2024,Kiểu Dáng Hatchback,Tình Trạng Xe Cũ,Trong Nước,9000,"Tỉnh Thành
Tp.Hcm",Hộp Số Số Tự Động,Nhiên Liệu Điện
Toyota Innova 2.0E 2016,3950000000,2016,Kiểu Dáng Mpv,Tình Trạng Xe Cũ,Trong Nước,60000,"Tỉnh Thành
Tp.Hcm",Hộp Số Số Tự Động,Nhiên Liệu Máy Xăng
Toyota Fortuner 2.7 V 4X2 At 2015,5250000000,2015,Kiểu Dáng Suv,Tình Trạng Xe Cũ,Trong Nước,90000,"Tỉnh Thành
Tp.Hcm",Hộp Số Số Tự Động,Nhiên Liệu Máy Xăng
Toyota Fortuner 2.4 At 4X2 Legender 2021,9900000000,2021,Kiểu Dáng Suv,Tình Trạng Xe Cũ,Trong Nước,45000,"Tỉnh Thành
Tp.Hcm",Hộp Số Số Tự Động,Nhiên Liệu Máy Dầu
Lexus Rx 300 T 2019,24500000000,2019,Kiểu Dáng Suv,Tình Trạng Xe Cũ,Nhập Khẩu,65000,"Tỉnh Thành
Hà Nội",Hộp Số Số Tự Động,Nhiên Liệu Máy Xăng
Porsche Macan 2.0 2021,27500000000,2021,Kiểu Dáng Suv,Tình Trạng Xe Cũ,Nhập Khẩu,40000,"Tỉnh Thành
Hà Nội",Hộp Số Số Tự Động,Nhiên Liệu Máy Xăng
Kia K3 1.6At 2022,5000000000,2022,Kiểu Dáng Sedan,Tình Trạng Xe Cũ,Trong Nước,110000,"Tỉnh Thành
Hà Nội",Hộp Số Số Tự Động,Nhiên Liệu Máy Xăng
Vinfast Vf8 Eco 2023,7300000000,2023,Na,Tình Trạng Xe Cũ,Trong Nước,68000,"Tỉnh Thành
Tp.Hcm",Hộp Số Số Tự Động,Nhiên Liệu Máy Xăng
Vinfast Lux A2.0 Tiêu Chuẩn 2021,4000000000,2021,Kiểu Dáng Sedan,Tình Trạng Xe Cũ,Trong Nước,57000,"Tỉnh Thành
Hà Nội",Hộp Số Số Tự Động,Nhiên Liệu Máy Xăng
Toyota Corolla Cross 1.8 V  2021,6880000000,2021,Kiểu Dáng Suv,Tình Trạng Xe Cũ,Trong Nước,50000,"Tỉnh Thành
Hà Nội",Hộp Số Số Tự Động,Nhiên Liệu Máy Xăng
Toyota Innova 2.0E 2018,4400000000,2018,Kiểu Dáng Mpv,Tình Trạng Xe Cũ,Trong Nước,100456,"Tỉnh Thành
Bình Dương",Hộp Số Số Sàn,Nhiên Liệu Máy Xăng
Ford Everest Trend 2.0 At 4X2 2019,7500000000,2019,Kiểu Dáng Suv,Tình Trạng Xe Cũ,Trong Nước,79000,"Tỉnh Thành
Bình Dương",Hộp Số Số Tự Động,Nhiên Liệu Máy Xăng
Nissan Almera Cvt Cao Cấp 2022,4400000000,2022,Kiểu Dáng Sedan,Tình Trạng Xe Cũ,Nhập Khẩu,53000,"Tỉnh Thành
Hà Nội",Hộp Số Số Tự Động,Nhiên Liệu Máy Xăng
Vinfast Fadil Nâng Cao 2020,2950000000,2020,Na,Tình Trạng Xe Cũ,Trong Nước,28000,"Tỉnh Thành
Long An",Hộp Số Số Tự Động,Nhiên Liệu Máy Xăng
Mg 5 1.5L Luxury 2022,3750000000,2022,Kiểu Dáng Sedan,Tình Trạng Xe Cũ,Nhập Khẩu,35000,"Tỉnh Thành
Hà Nội",Hộp Số Số Tự Động,Nhiên Liệu Máy Xăng
Hyundai I20 1.4 At 2012,2260000000,2012,Kiểu Dáng Hatchback,Tình Trạng Xe Cũ,Nhập Khẩu,91000,"Tỉnh Thành
Hà Nội",Hộp Số Số Tự Động,Nhiên Liệu Máy Xăng
Ford Everest Platinum 2.0L 4X4 At 2020,9000000000,2020,Kiểu Dáng Suv,Tình Trạng Xe Cũ,Nhập Khẩu,85000,"Tỉnh Thành
Lâm Đồng",Hộp Số Số Tự Động,Nhiên Liệu Máy Dầu
Kia Morning Si 1.25 Mt 2018,2250000000,2018,Kiểu Dáng Hatchback,Tình Trạng Xe Cũ,Trong Nước,80000,"Tỉnh Thành
Lâm Đồng",Hộp Số Số Sàn,Nhiên Liệu Máy Xăng
Mazda Cx-5 2.0 Deluxe 2021,6350000000,2021,Kiểu Dáng Suv,Tình Trạng Xe Cũ,Trong Nước,52000,"Tỉnh Thành
Hải Phòng",Hộp Số Số Tự Động,Nhiên Liệu Máy Xăng
Hyundai Kona 2.0 At Tiêu Chuẩn 2020,4650000000,2020,Kiểu Dáng Suv,Tình Trạng Xe Cũ,Trong Nước,58000,"Tỉnh Thành
Hải Phòng",Hộp Số Số Tự Động,Nhiên Liệu Máy Xăng
Vinfast Fadil Tiêu Chuẩn 2021,2890000000,2021,Na,Tình Trạng Xe Cũ,Trong Nước,72000,"Tỉnh Thành
Hải Phòng",Hộp Số Số Tự Động,Nhiên Liệu Máy Xăng
Chevrolet Colorado Ltz 2.8 At 4X4 2017,3900000000,2017,Kiểu Dáng Bán Tải,Tình Trạng Xe Cũ,Nhập Khẩu,130000,"Tỉnh Thành
Hà Nội",Hộp Số Số Tự Động,Nhiên Liệu Máy Dầu
Ford Focus 1.8L 2011,2200000000,2011,Kiểu Dáng Hatchback,Tình Trạng Xe Cũ,Trong Nước,125000,"Tỉnh Thành
Hà Nội",Hộp Số Số Tự Động,Nhiên Liệu Máy Xăng
Kia Sedona 3.3 Platinum G 2019,6980000000,2019,Kiểu Dáng Mpv,Tình Trạng Xe Cũ,Trong Nước,60000,"Tỉnh Thành
Tp.Hcm",Hộp Số Số Tự Động,Nhiên Liệu Máy Xăng
Subaru Outback 2.5I-T Eyesight 2022,13500000000,2022,Kiểu Dáng Crossover,Tình Trạng Xe Cũ,Nhập Khẩu,16000,"Tỉnh Thành
Hà Nội",Hộp Số Số Tự Động,Nhiên Liệu Máy Xăng
Ford Ecosport Titanium 1.5L At 2021,4450000000,2021,Kiểu Dáng Suv,Tình Trạng Xe Cũ,Trong Nước,55000,"Tỉnh Thành
Hà Nội",Hộp Số Số Tự Động,Nhiên Liệu Máy Xăng
Porsche Cayenne 3.6 V6 2014,12000000000,2014,Kiểu Dáng Suv,Tình Trạng Xe Cũ,Nhập Khẩu,88888,"Tỉnh Thành
Hà Nội",Hộp Số Số Tự Động,Nhiên Liệu Máy Xăng
Chevrolet Spark Ltz 2013,1750000000,2013,Kiểu Dáng Hatchback,Tình Trạng Xe Cũ,Trong Nước,80000,"Tỉnh Thành
Hà Nội",Hộp Số Số Tự Động,Nhiên Liệu Máy Xăng
Kia Sedona 3.3 Gath 2015,4880000000,2015,Kiểu Dáng Mpv,Tình Trạng Xe Cũ,Trong Nước,160000,"Tỉnh Thành
Hà Nội",Hộp Số Số Tự Động,Nhiên Liệu Máy Xăng
Toyota Innova 2.0 Venturer At 2021,6980000000,2021,Na,Tình Trạng Xe Cũ,Trong Nước,50000,"Tỉnh Thành
Đồng Nai",Hộp Số Số Tự Động,Nhiên Liệu Máy Xăng
Kia Carnival 2.2D Signature 2023,12590000000,2023,Kiểu Dáng Mpv,Tình Trạng Xe Cũ,Trong Nước,60000,"Tỉnh Thành
Hà Nội",Hộp Số Số Tự Động,Nhiên Liệu Máy Dầu
Mitsubishi Xpander 1.5 At  2020,4650000000,2020,Kiểu Dáng Mpv,Tình Trạng Xe Cũ,Trong Nước,88000,"Tỉnh Thành
Bình Dương",Hộp Số Số Tự Động,Nhiên Liệu Máy Xăng
Toyota Innova 2.0G 2009,2100000000,2009,Kiểu Dáng Mpv,Tình Trạng Xe Cũ,Trong Nước,120000,"Tỉnh Thành
Bình Dương",Hộp Số Số Sàn,Nhiên Liệu Máy Xăng
Mazda 2 1.5At 2019,3680000000,2019,Kiểu Dáng Hatchback,Tình Trạng Xe Cũ,Nhập Khẩu,30000,"Tỉnh Thành
Phú Thọ",Hộp Số Số Tự Động,Nhiên Liệu Máy Xăng
Toyota Vios 1.5E Mt 2018,2950000000,2018,Kiểu Dáng Sedan,Tình Trạng Xe Cũ,Trong Nước,115000,"Tỉnh Thành
Tp.Hcm",Hộp Số Số Sàn,Nhiên Liệu Máy Xăng
Toyota Fortuner 2.7 V 4X2 At 2016,5220000000,2016,Kiểu Dáng Suv,Tình Trạng Xe Cũ,Trong Nước,115000,"Tỉnh Thành
Tp.Hcm",Hộp Số Số Tự Động,Nhiên Liệu Máy Xăng
Toyota Innova 2.0 Venturer At 2017,4950000000,2017,Kiểu Dáng Mpv,Tình Trạng Xe Cũ,Trong Nước,580000,"Tỉnh Thành
Tp.Hcm",Hộp Số Số Tự Động,Nhiên Liệu Máy Xăng
Bmw 320I Executive 2016,5580000000,2016,Kiểu Dáng Sedan,Tình Trạng Xe Cũ,Nhập Khẩu,90000,"Tỉnh Thành
Tp.Hcm",Hộp Số Số Tự Động,Nhiên Liệu Máy Xăng
Bentley Bentayga 2021,129000000000,2021,Na,Tình Trạng Xe Cũ,Nhập Khẩu,7000,"Tỉnh Thành
Hà Nội",Hộp Số Số Tự Động,Nhiên Liệu Máy Xăng
Ford Ranger 2017,5750000000,2017,Kiểu Dáng Bán Tải,Tình Trạng Xe Cũ,Nhập Khẩu,90000,"Tỉnh Thành
Hà Nội",Hộp Số Số Tự Động,Nhiên Liệu Máy Dầu
Toyota Corolla Altis 2014,4150000000,2014,Na,Tình Trạng Xe Cũ,Trong Nước,180000,"Tỉnh Thành
Hà Nội",Hộp Số Số Tự Động,Nhiên Liệu Máy Xăng
Ford Ranger 2022,5850000000,2022,Kiểu Dáng Bán Tải,Tình Trạng Xe Cũ,Trong Nước,30000,"Tỉnh Thành
Hà Nội",Hộp Số Số Tự Động,Nhiên Liệu Máy Dầu
Ford Everest Titanium 2.0 At 4X2 2020,8600000000,2020,Kiểu Dáng Suv,Tình Trạng Xe Cũ,Nhập Khẩu,80000,"Tỉnh Thành
Hà Nội",Hộp Số Số Tự Động,Nhiên Liệu Máy Dầu
Mazda Cx-5 2022,7400000000,2022,Kiểu Dáng Suv,Tình Trạng Xe Cũ,Trong Nước,30000,"Tỉnh Thành
Hà Nội",Hộp Số Số Tự Động,Nhiên Liệu Máy Xăng
Toyota Veloz Cross 1.5 Cvt Top 2022,5550000000,2022,Na,Tình Trạng Xe Cũ,Nhập Khẩu,50000,"Tỉnh Thành
Nam Định",Hộp Số Số Tự Động,Nhiên Liệu Máy Xăng
Mitsubishi Triton 4×4 At Mivec Premium 2021,6300000000,2021,Kiểu Dáng Bán Tải,Tình Trạng Xe Cũ,Nhập Khẩu,80000,"Tỉnh Thành
Hà Nội",Hộp Số Số Tự Động,Nhiên Liệu Máy Dầu
Ford Everest 2020,8600000000,2020,Na,Tình Trạng Xe Cũ,Trong Nước,8200,"Tỉnh Thành
Hà Nội",Hộp Số Số Tự Động,Nhiên Liệu Máy Xăng
Nissan Navara El Premium 2019,4850000000,2019,Na,Tình Trạng Xe Cũ,Trong Nước,45000,"Tỉnh Thành
Hà Nội",Hộp Số Số Tự Động,Nhiên Liệu Máy Dầu
Toyota Vios 1.5 G Cvt 2022,4450000000,2022,Kiểu Dáng Sedan,Tình Trạng Xe Cũ,Trong Nước,61000,"Tỉnh Thành
Thái Nguyên",Hộp Số Số Tự Động,Nhiên Liệu Máy Xăng
Mazda 3 1.5L Sedan 2017,3960000000,2017,Kiểu Dáng Sedan,Tình Trạng Xe Cũ,Trong Nước,100000,"Tỉnh Thành
Hà Nội",Hộp Số Số Tự Động,Nhiên Liệu Máy Xăng
Toyota Camry 2.0E 2014,4390000000,2014,Kiểu Dáng Sedan,Tình Trạng Xe Cũ,Nhập Khẩu,135000,"Tỉnh Thành
Tp.Hcm",Hộp Số Số Tự Động,Nhiên Liệu Máy Xăng
Mercedes-Benz C300 Amg 2020,9990000000,2020,Kiểu Dáng Sedan,Tình Trạng Xe Cũ,Trong Nước,51000,"Tỉnh Thành
Tp.Hcm",Hộp Số Số Tự Động,Nhiên Liệu Máy Xăng
Mercedes-Benz Glc 200 4Matic 2021,13990000000,2021,Kiểu Dáng Suv,Tình Trạng Xe Cũ,Nhập Khẩu,40000,"Tỉnh Thành
Hà Nội",Hộp Số Số Tự Động,Nhiên Liệu Máy Xăng
Porsche Cayenne 3.6 V6 2014,11880000000,2014,Kiểu Dáng Suv,Tình Trạng Xe Cũ,Nhập Khẩu,92,"Tỉnh Thành
Tp.Hcm",Hộp Số Số Tự Động,Nhiên Liệu Máy Xăng
Vinfast Vf 3 2024,2400000000,2024,Kiểu Dáng Crossover,Tình Trạng Xe Cũ,Trong Nước,6611,"Tỉnh Thành
Hà Nội",Hộp Số Số Tự Động,Nhiên Liệu Điện
Mercedes-Benz Glc 300 4Matic V1 2022,18390000000,2022,Kiểu Dáng Suv,Tình Trạng Xe Cũ,Trong Nước,32000,"Tỉnh Thành
Hà Nội",Hộp Số Số Tự Động,Nhiên Liệu Máy Xăng
Porsche Cayenne V6 3.0 2021,38990000000,2021,Kiểu Dáng Suv,Tình Trạng Xe Cũ,Nhập Khẩu,63000,"Tỉnh Thành
Hà Nội",Hộp Số Số Tự Động,Nhiên Liệu Máy Xăng
Mercedes-Benz S450 4Matic 2022,37990000000,2022,Kiểu Dáng Sedan,Tình Trạng Xe Cũ,Nhập Khẩu,24000,"Tỉnh Thành
Hà Nội",Hộp Số Số Tự Động,Nhiên Liệu Máy Xăng
Mercedes-Benz Glc 300 4Matic 2023,18500000000,2023,Kiểu Dáng Suv,Tình Trạng Xe Cũ,Nhập Khẩu,19000,"Tỉnh Thành
Hà Nội",Hộp Số Số Tự Động,Nhiên Liệu Máy Xăng
Mg 5 1.5L Luxury 2023,4350000000,2023,Kiểu Dáng Sedan,Tình Trạng Xe Cũ,Nhập Khẩu,12895,"Tỉnh Thành
Tp.Hcm",Hộp Số Số Tự Động,Nhiên Liệu Máy Xăng
Kia Cerato 2.0 At Premium 2020,4850000000,2020,Kiểu Dáng Sedan,Tình Trạng Xe Cũ,Trong Nước,39000,"Tỉnh Thành
Hà Nội",Hộp Số Số Tự Động,Nhiên Liệu Máy Xăng
Toyota Innova 2.0E 2017,4350000000,2017,Kiểu Dáng Mpv,Tình Trạng Xe Cũ,Trong Nước,82000,"Tỉnh Thành
Tp.Hcm",Hộp Số Số Sàn,Nhiên Liệu Máy Xăng
Nissan X Trail 2.5 Sv 4Wd Premium 2018,5950000000,2018,Kiểu Dáng Suv,Tình Trạng Xe Cũ,Trong Nước,50000,"Tỉnh Thành
Tp.Hcm",Hộp Số Số Tự Động,Nhiên Liệu Máy Xăng
Nissan X Trail 2.5 Sv 4Wd Premium 2018,5950000000,2018,Kiểu Dáng Suv,Tình Trạng Xe Cũ,Trong Nước,50000,"Tỉnh Thành
Tp.Hcm",Hộp Số Số Tự Động,Nhiên Liệu Máy Xăng
Toyota Fortuner 2.4 Mt 4X2 2019,7150000000,2019,Kiểu Dáng Suv,Tình Trạng Xe Cũ,Trong Nước,107000,"Tỉnh Thành
Tp.Hcm",Hộp Số Số Sàn,Nhiên Liệu Máy Dầu
Kia Forte Sli 1.6 At 2011,2400000000,2011,Kiểu Dáng Sedan,Tình Trạng Xe Cũ,Trong Nước,99000,"Tỉnh Thành
Bình Dương",Hộp Số Số Tự Động,Nhiên Liệu Máy Xăng
Suzuki Xl7 2020,4200000000,2020,Kiểu Dáng Suv,Tình Trạng Xe Cũ,Trong Nước,55000,"Tỉnh Thành
Bình Phước",Hộp Số Số Tự Động,Nhiên Liệu Máy Xăng
Toyota Vios 1.5G At 2021,4380000000,2021,Na,Tình Trạng Xe Cũ,Trong Nước,55000,"Tỉnh Thành
Bình Phước",Hộp Số Số Tự Động,Nhiên Liệu Máy Xăng
Kia Sorento 2.4L At 2017,4290000000,2017,Kiểu Dáng Suv,Tình Trạng Xe Cũ,Trong Nước,90100,"Tỉnh Thành
Hà Nội",Hộp Số Số Tự Động,Nhiên Liệu Máy Xăng
Mercedes-Benz Glc 300 4Matic 2023,23990000000,2023,Kiểu Dáng Suv,Tình Trạng Xe Cũ,Trong Nước,15000,"Tỉnh Thành
Hà Nội",Hộp Số Số Tự Động,Nhiên Liệu Máy Xăng
Lexus Lx 570 2021,83400000000,2021,Na,Tình Trạng Xe Cũ,Nhập Khẩu,10000,"Tỉnh Thành
Hà Nội",Hộp Số Số Tự Động,Nhiên Liệu Máy Xăng
Toyota Innova 2.0E 2017,3960000000,2017,Kiểu Dáng Mpv,Tình Trạng Xe Cũ,Trong Nước,110000,"Tỉnh Thành
Hà Nội",Hộp Số Số Sàn,Nhiên Liệu Máy Xăng
Kia Rio 1.4 At 2016,3160000000,2016,Kiểu Dáng Sedan,Tình Trạng Xe Cũ,Nhập Khẩu,65000,"Tỉnh Thành
Hà Nội",Hộp Số Số Tự Động,Nhiên Liệu Máy Xăng
Vinfast Fadil Cao Cấp 2021,3190000000,2021,Kiểu Dáng Hatchback,Tình Trạng Xe Cũ,Trong Nước,30000,"Tỉnh Thành
Hà Nội",Hộp Số Số Tự Động,Nhiên Liệu Máy Xăng
Honda Cr-V 1.5 L 2018,7080000000,2018,Kiểu Dáng Suv,Tình Trạng Xe Cũ,Nhập Khẩu,100000,"Tỉnh Thành
Hà Nội",Hộp Số Số Tự Động,Nhiên Liệu Máy Xăng
Toyota Corolla Altis 2.0V  2015,4500000000,2015,Kiểu Dáng Sedan,Tình Trạng Xe Cũ,Trong Nước,115000,"Tỉnh Thành
Tp.Hcm",Hộp Số Số Tự Động,Nhiên Liệu Máy Xăng
Hyundai Santa Fe 2.2 Dầu Cao Cấp 2022,11190000000,2022,Kiểu Dáng Suv,Tình Trạng Xe Cũ,Trong Nước,48000,"Tỉnh Thành
Hà Nội",Hộp Số Số Tự Động,Nhiên Liệu Máy Dầu
Hyundai Tucson 2015,5300000000,2015,Kiểu Dáng Suv,Tình Trạng Xe Cũ,Nhập Khẩu,88000,"Tỉnh Thành
Bình Dương",Hộp Số Số Tự Động,Nhiên Liệu Máy Xăng
Honda Hr-V L 2019,5100000000,2019,Kiểu Dáng Crossover,Tình Trạng Xe Cũ,Nhập Khẩu,60000,"Tỉnh Thành
Tp.Hcm",Hộp Số Số Tự Động,Nhiên Liệu Máy Xăng
Kia Sorento 2.2 Dat Premium 2021,8500000000,2021,Kiểu Dáng Suv,Tình Trạng Xe Cũ,Trong Nước,51000,"Tỉnh Thành
Bình Phước",Hộp Số Số Tự Động,Nhiên Liệu Máy Dầu
Kia Sorento 2.4At 2017,5300000000,2017,Kiểu Dáng Suv,Tình Trạng Xe Cũ,Trong Nước,70000,"Tỉnh Thành
Bình Phước",Hộp Số Số Tự Động,Nhiên Liệu Máy Xăng
Ford Ranger 2015,3150000000,2015,Na,Tình Trạng Xe Cũ,Trong Nước,90000,"Tỉnh Thành
Bình Phước",Hộp Số Số Tự Động,Nhiên Liệu Máy Xăng
Ford Ranger Xl 2.0L 4X4 Mt 2022,5600000000,2022,Kiểu Dáng Bán Tải,Tình Trạng Xe Cũ,Trong Nước,33000,"Tỉnh Thành
Bình Phước",Hộp Số Số Sàn,Nhiên Liệu Máy Dầu
Toyota Fortuner 2017,8500000000,2017,Kiểu Dáng Suv,Tình Trạng Xe Cũ,Trong Nước,51000,"Tỉnh Thành
Bình Phước",Hộp Số Số Tự Động,Nhiên Liệu Máy Dầu
Toyota Fortuner 2.4 Mt 4X2 2017,7000000000,2017,Kiểu Dáng Suv,Tình Trạng Xe Cũ,Trong Nước,54000,"Tỉnh Thành
Bình Phước",Hộp Số Số Sàn,Nhiên Liệu Máy Dầu
Mercedes-Benz Amg Gle 53 4Matic Coupe 2022,38990000000,2022,Kiểu Dáng Suv,Tình Trạng Xe Cũ,Nhập Khẩu,13333,"Tỉnh Thành
Tp.Hcm",Hộp Số Số Tự Động,Nhiên Liệu Máy Xăng
Jeep Wrangler Rubicon 2021,24990000000,2021,Kiểu Dáng Suv,Tình Trạng Xe Cũ,Nhập Khẩu,45000,"Tỉnh Thành
Tp.Hcm",Hộp Số Số Tự Động,Nhiên Liệu Máy Xăng
Porsche 718 Boxster T 2023,49500000000,2023,Kiểu Dáng Convertible,Tình Trạng Xe Cũ,Nhập Khẩu,1300,"Tỉnh Thành
Tp.Hcm",Hộp Số Số Tự Động,Nhiên Liệu Máy Xăng
Ford Ecosport Trend 2018,3500000000,2018,Kiểu Dáng Suv,Tình Trạng Xe Cũ,Nhập Khẩu,120000,"Tỉnh Thành
Đà Nẵng",Hộp Số Số Tự Động,Nhiên Liệu Máy Xăng
Hyundai Santa Fe 2.5 Xăng Cao Cấp 2020,8100000000,2020,Kiểu Dáng Suv,Tình Trạng Xe Cũ,Trong Nước,40000,"Tỉnh Thành
Hà Nội",Hộp Số Số Tự Động,Nhiên Liệu Máy Xăng
Hyundai Santa Fe 2.4L Xăng Cao Cấp 2017,6550000000,2017,Kiểu Dáng Suv,Tình Trạng Xe Cũ,Trong Nước,70000,"Tỉnh Thành
Hà Nội",Hộp Số Số Tự Động,Nhiên Liệu Máy Xăng
Hyundai Santa Fe 2.2 Dầu Cao Cấp 2020,8550000000,2020,Kiểu Dáng Suv,Tình Trạng Xe Cũ,Trong Nước,85000,"Tỉnh Thành
Hà Nội",Hộp Số Số Tự Động,Nhiên Liệu Máy Dầu
Hyundai Santa Fe 2009,3860000000,2009,Kiểu Dáng Suv,Tình Trạng Xe Cũ,Nhập Khẩu,130000,"Tỉnh Thành
Hà Nội",Hộp Số Số Tự Động,Nhiên Liệu Máy Xăng
Kia Rondo 2016,3600000000,2016,Kiểu Dáng Mpv,Tình Trạng Xe Cũ,Trong Nước,90000,"Tỉnh Thành
Hà Nội",Hộp Số Số Tự Động,Nhiên Liệu Máy Xăng
Honda Civic 1.8 At 2011,2550000000,2011,Kiểu Dáng Sedan,Tình Trạng Xe Cũ,Trong Nước,150000,"Tỉnh Thành
Phú Thọ",Hộp Số Số Tự Động,Nhiên Liệu Máy Xăng
Toyota Fortuner 2.7 V 4X2 At 2017,6590000000,2017,Kiểu Dáng Suv,Tình Trạng Xe Cũ,Trong Nước,83000,"Tỉnh Thành
Hà Nội",Hộp Số Số Tự Động,Nhiên Liệu Máy Xăng
Gac M8 2024,16990000000,2024,Kiểu Dáng Mpv,Tình Trạng Xe Cũ,Nhập Khẩu,7000,"Tỉnh Thành
Hà Nội",Hộp Số Số Tự Động,Nhiên Liệu Máy Xăng
Ford Ranger Raptor 2024,11350000000,2024,Kiểu Dáng Bán Tải,Tình Trạng Xe Cũ,Nhập Khẩu,35000,"Tỉnh Thành
Hà Nội",Hộp Số Số Tự Động,Nhiên Liệu Máy Dầu
Hyundai Accent 1.4 At 2018,3500000000,2018,Kiểu Dáng Sedan,Tình Trạng Xe Cũ,Trong Nước,80,"Tỉnh Thành
Thanh Hóa",Hộp Số Số Tự Động,Nhiên Liệu Máy Xăng
Ford Everest Titanium 2.0 At 4X2 2020,8200000000,2020,Kiểu Dáng Suv,Tình Trạng Xe Cũ,Nhập Khẩu,70,"Tỉnh Thành
Thanh Hóa",Hộp Số Số Tự Động,Nhiên Liệu Máy Dầu
Mazda 2 1.5At 2016,2900000000,2016,Kiểu Dáng Sedan,Tình Trạng Xe Cũ,Trong Nước,80,"Tỉnh Thành
Thanh Hóa",Hộp Số Số Tự Động,Nhiên Liệu Máy Xăng
Ford Ranger Xls 2.0L 4X2 At 2015,3600000000,2015,Kiểu Dáng Bán Tải,Tình Trạng Xe Cũ,Nhập Khẩu,90,"Tỉnh Thành
Thanh Hóa",Hộp Số Số Tự Động,Nhiên Liệu Máy Dầu
Mazda Bt-50 1.9 At 4X2 2017,3900000000,2017,Kiểu Dáng Bán Tải,Tình Trạng Xe Cũ,Nhập Khẩu,90,"Tỉnh Thành
Thanh Hóa",Hộp Số Số Tự Động,Nhiên Liệu Máy Dầu
Kia Morning Si 1.25 At 2016,2350000000,2016,Kiểu Dáng Hatchback,Tình Trạng Xe Cũ,Trong Nước,110000,"Tỉnh Thành
Hà Nội",Hộp Số Số Tự Động,Nhiên Liệu Máy Xăng
Vinfast Fadil Nâng Cao 2019,3100000000,2019,Kiểu Dáng Hatchback,Tình Trạng Xe Cũ,Trong Nước,40000,"Tỉnh Thành
Bình Dương",Hộp Số Số Tự Động,Nhiên Liệu Máy Xăng
Toyota Innova 2.0 Venturer At 2022,7200000000,2022,Kiểu Dáng Mpv,Tình Trạng Xe Cũ,Trong Nước,100000,"Tỉnh Thành
Bình Dương",Hộp Số Số Tự Động,Nhiên Liệu Máy Xăng
Vinfast Fadil Nâng Cao 2019,3100000000,2019,Kiểu Dáng Hatchback,Tình Trạng Xe Cũ,Trong Nước,40000,"Tỉnh Thành
Bình Dương",Hộp Số Số Tự Động,Nhiên Liệu Máy Xăng
Toyota Innova 2.0 Venturer At 2022,7200000000,2022,Kiểu Dáng Mpv,Tình Trạng Xe Cũ,Trong Nước,100000,"Tỉnh Thành
Bình Dương",Hộp Số Số Tự Động,Nhiên Liệu Máy Xăng
Mercedes-Benz E300 Amg 2021,16990000000,2021,Kiểu Dáng Sedan,Tình Trạng Xe Cũ,Nhập Khẩu,41000,"Tỉnh Thành
Tp.Hcm",Hộp Số Số Tự Động,Nhiên Liệu Máy Xăng
Toyota Land Cruiser 2020,8280000000,2020,Kiểu Dáng Suv,Tình Trạng Xe Cũ,Nhập Khẩu,76000,"Tỉnh Thành
Hà Nội",Hộp Số Số Tự Động,Nhiên Liệu Máy Xăng
Volkswagen Tiguan  2010,3450000000,2010,Kiểu Dáng Suv,Tình Trạng Xe Cũ,Nhập Khẩu,95000,"Tỉnh Thành
Tp.Hcm",Hộp Số Số Tự Động,Nhiên Liệu Máy Xăng
Toyota Fortuner 2.7V Trd 4X4 2016,5350000000,2016,Kiểu Dáng Suv,Tình Trạng Xe Cũ,Trong Nước,140000,"Tỉnh Thành
Hà Nội",Hộp Số Số Tự Động,Nhiên Liệu Máy Xăng
Ford Ranger Xls 2.2 4X2 At 2016,3800000000,2016,Kiểu Dáng Bán Tải,Tình Trạng Xe Cũ,Trong Nước,80000,"Tỉnh Thành
Hà Nội",Hộp Số Số Tự Động,Nhiên Liệu Máy Dầu
Hyundai Accent 1.4 At Đặc Biệt 2022,4350000000,2022,Kiểu Dáng Sedan,Tình Trạng Xe Cũ,Trong Nước,40000,"Tỉnh Thành
Hà Nội",Hộp Số Số Tự Động,Nhiên Liệu Máy Xăng
Chevrolet Cruze Ltz 1.8 2016,2600000000,2016,Kiểu Dáng Sedan,Tình Trạng Xe Cũ,Trong Nước,50000,"Tỉnh Thành
Tp.Hcm",Hộp Số Số Tự Động,Nhiên Liệu Máy Xăng
Vinfast Vf8 2023,7100000000,2023,Na,Tình Trạng Xe Cũ,Trong Nước,55000,"Tỉnh Thành
Vĩnh Phúc",Hộp Số Số Tự Động,Nhiên Liệu Máy Xăng
Vinfast Vf8 2023,7100000000,2023,Na,Tình Trạng Xe Cũ,Trong Nước,45000,"Tỉnh Thành
Vĩnh Phúc",Hộp Số Số Tự Động,Nhiên Liệu Máy Xăng
Vinfast Vf8 2023,6950000000,2023,Na,Tình Trạng Xe Cũ,Trong Nước,56000,"Tỉnh Thành
Vĩnh Phúc",Hộp Số Số Tự Động,Nhiên Liệu Máy Xăng
Vinfast Lux A2.0 2020,5000000000,2020,Na,Tình Trạng Xe Cũ,Trong Nước,50000,"Tỉnh Thành
Vĩnh Phúc",Hộp Số Số Tự Động,Nhiên Liệu Máy Xăng
Vinfast Fadil 2020,2750000000,2020,Na,Tình Trạng Xe Cũ,Trong Nước,50000,"Tỉnh Thành
Vĩnh Phúc",Hộp Số Số Tự Động,Nhiên Liệu Máy Xăng
Mitsubishi Attrage 2022,2550000000,2022,Na,Tình Trạng Xe Cũ,Trong Nước,45000,"Tỉnh Thành
Vĩnh Phúc",Hộp Số Số Tự Động,Nhiên Liệu Máy Xăng
Suzuki Ertiga 1.5L Sport At 2017,3350000000,2017,Kiểu Dáng Mpv,Tình Trạng Xe Cũ,Nhập Khẩu,90000,"Tỉnh Thành
Hà Nội",Hộp Số Số Tự Động,Nhiên Liệu Máy Xăng
Mitsubishi Xpander At Premium 2021,4750000000,2021,Kiểu Dáng Suv,Tình Trạng Xe Cũ,Nhập Khẩu,50000,"Tỉnh Thành
Hà Nội",Hộp Số Số Tự Động,Nhiên Liệu Máy Xăng
Mercedes-Benz Gla 45 Amg 2015,6780000000,2015,Kiểu Dáng Crossover,Tình Trạng Xe Cũ,Nhập Khẩu,85000,"Tỉnh Thành
Hà Nội",Hộp Số Số Tự Động,Nhiên Liệu Máy Xăng
Mazda 6 2.0 Premium 2022,6780000000,2022,Kiểu Dáng Sedan,Tình Trạng Xe Cũ,Trong Nước,36000,"Tỉnh Thành
Hà Nội",Hộp Số Số Tự Động,Nhiên Liệu Máy Xăng
Hyundai Accent 1.4 At 2022,4290000000,2022,Kiểu Dáng Sedan,Tình Trạng Xe Cũ,Trong Nước,50000,"Tỉnh Thành
Hà Nội",Hộp Số Số Tự Động,Nhiên Liệu Máy Xăng
Kia Cerato 2021,4790000000,2021,Kiểu Dáng Sedan,Tình Trạng Xe Cũ,Trong Nước,70000,"Tỉnh Thành
Hà Nội",Hộp Số Số Tự Động,Nhiên Liệu Máy Xăng
Hyundai Accent 1.4 At Đặc Biệt 2022,4390000000,2022,Kiểu Dáng Sedan,Tình Trạng Xe Cũ,Trong Nước,50000,"Tỉnh Thành
Hà Nội",Hộp Số Số Tự Động,Nhiên Liệu Máy Xăng
Toyota Fortuner 2.4 Mt 4X2 2019,7750000000,2019,Kiểu Dáng Suv,Tình Trạng Xe Cũ,Nhập Khẩu,20000,"Tỉnh Thành
Tp.Hcm",Hộp Số Số Sàn,Nhiên Liệu Máy Dầu
Toyota Camry 2.0E 2013,4360000000,2013,Kiểu Dáng Sedan,Tình Trạng Xe Cũ,Trong Nước,128000,"Tỉnh Thành
Hà Nội",Hộp Số Số Tự Động,Nhiên Liệu Máy Xăng
Hyundai Santa Fe 2.2L Dầu Tiêu Chuẩn 2022,9690000000,2022,Kiểu Dáng Suv,Tình Trạng Xe Cũ,Trong Nước,63000,"Tỉnh Thành
Hà Nội",Hộp Số Số Tự Động,Nhiên Liệu Máy Dầu
Toyota Vios 1.5E Mt 2023,3790000000,2023,Kiểu Dáng Sedan,Tình Trạng Xe Cũ,Trong Nước,47000,"Tỉnh Thành
Hà Nội",Hộp Số Số Sàn,Nhiên Liệu Máy Xăng
Toyota Raize 2023,4950000000,2023,Kiểu Dáng Suv,Tình Trạng Xe Cũ,Trong Nước,15000,"Tỉnh Thành
Bình Dương",Hộp Số Số Tự Động,Nhiên Liệu Máy Xăng
Toyota Fortuner 2022,9550000000,2022,Kiểu Dáng Suv,Tình Trạng Xe Cũ,Trong Nước,42000,"Tỉnh Thành
Đồng Nai",Hộp Số Số Tự Động,Nhiên Liệu Máy Dầu
Honda City 1.5 Top Cvt 2018,3750000000,2018,Kiểu Dáng Sedan,Tình Trạng Xe Cũ,Trong Nước,80000,"Tỉnh Thành
Bình Dương",Hộp Số Số Tự Động,Nhiên Liệu Máy Xăng
Toyota Vios 1.5G At 2016,3150000000,2016,Kiểu Dáng Sedan,Tình Trạng Xe Cũ,Trong Nước,100000,"Tỉnh Thành
Bình Dương",Hộp Số Số Tự Động,Nhiên Liệu Máy Xăng
Toyota Vios 1.5E Mt 2018,2680000000,2018,Kiểu Dáng Sedan,Tình Trạng Xe Cũ,Trong Nước,90000,"Tỉnh Thành
Bình Dương",Hộp Số Số Sàn,Nhiên Liệu Máy Xăng
Hyundai Elantra 2022,4990000000,2022,Kiểu Dáng Sedan,Tình Trạng Xe Cũ,Trong Nước,43000,"Tỉnh Thành
Hà Nội",Hộp Số Số Tự Động,Nhiên Liệu Máy Xăng
Kia Sportage 1.6 T Signature X-Line Awd 2022,8390000000,2022,Kiểu Dáng Suv,Tình Trạng Xe Cũ,Nhập Khẩu,27000,"Tỉnh Thành
Hà Nội",Hộp Số Số Tự Động,Nhiên Liệu Máy Xăng
Hyundai Elantra Sport 1.6 2020,5090000000,2020,Kiểu Dáng Sedan,Tình Trạng Xe Cũ,Trong Nước,61000,"Tỉnh Thành
Hà Nội",Hộp Số Số Tự Động,Nhiên Liệu Máy Xăng
Hyundai Accent 1.4 At 2023,4750000000,2023,Kiểu Dáng Sedan,Tình Trạng Xe Cũ,Trong Nước,13000,"Tỉnh Thành
Hà Nội",Hộp Số Số Tự Động,Nhiên Liệu Máy Xăng
Vinfast Lux Sa2.0 Nâng Cao 2021,7300000000,2021,Kiểu Dáng Suv,Tình Trạng Xe Cũ,Trong Nước,50000,"Tỉnh Thành
Bình Dương",Hộp Số Số Tự Động,Nhiên Liệu Máy Xăng
Toyota Land Cruiser Vxs V8 5.7L 2021,45390000000,2021,Kiểu Dáng Suv,Tình Trạng Xe Cũ,Nhập Khẩu,60000,"Tỉnh Thành
Hà Nội",Hộp Số Số Tự Động,Nhiên Liệu Máy Xăng
Mercedes-Benz Maybach S450 4Matic 2020,42860000000,2020,Kiểu Dáng Sedan,Tình Trạng Xe Cũ,Nhập Khẩu,30000,"Tỉnh Thành
Hà Nội",Hộp Số Số Tự Động,Nhiên Liệu Máy Xăng
Mercedes-Benz Maybach S450 4Matic 2020,42860000000,2020,Kiểu Dáng Sedan,Tình Trạng Xe Cũ,Nhập Khẩu,30000,"Tỉnh Thành
Hà Nội",Hộp Số Số Tự Động,Nhiên Liệu Máy Xăng
Vinfast Vf8 2023,6900000000,2023,Kiểu Dáng Suv,Tình Trạng Xe Cũ,Trong Nước,55000,"Tỉnh Thành
Hà Nội",Hộp Số Số Tự Động,Nhiên Liệu Điện
Vinfast Lux Sa2.0 2022,7450000000,2022,Kiểu Dáng Suv,Tình Trạng Xe Cũ,Trong Nước,75000,"Tỉnh Thành
Hà Nội",Hộp Số Số Tự Động,Nhiên Liệu Máy Xăng
Toyota Corolla Altis 2.0V Sport 2017,4890000000,2017,Kiểu Dáng Sedan,Tình Trạng Xe Cũ,Trong Nước,108000,"Tỉnh Thành
Hà Nội",Hộp Số Số Tự Động,Nhiên Liệu Máy Xăng
Mercedes-Benz G63 4.0 V8 2019,74390000000,2019,Kiểu Dáng Suv,Tình Trạng Xe Cũ,Nhập Khẩu,65000,"Tỉnh Thành
Hà Nội",Hộp Số Số Tự Động,Nhiên Liệu Máy Xăng
Maserati Ghibli Grandsport 2018,23330000000,2018,Kiểu Dáng Sedan,Tình Trạng Xe Cũ,Nhập Khẩu,20000,"Tỉnh Thành
Hà Nội",Hộp Số Số Tự Động,Nhiên Liệu Máy Xăng
Mercedes-Benz E180 V1 2022,15590000000,2022,Kiểu Dáng Sedan,Tình Trạng Xe Cũ,Trong Nước,5999,"Tỉnh Thành
Hà Nội",Hộp Số Số Tự Động,Nhiên Liệu Máy Xăng
Maserati Ghibli Grandsport 2018,23330000000,2018,Kiểu Dáng Sedan,Tình Trạng Xe Cũ,Nhập Khẩu,20000,"Tỉnh Thành
Hà Nội",Hộp Số Số Tự Động,Nhiên Liệu Máy Xăng
Mercedes-Benz E180 V1 2022,15590000000,2022,Kiểu Dáng Sedan,Tình Trạng Xe Cũ,Trong Nước,5999,"Tỉnh Thành
Hà Nội",Hộp Số Số Tự Động,Nhiên Liệu Máy Xăng
Suzuki Swift Glx 1.2 Cvt 2023,5290000000,2023,Kiểu Dáng Hatchback,Tình Trạng Xe Cũ,Nhập Khẩu,22000,"Tỉnh Thành
Hà Nội",Hộp Số Số Tự Động,Nhiên Liệu Máy Xăng
Mazda 3 Sedan 1.5L Deluxe 2022,5150000000,2022,Kiểu Dáng Sedan,Tình Trạng Xe Cũ,Trong Nước,11000,"Tỉnh Thành
Hà Nội",Hộp Số Số Tự Động,Nhiên Liệu Máy Xăng
Chevrolet Cruze Ls 2011,1500000000,2011,Na,Tình Trạng Xe Cũ,Trong Nước,74000,"Tỉnh Thành
Thanh Hóa",Hộp Số Số Tự Động,Nhiên Liệu Máy Xăng
Hyundai Tucson 2.0 Dầu Đặc Biệt 2022,8150000000,2022,Kiểu Dáng Suv,Tình Trạng Xe Cũ,Trong Nước,100000,"Tỉnh Thành
Tây Ninh",Hộp Số Số Tự Động,Nhiên Liệu Máy Dầu
Toyota Fortuner 2.7V 2021,8960000000,2021,Kiểu Dáng Suv,Tình Trạng Xe Cũ,Nhập Khẩu,39000,"Tỉnh Thành
Hà Nội",Hộp Số Số Tự Động,Nhiên Liệu Máy Xăng
Toyota Innova 2.0E 2018,4250000000,2018,Kiểu Dáng Mpv,Tình Trạng Xe Cũ,Trong Nước,86000,"Tỉnh Thành
Hà Nội",Hộp Số Số Sàn,Nhiên Liệu Máy Xăng
Peugeot 3008 Gt 2022,8400000000,2022,Kiểu Dáng Suv,Tình Trạng Xe Cũ,Nhập Khẩu,22000,"Tỉnh Thành
Tp.Hcm",Hộp Số Số Tự Động,Nhiên Liệu Máy Xăng
Ford Mustang Ecoboost 2019,17500000000,2019,Kiểu Dáng Sport Car,Tình Trạng Xe Cũ,Nhập Khẩu,30000,"Tỉnh Thành
Tp.Hcm",Hộp Số Số Tự Động,Nhiên Liệu Máy Xăng
Kia Cerato 1.6 Mt 2017,3250000000,2017,Kiểu Dáng Sedan,Tình Trạng Xe Cũ,Trong Nước,96000,"Tỉnh Thành
Đà Nẵng",Hộp Số Số Tự Động,Nhiên Liệu Máy Xăng
Mercedes-Benz C200 2.0 At 2015,5660000000,2015,Kiểu Dáng Sedan,Tình Trạng Xe Cũ,Nhập Khẩu,100000,"Tỉnh Thành
Hà Nội",Hộp Số Số Tự Động,Nhiên Liệu Máy Xăng
Kia Sonet 1.5 Premium 2023,5500000000,2023,Kiểu Dáng Crossover,Tình Trạng Xe Cũ,Trong Nước,13000,"Tỉnh Thành
Hà Nội",Hộp Số Số Tự Động,Nhiên Liệu Máy Xăng
Suzuki Ertiga 1.5L Sport At 2020,3850000000,2020,Kiểu Dáng Mpv,Tình Trạng Xe Cũ,Nhập Khẩu,90000,"Tỉnh Thành
Tp.Hcm",Hộp Số Số Tự Động,Nhiên Liệu Máy Xăng
Toyota Fortuner 2.4 Mt 4X2 2022,8150000000,2022,Kiểu Dáng Suv,Tình Trạng Xe Cũ,Trong Nước,89000,"Tỉnh Thành
Tp.Hcm",Hộp Số Số Sàn,Nhiên Liệu Máy Dầu
Hyundai I20 1.4 At 2009,1950000000,2009,Kiểu Dáng Hatchback,Tình Trạng Xe Cũ,Nhập Khẩu,123000,"Tỉnh Thành
Tp.Hcm",Hộp Số Số Tự Động,Nhiên Liệu Máy Xăng
Porsche Cayenne 2024,65800000000,2024,Kiểu Dáng Suv,Tình Trạng Xe Cũ,Nhập Khẩu,2999,"Tỉnh Thành
Hà Nội",Hộp Số Số Tự Động,Nhiên Liệu Máy Xăng
Mercedes-Benz E180 V1 2022,14890000000,2022,Kiểu Dáng Sedan,Tình Trạng Xe Cũ,Trong Nước,6789,"Tỉnh Thành
Hà Nội",Hộp Số Số Tự Động,Nhiên Liệu Máy Xăng
Mazda 3 1.5L Sedan 2017,4100000000,2017,Kiểu Dáng Sedan,Tình Trạng Xe Cũ,Trong Nước,70000,"Tỉnh Thành
Hà Nội",Hộp Số Số Tự Động,Nhiên Liệu Máy Xăng
Suzuki Celerio 1.0 Mt 2018,1850000000,2018,Kiểu Dáng Hatchback,Tình Trạng Xe Cũ,Nhập Khẩu,109000,"Tỉnh Thành
Lâm Đồng",Hộp Số Số Sàn,Nhiên Liệu Máy Xăng
Toyota Vios 2020,4020000000,2020,Kiểu Dáng Sedan,Tình Trạng Xe Cũ,Trong Nước,70000,"Tỉnh Thành
Hà Nội",Hộp Số Số Tự Động,Nhiên Liệu Máy Xăng
Vinfast Vf8 Plus 2022,7200000000,2022,Kiểu Dáng Suv,Tình Trạng Xe Cũ,Trong Nước,56000,"Tỉnh Thành
Hà Nội",Hộp Số Số Tự Động,Nhiên Liệu Điện
Ford Territory 1.5L Titanium 2024,7680000000,2024,Kiểu Dáng Suv,Tình Trạng Xe Cũ,Nhập Khẩu,16000,"Tỉnh Thành
Bình Dương",Hộp Số Số Tự Động,Nhiên Liệu Máy Xăng
Mitsubishi Xpander 1.5 At  2019,4280000000,2019,Kiểu Dáng Mpv,Tình Trạng Xe Cũ,Nhập Khẩu,80000,"Tỉnh Thành
Bình Dương",Hộp Số Số Tự Động,Nhiên Liệu Máy Xăng
Mazda 3 1.6 At 2017,4080000000,2017,Kiểu Dáng Sedan,Tình Trạng Xe Cũ,Trong Nước,80000,"Tỉnh Thành
Bình Dương",Hộp Số Số Tự Động,Nhiên Liệu Máy Xăng
Toyota Innova 2.0G 2015,3500000000,2015,Kiểu Dáng Suv,Tình Trạng Xe Cũ,Trong Nước,110000,"Tỉnh Thành
Lâm Đồng",Hộp Số Số Sàn,Nhiên Liệu Máy Xăng
Mazda 2 1.5At 2016,2800000000,2016,Kiểu Dáng Sedan,Tình Trạng Xe Cũ,Nhập Khẩu,101260,"Tỉnh Thành
Hải Phòng",Hộp Số Số Tự Động,Nhiên Liệu Máy Xăng
Kia Sedona 2.2 Platinum D 2019,7600000000,2019,Kiểu Dáng Mpv,Tình Trạng Xe Cũ,Trong Nước,120000,"Tỉnh Thành
Hà Nội",Hộp Số Số Tự Động,Nhiên Liệu Máy Dầu
Lexus Rx 300 T 2019,22900000000,2019,Kiểu Dáng Sedan,Tình Trạng Xe Cũ,Nhập Khẩu,83000,"Tỉnh Thành
Tp.Hcm",Hộp Số Số Tự Động,Nhiên Liệu Máy Xăng
Kia Seltos 1.6 Premium 2021,5850000000,2021,Kiểu Dáng Crossover,Tình Trạng Xe Cũ,Trong Nước,65000,"Tỉnh Thành
Hà Nội",Hộp Số Số Tự Động,Nhiên Liệu Máy Xăng
Toyota Corolla Cross 1.8 V  2021,6850000000,2021,Kiểu Dáng Crossover,Tình Trạng Xe Cũ,Trong Nước,46000,"Tỉnh Thành
Hà Nội",Hộp Số Số Tự Động,Nhiên Liệu Máy Xăng
Mazda Cx-5 2.5L Luxury 2019,5750000000,2019,Kiểu Dáng Suv,Tình Trạng Xe Cũ,Trong Nước,140000,"Tỉnh Thành
Hà Nội",Hộp Số Số Tự Động,Nhiên Liệu Máy Xăng
Ford Ecosport Titanium 1.5L At 2017,3350000000,2017,Kiểu Dáng Suv,Tình Trạng Xe Cũ,Trong Nước,69000,"Tỉnh Thành
Tp.Hcm",Hộp Số Số Tự Động,Nhiên Liệu Máy Xăng
Peugeot 5008 1.6L Turbo 2022,8500000000,2022,Kiểu Dáng Suv,Tình Trạng Xe Cũ,Nhập Khẩu,17000,"Tỉnh Thành
Tp.Hcm",Hộp Số Số Tự Động,Nhiên Liệu Máy Xăng
Toyota Innova 2.0V 2010,2790000000,2010,Kiểu Dáng Mpv,Tình Trạng Xe Cũ,Trong Nước,186000,"Tỉnh Thành
Tp.Hcm",Hộp Số Số Tự Động,Nhiên Liệu Máy Xăng
Lexus Rx 300 F-Sport 2022,31680000000,2022,Kiểu Dáng Suv,Tình Trạng Xe Cũ,Nhập Khẩu,42000,"Tỉnh Thành
Tp.Hcm",Hộp Số Số Tự Động,Nhiên Liệu Máy Xăng
Toyota Fortuner 2.4 Mt 4X2 2022,8680000000,2022,Kiểu Dáng Suv,Tình Trạng Xe Cũ,Trong Nước,62000,"Tỉnh Thành
Tp.Hcm",Hộp Số Số Sàn,Nhiên Liệu Máy Dầu
Mazda 2 Sport 1.5L Luxury 2016,3030000000,2016,Kiểu Dáng Hatchback,Tình Trạng Xe Cũ,Trong Nước,100000,"Tỉnh Thành
Hà Nội",Hộp Số Số Tự Động,Nhiên Liệu Máy Xăng
Mazda 3 2.0L Sedan 2017,3800000000,2017,Kiểu Dáng Sedan,Tình Trạng Xe Cũ,Trong Nước,60000,"Tỉnh Thành
Hà Nội",Hộp Số Số Tự Động,Nhiên Liệu Máy Xăng
Bmw 323I 2009,2500000000,2009,Kiểu Dáng Sedan,Tình Trạng Xe Cũ,Nhập Khẩu,136000,"Tỉnh Thành
Tp.Hcm",Hộp Số Số Tự Động,Nhiên Liệu Máy Xăng
Hyundai Santa Fe 2.4L Xăng Cao Cấp 2020,7650000000,2020,Kiểu Dáng Suv,Tình Trạng Xe Cũ,Trong Nước,80000,"Tỉnh Thành
Hà Nội",Hộp Số Số Tự Động,Nhiên Liệu Máy Xăng
Lynk & Co 01 2023,7670000000,2023,Kiểu Dáng Suv,Tình Trạng Xe Cũ,Nhập Khẩu,25000,"Tỉnh Thành
Hà Nội",Hộp Số Số Tự Động,Nhiên Liệu Máy Xăng
Kia Carnival 2.2D Premium 2022,11250000000,2022,Kiểu Dáng Mpv,Tình Trạng Xe Cũ,Trong Nước,79000,"Tỉnh Thành
Hà Nội",Hộp Số Số Tự Động,Nhiên Liệu Máy Xăng
Vinfast Fadil Cao Cấp 2020,3200000000,2020,Na,Tình Trạng Xe Cũ,Trong Nước,37666,"Tỉnh Thành
Tp.Hcm",Hộp Số Số Tự Động,Nhiên Liệu Máy Xăng
Mazda 2 Sedan 1.5L Luxury 2021,4380000000,2021,Kiểu Dáng Sedan,Tình Trạng Xe Cũ,Trong Nước,7900,"Tỉnh Thành
Tp.Hcm",Hộp Số Số Tự Động,Nhiên Liệu Máy Xăng
Ford Transit 2015,3100000000,2015,Kiểu Dáng Van/Minivan,Tình Trạng Xe Cũ,Trong Nước,150000,"Tỉnh Thành
Khánh Hòa",Hộp Số Số Sàn,Nhiên Liệu Máy Dầu
Hyundai Kona 1.6 Turbo 2018,4500000000,2018,Kiểu Dáng Crossover,Tình Trạng Xe Cũ,Trong Nước,90000,"Tỉnh Thành
Hà Nội",Hộp Số Số Tự Động,Nhiên Liệu Máy Xăng
Nissan Terra 2.5L V 4Wd At 2019,6800000000,2019,Kiểu Dáng Suv,Tình Trạng Xe Cũ,Nhập Khẩu,76000,"Tỉnh Thành
Hà Nội",Hộp Số Số Tự Động,Nhiên Liệu Máy Xăng
Chevrolet Cruze Lt 1.8 2010,1550000000,2010,Kiểu Dáng Sedan,Tình Trạng Xe Cũ,Trong Nước,139790,"Tỉnh Thành
Đồng Nai",Hộp Số Số Sàn,Nhiên Liệu Máy Xăng
Audi A4 2.0 Tfsi 2016,6990000000,2016,Kiểu Dáng Sedan,Tình Trạng Xe Cũ,Nhập Khẩu,29800,"Tỉnh Thành
Hà Nội",Hộp Số Số Tự Động,Nhiên Liệu Máy Xăng
Mercedes-Benz E300 Amg 2019,13500000000,2019,Kiểu Dáng Sedan,Tình Trạng Xe Cũ,Nhập Khẩu,40000,"Tỉnh Thành
Hà Nội",Hộp Số Số Tự Động,Nhiên Liệu Máy Xăng
Honda Cr-V 1.5 L 2019,7500000000,2019,Kiểu Dáng Suv,Tình Trạng Xe Cũ,Nhập Khẩu,62000,"Tỉnh Thành
Đồng Nai",Hộp Số Số Tự Động,Nhiên Liệu Máy Xăng
Peugeot 3008 Allure 2022,7800000000,2022,Kiểu Dáng Suv,Tình Trạng Xe Cũ,Trong Nước,24000,"Tỉnh Thành
Tp.Hcm",Hộp Số Số Tự Động,Nhiên Liệu Máy Xăng
Hyundai Elantra Sport 1.6 2019,4500000000,2019,Kiểu Dáng Sedan,Tình Trạng Xe Cũ,Nhập Khẩu,74000,"Tỉnh Thành
Hà Nội",Hộp Số Số Tự Động,Nhiên Liệu Máy Xăng
Hyundai Kona 2019,4360000000,2019,Kiểu Dáng Suv,Tình Trạng Xe Cũ,Nhập Khẩu,68000,"Tỉnh Thành
Bắc Giang",Hộp Số Số Tự Động,Nhiên Liệu Máy Xăng
Kia Sportage 2022,8250000000,2022,Kiểu Dáng Suv,Tình Trạng Xe Cũ,Khác,50000,"Tỉnh Thành
Hà Nội",Hộp Số Số Tự Động,Nhiên Liệu Máy Xăng
Mitsubishi Xpander At Premium 2023,5700000000,2023,Kiểu Dáng Mpv,Tình Trạng Xe Cũ,Nhập Khẩu,23000,"Tỉnh Thành
Hà Nội",Hộp Số Số Tự Động,Nhiên Liệu Máy Xăng
Toyota Innova 2.0E 2016,3750000000,2016,Kiểu Dáng Mpv,Tình Trạng Xe Cũ,Trong Nước,118000,"Tỉnh Thành
Đồng Nai",Hộp Số Số Sàn,Nhiên Liệu Máy Xăng
Toyota Vios 1.5G At 2022,4400000000,2022,Kiểu Dáng Sedan,Tình Trạng Xe Cũ,Trong Nước,74000,"Tỉnh Thành
Nam Định",Hộp Số Số Tự Động,Nhiên Liệu Máy Xăng
Mazda Cx-30 2.0L Luxury 2022,5990000000,2022,Kiểu Dáng Hatchback,Tình Trạng Xe Cũ,Nhập Khẩu,40000,"Tỉnh Thành
Tp.Hcm",Hộp Số Số Tự Động,Nhiên Liệu Máy Xăng
Kia Morning Mt 2019,1690000000,2019,Kiểu Dáng Hatchback,Tình Trạng Xe Cũ,Trong Nước,113000,"Tỉnh Thành
Tp.Hcm",Hộp Số Số Sàn,Nhiên Liệu Máy Xăng
Mercedes-Benz Glc 200 4Matic 2021,13990000000,2021,Kiểu Dáng Suv,Tình Trạng Xe Cũ,Trong Nước,60000,"Tỉnh Thành
Tp.Hcm",Hộp Số Số Tự Động,Nhiên Liệu Máy Xăng
Mercedes-Benz E200 2019,9990000000,2019,Kiểu Dáng Sedan,Tình Trạng Xe Cũ,Trong Nước,65000,"Tỉnh Thành
Tp.Hcm",Hộp Số Số Tự Động,Nhiên Liệu Máy Xăng
Mercedes-Benz C300 Amg 2020,9990000000,2020,Kiểu Dáng Sedan,Tình Trạng Xe Cũ,Trong Nước,1,"Tỉnh Thành
Tp.Hcm",Hộp Số Số Tự Động,Nhiên Liệu Máy Xăng
Hyundai Grand I10 Sedan 1.2 Mt 2014,1090000000,2014,Kiểu Dáng Sedan,Tình Trạng Xe Cũ,Nhập Khẩu,16000,"Tỉnh Thành
Thái Bình",Hộp Số Số Sàn,Nhiên Liệu Máy Xăng
Lexus Gx 550 2024,63900000000,2024,Kiểu Dáng Suv,Tình Trạng Xe Cũ,Nhập Khẩu,4000,"Tỉnh Thành
Hà Nội",Hộp Số Số Tự Động,Nhiên Liệu Máy Xăng
Kia Carnival 2.2D Signature 2023,13180000000,2023,Kiểu Dáng Mpv,Tình Trạng Xe Cũ,Trong Nước,25000,"Tỉnh Thành
Tp.Hcm",Hộp Số Số Tự Động,Nhiên Liệu Máy Dầu
Vinfast Lux A2.0 Tiêu Chuẩn 2022,5690000000,2022,Kiểu Dáng Sedan,Tình Trạng Xe Cũ,Nhập Khẩu,30000,"Tỉnh Thành
Tp.Hcm",Hộp Số Số Tự Động,Nhiên Liệu Máy Xăng
Mazda Cx-5 2.0 Premium 2021,6980000000,2021,Kiểu Dáng Suv,Tình Trạng Xe Cũ,Trong Nước,45000,"Tỉnh Thành
Tp.Hcm",Hộp Số Số Tự Động,Nhiên Liệu Máy Xăng
Honda Cr-V 2019,7280000000,2019,Kiểu Dáng Suv,Tình Trạng Xe Cũ,Nhập Khẩu,39000,"Tỉnh Thành
Tp.Hcm",Hộp Số Số Tự Động,Nhiên Liệu Máy Xăng
Ford Everest Platinum 2.0L 4X4 At 2020,8350000000,2020,Kiểu Dáng Suv,Tình Trạng Xe Cũ,Nhập Khẩu,88000,"Tỉnh Thành
Tp.Hcm",Hộp Số Số Tự Động,Nhiên Liệu Máy Dầu
Kia Carens Sx 2.0 At 2012,2550000000,2012,Kiểu Dáng Mpv,Tình Trạng Xe Cũ,Trong Nước,61000,"Tỉnh Thành
Đà Nẵng",Hộp Số Số Tự Động,Nhiên Liệu Máy Xăng
Kia Forte Sx 1.6 Mt 2011,1650000000,2011,Kiểu Dáng Sedan,Tình Trạng Xe Cũ,Nhập Khẩu,130000,"Tỉnh Thành
Hà Tĩnh",Hộp Số Số Sàn,Nhiên Liệu Máy Xăng
Peugeot 3008 2021,7350000000,2021,Kiểu Dáng Suv,Tình Trạng Xe Cũ,Trong Nước,11000,"Tỉnh Thành
Tp.Hcm",Hộp Số Số Tự Động,Nhiên Liệu Máy Xăng
Vinfast Lux A2.0 Tiêu Chuẩn 2022,5690000000,2022,Kiểu Dáng Sedan,Tình Trạng Xe Cũ,Trong Nước,37000,"Tỉnh Thành
Tp.Hcm",Hộp Số Số Tự Động,Nhiên Liệu Máy Xăng
Mazda Cx-5 2016,4500000000,2016,Na,Tình Trạng Xe Cũ,Trong Nước,120000,"Tỉnh Thành
Gia Lai",Hộp Số Số Tự Động,Nhiên Liệu Máy Xăng
Mitsubishi Xpander 1.5 At  2019,3780000000,2019,Kiểu Dáng Mpv,Tình Trạng Xe Cũ,Nhập Khẩu,72000,"Tỉnh Thành
Đồng Tháp",Hộp Số Số Tự Động,Nhiên Liệu Máy Xăng
Ford Ranger Wildtrak 3.2 4X4 At 2016,5150000000,2016,Kiểu Dáng Bán Tải,Tình Trạng Xe Cũ,Nhập Khẩu,59000,"Tỉnh Thành
Tp.Hcm",Hộp Số Số Tự Động,Nhiên Liệu Máy Dầu
Suzuki Ertiga 1.5L Sport At 2019,3850000000,2019,Kiểu Dáng Mpv,Tình Trạng Xe Cũ,Nhập Khẩu,50000,"Tỉnh Thành
Tp.Hcm",Hộp Số Số Tự Động,Nhiên Liệu Máy Xăng
Ford Everest Sport 2.0 At 4X2 2023,10990000000,2023,Kiểu Dáng Suv,Tình Trạng Xe Cũ,Nhập Khẩu,59000,"Tỉnh Thành
Tp.Hcm",Hộp Số Số Tự Động,Nhiên Liệu Máy Xăng
Mercedes-Benz Glc 300 4Matic 2019,10500000000,2019,Kiểu Dáng Suv,Tình Trạng Xe Cũ,Trong Nước,1,"Tỉnh Thành
Tp.Hcm",Hộp Số Số Tự Động,Nhiên Liệu Máy Xăng
Porsche Macan S 2019,24800000000,2019,Kiểu Dáng Suv,Tình Trạng Xe Cũ,Nhập Khẩu,49800,"Tỉnh Thành
Hà Nội",Hộp Số Số Tự Động,Nhiên Liệu Máy Xăng
Mercedes-Benz Glc 250 4Matic 2017,9990000000,2017,Kiểu Dáng Suv,Tình Trạng Xe Cũ,Trong Nước,70000,"Tỉnh Thành
Tp.Hcm",Hộp Số Số Tự Động,Nhiên Liệu Máy Xăng
Toyota Innova 2017,3780000000,2017,Kiểu Dáng Mpv,Tình Trạng Xe Cũ,Trong Nước,101000,"Tỉnh Thành
Bình Dương",Hộp Số Số Sàn,Nhiên Liệu Máy Xăng
Mercedes-Benz Glc 300 4Matic 2019,10680000000,2019,Kiểu Dáng Suv,Tình Trạng Xe Cũ,Trong Nước,85,"Tỉnh Thành
Tp.Hcm",Hộp Số Số Tự Động,Nhiên Liệu Máy Xăng
Mercedes-Benz Glc 200 4Matic 2022,13990000000,2022,Kiểu Dáng Suv,Tình Trạng Xe Cũ,Trong Nước,40000,"Tỉnh Thành
Tp.Hcm",Hộp Số Số Tự Động,Nhiên Liệu Máy Xăng
Hyundai I30 1.6 At 2009,2350000000,2009,Kiểu Dáng Hatchback,Tình Trạng Xe Cũ,Nhập Khẩu,10000,"Tỉnh Thành
Hà Nội",Hộp Số Số Tự Động,Nhiên Liệu Máy Xăng
Hyundai Accent 1.4 At Đặc Biệt 2023,4700000000,2023,Kiểu Dáng Sedan,Tình Trạng Xe Cũ,Khác,35000,"Tỉnh Thành
Hà Nội",Hộp Số Số Tự Động,Nhiên Liệu Máy Xăng
Toyota Innova 2.0V 2009,2480000000,2009,Kiểu Dáng Mpv,Tình Trạng Xe Cũ,Trong Nước,168000,"Tỉnh Thành
Đồng Nai",Hộp Số Số Tự Động,Nhiên Liệu Máy Xăng
Ford Focus 1.5L Ecoboost Trend Sedan 2018,3550000000,2018,Kiểu Dáng Sedan,Tình Trạng Xe Cũ,Trong Nước,71000,"Tỉnh Thành
Lâm Đồng",Hộp Số Số Tự Động,Nhiên Liệu Máy Xăng
Suzuki Ertiga Hybrid Ertiga At 2019,3850000000,2019,Kiểu Dáng Mpv,Tình Trạng Xe Cũ,Nhập Khẩu,78000,"Tỉnh Thành
Lâm Đồng",Hộp Số Số Tự Động,Nhiên Liệu Máy Xăng
Vinfast Lux Sa2.0 Tiêu Chuẩn 2022,7100000000,2022,Kiểu Dáng Suv,Tình Trạng Xe Cũ,Trong Nước,38000,"Tỉnh Thành
Tp.Hcm",Hộp Số Số Tự Động,Nhiên Liệu Máy Xăng
Kia Rondo 2.0 Gmt 2017,2680000000,2017,Kiểu Dáng Mpv,Tình Trạng Xe Cũ,Trong Nước,80000,"Tỉnh Thành
Hải Phòng",Hộp Số Số Sàn,Nhiên Liệu Máy Xăng
Mitsubishi Xpander 1.5 At  2019,4100000000,2019,Kiểu Dáng Mpv,Tình Trạng Xe Cũ,Nhập Khẩu,136000,"Tỉnh Thành
An Giang",Hộp Số Số Tự Động,Nhiên Liệu Máy Xăng
Kia Sorento 2Wd 2.4 Gat 2017,4450000000,2017,Kiểu Dáng Suv,Tình Trạng Xe Cũ,Trong Nước,70000,"Tỉnh Thành
Tp.Hcm",Hộp Số Số Tự Động,Nhiên Liệu Máy Xăng
Hyundai Creta 2023,6050000000,2023,Kiểu Dáng Suv,Tình Trạng Xe Cũ,Nhập Khẩu,14000,"Tỉnh Thành
Tp.Hcm",Hộp Số Số Tự Động,Nhiên Liệu Máy Xăng
Chevrolet Cruze Ltz 2016,2480000000,2016,Kiểu Dáng Sedan,Tình Trạng Xe Cũ,Nhập Khẩu,95000,"Tỉnh Thành
Tp.Hcm",Hộp Số Số Tự Động,Nhiên Liệu Máy Xăng
Ford Ranger Xls 2.2L 4X2 Mt 2017,4380000000,2017,Kiểu Dáng Bán Tải,Tình Trạng Xe Cũ,Nhập Khẩu,120000,"Tỉnh Thành
Hà Nội",Hộp Số Số Tự Động,Nhiên Liệu Máy Dầu
Vinfast Lux Sa2.0 Tiêu Chuẩn 2021,6380000000,2021,Kiểu Dáng Suv,Tình Trạng Xe Cũ,Trong Nước,70000,"Tỉnh Thành
Hà Nội",Hộp Số Số Tự Động,Nhiên Liệu Máy Xăng
Toyota Corolla Cross 1.8 G 2023,6990000000,2023,Kiểu Dáng Suv,Tình Trạng Xe Cũ,Nhập Khẩu,17000,"Tỉnh Thành
Hà Nội",Hộp Số Số Tự Động,Nhiên Liệu Máy Xăng
Toyota Land Cruiser Prado Gx 2015,11500000000,2015,Kiểu Dáng Suv,Tình Trạng Xe Cũ,Nhập Khẩu,130000,"Tỉnh Thành
Hà Nội",Hộp Số Số Tự Động,Nhiên Liệu Máy Xăng
Mercedes-Benz E300 2010,3600000000,2010,Kiểu Dáng Sedan,Tình Trạng Xe Cũ,Trong Nước,123456,"Tỉnh Thành
Cần Thơ",Hộp Số Số Tự Động,Nhiên Liệu Máy Xăng
Kia Cerato 1.6 At Luxury 2019,4450000000,2019,Kiểu Dáng Sedan,Tình Trạng Xe Cũ,Trong Nước,59000,"Tỉnh Thành
Hà Nội",Hộp Số Số Tự Động,Nhiên Liệu Máy Xăng
Mercedes-Benz C250 Exclusive 2018,7390000000,2018,Kiểu Dáng Sedan,Tình Trạng Xe Cũ,Trong Nước,58000,"Tỉnh Thành
Tp.Hcm",Hộp Số Số Tự Động,Nhiên Liệu Máy Xăng
Ford Explorer Limited 2022,17890000000,2022,Kiểu Dáng Suv,Tình Trạng Xe Cũ,Nhập Khẩu,23600,"Tỉnh Thành
Tp.Hcm",Hộp Số Số Tự Động,Nhiên Liệu Máy Xăng
Toyota Fortuner 2.4G 4X2 At  2019,7000000000,2019,Kiểu Dáng Suv,Tình Trạng Xe Cũ,Trong Nước,22000,"Tỉnh Thành
Đồng Nai",Hộp Số Số Sàn,Nhiên Liệu Máy Dầu
Ford Transit Svp 2022,6200000000,2022,Kiểu Dáng Van/Minivan,Tình Trạng Xe Cũ,Trong Nước,110000,"Tỉnh Thành
Tp.Hcm",Hộp Số Số Sàn,Nhiên Liệu Máy Dầu
Mazda 2 Sedan 1.5L Deluxe 2015,2950000000,2015,Kiểu Dáng Sedan,Tình Trạng Xe Cũ,Nhập Khẩu,120000,"Tỉnh Thành
Hải Phòng",Hộp Số Số Tự Động,Nhiên Liệu Máy Xăng
Mg 5 1.5L Luxury 2022,3800000000,2022,Kiểu Dáng Sedan,Tình Trạng Xe Cũ,Nhập Khẩu,34000,"Tỉnh Thành
Tp.Hcm",Hộp Số Số Tự Động,Nhiên Liệu Máy Xăng
Honda City 1.5 Cvt 2017,3350000000,2017,Kiểu Dáng Sedan,Tình Trạng Xe Cũ,Trong Nước,115000,"Tỉnh Thành
Hà Nội",Hộp Số Số Tự Động,Nhiên Liệu Máy Xăng
Bmw 430I 2023,26380000000,2023,Kiểu Dáng Convertible,Tình Trạng Xe Cũ,Nhập Khẩu,22000,"Tỉnh Thành
Tp.Hcm",Hộp Số Số Tự Động,Nhiên Liệu Máy Xăng
Isuzu Mu-X 2018,4990000000,2018,Kiểu Dáng Bán Tải,Tình Trạng Xe Cũ,Nhập Khẩu,282000,"Tỉnh Thành
Quảng Nam",Hộp Số Số Tự Động,Nhiên Liệu Máy Dầu
Toyota Vios G 2018,3570000000,2018,Kiểu Dáng Sedan,Tình Trạng Xe Cũ,Trong Nước,110000,"Tỉnh Thành
Đà Nẵng",Hộp Số Số Tự Động,Nhiên Liệu Máy Xăng
Hyundai Elantra   2.0 At 2019,5150000000,2019,Kiểu Dáng Sedan,Tình Trạng Xe Cũ,Trong Nước,19000,"Tỉnh Thành
Hà Nội",Hộp Số Số Tự Động,Nhiên Liệu Máy Xăng
Kia Cerato 1.6 At Deluxe 2016,3650000000,2016,Kiểu Dáng Sedan,Tình Trạng Xe Cũ,Trong Nước,130000,"Tỉnh Thành
Hải Phòng",Hộp Số Số Tự Động,Nhiên Liệu Máy Xăng
Kia K3 1.6 Luxury 2022,6000000000,2022,Kiểu Dáng Sedan,Tình Trạng Xe Cũ,Trong Nước,30000,"Tỉnh Thành
Đà Nẵng",Hộp Số Số Tự Động,Nhiên Liệu Máy Xăng
Mitsubishi Outlander 2.0 Cvt 2022,6800000000,2022,Kiểu Dáng Suv,Tình Trạng Xe Cũ,Trong Nước,10500,"Tỉnh Thành
Bình Định",Hộp Số Số Tự Động,Nhiên Liệu Máy Xăng
Toyota Fortuner 2021,10250000000,2021,Kiểu Dáng Suv,Tình Trạng Xe Cũ,Khác,51000,"Tỉnh Thành
Hà Nội",Hộp Số Số Tự Động,Nhiên Liệu Máy Xăng
Ford Escape Xlt 2.3 At 4X4 2010,1790000000,2010,Kiểu Dáng Suv,Tình Trạng Xe Cũ,Nhập Khẩu,18000,"Tỉnh Thành
Tp.Hcm",Hộp Số Số Tự Động,Nhiên Liệu Máy Xăng
Toyota Fortuner 2.5G 4X2 Mt 2016,6250000000,2016,Kiểu Dáng Suv,Tình Trạng Xe Cũ,Nhập Khẩu,104500,"Tỉnh Thành
Bình Dương",Hộp Số Số Sàn,Nhiên Liệu Máy Dầu
Hyundai Accent 1.4 At 2021,4050000000,2021,Kiểu Dáng Sedan,Tình Trạng Xe Cũ,Trong Nước,41000,"Tỉnh Thành
Quảng Nam",Hộp Số Số Tự Động,Nhiên Liệu Máy Xăng
Hyundai Verna 2010,1350000000,2010,Kiểu Dáng Sedan,Tình Trạng Xe Cũ,Nhập Khẩu,180000,"Tỉnh Thành
Phú Thọ",Hộp Số Số Sàn,Nhiên Liệu Máy Xăng
Chevrolet Cruze Ls 1.6 2010,1500000000,2010,Kiểu Dáng Sedan,Tình Trạng Xe Cũ,Trong Nước,107000,"Tỉnh Thành
Bến Tre",Hộp Số Số Sàn,Nhiên Liệu Máy Xăng
Mazda 2 Sedan 1.5L Deluxe 2017,3400000000,2017,Kiểu Dáng Sedan,Tình Trạng Xe Cũ,Nhập Khẩu,85000,"Tỉnh Thành
Hà Nội",Hộp Số Số Tự Động,Nhiên Liệu Máy Xăng
Toyota Camry Xli 1997,1450000000,1997,Kiểu Dáng Sedan,Tình Trạng Xe Cũ,Nhập Khẩu,170000,"Tỉnh Thành
Cần Thơ",Hộp Số Số Sàn,Nhiên Liệu Máy Xăng
Mitsubishi Attrage 1.2L Mt 2016,1860000000,2016,Kiểu Dáng Sedan,Tình Trạng Xe Cũ,Nhập Khẩu,241824,"Tỉnh Thành
Tp.Hcm",Hộp Số Số Sàn,Nhiên Liệu Máy Xăng
Toyota Camry Xli 1997,1450000000,1997,Kiểu Dáng Sedan,Tình Trạng Xe Cũ,Nhập Khẩu,170000,"Tỉnh Thành
Cần Thơ",Hộp Số Số Sàn,Nhiên Liệu Máy Xăng
Mitsubishi Attrage 1.2L Mt 2016,1860000000,2016,Kiểu Dáng Sedan,Tình Trạng Xe Cũ,Nhập Khẩu,241824,"Tỉnh Thành
Tp.Hcm",Hộp Số Số Sàn,Nhiên Liệu Máy Xăng
Toyota Fortuner 2.7 V 4X2 At 2017,5990000000,2017,Kiểu Dáng Suv,Tình Trạng Xe Cũ,Nhập Khẩu,123000,"Tỉnh Thành
Hà Nội",Hộp Số Số Tự Động,Nhiên Liệu Máy Xăng
Kia Sportage Limited 2.0 At 2015,4650000000,2015,Kiểu Dáng Suv,Tình Trạng Xe Cũ,Nhập Khẩu,130000,"Tỉnh Thành
Hà Nội",Hộp Số Số Tự Động,Nhiên Liệu Máy Xăng
Mitsubishi Outlander 2.0 Cvt 2021,6350000000,2021,Kiểu Dáng Suv,Tình Trạng Xe Cũ,Trong Nước,65000,"Tỉnh Thành
Hà Nội",Hộp Số Số Tự Động,Nhiên Liệu Máy Xăng
Mitsubishi Outlander 2.0 Cvt 2021,6500000000,2021,Kiểu Dáng Suv,Tình Trạng Xe Cũ,Trong Nước,69000,"Tỉnh Thành
Tp.Hcm",Hộp Số Số Tự Động,Nhiên Liệu Máy Xăng
Mazda 3 2019,4900000000,2019,Kiểu Dáng Sedan,Tình Trạng Xe Cũ,Nhập Khẩu,25974,"Tỉnh Thành
Tp.Hcm",Hộp Số Số Tự Động,Nhiên Liệu Máy Xăng
Ford Everest 2022,12690000000,2022,Kiểu Dáng Suv,Tình Trạng Xe Cũ,Khác,57000,"Tỉnh Thành
Hà Nội",Hộp Số Số Tự Động,Nhiên Liệu Máy Xăng
Kia Cerato 1.6 At Deluxe 2017,3880000000,2017,Kiểu Dáng Sedan,Tình Trạng Xe Cũ,Trong Nước,120000,"Tỉnh Thành
Hải Phòng",Hộp Số Số Tự Động,Nhiên Liệu Máy Xăng
Honda City 1.5 Cvt 2013,2690000000,2013,Kiểu Dáng Sedan,Tình Trạng Xe Cũ,Trong Nước,110000,"Tỉnh Thành
Bắc Ninh",Hộp Số Số Tự Động,Nhiên Liệu Máy Xăng
Kia Cerato 1.6 At Deluxe 2017,3880000000,2017,Kiểu Dáng Sedan,Tình Trạng Xe Cũ,Trong Nước,121529,"Tỉnh Thành
Hải Phòng",Hộp Số Số Tự Động,Nhiên Liệu Máy Xăng
Kia Spectra 2003,750000000,2003,Kiểu Dáng Sedan,Tình Trạng Xe Cũ,Trong Nước,150000,"Tỉnh Thành
Phú Thọ",Hộp Số Số Sàn,Nhiên Liệu Máy Xăng
Mazda 3 1.6 At 2017,3950000000,2017,Kiểu Dáng Sedan,Tình Trạng Xe Cũ,Trong Nước,84000,"Tỉnh Thành
Tp.Hcm",Hộp Số Số Tự Động,Nhiên Liệu Máy Xăng
Peugeot 3008 Allure 2022,8000000000,2022,Kiểu Dáng Suv,Tình Trạng Xe Cũ,Trong Nước,29000,"Tỉnh Thành
Tp.Hcm",Hộp Số Số Tự Động,Nhiên Liệu Máy Xăng
Ford Fiesta 1.5At Titanium 2017,2650000000,2017,Na,Tình Trạng Xe Cũ,Trong Nước,120000,"Tỉnh Thành
Hà Nội",Hộp Số Số Tự Động,Nhiên Liệu Máy Xăng
Honda Cr-V 2.4L Tg 2017,5700000000,2017,Kiểu Dáng Suv,Tình Trạng Xe Cũ,Trong Nước,90000,"Tỉnh Thành
Hà Nội",Hộp Số Số Tự Động,Nhiên Liệu Máy Xăng
Toyota Camry 2.4G 2011,3450000000,2011,Kiểu Dáng Sedan,Tình Trạng Xe Cũ,Trong Nước,100000,"Tỉnh Thành
Phú Thọ",Hộp Số Số Tự Động,Nhiên Liệu Máy Xăng
Toyota Zace 2002,1100000000,2002,Kiểu Dáng Mpv,Tình Trạng Xe Cũ,Nhập Khẩu,350000,"Tỉnh Thành
Bạc Liêu",Hộp Số Số Sàn,Nhiên Liệu Máy Xăng
Hyundai Stargazer 1.5 At Tiêu Chuẩn 2022,4000000000,2022,Kiểu Dáng Mpv,Tình Trạng Xe Cũ,Nhập Khẩu,89000,"Tỉnh Thành
Cần Thơ",Hộp Số Số Tự Động,Nhiên Liệu Máy Xăng
Bmw X6 Xdrive35I 2008,3300000000,2008,Kiểu Dáng Suv,Tình Trạng Xe Cũ,Nhập Khẩu,150000,"Tỉnh Thành
Phú Thọ",Hộp Số Số Tự Động,Nhiên Liệu Máy Xăng
Kia Morning Slx 1.0 At 2009,1500000000,2009,Kiểu Dáng Hatchback,Tình Trạng Xe Cũ,Nhập Khẩu,90000,"Tỉnh Thành
An Giang",Hộp Số Số Tự Động,Nhiên Liệu Máy Xăng
Mitsubishi Mirage 1.2 Mt 2017,1800000000,2017,Kiểu Dáng Hatchback,Tình Trạng Xe Cũ,Nhập Khẩu,155000,"Tỉnh Thành
Đà Nẵng",Hộp Số Số Sàn,Nhiên Liệu Máy Xăng
Mercedes-Benz E280 2008,2500000000,2008,Kiểu Dáng Sedan,Tình Trạng Xe Cũ,Nhập Khẩu,243421,"Tỉnh Thành
Hà Nội",Hộp Số Số Tự Động,Nhiên Liệu Máy Xăng
Hyundai Santa Fe 2.2L Dầu Cao Cấp 2020,9000000000,2020,Kiểu Dáng Suv,Tình Trạng Xe Cũ,Trong Nước,41000,"Tỉnh Thành
Trà Vinh",Hộp Số Số Tự Động,Nhiên Liệu Máy Dầu
Mazda Cx-8 Premium Awd 2019,7700000000,2019,Kiểu Dáng Suv,Tình Trạng Xe Cũ,Nhập Khẩu,48000,"Tỉnh Thành
Tp.Hcm",Hộp Số Số Tự Động,Nhiên Liệu Máy Xăng
Toyota Camry 2.4G 2007,2600000000,2007,Kiểu Dáng Sedan,Tình Trạng Xe Cũ,Trong Nước,180000,"Tỉnh Thành
Bà Rịa Vũng Tàu",Hộp Số Số Tự Động,Nhiên Liệu Máy Xăng
Toyota Corolla Cross 1.8 G 2023,6850000000,2023,Kiểu Dáng Suv,Tình Trạng Xe Cũ,Trong Nước,27000,"Tỉnh Thành
Hà Nội",Hộp Số Số Tự Động,Nhiên Liệu Máy Xăng
Toyota Corolla Cross 1.8 G 2023,6850000000,2023,Kiểu Dáng Suv,Tình Trạng Xe Cũ,Trong Nước,27000,"Tỉnh Thành
Hà Nội",Hộp Số Số Tự Động,Nhiên Liệu Máy Xăng
Toyota Corolla Altis 1.8E Mt 2002,1250000000,2002,Kiểu Dáng Sedan,Tình Trạng Xe Cũ,Trong Nước,105000,"Tỉnh Thành
Phú Thọ",Hộp Số Số Sàn,Nhiên Liệu Máy Xăng
Toyota Innova 2.0E 2017,3750000000,2017,Kiểu Dáng Mpv,Tình Trạng Xe Cũ,Trong Nước,138000,"Tỉnh Thành
Đồng Nai",Hộp Số Số Sàn,Nhiên Liệu Máy Xăng
Toyota Zace 2005,1450000000,2005,Kiểu Dáng Suv,Tình Trạng Xe Cũ,Trong Nước,150000,"Tỉnh Thành
Hà Nội",Hộp Số Số Sàn,Nhiên Liệu Máy Xăng
Hyundai Grand I10 Sedan 1.2 Mt 2020,3000000000,2020,Kiểu Dáng Sedan,Tình Trạng Xe Cũ,Nhập Khẩu,86000,"Tỉnh Thành
Nam Định",Hộp Số Số Sàn,Nhiên Liệu Máy Xăng
Daewoo Lacetti Ex 1.6 Mt 2010,1200000000,2010,Kiểu Dáng Sedan,Tình Trạng Xe Cũ,Trong Nước,130000,"Tỉnh Thành
Bến Tre",Hộp Số Số Sàn,Nhiên Liệu Máy Xăng
Mitsubishi Attrage Cvt 2020,2990000000,2020,Kiểu Dáng Sedan,Tình Trạng Xe Cũ,Nhập Khẩu,52000,"Tỉnh Thành
Hà Nội",Hộp Số Số Tự Động,Nhiên Liệu Máy Xăng
Hyundai Avante 1.6 Mt 2012,2000000000,2012,Kiểu Dáng Sedan,Tình Trạng Xe Cũ,Trong Nước,130000,"Tỉnh Thành
Phú Thọ",Hộp Số Số Sàn,Nhiên Liệu Máy Xăng
Kia Sorento 2020,6600000000,2020,Kiểu Dáng Suv,Tình Trạng Xe Cũ,Nhập Khẩu,67000,"Tỉnh Thành
Tp.Hcm",Hộp Số Số Tự Động,Nhiên Liệu Máy Xăng
Daewoo Lacetti  2009,650000000,2009,Kiểu Dáng Sedan,Tình Trạng Xe Cũ,Trong Nước,40,"Tỉnh Thành
Bắc Giang",Hộp Số Số Sàn,Nhiên Liệu Máy Xăng
Chevrolet Vivant 2.0 2009,850000000,2009,Kiểu Dáng Crossover,Tình Trạng Xe Cũ,Trong Nước,150000,"Tỉnh Thành
Phú Thọ",Hộp Số Số Sàn,Nhiên Liệu Máy Xăng
Hyundai Grand Starex 2.4 Mt 2017,4600000000,2017,Kiểu Dáng Van/Minivan,Tình Trạng Xe Cũ,Nhập Khẩu,10000,"Tỉnh Thành
Hà Nội",Hộp Số Số Sàn,Nhiên Liệu Máy Dầu
Honda City Rs 2022,4200000000,2022,Kiểu Dáng Sedan,Tình Trạng Xe Cũ,Trong Nước,27000,"Tỉnh Thành
Tp.Hcm",Hộp Số Số Tự Động,Nhiên Liệu Máy Xăng
Mitsubishi Triton 4×4 At 2013,2950000000,2013,Kiểu Dáng Bán Tải,Tình Trạng Xe Cũ,Trong Nước,140000,"Tỉnh Thành
Hà Nội",Hộp Số Số Tự Động,Nhiên Liệu Máy Xăng
Daewoo Matiz Se 2008,360000000,2008,Kiểu Dáng Van/Minivan,Tình Trạng Xe Cũ,Trong Nước,40,"Tỉnh Thành
Bắc Giang",Hộp Số Số Sàn,Nhiên Liệu Máy Xăng
Daewoo Matiz Se 2008,360000000,2008,Kiểu Dáng Van/Minivan,Tình Trạng Xe Cũ,Trong Nước,40,"Tỉnh Thành
Bắc Giang",Hộp Số Số Sàn,Nhiên Liệu Máy Xăng
Ford Ranger Xls 2.2 4X2 At 2016,3950000000,2016,Kiểu Dáng Bán Tải,Tình Trạng Xe Cũ,Trong Nước,78000,"Tỉnh Thành
Hà Nội",Hộp Số Số Tự Động,Nhiên Liệu Máy Xăng
Mazda Cx-8 Premium 2023,9600000000,2023,Kiểu Dáng Suv,Tình Trạng Xe Cũ,Trong Nước,7000,"Tỉnh Thành
Tp.Hcm",Hộp Số Số Tự Động,Nhiên Liệu Máy Xăng
Hyundai Santa Fe 2.4L Xăng Tiêu Chuẩn 2017,5500000000,2017,Kiểu Dáng Suv,Tình Trạng Xe Cũ,Nhập Khẩu,130000,"Tỉnh Thành
Tp.Hcm",Hộp Số Số Tự Động,Nhiên Liệu Máy Xăng
Ford Fiesta 2015,2900000000,2015,Kiểu Dáng Hatchback,Tình Trạng Xe Cũ,Nhập Khẩu,42000,"Tỉnh Thành
Tp.Hcm",Hộp Số Số Tự Động,Nhiên Liệu Máy Xăng
Honda Civic 1.8 At 2019,4950000000,2019,Kiểu Dáng Sedan,Tình Trạng Xe Cũ,Nhập Khẩu,65000,"Tỉnh Thành
Hà Nội",Hộp Số Số Tự Động,Nhiên Liệu Máy Xăng
Kia Morning S 1.25 At 2017,2750000000,2017,Kiểu Dáng Hatchback,Tình Trạng Xe Cũ,Trong Nước,100000,"Tỉnh Thành
Phú Thọ",Hộp Số Số Tự Động,Nhiên Liệu Máy Xăng
Kia Cerato 1.6 Mt 2016,3050000000,2016,Kiểu Dáng Sedan,Tình Trạng Xe Cũ,Trong Nước,155000,"Tỉnh Thành
Đà Nẵng",Hộp Số Số Sàn,Nhiên Liệu Máy Xăng
Hyundai Grand I10 Sedan 1.2 Mt 2019,2200000000,2019,Kiểu Dáng Sedan,Tình Trạng Xe Cũ,Trong Nước,230000,"Tỉnh Thành
Hà Nội",Hộp Số Số Sàn,Nhiên Liệu Máy Xăng
Honda City 2020,4350000000,2020,Kiểu Dáng Sedan,Tình Trạng Xe Cũ,Khác,80000,"Tỉnh Thành
Hà Nội",Hộp Số Số Tự Động,Nhiên Liệu Máy Xăng
Ford Ranger Xls 2.0L 4X2 At 2022,6680000000,2022,Kiểu Dáng Bán Tải,Tình Trạng Xe Cũ,Trong Nước,60000,"Tỉnh Thành
Đồng Nai",Hộp Số Số Tự Động,Nhiên Liệu Máy Dầu
Ford Ranger Xls 2.2L 4X2 Mt 2017,4300000000,2017,Kiểu Dáng Bán Tải,Tình Trạng Xe Cũ,Nhập Khẩu,110000,"Tỉnh Thành
Hà Nội",Hộp Số Số Tự Động,Nhiên Liệu Máy Dầu
Peugeot 3008 Allure 2018,5550000000,2018,Kiểu Dáng Suv,Tình Trạng Xe Cũ,Nhập Khẩu,98000,"Tỉnh Thành
Hà Nội",Hộp Số Số Tự Động,Nhiên Liệu Máy Xăng
Nissan Navara El 2020,4850000000,2020,Na,Tình Trạng Xe Cũ,Trong Nước,100000,"Tỉnh Thành
Hà Nội",Hộp Số Số Tự Động,Nhiên Liệu Máy Xăng
Mazda 6 2.0 At 2018,5050000000,2018,Kiểu Dáng Sedan,Tình Trạng Xe Cũ,Trong Nước,100000,"Tỉnh Thành
Phú Thọ",Hộp Số Số Tự Động,Nhiên Liệu Máy Xăng
Nissan Sunny 1.5 Xv 2013,2150000000,2013,Kiểu Dáng Sedan,Tình Trạng Xe Cũ,Trong Nước,140000,"Tỉnh Thành
Hà Nội",Hộp Số Số Tự Động,Nhiên Liệu Máy Xăng
Toyota Corolla Altis 1.8G Mt 2004,1350000000,2004,Kiểu Dáng Sedan,Tình Trạng Xe Cũ,Trong Nước,230000,"Tỉnh Thành
Phú Thọ",Hộp Số Số Sàn,Nhiên Liệu Máy Xăng
Kia Cerato 2.0 At Premium 2021,5000000000,2021,Kiểu Dáng Sedan,Tình Trạng Xe Cũ,Trong Nước,450000,"Tỉnh Thành
Khánh Hòa",Hộp Số Số Tự Động,Nhiên Liệu Máy Xăng
Daewoo Lacetti Cdx 1.6 At 2009,1350000000,2009,Kiểu Dáng Sedan,Tình Trạng Xe Cũ,Nhập Khẩu,30,"Tỉnh Thành
Bắc Giang",Hộp Số Số Tự Động,Nhiên Liệu Máy Xăng
Kia Soluto 2020,3300000000,2020,Na,Tình Trạng Xe Cũ,Khác,31000,"Tỉnh Thành
Thái Nguyên",Hộp Số Số Tự Động,Nhiên Liệu Máy Xăng
Mazda 3 2.0L Sedan 2015,3950000000,2015,Kiểu Dáng Sedan,Tình Trạng Xe Cũ,Trong Nước,63000,"Tỉnh Thành
Hà Nội",Hộp Số Số Tự Động,Nhiên Liệu Máy Xăng
Mercedes-Benz E280 2008,1950000000,2008,Kiểu Dáng Sedan,Tình Trạng Xe Cũ,Trong Nước,200000,"Tỉnh Thành
Tp.Hcm",Hộp Số Số Tự Động,Nhiên Liệu Máy Xăng
Mitsubishi Attrage 1.2L Mt 2021,2650000000,2021,Kiểu Dáng Sedan,Tình Trạng Xe Cũ,Nhập Khẩu,38000,"Tỉnh Thành
Long An",Hộp Số Số Sàn,Nhiên Liệu Máy Xăng
Hyundai Getz 1.1 Mt 2009,800000000,2009,Kiểu Dáng Crossover,Tình Trạng Xe Cũ,Nhập Khẩu,40,"Tỉnh Thành
Bắc Giang",Hộp Số Số Sàn,Nhiên Liệu Máy Xăng
Daewoo Lacetti Cdx 1.6 At 2009,1350000000,2009,Kiểu Dáng Sedan,Tình Trạng Xe Cũ,Nhập Khẩu,40,"Tỉnh Thành
Bắc Giang",Hộp Số Số Tự Động,Nhiên Liệu Máy Xăng
Mitsubishi Xpander 1.5 At  2019,3890000000,2019,Kiểu Dáng Mpv,Tình Trạng Xe Cũ,Nhập Khẩu,146000,"Tỉnh Thành
Đồng Nai",Hộp Số Số Tự Động,Nhiên Liệu Máy Xăng
Toyota Vios Limo 2010,1150000000,2010,Kiểu Dáng Sedan,Tình Trạng Xe Cũ,Trong Nước,45,"Tỉnh Thành
Bắc Giang",Hộp Số Số Sàn,Nhiên Liệu Máy Xăng
Honda City 1.5 Top Cvt 2019,3950000000,2019,Kiểu Dáng Sedan,Tình Trạng Xe Cũ,Trong Nước,89000,"Tỉnh Thành
Hà Nội",Hộp Số Số Tự Động,Nhiên Liệu Máy Xăng
Toyota Fortuner 2.4G 4X2 At  2017,6800000000,2017,Kiểu Dáng Suv,Tình Trạng Xe Cũ,Nhập Khẩu,68600,"Tỉnh Thành
Tp.Hcm",Hộp Số Số Sàn,Nhiên Liệu Máy Dầu
Toyota Vios Limo 2010,1150000000,2010,Kiểu Dáng Sedan,Tình Trạng Xe Cũ,Trong Nước,45,"Tỉnh Thành
Bắc Giang",Hộp Số Số Sàn,Nhiên Liệu Máy Xăng
Honda City 1.5 Top Cvt 2019,3950000000,2019,Kiểu Dáng Sedan,Tình Trạng Xe Cũ,Trong Nước,89000,"Tỉnh Thành
Hà Nội",Hộp Số Số Tự Động,Nhiên Liệu Máy Xăng
Toyota Fortuner 2.4G 4X2 At  2017,6800000000,2017,Kiểu Dáng Suv,Tình Trạng Xe Cũ,Nhập Khẩu,68600,"Tỉnh Thành
Tp.Hcm",Hộp Số Số Sàn,Nhiên Liệu Máy Dầu
Daewoo Gentra Sx 2011,1150000000,2011,Kiểu Dáng Sedan,Tình Trạng Xe Cũ,Nhập Khẩu,100000,"Tỉnh Thành
Bình Dương",Hộp Số Số Tự Động,Nhiên Liệu Máy Xăng
Honda City Rs 2021,4950000000,2021,Kiểu Dáng Sedan,Tình Trạng Xe Cũ,Trong Nước,38000,"Tỉnh Thành
Tp.Hcm",Hộp Số Số Tự Động,Nhiên Liệu Máy Xăng
Chevrolet Spark Lt 1.0 Mt 2016,1650000000,2016,Kiểu Dáng Hatchback,Tình Trạng Xe Cũ,Nhập Khẩu,1,"Tỉnh Thành
Gia Lai",Hộp Số Số Sàn,Nhiên Liệu Máy Xăng
Toyota Corolla Altis 2.0V  2009,2350000000,2009,Kiểu Dáng Sedan,Tình Trạng Xe Cũ,Trong Nước,150000,"Tỉnh Thành
Phú Thọ",Hộp Số Số Tự Động,Nhiên Liệu Máy Xăng
Hyundai I30 Cw 1.6 At 2011,2670000000,2011,Kiểu Dáng Hatchback,Tình Trạng Xe Cũ,Nhập Khẩu,93000,"Tỉnh Thành
Bình Dương",Hộp Số Số Tự Động,Nhiên Liệu Máy Xăng
Toyota Camry Le 2.4 2008,2750000000,2008,Kiểu Dáng Sedan,Tình Trạng Xe Cũ,Nhập Khẩu,15000,"Tỉnh Thành
Hà Nội",Hộp Số Số Tự Động,Nhiên Liệu Máy Xăng
Hyundai Accent 1.4 Mt 2019,3200000000,2019,Kiểu Dáng Sedan,Tình Trạng Xe Cũ,Nhập Khẩu,54000,"Tỉnh Thành
Hà Nội",Hộp Số Số Sàn,Nhiên Liệu Máy Xăng
Lexus Rx 350 F-Sport 2013,9600000000,2013,Kiểu Dáng Suv,Tình Trạng Xe Cũ,Nhập Khẩu,80000,"Tỉnh Thành
Tp.Hcm",Hộp Số Số Tự Động,Nhiên Liệu Máy Xăng
Mercedes-Benz C300 Amg 2019,9980000000,2019,Kiểu Dáng Sedan,Tình Trạng Xe Cũ,Trong Nước,50000,"Tỉnh Thành
Tp.Hcm",Hộp Số Số Tự Động,Nhiên Liệu Máy Xăng
Ford Transit Standard 2015,2900000000,2015,Kiểu Dáng Van/Minivan,Tình Trạng Xe Cũ,Trong Nước,300000,"Tỉnh Thành
Bình Phước",Hộp Số Số Sàn,Nhiên Liệu Máy Dầu
Toyota Corolla Altis 1.8G Mt 2014,2950000000,2014,Kiểu Dáng Sedan,Tình Trạng Xe Cũ,Nhập Khẩu,1,"Tỉnh Thành
Gia Lai",Hộp Số Số Sàn,Nhiên Liệu Máy Xăng
Toyota Raize 2022,4250000000,2022,Kiểu Dáng Suv,Tình Trạng Xe Cũ,Nhập Khẩu,50000,"Tỉnh Thành
Bình Phước",Hộp Số Số Tự Động,Nhiên Liệu Máy Xăng
Kia Cerato 2.0 At Premium 2016,3500000000,2016,Kiểu Dáng Sedan,Tình Trạng Xe Cũ,Trong Nước,88200,"Tỉnh Thành
Tp.Hcm",Hộp Số Số Tự Động,Nhiên Liệu Máy Xăng
Bmw X6 Xdrive30D 2014,9900000000,2014,Kiểu Dáng Suv,Tình Trạng Xe Cũ,Nhập Khẩu,100000,"Tỉnh Thành
Phú Thọ",Hộp Số Số Tự Động,Nhiên Liệu Máy Dầu
Mercedes-Benz E250 E250 2014,5350000000,2014,Kiểu Dáng Sedan,Tình Trạng Xe Cũ,Trong Nước,185000,"Tỉnh Thành
Hà Nội",Hộp Số Số Tự Động,Nhiên Liệu Máy Xăng
Ford Ranger Xlt 2.0 4X4 At 2022,7800000000,2022,Kiểu Dáng Bán Tải,Tình Trạng Xe Cũ,Trong Nước,70000,"Tỉnh Thành
Đắk Lắk",Hộp Số Số Tự Động,Nhiên Liệu Máy Dầu
Kia Sonet 1.5 Premium 2023,5450000000,2023,Kiểu Dáng Crossover,Tình Trạng Xe Cũ,Trong Nước,60000,"Tỉnh Thành
Phú Thọ",Hộp Số Số Tự Động,Nhiên Liệu Máy Xăng
Ford Laser 2005,850000000,2005,Kiểu Dáng Sedan,Tình Trạng Xe Cũ,Trong Nước,210000,"Tỉnh Thành
Phú Thọ",Hộp Số Số Sàn,Nhiên Liệu Máy Xăng
Toyota Vios 1.5E Mt 2019,2700000000,2019,Kiểu Dáng Sedan,Tình Trạng Xe Cũ,Nhập Khẩu,240000,"Tỉnh Thành
Quảng Nam",Hộp Số Số Sàn,Nhiên Liệu Máy Xăng
Mazda Cx-5 2.0 Luxury 2019,6500000000,2019,Kiểu Dáng Suv,Tình Trạng Xe Cũ,Trong Nước,70000,"Tỉnh Thành
Hà Nội",Hộp Số Số Tự Động,Nhiên Liệu Máy Xăng
Peugeot 3008 Allure 2022,7500000000,2022,Kiểu Dáng Suv,Tình Trạng Xe Cũ,Khác,49000,"Tỉnh Thành
Hà Nội",Hộp Số Số Tự Động,Nhiên Liệu Máy Xăng
Hyundai Accent 1.4 At 2011,1850000000,2011,Kiểu Dáng Sedan,Tình Trạng Xe Cũ,Nhập Khẩu,80000,"Tỉnh Thành
Tp.Hcm",Hộp Số Số Tự Động,Nhiên Liệu Máy Xăng
Honda Civic 2009,1850000000,2009,Kiểu Dáng Sedan,Tình Trạng Xe Cũ,Trong Nước,150000,"Tỉnh Thành
Phú Thọ",Hộp Số Số Sàn,Nhiên Liệu Máy Xăng
Mitsubishi Xpander 1.5 At  2024,5000000000,2024,Kiểu Dáng Crossover,Tình Trạng Xe Cũ,Nhập Khẩu,20000,"Tỉnh Thành
Tp.Hcm",Hộp Số Số Tự Động,Nhiên Liệu Máy Xăng
Kia Morning Mt 2018,2150000000,2018,Kiểu Dáng Hatchback,Tình Trạng Xe Cũ,Trong Nước,73000,"Tỉnh Thành
Bình Dương",Hộp Số Số Sàn,Nhiên Liệu Máy Xăng
Kia Cerato 1.6 At Deluxe 2018,3890000000,2018,Kiểu Dáng Sedan,Tình Trạng Xe Cũ,Trong Nước,160000,"Tỉnh Thành
Hà Nội",Hộp Số Số Tự Động,Nhiên Liệu Máy Xăng
Toyota Vios G 2022,4850000000,2022,Kiểu Dáng Sedan,Tình Trạng Xe Cũ,Nhập Khẩu,45000,"Tỉnh Thành
Hà Nội",Hộp Số Số Tự Động,Nhiên Liệu Máy Xăng
Suzuki Swift 1.4 At 2013,2300000000,2013,Kiểu Dáng Hatchback,Tình Trạng Xe Cũ,Nhập Khẩu,121248,"Tỉnh Thành
Hà Nội",Hộp Số Số Tự Động,Nhiên Liệu Máy Xăng
Chevrolet Lacetti Ex 1.6 Mt 2013,1650000000,2013,Kiểu Dáng Sedan,Tình Trạng Xe Cũ,Trong Nước,150000,"Tỉnh Thành
Phú Thọ",Hộp Số Số Sàn,Nhiên Liệu Máy Xăng
Hyundai Avante 1.6 At 2011,2100000000,2011,Kiểu Dáng Sedan,Tình Trạng Xe Cũ,Trong Nước,118481,"Tỉnh Thành
Hà Nội",Hộp Số Số Tự Động,Nhiên Liệu Máy Xăng
Kia Cerato 1.6 Mt 2017,3250000000,2017,Kiểu Dáng Sedan,Tình Trạng Xe Cũ,Trong Nước,90000,"Tỉnh Thành
Phú Thọ",Hộp Số Số Sàn,Nhiên Liệu Máy Xăng
Toyota Hilux 2.5E 4X2 Mt 2011,2550000000,2011,Kiểu Dáng Bán Tải,Tình Trạng Xe Cũ,Nhập Khẩu,222020,"Tỉnh Thành
Hà Nội",Hộp Số Số Sàn,Nhiên Liệu Máy Dầu
Kia Soul 2014,3550000000,2014,Kiểu Dáng Crossover,Tình Trạng Xe Cũ,Trong Nước,13800,"Tỉnh Thành
Hà Nội",Hộp Số Số Tự Động,Nhiên Liệu Máy Xăng
Chevrolet Cruze Lt 1.6 2017,2350000000,2017,Kiểu Dáng Sedan,Tình Trạng Xe Cũ,Nhập Khẩu,80000,"Tỉnh Thành
Tp.Hcm",Hộp Số Số Sàn,Nhiên Liệu Máy Xăng
Toyota Vios 1.5E Mt 2009,1450000000,2009,Kiểu Dáng Sedan,Tình Trạng Xe Cũ,Nhập Khẩu,92000,"Tỉnh Thành
Đắk Lắk",Hộp Số Số Sàn,Nhiên Liệu Máy Xăng
Mitsubishi Attrage 1.2L Mt 2023,3150000000,2023,Kiểu Dáng Sedan,Tình Trạng Xe Cũ,Nhập Khẩu,45000,"Tỉnh Thành
Hà Nội",Hộp Số Số Sàn,Nhiên Liệu Máy Xăng
Mazda Bt-50 Standard 4X4 2.2 Mt 2018,4200000000,2018,Kiểu Dáng Bán Tải,Tình Trạng Xe Cũ,Trong Nước,89000,"Tỉnh Thành
Hà Nội",Hộp Số Số Sàn,Nhiên Liệu Máy Xăng
Toyota Rush S 1.5 At 2021,4780000000,2021,Kiểu Dáng Suv,Tình Trạng Xe Cũ,Nhập Khẩu,63000,"Tỉnh Thành
Tp.Hcm",Hộp Số Số Tự Động,Nhiên Liệu Máy Xăng
Toyota Fortuner 2.5G 4X2 Mt 2016,5000000000,2016,Kiểu Dáng Suv,Tình Trạng Xe Cũ,Nhập Khẩu,1,"Tỉnh Thành
Gia Lai",Hộp Số Số Tự Động,Nhiên Liệu Máy Dầu
Toyota Fortuner 2.5G 4X2 Mt 2018,6600000000,2018,Kiểu Dáng Suv,Tình Trạng Xe Cũ,Nhập Khẩu,1,"Tỉnh Thành
Gia Lai",Hộp Số Số Sàn,Nhiên Liệu Máy Dầu
Ford Focus 1.8L 2010,1400000000,2010,Kiểu Dáng Sedan,Tình Trạng Xe Cũ,Nhập Khẩu,15000,"Tỉnh Thành
Hà Nội",Hộp Số Số Tự Động,Nhiên Liệu Máy Xăng
Chevrolet Cruze Ls 2014,2000000000,2014,Kiểu Dáng Sedan,Tình Trạng Xe Cũ,Trong Nước,190000,"Tỉnh Thành
Tiền Giang",Hộp Số Số Tự Động,Nhiên Liệu Máy Xăng
Ford Focus 1.8L 2010,1400000000,2010,Kiểu Dáng Sedan,Tình Trạng Xe Cũ,Nhập Khẩu,15000,"Tỉnh Thành
Hà Nội",Hộp Số Số Tự Động,Nhiên Liệu Máy Xăng
Chevrolet Cruze Ls 2014,2000000000,2014,Kiểu Dáng Sedan,Tình Trạng Xe Cũ,Trong Nước,190000,"Tỉnh Thành
Tiền Giang",Hộp Số Số Tự Động,Nhiên Liệu Máy Xăng
Ford Escape Xls 2.3 At 4X2 2010,2220000000,2010,Kiểu Dáng Suv,Tình Trạng Xe Cũ,Trong Nước,118000,"Tỉnh Thành
Bình Dương",Hộp Số Số Tự Động,Nhiên Liệu Máy Xăng
Hyundai Grand I10 Sedan 1.2 At 2019,2700000000,2019,Kiểu Dáng Sedan,Tình Trạng Xe Cũ,Trong Nước,103000,"Tỉnh Thành
Tp.Hcm",Hộp Số Số Tự Động,Nhiên Liệu Máy Xăng
Kia Soluto At Deluxe 2019,3000000000,2019,Kiểu Dáng Sedan,Tình Trạng Xe Cũ,Nhập Khẩu,1,"Tỉnh Thành
Quảng Nam",Hộp Số Số Tự Động,Nhiên Liệu Máy Xăng
Hyundai Starex 2.5 Mt 2017,6280000000,2017,Kiểu Dáng Van/Minivan,Tình Trạng Xe Cũ,Nhập Khẩu,91000,"Tỉnh Thành
Tp.Hcm",Hộp Số Số Sàn,Nhiên Liệu Máy Dầu
Vinfast Lux A2.0 2021,4500000000,2021,Kiểu Dáng Sedan,Tình Trạng Xe Cũ,Trong Nước,71000,"Tỉnh Thành
Đà Nẵng",Hộp Số Số Tự Động,Nhiên Liệu Máy Xăng
Mercedes-Benz C300 Amg 2016,6300000000,2016,Kiểu Dáng Sedan,Tình Trạng Xe Cũ,Trong Nước,6789,"Tỉnh Thành
Tp.Hcm",Hộp Số Số Tự Động,Nhiên Liệu Máy Xăng
Toyota Vios 1.5 E Cvt 2019,3600000000,2019,Kiểu Dáng Sedan,Tình Trạng Xe Cũ,Nhập Khẩu,103500,"Tỉnh Thành
Lâm Đồng",Hộp Số Số Tự Động,Nhiên Liệu Máy Xăng
Mitsubishi Outlander 2.0 Cvt 2022,6500000000,2022,Kiểu Dáng Suv,Tình Trạng Xe Cũ,Trong Nước,39000,"Tỉnh Thành
Hà Nội",Hộp Số Số Tự Động,Nhiên Liệu Máy Xăng
Hyundai Tucson 2.0 Đặc Biệt 2015,5500000000,2015,Kiểu Dáng Suv,Tình Trạng Xe Cũ,Nhập Khẩu,620000,"Tỉnh Thành
Hà Nội",Hộp Số Số Tự Động,Nhiên Liệu Máy Xăng
Kia Soluto At Deluxe 2022,3200000000,2022,Kiểu Dáng Sedan,Tình Trạng Xe Cũ,Nhập Khẩu,96000,"Tỉnh Thành
Khánh Hòa",Hộp Số Số Tự Động,Nhiên Liệu Máy Xăng
Suzuki Super Carry Van Blind Van 2014,1200000000,2014,Kiểu Dáng Van/Minivan,Tình Trạng Xe Cũ,Trong Nước,10000,"Tỉnh Thành
Hà Nội",Hộp Số Số Sàn,Nhiên Liệu Máy Xăng
Toyota Hilux 2.5E 4X2 Mt 2009,2400000000,2009,Kiểu Dáng Bán Tải,Tình Trạng Xe Cũ,Nhập Khẩu,200000,"Tỉnh Thành
Bình Dương",Hộp Số Số Sàn,Nhiên Liệu Máy Dầu
Suzuki Super Carry Van Blind Van 2014,1200000000,2014,Kiểu Dáng Van/Minivan,Tình Trạng Xe Cũ,Trong Nước,10000,"Tỉnh Thành
Hà Nội",Hộp Số Số Sàn,Nhiên Liệu Máy Xăng
Toyota Hilux 2.5E 4X2 Mt 2009,2400000000,2009,Kiểu Dáng Bán Tải,Tình Trạng Xe Cũ,Nhập Khẩu,200000,"Tỉnh Thành
Bình Dương",Hộp Số Số Sàn,Nhiên Liệu Máy Dầu
Mitsubishi Xpander 1.5 Mt 2024,4800000000,2024,Kiểu Dáng Crossover,Tình Trạng Xe Cũ,Nhập Khẩu,31000,"Tỉnh Thành
Đắk Lắk",Hộp Số Số Sàn,Nhiên Liệu Máy Xăng
Toyota Corolla Altis 1.8 G 2009,2800000000,2009,Kiểu Dáng Sedan,Tình Trạng Xe Cũ,Trong Nước,150000,"Tỉnh Thành
Hà Nội",Hộp Số Số Tự Động,Nhiên Liệu Máy Xăng
Chevrolet Cruze 2017,1900000000,2017,Kiểu Dáng Sedan,Tình Trạng Xe Cũ,Nhập Khẩu,190000,"Tỉnh Thành
Quảng Nam",Hộp Số Số Sàn,Nhiên Liệu Máy Xăng
Kia Sorento 2022,9350000000,2022,Kiểu Dáng Suv,Tình Trạng Xe Cũ,Khác,50000,"Tỉnh Thành
Hà Nội",Hộp Số Số Tự Động,Nhiên Liệu Máy Xăng
Chevrolet Cruze Ls 1.6 2011,1690000000,2011,Kiểu Dáng Sedan,Tình Trạng Xe Cũ,Nhập Khẩu,80000,"Tỉnh Thành
Tp.Hcm",Hộp Số Số Tự Động,Nhiên Liệu Máy Xăng
Suzuki Ertiga 2019,3850000000,2019,Kiểu Dáng Mpv,Tình Trạng Xe Cũ,Nhập Khẩu,53000,"Tỉnh Thành
Tp.Hcm",Hộp Số Số Tự Động,Nhiên Liệu Máy Xăng
Mitsubishi Xpander At 2020,5300000000,2020,Kiểu Dáng Mpv,Tình Trạng Xe Cũ,Nhập Khẩu,4900,"Tỉnh Thành
Hà Nội",Hộp Số Số Tự Động,Nhiên Liệu Máy Xăng
Ford Fiesta 1.6 At 2013,2100000000,2013,Kiểu Dáng Hatchback,Tình Trạng Xe Cũ,Trong Nước,100000,"Tỉnh Thành
Tp.Hcm",Hộp Số Số Tự Động,Nhiên Liệu Máy Xăng
Kia Morning At 2019,2700000000,2019,Kiểu Dáng Hatchback,Tình Trạng Xe Cũ,Nhập Khẩu,77000,"Tỉnh Thành
Bình Dương",Hộp Số Số Tự Động,Nhiên Liệu Máy Xăng
Vinfast Fadil Tiêu Chuẩn 2020,2880000000,2020,Kiểu Dáng Hatchback,Tình Trạng Xe Cũ,Trong Nước,42000,"Tỉnh Thành
Quảng Bình",Hộp Số Số Tự Động,Nhiên Liệu Máy Xăng
Mg 5 1.5L Luxury 2023,4050000000,2023,Kiểu Dáng Sedan,Tình Trạng Xe Cũ,Nhập Khẩu,30000,"Tỉnh Thành
Tp.Hcm",Hộp Số Số Tự Động,Nhiên Liệu Máy Xăng
Kia Cerato 1.6 At Luxury 2019,4400000000,2019,Kiểu Dáng Sedan,Tình Trạng Xe Cũ,Trong Nước,80000,"Tỉnh Thành
Vĩnh Phúc",Hộp Số Số Tự Động,Nhiên Liệu Máy Xăng
Ford Ranger Xls 2.0L 4X2 At 2023,5990000000,2023,Kiểu Dáng Bán Tải,Tình Trạng Xe Cũ,Trong Nước,60000,"Tỉnh Thành
Thanh Hóa",Hộp Số Số Tự Động,Nhiên Liệu Máy Dầu
Toyota Fortuner 2.7V 2020,7550000000,2020,Kiểu Dáng Suv,Tình Trạng Xe Cũ,Nhập Khẩu,66127,"Tỉnh Thành
Hà Nội",Hộp Số Số Tự Động,Nhiên Liệu Máy Xăng
Mazda Cx-5 2.0L Premium 2021,6980000000,2021,Kiểu Dáng Suv,Tình Trạng Xe Cũ,Trong Nước,45000,"Tỉnh Thành
Tp.Hcm",Hộp Số Số Tự Động,Nhiên Liệu Máy Xăng
Hyundai Accent 2019,3700000000,2019,Kiểu Dáng Sedan,Tình Trạng Xe Cũ,Khác,90000,"Tỉnh Thành
Nghệ An",Hộp Số Số Tự Động,Nhiên Liệu Máy Xăng
Mazda 2 Sedan 1.5L Deluxe 2024,3950000000,2024,Kiểu Dáng Sedan,Tình Trạng Xe Cũ,Nhập Khẩu,17000,"Tỉnh Thành
Đồng Nai",Hộp Số Số Tự Động,Nhiên Liệu Máy Xăng
Toyota Veloz Cross 2022,4750000000,2022,Kiểu Dáng Mpv,Tình Trạng Xe Cũ,Nhập Khẩu,60000,"Tỉnh Thành
Hà Nội",Hộp Số Số Tự Động,Nhiên Liệu Máy Xăng
Toyota Fortuner 2.7 V 4X2 At 2014,4500000000,2014,Kiểu Dáng Suv,Tình Trạng Xe Cũ,Trong Nước,110000,"Tỉnh Thành
Tp.Hcm",Hộp Số Số Tự Động,Nhiên Liệu Máy Xăng
Kia Morning 2015,1600000000,2015,Kiểu Dáng Hatchback,Tình Trạng Xe Cũ,Trong Nước,105000,"Tỉnh Thành
Hà Nam",Hộp Số Số Sàn,Nhiên Liệu Máy Xăng
Toyota Wigo 1.2 G At 2021,3020000000,2021,Kiểu Dáng Hatchback,Tình Trạng Xe Cũ,Nhập Khẩu,38700,"Tỉnh Thành
Bà Rịa Vũng Tàu",Hộp Số Số Tự Động,Nhiên Liệu Máy Xăng
Vinfast Lux Sa2.0 Cao Cấp 2021,6200000000,2021,Kiểu Dáng Suv,Tình Trạng Xe Cũ,Trong Nước,47000,"Tỉnh Thành
Hà Nội",Hộp Số Số Tự Động,Nhiên Liệu Máy Xăng
Hyundai Kona 2.0 At Tiêu Chuẩn 2020,4800000000,2020,Kiểu Dáng Suv,Tình Trạng Xe Cũ,Trong Nước,29000,"Tỉnh Thành
Thanh Hóa",Hộp Số Số Tự Động,Nhiên Liệu Máy Xăng
Hyundai Santa Fe 2.2L Dầu Cao Cấp 2021,10300000000,2021,Kiểu Dáng Suv,Tình Trạng Xe Cũ,Nhập Khẩu,50000,"Tỉnh Thành
Hà Nội",Hộp Số Số Tự Động,Nhiên Liệu Máy Dầu
Vinfast Lux A2.0 Cao Cấp 2019,5350000000,2019,Kiểu Dáng Sedan,Tình Trạng Xe Cũ,Trong Nước,70000,"Tỉnh Thành
Hà Nội",Hộp Số Số Tự Động,Nhiên Liệu Máy Xăng
Mazda 2 Sport 1.5L Premium 2016,3300000000,2016,Kiểu Dáng Hatchback,Tình Trạng Xe Cũ,Trong Nước,70000,"Tỉnh Thành
Hà Nội",Hộp Số Số Tự Động,Nhiên Liệu Máy Xăng
Toyota Corolla Altis 1.8 V 2022,6450000000,2022,Kiểu Dáng Sedan,Tình Trạng Xe Cũ,Nhập Khẩu,65000,"Tỉnh Thành
Tp.Hcm",Hộp Số Số Tự Động,Nhiên Liệu Máy Xăng
Hyundai Accent 1.4 At Đặc Biệt 2020,4100000000,2020,Kiểu Dáng Sedan,Tình Trạng Xe Cũ,Trong Nước,70000,"Tỉnh Thành
Hà Nội",Hộp Số Số Tự Động,Nhiên Liệu Máy Xăng
Hyundai Accent 1.4 At 2022,4250000000,2022,Kiểu Dáng Sedan,Tình Trạng Xe Cũ,Trong Nước,40000,"Tỉnh Thành
Hà Nội",Hộp Số Số Tự Động,Nhiên Liệu Máy Xăng
Ford Escape 2010,2000000000,2010,Kiểu Dáng Suv,Tình Trạng Xe Cũ,Trong Nước,170000,"Tỉnh Thành
Quảng Ngãi",Hộp Số Số Tự Động,Nhiên Liệu Máy Xăng
Vinfast Fadil 2022,2950000000,2022,Kiểu Dáng Hatchback,Tình Trạng Xe Cũ,Nhập Khẩu,60000,"Tỉnh Thành
Đà Nẵng",Hộp Số Số Tự Động,Nhiên Liệu Máy Xăng
Hyundai Porter Ii 2015,3500000000,2015,Kiểu Dáng Xe Tải,Tình Trạng Xe Cũ,Nhập Khẩu,10000,"Tỉnh Thành
Hà Nội",Hộp Số Số Sàn,Nhiên Liệu Máy Dầu
Toyota Wigo 1.2 G At 2019,2880000000,2019,Kiểu Dáng Hatchback,Tình Trạng Xe Cũ,Nhập Khẩu,183000,"Tỉnh Thành
Cần Thơ",Hộp Số Số Tự Động,Nhiên Liệu Máy Xăng
Mitsubishi Attrage Cvt 2020,2990000000,2020,Kiểu Dáng Sedan,Tình Trạng Xe Cũ,Nhập Khẩu,78000,"Tỉnh Thành
Nam Định",Hộp Số Số Tự Động,Nhiên Liệu Máy Xăng
Toyota Innova 2.0G 2021,6850000000,2021,Kiểu Dáng Mpv,Tình Trạng Xe Cũ,Nhập Khẩu,71540,"Tỉnh Thành
Tp.Hcm",Hộp Số Số Tự Động,Nhiên Liệu Máy Xăng
Chevrolet Captiva Lt 2.4 2009,1900000000,2009,Kiểu Dáng Suv,Tình Trạng Xe Cũ,Nhập Khẩu,100000,"Tỉnh Thành
Tp.Hcm",Hộp Số Số Tự Động,Nhiên Liệu Máy Xăng
Hyundai Grand I10 2014,1050000000,2014,Kiểu Dáng Sedan,Tình Trạng Xe Cũ,Nhập Khẩu,330000,"Tỉnh Thành
Hà Tĩnh",Hộp Số Số Sàn,Nhiên Liệu Máy Xăng
Mitsubishi Xpander Cross 1.5 At 2021,4550000000,2021,Kiểu Dáng Mpv,Tình Trạng Xe Cũ,Nhập Khẩu,86000,"Tỉnh Thành
Tp.Hcm",Hộp Số Số Tự Động,Nhiên Liệu Máy Xăng
Vinfast Lux A2.0 Nâng Cao 2021,5750000000,2021,Kiểu Dáng Sedan,Tình Trạng Xe Cũ,Trong Nước,46000,"Tỉnh Thành
Hà Nội",Hộp Số Số Tự Động,Nhiên Liệu Máy Xăng
Chevrolet Captiva Lt 2.4 2009,1900000000,2009,Kiểu Dáng Suv,Tình Trạng Xe Cũ,Nhập Khẩu,100000,"Tỉnh Thành
Tp.Hcm",Hộp Số Số Tự Động,Nhiên Liệu Máy Xăng
Hyundai Grand I10 2014,1050000000,2014,Kiểu Dáng Sedan,Tình Trạng Xe Cũ,Nhập Khẩu,330000,"Tỉnh Thành
Hà Tĩnh",Hộp Số Số Sàn,Nhiên Liệu Máy Xăng
Mitsubishi Xpander Cross 1.5 At 2021,4550000000,2021,Kiểu Dáng Mpv,Tình Trạng Xe Cũ,Nhập Khẩu,86000,"Tỉnh Thành
Tp.Hcm",Hộp Số Số Tự Động,Nhiên Liệu Máy Xăng
Vinfast Lux A2.0 Nâng Cao 2021,5750000000,2021,Kiểu Dáng Sedan,Tình Trạng Xe Cũ,Trong Nước,46000,"Tỉnh Thành
Hà Nội",Hộp Số Số Tự Động,Nhiên Liệu Máy Xăng
Kia Carens 1.5G Luxury 2022,5290000000,2022,Kiểu Dáng Mpv,Tình Trạng Xe Cũ,Trong Nước,45000,"Tỉnh Thành
Tp.Hcm",Hộp Số Số Tự Động,Nhiên Liệu Máy Xăng
Mazda 3 Sport 2020,4780000000,2020,Kiểu Dáng Sedan,Tình Trạng Xe Cũ,Trong Nước,82000,"Tỉnh Thành
Tp.Hcm",Hộp Số Số Tự Động,Nhiên Liệu Máy Xăng
Kia Seltos 1.4T Premium 2020,5200000000,2020,Kiểu Dáng Suv,Tình Trạng Xe Cũ,Trong Nước,55000,"Tỉnh Thành
Hải Phòng",Hộp Số Số Tự Động,Nhiên Liệu Máy Xăng
Toyota Corolla Cross 1.8 G 2023,6900000000,2023,Kiểu Dáng Crossover,Tình Trạng Xe Cũ,Nhập Khẩu,30000,"Tỉnh Thành
Bắc Ninh",Hộp Số Số Tự Động,Nhiên Liệu Máy Xăng
Ford Ecosport Titanium 1.5L At 2020,4550000000,2020,Kiểu Dáng Suv,Tình Trạng Xe Cũ,Trong Nước,80000,"Tỉnh Thành
Tp.Hcm",Hộp Số Số Tự Động,Nhiên Liệu Máy Xăng
Mercedes-Benz E300 2017,8590000000,2017,Kiểu Dáng Sedan,Tình Trạng Xe Cũ,Nhập Khẩu,90000,"Tỉnh Thành
Hà Nội",Hộp Số Số Tự Động,Nhiên Liệu Máy Xăng
Hyundai Tucson 2.0 Tiêu Chuẩn 2021,6700000000,2021,Kiểu Dáng Suv,Tình Trạng Xe Cũ,Trong Nước,38000,"Tỉnh Thành
Hà Nội",Hộp Số Số Tự Động,Nhiên Liệu Máy Xăng
Nissan X Trail 2.5 Sv 4Wd Xtronic-Cvt 2016,4300000000,2016,Kiểu Dáng Suv,Tình Trạng Xe Cũ,Trong Nước,78000,"Tỉnh Thành
Tp.Hcm",Hộp Số Số Tự Động,Nhiên Liệu Máy Xăng
Hyundai I20 1.4 At 2010,2200000000,2010,Kiểu Dáng Hatchback,Tình Trạng Xe Cũ,Nhập Khẩu,87000,"Tỉnh Thành
Bình Dương",Hộp Số Số Tự Động,Nhiên Liệu Máy Xăng
Mercedes-Benz C200 Avantgarde 2009,2350000000,2009,Kiểu Dáng Sedan,Tình Trạng Xe Cũ,Trong Nước,190000,"Tỉnh Thành
Hải Phòng",Hộp Số Số Tự Động,Nhiên Liệu Máy Xăng
Nissan Almera Cvt Cao Cấp 2022,4400000000,2022,Kiểu Dáng Sedan,Tình Trạng Xe Cũ,Nhập Khẩu,53000,"Tỉnh Thành
Hà Nội",Hộp Số Số Tự Động,Nhiên Liệu Máy Xăng
Vinfast Fadil Nâng Cao 2020,2950000000,2020,Na,Tình Trạng Xe Cũ,Trong Nước,28000,"Tỉnh Thành
Long An",Hộp Số Số Tự Động,Nhiên Liệu Máy Xăng
Mg 5 1.5L Luxury 2022,3750000000,2022,Kiểu Dáng Sedan,Tình Trạng Xe Cũ,Nhập Khẩu,35000,"Tỉnh Thành
Hà Nội",Hộp Số Số Tự Động,Nhiên Liệu Máy Xăng
Hyundai I20 1.4 At 2012,2260000000,2012,Kiểu Dáng Hatchback,Tình Trạng Xe Cũ,Nhập Khẩu,91000,"Tỉnh Thành
Hà Nội",Hộp Số Số Tự Động,Nhiên Liệu Máy Xăng
Ford Everest Platinum 2.0L 4X4 At 2020,9000000000,2020,Kiểu Dáng Suv,Tình Trạng Xe Cũ,Nhập Khẩu,85000,"Tỉnh Thành
Lâm Đồng",Hộp Số Số Tự Động,Nhiên Liệu Máy Dầu
Kia Morning Si 1.25 Mt 2018,2250000000,2018,Kiểu Dáng Hatchback,Tình Trạng Xe Cũ,Trong Nước,80000,"Tỉnh Thành
Lâm Đồng",Hộp Số Số Sàn,Nhiên Liệu Máy Xăng
Mazda Cx-5 2.0 Deluxe 2021,6350000000,2021,Kiểu Dáng Suv,Tình Trạng Xe Cũ,Trong Nước,52000,"Tỉnh Thành
Hải Phòng",Hộp Số Số Tự Động,Nhiên Liệu Máy Xăng
Hyundai Kona 2.0 At Tiêu Chuẩn 2020,4650000000,2020,Kiểu Dáng Suv,Tình Trạng Xe Cũ,Trong Nước,58000,"Tỉnh Thành
Hải Phòng",Hộp Số Số Tự Động,Nhiên Liệu Máy Xăng
Vinfast Fadil Tiêu Chuẩn 2021,2890000000,2021,Na,Tình Trạng Xe Cũ,Trong Nước,72000,"Tỉnh Thành
Hải Phòng",Hộp Số Số Tự Động,Nhiên Liệu Máy Xăng
Chevrolet Colorado Ltz 2.8 At 4X4 2017,3900000000,2017,Kiểu Dáng Bán Tải,Tình Trạng Xe Cũ,Nhập Khẩu,130000,"Tỉnh Thành
Hà Nội",Hộp Số Số Tự Động,Nhiên Liệu Máy Dầu
Ford Focus 1.8L 2011,2200000000,2011,Kiểu Dáng Hatchback,Tình Trạng Xe Cũ,Trong Nước,125000,"Tỉnh Thành
Hà Nội",Hộp Số Số Tự Động,Nhiên Liệu Máy Xăng
Kia Sedona 3.3 Platinum G 2019,6980000000,2019,Kiểu Dáng Mpv,Tình Trạng Xe Cũ,Trong Nước,60000,"Tỉnh Thành
Tp.Hcm",Hộp Số Số Tự Động,Nhiên Liệu Máy Xăng
Subaru Outback 2.5I-T Eyesight 2022,13500000000,2022,Kiểu Dáng Crossover,Tình Trạng Xe Cũ,Nhập Khẩu,16000,"Tỉnh Thành
Hà Nội",Hộp Số Số Tự Động,Nhiên Liệu Máy Xăng
Ford Ecosport Titanium 1.5L At 2021,4450000000,2021,Kiểu Dáng Suv,Tình Trạng Xe Cũ,Trong Nước,55000,"Tỉnh Thành
Hà Nội",Hộp Số Số Tự Động,Nhiên Liệu Máy Xăng
Porsche Cayenne 3.6 V6 2014,12000000000,2014,Kiểu Dáng Suv,Tình Trạng Xe Cũ,Nhập Khẩu,88888,"Tỉnh Thành
Hà Nội",Hộp Số Số Tự Động,Nhiên Liệu Máy Xăng
Nissan Almera Cvt Cao Cấp 2022,4400000000,2022,Kiểu Dáng Sedan,Tình Trạng Xe Cũ,Nhập Khẩu,53000,"Tỉnh Thành
Hà Nội",Hộp Số Số Tự Động,Nhiên Liệu Máy Xăng
Vinfast Fadil Nâng Cao 2020,2950000000,2020,Na,Tình Trạng Xe Cũ,Trong Nước,28000,"Tỉnh Thành
Long An",Hộp Số Số Tự Động,Nhiên Liệu Máy Xăng
Mg 5 1.5L Luxury 2022,3750000000,2022,Kiểu Dáng Sedan,Tình Trạng Xe Cũ,Nhập Khẩu,35000,"Tỉnh Thành
Hà Nội",Hộp Số Số Tự Động,Nhiên Liệu Máy Xăng
Hyundai I20 1.4 At 2012,2260000000,2012,Kiểu Dáng Hatchback,Tình Trạng Xe Cũ,Nhập Khẩu,91000,"Tỉnh Thành
Hà Nội",Hộp Số Số Tự Động,Nhiên Liệu Máy Xăng
Ford Everest Platinum 2.0L 4X4 At 2020,9000000000,2020,Kiểu Dáng Suv,Tình Trạng Xe Cũ,Nhập Khẩu,85000,"Tỉnh Thành
Lâm Đồng",Hộp Số Số Tự Động,Nhiên Liệu Máy Dầu
Kia Morning Si 1.25 Mt 2018,2250000000,2018,Kiểu Dáng Hatchback,Tình Trạng Xe Cũ,Trong Nước,80000,"Tỉnh Thành
Lâm Đồng",Hộp Số Số Sàn,Nhiên Liệu Máy Xăng
Mazda Cx-5 2.0 Deluxe 2021,6350000000,2021,Kiểu Dáng Suv,Tình Trạng Xe Cũ,Trong Nước,52000,"Tỉnh Thành
Hải Phòng",Hộp Số Số Tự Động,Nhiên Liệu Máy Xăng
Hyundai Kona 2.0 At Tiêu Chuẩn 2020,4650000000,2020,Kiểu Dáng Suv,Tình Trạng Xe Cũ,Trong Nước,58000,"Tỉnh Thành
Hải Phòng",Hộp Số Số Tự Động,Nhiên Liệu Máy Xăng
Vinfast Fadil Tiêu Chuẩn 2021,2890000000,2021,Na,Tình Trạng Xe Cũ,Trong Nước,72000,"Tỉnh Thành
Hải Phòng",Hộp Số Số Tự Động,Nhiên Liệu Máy Xăng
Chevrolet Colorado Ltz 2.8 At 4X4 2017,3900000000,2017,Kiểu Dáng Bán Tải,Tình Trạng Xe Cũ,Nhập Khẩu,130000,"Tỉnh Thành
Hà Nội",Hộp Số Số Tự Động,Nhiên Liệu Máy Dầu
Ford Focus 1.8L 2011,2200000000,2011,Kiểu Dáng Hatchback,Tình Trạng Xe Cũ,Trong Nước,125000,"Tỉnh Thành
Hà Nội",Hộp Số Số Tự Động,Nhiên Liệu Máy Xăng
Kia Sedona 3.3 Platinum G 2019,6980000000,2019,Kiểu Dáng Mpv,Tình Trạng Xe Cũ,Trong Nước,60000,"Tỉnh Thành
Tp.Hcm",Hộp Số Số Tự Động,Nhiên Liệu Máy Xăng
Subaru Outback 2.5I-T Eyesight 2022,13500000000,2022,Kiểu Dáng Crossover,Tình Trạng Xe Cũ,Nhập Khẩu,16000,"Tỉnh Thành
Hà Nội",Hộp Số Số Tự Động,Nhiên Liệu Máy Xăng
Ford Ecosport Titanium 1.5L At 2021,4450000000,2021,Kiểu Dáng Suv,Tình Trạng Xe Cũ,Trong Nước,55000,"Tỉnh Thành
Hà Nội",Hộp Số Số Tự Động,Nhiên Liệu Máy Xăng
Porsche Cayenne 3.6 V6 2014,12000000000,2014,Kiểu Dáng Suv,Tình Trạng Xe Cũ,Nhập Khẩu,88888,"Tỉnh Thành
Hà Nội",Hộp Số Số Tự Động,Nhiên Liệu Máy Xăng
Nissan Almera Cvt Cao Cấp 2022,4400000000,2022,Kiểu Dáng Sedan,Tình Trạng Xe Cũ,Nhập Khẩu,53000,"Tỉnh Thành
Hà Nội",Hộp Số Số Tự Động,Nhiên Liệu Máy Xăng
Vinfast Fadil Nâng Cao 2020,2950000000,2020,Na,Tình Trạng Xe Cũ,Trong Nước,28000,"Tỉnh Thành
Long An",Hộp Số Số Tự Động,Nhiên Liệu Máy Xăng
Mg 5 1.5L Luxury 2022,3750000000,2022,Kiểu Dáng Sedan,Tình Trạng Xe Cũ,Nhập Khẩu,35000,"Tỉnh Thành
Hà Nội",Hộp Số Số Tự Động,Nhiên Liệu Máy Xăng
Hyundai I20 1.4 At 2012,2260000000,2012,Kiểu Dáng Hatchback,Tình Trạng Xe Cũ,Nhập Khẩu,91000,"Tỉnh Thành
Hà Nội",Hộp Số Số Tự Động,Nhiên Liệu Máy Xăng
Ford Everest Platinum 2.0L 4X4 At 2020,9000000000,2020,Kiểu Dáng Suv,Tình Trạng Xe Cũ,Nhập Khẩu,85000,"Tỉnh Thành
Lâm Đồng",Hộp Số Số Tự Động,Nhiên Liệu Máy Dầu
Kia Morning Si 1.25 Mt 2018,2250000000,2018,Kiểu Dáng Hatchback,Tình Trạng Xe Cũ,Trong Nước,80000,"Tỉnh Thành
Lâm Đồng",Hộp Số Số Sàn,Nhiên Liệu Máy Xăng
Mazda Cx-5 2.0 Deluxe 2021,6350000000,2021,Kiểu Dáng Suv,Tình Trạng Xe Cũ,Trong Nước,52000,"Tỉnh Thành
Hải Phòng",Hộp Số Số Tự Động,Nhiên Liệu Máy Xăng
Hyundai Kona 2.0 At Tiêu Chuẩn 2020,4650000000,2020,Kiểu Dáng Suv,Tình Trạng Xe Cũ,Trong Nước,58000,"Tỉnh Thành
Hải Phòng",Hộp Số Số Tự Động,Nhiên Liệu Máy Xăng
Vinfast Fadil Tiêu Chuẩn 2021,2890000000,2021,Na,Tình Trạng Xe Cũ,Trong Nước,72000,"Tỉnh Thành
Hải Phòng",Hộp Số Số Tự Động,Nhiên Liệu Máy Xăng
Chevrolet Colorado Ltz 2.8 At 4X4 2017,3900000000,2017,Kiểu Dáng Bán Tải,Tình Trạng Xe Cũ,Nhập Khẩu,130000,"Tỉnh Thành
Hà Nội",Hộp Số Số Tự Động,Nhiên Liệu Máy Dầu
Ford Focus 1.8L 2011,2200000000,2011,Kiểu Dáng Hatchback,Tình Trạng Xe Cũ,Trong Nước,125000,"Tỉnh Thành
Hà Nội",Hộp Số Số Tự Động,Nhiên Liệu Máy Xăng
Kia Sedona 3.3 Platinum G 2019,6980000000,2019,Kiểu Dáng Mpv,Tình Trạng Xe Cũ,Trong Nước,60000,"Tỉnh Thành
Tp.Hcm",Hộp Số Số Tự Động,Nhiên Liệu Máy Xăng
Subaru Outback 2.5I-T Eyesight 2022,13500000000,2022,Kiểu Dáng Crossover,Tình Trạng Xe Cũ,Nhập Khẩu,16000,"Tỉnh Thành
Hà Nội",Hộp Số Số Tự Động,Nhiên Liệu Máy Xăng
Ford Ecosport Titanium 1.5L At 2021,4450000000,2021,Kiểu Dáng Suv,Tình Trạng Xe Cũ,Trong Nước,55000,"Tỉnh Thành
Hà Nội",Hộp Số Số Tự Động,Nhiên Liệu Máy Xăng
Porsche Cayenne 3.6 V6 2014,12000000000,2014,Kiểu Dáng Suv,Tình Trạng Xe Cũ,Nhập Khẩu,88888,"Tỉnh Thành
Hà Nội",Hộp Số Số Tự Động,Nhiên Liệu Máy Xăng
Nissan Almera Cvt Cao Cấp 2022,4400000000,2022,Kiểu Dáng Sedan,Tình Trạng Xe Cũ,Nhập Khẩu,53000,"Tỉnh Thành
Hà Nội",Hộp Số Số Tự Động,Nhiên Liệu Máy Xăng
Vinfast Fadil Nâng Cao 2020,2950000000,2020,Na,Tình Trạng Xe Cũ,Trong Nước,28000,"Tỉnh Thành
Long An",Hộp Số Số Tự Động,Nhiên Liệu Máy Xăng
Mg 5 1.5L Luxury 2022,3750000000,2022,Kiểu Dáng Sedan,Tình Trạng Xe Cũ,Nhập Khẩu,35000,"Tỉnh Thành
Hà Nội",Hộp Số Số Tự Động,Nhiên Liệu Máy Xăng
Hyundai I20 1.4 At 2012,2260000000,2012,Kiểu Dáng Hatchback,Tình Trạng Xe Cũ,Nhập Khẩu,91000,"Tỉnh Thành
Hà Nội",Hộp Số Số Tự Động,Nhiên Liệu Máy Xăng
Ford Everest Platinum 2.0L 4X4 At 2020,9000000000,2020,Kiểu Dáng Suv,Tình Trạng Xe Cũ,Nhập Khẩu,85000,"Tỉnh Thành
Lâm Đồng",Hộp Số Số Tự Động,Nhiên Liệu Máy Dầu
Kia Morning Si 1.25 Mt 2018,2250000000,2018,Kiểu Dáng Hatchback,Tình Trạng Xe Cũ,Trong Nước,80000,"Tỉnh Thành
Lâm Đồng",Hộp Số Số Sàn,Nhiên Liệu Máy Xăng
Mazda Cx-5 2.0 Deluxe 2021,6350000000,2021,Kiểu Dáng Suv,Tình Trạng Xe Cũ,Trong Nước,52000,"Tỉnh Thành
Hải Phòng",Hộp Số Số Tự Động,Nhiên Liệu Máy Xăng
Hyundai Kona 2.0 At Tiêu Chuẩn 2020,4650000000,2020,Kiểu Dáng Suv,Tình Trạng Xe Cũ,Trong Nước,58000,"Tỉnh Thành
Hải Phòng",Hộp Số Số Tự Động,Nhiên Liệu Máy Xăng
Vinfast Fadil Tiêu Chuẩn 2021,2890000000,2021,Na,Tình Trạng Xe Cũ,Trong Nước,72000,"Tỉnh Thành
Hải Phòng",Hộp Số Số Tự Động,Nhiên Liệu Máy Xăng
Chevrolet Colorado Ltz 2.8 At 4X4 2017,3900000000,2017,Kiểu Dáng Bán Tải,Tình Trạng Xe Cũ,Nhập Khẩu,130000,"Tỉnh Thành
Hà Nội",Hộp Số Số Tự Động,Nhiên Liệu Máy Dầu
Ford Focus 1.8L 2011,2200000000,2011,Kiểu Dáng Hatchback,Tình Trạng Xe Cũ,Trong Nước,125000,"Tỉnh Thành
Hà Nội",Hộp Số Số Tự Động,Nhiên Liệu Máy Xăng
Kia Sedona 3.3 Platinum G 2019,6980000000,2019,Kiểu Dáng Mpv,Tình Trạng Xe Cũ,Trong Nước,60000,"Tỉnh Thành
Tp.Hcm",Hộp Số Số Tự Động,Nhiên Liệu Máy Xăng
Subaru Outback 2.5I-T Eyesight 2022,13500000000,2022,Kiểu Dáng Crossover,Tình Trạng Xe Cũ,Nhập Khẩu,16000,"Tỉnh Thành
Hà Nội",Hộp Số Số Tự Động,Nhiên Liệu Máy Xăng
Ford Ecosport Titanium 1.5L At 2021,4450000000,2021,Kiểu Dáng Suv,Tình Trạng Xe Cũ,Trong Nước,55000,"Tỉnh Thành
Hà Nội",Hộp Số Số Tự Động,Nhiên Liệu Máy Xăng
Porsche Cayenne 3.6 V6 2014,12000000000,2014,Kiểu Dáng Suv,Tình Trạng Xe Cũ,Nhập Khẩu,88888,"Tỉnh Thành
Hà Nội",Hộp Số Số Tự Động,Nhiên Liệu Máy Xăng
Nissan Almera Cvt Cao Cấp 2022,4400000000,2022,Kiểu Dáng Sedan,Tình Trạng Xe Cũ,Nhập Khẩu,53000,"Tỉnh Thành
Hà Nội",Hộp Số Số Tự Động,Nhiên Liệu Máy Xăng
Vinfast Fadil Nâng Cao 2020,2950000000,2020,Na,Tình Trạng Xe Cũ,Trong Nước,28000,"Tỉnh Thành
Long An",Hộp Số Số Tự Động,Nhiên Liệu Máy Xăng
Mg 5 1.5L Luxury 2022,3750000000,2022,Kiểu Dáng Sedan,Tình Trạng Xe Cũ,Nhập Khẩu,35000,"Tỉnh Thành
Hà Nội",Hộp Số Số Tự Động,Nhiên Liệu Máy Xăng
Hyundai I20 1.4 At 2012,2260000000,2012,Kiểu Dáng Hatchback,Tình Trạng Xe Cũ,Nhập Khẩu,91000,"Tỉnh Thành
Hà Nội",Hộp Số Số Tự Động,Nhiên Liệu Máy Xăng
Ford Everest Platinum 2.0L 4X4 At 2020,9000000000,2020,Kiểu Dáng Suv,Tình Trạng Xe Cũ,Nhập Khẩu,85000,"Tỉnh Thành
Lâm Đồng",Hộp Số Số Tự Động,Nhiên Liệu Máy Dầu
Kia Morning Si 1.25 Mt 2018,2250000000,2018,Kiểu Dáng Hatchback,Tình Trạng Xe Cũ,Trong Nước,80000,"Tỉnh Thành
Lâm Đồng",Hộp Số Số Sàn,Nhiên Liệu Máy Xăng
Mazda Cx-5 2.0 Deluxe 2021,6350000000,2021,Kiểu Dáng Suv,Tình Trạng Xe Cũ,Trong Nước,52000,"Tỉnh Thành
Hải Phòng",Hộp Số Số Tự Động,Nhiên Liệu Máy Xăng
Hyundai Kona 2.0 At Tiêu Chuẩn 2020,4650000000,2020,Kiểu Dáng Suv,Tình Trạng Xe Cũ,Trong Nước,58000,"Tỉnh Thành
Hải Phòng",Hộp Số Số Tự Động,Nhiên Liệu Máy Xăng
Vinfast Fadil Tiêu Chuẩn 2021,2890000000,2021,Na,Tình Trạng Xe Cũ,Trong Nước,72000,"Tỉnh Thành
Hải Phòng",Hộp Số Số Tự Động,Nhiên Liệu Máy Xăng
Chevrolet Colorado Ltz 2.8 At 4X4 2017,3900000000,2017,Kiểu Dáng Bán Tải,Tình Trạng Xe Cũ,Nhập Khẩu,130000,"Tỉnh Thành
Hà Nội",Hộp Số Số Tự Động,Nhiên Liệu Máy Dầu
Ford Focus 1.8L 2011,2200000000,2011,Kiểu Dáng Hatchback,Tình Trạng Xe Cũ,Trong Nước,125000,"Tỉnh Thành
Hà Nội",Hộp Số Số Tự Động,Nhiên Liệu Máy Xăng
Kia Sedona 3.3 Platinum G 2019,6980000000,2019,Kiểu Dáng Mpv,Tình Trạng Xe Cũ,Trong Nước,60000,"Tỉnh Thành
Tp.Hcm",Hộp Số Số Tự Động,Nhiên Liệu Máy Xăng
Subaru Outback 2.5I-T Eyesight 2022,13500000000,2022,Kiểu Dáng Crossover,Tình Trạng Xe Cũ,Nhập Khẩu,16000,"Tỉnh Thành
Hà Nội",Hộp Số Số Tự Động,Nhiên Liệu Máy Xăng
Ford Ecosport Titanium 1.5L At 2021,4450000000,2021,Kiểu Dáng Suv,Tình Trạng Xe Cũ,Trong Nước,55000,"Tỉnh Thành
Hà Nội",Hộp Số Số Tự Động,Nhiên Liệu Máy Xăng
Porsche Cayenne 3.6 V6 2014,12000000000,2014,Kiểu Dáng Suv,Tình Trạng Xe Cũ,Nhập Khẩu,88888,"Tỉnh Thành
Hà Nội",Hộp Số Số Tự Động,Nhiên Liệu Máy Xăng
Nissan Almera Cvt Cao Cấp 2022,4400000000,2022,Kiểu Dáng Sedan,Tình Trạng Xe Cũ,Nhập Khẩu,53000,"Tỉnh Thành
Hà Nội",Hộp Số Số Tự Động,Nhiên Liệu Máy Xăng
Vinfast Fadil Nâng Cao 2020,2950000000,2020,Na,Tình Trạng Xe Cũ,Trong Nước,28000,"Tỉnh Thành
Long An",Hộp Số Số Tự Động,Nhiên Liệu Máy Xăng
Mg 5 1.5L Luxury 2022,3750000000,2022,Kiểu Dáng Sedan,Tình Trạng Xe Cũ,Nhập Khẩu,35000,"Tỉnh Thành
Hà Nội",Hộp Số Số Tự Động,Nhiên Liệu Máy Xăng
Hyundai I20 1.4 At 2012,2260000000,2012,Kiểu Dáng Hatchback,Tình Trạng Xe Cũ,Nhập Khẩu,91000,"Tỉnh Thành
Hà Nội",Hộp Số Số Tự Động,Nhiên Liệu Máy Xăng
Ford Everest Platinum 2.0L 4X4 At 2020,9000000000,2020,Kiểu Dáng Suv,Tình Trạng Xe Cũ,Nhập Khẩu,85000,"Tỉnh Thành
Lâm Đồng",Hộp Số Số Tự Động,Nhiên Liệu Máy Dầu
Kia Morning Si 1.25 Mt 2018,2250000000,2018,Kiểu Dáng Hatchback,Tình Trạng Xe Cũ,Trong Nước,80000,"Tỉnh Thành
Lâm Đồng",Hộp Số Số Sàn,Nhiên Liệu Máy Xăng
Mazda Cx-5 2.0 Deluxe 2021,6350000000,2021,Kiểu Dáng Suv,Tình Trạng Xe Cũ,Trong Nước,52000,"Tỉnh Thành
Hải Phòng",Hộp Số Số Tự Động,Nhiên Liệu Máy Xăng
Hyundai Kona 2.0 At Tiêu Chuẩn 2020,4650000000,2020,Kiểu Dáng Suv,Tình Trạng Xe Cũ,Trong Nước,58000,"Tỉnh Thành
Hải Phòng",Hộp Số Số Tự Động,Nhiên Liệu Máy Xăng
Vinfast Fadil Tiêu Chuẩn 2021,2890000000,2021,Na,Tình Trạng Xe Cũ,Trong Nước,72000,"Tỉnh Thành
Hải Phòng",Hộp Số Số Tự Động,Nhiên Liệu Máy Xăng
Chevrolet Colorado Ltz 2.8 At 4X4 2017,3900000000,2017,Kiểu Dáng Bán Tải,Tình Trạng Xe Cũ,Nhập Khẩu,130000,"Tỉnh Thành
Hà Nội",Hộp Số Số Tự Động,Nhiên Liệu Máy Dầu
Ford Focus 1.8L 2011,2200000000,2011,Kiểu Dáng Hatchback,Tình Trạng Xe Cũ,Trong Nước,125000,"Tỉnh Thành
Hà Nội",Hộp Số Số Tự Động,Nhiên Liệu Máy Xăng
Kia Sedona 3.3 Platinum G 2019,6980000000,2019,Kiểu Dáng Mpv,Tình Trạng Xe Cũ,Trong Nước,60000,"Tỉnh Thành
Tp.Hcm",Hộp Số Số Tự Động,Nhiên Liệu Máy Xăng
Subaru Outback 2.5I-T Eyesight 2022,13500000000,2022,Kiểu Dáng Crossover,Tình Trạng Xe Cũ,Nhập Khẩu,16000,"Tỉnh Thành
Hà Nội",Hộp Số Số Tự Động,Nhiên Liệu Máy Xăng
Ford Ecosport Titanium 1.5L At 2021,4450000000,2021,Kiểu Dáng Suv,Tình Trạng Xe Cũ,Trong Nước,55000,"Tỉnh Thành
Hà Nội",Hộp Số Số Tự Động,Nhiên Liệu Máy Xăng
Porsche Cayenne 3.6 V6 2014,12000000000,2014,Kiểu Dáng Suv,Tình Trạng Xe Cũ,Nhập Khẩu,88888,"Tỉnh Thành
Hà Nội",Hộp Số Số Tự Động,Nhiên Liệu Máy Xăng
Nissan Almera Cvt Cao Cấp 2022,4400000000,2022,Kiểu Dáng Sedan,Tình Trạng Xe Cũ,Nhập Khẩu,53000,"Tỉnh Thành
Hà Nội",Hộp Số Số Tự Động,Nhiên Liệu Máy Xăng
Vinfast Fadil Nâng Cao 2020,2950000000,2020,Na,Tình Trạng Xe Cũ,Trong Nước,28000,"Tỉnh Thành
Long An",Hộp Số Số Tự Động,Nhiên Liệu Máy Xăng
Mg 5 1.5L Luxury 2022,3750000000,2022,Kiểu Dáng Sedan,Tình Trạng Xe Cũ,Nhập Khẩu,35000,"Tỉnh Thành
Hà Nội",Hộp Số Số Tự Động,Nhiên Liệu Máy Xăng
Hyundai I20 1.4 At 2012,2260000000,2012,Kiểu Dáng Hatchback,Tình Trạng Xe Cũ,Nhập Khẩu,91000,"Tỉnh Thành
Hà Nội",Hộp Số Số Tự Động,Nhiên Liệu Máy Xăng
Ford Everest Platinum 2.0L 4X4 At 2020,9000000000,2020,Kiểu Dáng Suv,Tình Trạng Xe Cũ,Nhập Khẩu,85000,"Tỉnh Thành
Lâm Đồng",Hộp Số Số Tự Động,Nhiên Liệu Máy Dầu
Kia Morning Si 1.25 Mt 2018,2250000000,2018,Kiểu Dáng Hatchback,Tình Trạng Xe Cũ,Trong Nước,80000,"Tỉnh Thành
Lâm Đồng",Hộp Số Số Sàn,Nhiên Liệu Máy Xăng
Mazda Cx-5 2.0 Deluxe 2021,6350000000,2021,Kiểu Dáng Suv,Tình Trạng Xe Cũ,Trong Nước,52000,"Tỉnh Thành
Hải Phòng",Hộp Số Số Tự Động,Nhiên Liệu Máy Xăng
Hyundai Kona 2.0 At Tiêu Chuẩn 2020,4650000000,2020,Kiểu Dáng Suv,Tình Trạng Xe Cũ,Trong Nước,58000,"Tỉnh Thành
Hải Phòng",Hộp Số Số Tự Động,Nhiên Liệu Máy Xăng
Vinfast Fadil Tiêu Chuẩn 2021,2890000000,2021,Na,Tình Trạng Xe Cũ,Trong Nước,72000,"Tỉnh Thành
Hải Phòng",Hộp Số Số Tự Động,Nhiên Liệu Máy Xăng
Chevrolet Colorado Ltz 2.8 At 4X4 2017,3900000000,2017,Kiểu Dáng Bán Tải,Tình Trạng Xe Cũ,Nhập Khẩu,130000,"Tỉnh Thành
Hà Nội",Hộp Số Số Tự Động,Nhiên Liệu Máy Dầu
Ford Focus 1.8L 2011,2200000000,2011,Kiểu Dáng Hatchback,Tình Trạng Xe Cũ,Trong Nước,125000,"Tỉnh Thành
Hà Nội",Hộp Số Số Tự Động,Nhiên Liệu Máy Xăng
Kia Sedona 3.3 Platinum G 2019,6980000000,2019,Kiểu Dáng Mpv,Tình Trạng Xe Cũ,Trong Nước,60000,"Tỉnh Thành
Tp.Hcm",Hộp Số Số Tự Động,Nhiên Liệu Máy Xăng
Subaru Outback 2.5I-T Eyesight 2022,13500000000,2022,Kiểu Dáng Crossover,Tình Trạng Xe Cũ,Nhập Khẩu,16000,"Tỉnh Thành
Hà Nội",Hộp Số Số Tự Động,Nhiên Liệu Máy Xăng
Ford Ecosport Titanium 1.5L At 2021,4450000000,2021,Kiểu Dáng Suv,Tình Trạng Xe Cũ,Trong Nước,55000,"Tỉnh Thành
Hà Nội",Hộp Số Số Tự Động,Nhiên Liệu Máy Xăng
Porsche Cayenne 3.6 V6 2014,12000000000,2014,Kiểu Dáng Suv,Tình Trạng Xe Cũ,Nhập Khẩu,88888,"Tỉnh Thành
Hà Nội",Hộp Số Số Tự Động,Nhiên Liệu Máy Xăng
Nissan Almera Cvt Cao Cấp 2022,4400000000,2022,Kiểu Dáng Sedan,Tình Trạng Xe Cũ,Nhập Khẩu,53000,"Tỉnh Thành
Hà Nội",Hộp Số Số Tự Động,Nhiên Liệu Máy Xăng
Vinfast Fadil Nâng Cao 2020,2950000000,2020,Na,Tình Trạng Xe Cũ,Trong Nước,28000,"Tỉnh Thành
Long An",Hộp Số Số Tự Động,Nhiên Liệu Máy Xăng
Mg 5 1.5L Luxury 2022,3750000000,2022,Kiểu Dáng Sedan,Tình Trạng Xe Cũ,Nhập Khẩu,35000,"Tỉnh Thành
Hà Nội",Hộp Số Số Tự Động,Nhiên Liệu Máy Xăng
Hyundai I20 1.4 At 2012,2260000000,2012,Kiểu Dáng Hatchback,Tình Trạng Xe Cũ,Nhập Khẩu,91000,"Tỉnh Thành
Hà Nội",Hộp Số Số Tự Động,Nhiên Liệu Máy Xăng
Ford Everest Platinum 2.0L 4X4 At 2020,9000000000,2020,Kiểu Dáng Suv,Tình Trạng Xe Cũ,Nhập Khẩu,85000,"Tỉnh Thành
Lâm Đồng",Hộp Số Số Tự Động,Nhiên Liệu Máy Dầu
Kia Morning Si 1.25 Mt 2018,2250000000,2018,Kiểu Dáng Hatchback,Tình Trạng Xe Cũ,Trong Nước,80000,"Tỉnh Thành
Lâm Đồng",Hộp Số Số Sàn,Nhiên Liệu Máy Xăng
Mazda Cx-5 2.0 Deluxe 2021,6350000000,2021,Kiểu Dáng Suv,Tình Trạng Xe Cũ,Trong Nước,52000,"Tỉnh Thành
Hải Phòng",Hộp Số Số Tự Động,Nhiên Liệu Máy Xăng
Hyundai Kona 2.0 At Tiêu Chuẩn 2020,4650000000,2020,Kiểu Dáng Suv,Tình Trạng Xe Cũ,Trong Nước,58000,"Tỉnh Thành
Hải Phòng",Hộp Số Số Tự Động,Nhiên Liệu Máy Xăng
Vinfast Fadil Tiêu Chuẩn 2021,2890000000,2021,Na,Tình Trạng Xe Cũ,Trong Nước,72000,"Tỉnh Thành
Hải Phòng",Hộp Số Số Tự Động,Nhiên Liệu Máy Xăng
Chevrolet Colorado Ltz 2.8 At 4X4 2017,3900000000,2017,Kiểu Dáng Bán Tải,Tình Trạng Xe Cũ,Nhập Khẩu,130000,"Tỉnh Thành
Hà Nội",Hộp Số Số Tự Động,Nhiên Liệu Máy Dầu
Ford Focus 1.8L 2011,2200000000,2011,Kiểu Dáng Hatchback,Tình Trạng Xe Cũ,Trong Nước,125000,"Tỉnh Thành
Hà Nội",Hộp Số Số Tự Động,Nhiên Liệu Máy Xăng
Kia Sedona 3.3 Platinum G 2019,6980000000,2019,Kiểu Dáng Mpv,Tình Trạng Xe Cũ,Trong Nước,60000,"Tỉnh Thành
Tp.Hcm",Hộp Số Số Tự Động,Nhiên Liệu Máy Xăng
Subaru Outback 2.5I-T Eyesight 2022,13500000000,2022,Kiểu Dáng Crossover,Tình Trạng Xe Cũ,Nhập Khẩu,16000,"Tỉnh Thành
Hà Nội",Hộp Số Số Tự Động,Nhiên Liệu Máy Xăng
Ford Ecosport Titanium 1.5L At 2021,4450000000,2021,Kiểu Dáng Suv,Tình Trạng Xe Cũ,Trong Nước,55000,"Tỉnh Thành
Hà Nội",Hộp Số Số Tự Động,Nhiên Liệu Máy Xăng
Porsche Cayenne 3.6 V6 2014,12000000000,2014,Kiểu Dáng Suv,Tình Trạng Xe Cũ,Nhập Khẩu,88888,"Tỉnh Thành
Hà Nội",Hộp Số Số Tự Động,Nhiên Liệu Máy Xăng
Nissan Almera Cvt Cao Cấp 2022,4400000000,2022,Kiểu Dáng Sedan,Tình Trạng Xe Cũ,Nhập Khẩu,53000,"Tỉnh Thành
Hà Nội",Hộp Số Số Tự Động,Nhiên Liệu Máy Xăng
Vinfast Fadil Nâng Cao 2020,2950000000,2020,Na,Tình Trạng Xe Cũ,Trong Nước,28000,"Tỉnh Thành
Long An",Hộp Số Số Tự Động,Nhiên Liệu Máy Xăng
Mg 5 1.5L Luxury 2022,3750000000,2022,Kiểu Dáng Sedan,Tình Trạng Xe Cũ,Nhập Khẩu,35000,"Tỉnh Thành
Hà Nội",Hộp Số Số Tự Động,Nhiên Liệu Máy Xăng
Hyundai I20 1.4 At 2012,2260000000,2012,Kiểu Dáng Hatchback,Tình Trạng Xe Cũ,Nhập Khẩu,91000,"Tỉnh Thành
Hà Nội",Hộp Số Số Tự Động,Nhiên Liệu Máy Xăng
Ford Everest Platinum 2.0L 4X4 At 2020,9000000000,2020,Kiểu Dáng Suv,Tình Trạng Xe Cũ,Nhập Khẩu,85000,"Tỉnh Thành
Lâm Đồng",Hộp Số Số Tự Động,Nhiên Liệu Máy Dầu
Kia Morning Si 1.25 Mt 2018,2250000000,2018,Kiểu Dáng Hatchback,Tình Trạng Xe Cũ,Trong Nước,80000,"Tỉnh Thành
Lâm Đồng",Hộp Số Số Sàn,Nhiên Liệu Máy Xăng
Mazda Cx-5 2.0 Deluxe 2021,6350000000,2021,Kiểu Dáng Suv,Tình Trạng Xe Cũ,Trong Nước,52000,"Tỉnh Thành
Hải Phòng",Hộp Số Số Tự Động,Nhiên Liệu Máy Xăng
Hyundai Kona 2.0 At Tiêu Chuẩn 2020,4650000000,2020,Kiểu Dáng Suv,Tình Trạng Xe Cũ,Trong Nước,58000,"Tỉnh Thành
Hải Phòng",Hộp Số Số Tự Động,Nhiên Liệu Máy Xăng
Vinfast Fadil Tiêu Chuẩn 2021,2890000000,2021,Na,Tình Trạng Xe Cũ,Trong Nước,72000,"Tỉnh Thành
Hải Phòng",Hộp Số Số Tự Động,Nhiên Liệu Máy Xăng
Chevrolet Colorado Ltz 2.8 At 4X4 2017,3900000000,2017,Kiểu Dáng Bán Tải,Tình Trạng Xe Cũ,Nhập Khẩu,130000,"Tỉnh Thành
Hà Nội",Hộp Số Số Tự Động,Nhiên Liệu Máy Dầu
Ford Focus 1.8L 2011,2200000000,2011,Kiểu Dáng Hatchback,Tình Trạng Xe Cũ,Trong Nước,125000,"Tỉnh Thành
Hà Nội",Hộp Số Số Tự Động,Nhiên Liệu Máy Xăng
Kia Sedona 3.3 Platinum G 2019,6980000000,2019,Kiểu Dáng Mpv,Tình Trạng Xe Cũ,Trong Nước,60000,"Tỉnh Thành
Tp.Hcm",Hộp Số Số Tự Động,Nhiên Liệu Máy Xăng
Subaru Outback 2.5I-T Eyesight 2022,13500000000,2022,Kiểu Dáng Crossover,Tình Trạng Xe Cũ,Nhập Khẩu,16000,"Tỉnh Thành
Hà Nội",Hộp Số Số Tự Động,Nhiên Liệu Máy Xăng
Ford Ecosport Titanium 1.5L At 2021,4450000000,2021,Kiểu Dáng Suv,Tình Trạng Xe Cũ,Trong Nước,55000,"Tỉnh Thành
Hà Nội",Hộp Số Số Tự Động,Nhiên Liệu Máy Xăng
Porsche Cayenne 3.6 V6 2014,12000000000,2014,Kiểu Dáng Suv,Tình Trạng Xe Cũ,Nhập Khẩu,88888,"Tỉnh Thành
Hà Nội",Hộp Số Số Tự Động,Nhiên Liệu Máy Xăng
Ford Everest Trend 2.0 At 4X2 2019,7500000000,2019,Kiểu Dáng Suv,Tình Trạng Xe Cũ,Trong Nước,79000,"Tỉnh Thành
Bình Dương",Hộp Số Số Tự Động,Nhiên Liệu Máy Xăng
Nissan Almera Cvt Cao Cấp 2022,4400000000,2022,Kiểu Dáng Sedan,Tình Trạng Xe Cũ,Nhập Khẩu,53000,"Tỉnh Thành
Hà Nội",Hộp Số Số Tự Động,Nhiên Liệu Máy Xăng
Vinfast Fadil Nâng Cao 2020,2950000000,2020,Na,Tình Trạng Xe Cũ,Trong Nước,28000,"Tỉnh Thành
Long An",Hộp Số Số Tự Động,Nhiên Liệu Máy Xăng
Mg 5 1.5L Luxury 2022,3750000000,2022,Kiểu Dáng Sedan,Tình Trạng Xe Cũ,Nhập Khẩu,35000,"Tỉnh Thành
Hà Nội",Hộp Số Số Tự Động,Nhiên Liệu Máy Xăng
Hyundai I20 1.4 At 2012,2260000000,2012,Kiểu Dáng Hatchback,Tình Trạng Xe Cũ,Nhập Khẩu,91000,"Tỉnh Thành
Hà Nội",Hộp Số Số Tự Động,Nhiên Liệu Máy Xăng
Ford Everest Platinum 2.0L 4X4 At 2020,9000000000,2020,Kiểu Dáng Suv,Tình Trạng Xe Cũ,Nhập Khẩu,85000,"Tỉnh Thành
Lâm Đồng",Hộp Số Số Tự Động,Nhiên Liệu Máy Dầu
Kia Morning Si 1.25 Mt 2018,2250000000,2018,Kiểu Dáng Hatchback,Tình Trạng Xe Cũ,Trong Nước,80000,"Tỉnh Thành
Lâm Đồng",Hộp Số Số Sàn,Nhiên Liệu Máy Xăng
Mazda Cx-5 2.0 Deluxe 2021,6350000000,2021,Kiểu Dáng Suv,Tình Trạng Xe Cũ,Trong Nước,52000,"Tỉnh Thành
Hải Phòng",Hộp Số Số Tự Động,Nhiên Liệu Máy Xăng
Hyundai Kona 2.0 At Tiêu Chuẩn 2020,4650000000,2020,Kiểu Dáng Suv,Tình Trạng Xe Cũ,Trong Nước,58000,"Tỉnh Thành
Hải Phòng",Hộp Số Số Tự Động,Nhiên Liệu Máy Xăng
Vinfast Fadil Tiêu Chuẩn 2021,2890000000,2021,Na,Tình Trạng Xe Cũ,Trong Nước,72000,"Tỉnh Thành
Hải Phòng",Hộp Số Số Tự Động,Nhiên Liệu Máy Xăng
Chevrolet Colorado Ltz 2.8 At 4X4 2017,3900000000,2017,Kiểu Dáng Bán Tải,Tình Trạng Xe Cũ,Nhập Khẩu,130000,"Tỉnh Thành
Hà Nội",Hộp Số Số Tự Động,Nhiên Liệu Máy Dầu
Ford Focus 1.8L 2011,2200000000,2011,Kiểu Dáng Hatchback,Tình Trạng Xe Cũ,Trong Nước,125000,"Tỉnh Thành
Hà Nội",Hộp Số Số Tự Động,Nhiên Liệu Máy Xăng
Kia Sedona 3.3 Platinum G 2019,6980000000,2019,Kiểu Dáng Mpv,Tình Trạng Xe Cũ,Trong Nước,60000,"Tỉnh Thành
Tp.Hcm",Hộp Số Số Tự Động,Nhiên Liệu Máy Xăng
Subaru Outback 2.5I-T Eyesight 2022,13500000000,2022,Kiểu Dáng Crossover,Tình Trạng Xe Cũ,Nhập Khẩu,16000,"Tỉnh Thành
Hà Nội",Hộp Số Số Tự Động,Nhiên Liệu Máy Xăng
Ford Ecosport Titanium 1.5L At 2021,4450000000,2021,Kiểu Dáng Suv,Tình Trạng Xe Cũ,Trong Nước,55000,"Tỉnh Thành
Hà Nội",Hộp Số Số Tự Động,Nhiên Liệu Máy Xăng
Ford Everest Trend 2.0 At 4X2 2019,7500000000,2019,Kiểu Dáng Suv,Tình Trạng Xe Cũ,Trong Nước,79000,"Tỉnh Thành
Bình Dương",Hộp Số Số Tự Động,Nhiên Liệu Máy Xăng
Nissan Almera Cvt Cao Cấp 2022,4400000000,2022,Kiểu Dáng Sedan,Tình Trạng Xe Cũ,Nhập Khẩu,53000,"Tỉnh Thành
Hà Nội",Hộp Số Số Tự Động,Nhiên Liệu Máy Xăng
Vinfast Fadil Nâng Cao 2020,2950000000,2020,Na,Tình Trạng Xe Cũ,Trong Nước,28000,"Tỉnh Thành
Long An",Hộp Số Số Tự Động,Nhiên Liệu Máy Xăng
Mg 5 1.5L Luxury 2022,3750000000,2022,Kiểu Dáng Sedan,Tình Trạng Xe Cũ,Nhập Khẩu,35000,"Tỉnh Thành
Hà Nội",Hộp Số Số Tự Động,Nhiên Liệu Máy Xăng
Hyundai I20 1.4 At 2012,2260000000,2012,Kiểu Dáng Hatchback,Tình Trạng Xe Cũ,Nhập Khẩu,91000,"Tỉnh Thành
Hà Nội",Hộp Số Số Tự Động,Nhiên Liệu Máy Xăng
Ford Everest Platinum 2.0L 4X4 At 2020,9000000000,2020,Kiểu Dáng Suv,Tình Trạng Xe Cũ,Nhập Khẩu,85000,"Tỉnh Thành
Lâm Đồng",Hộp Số Số Tự Động,Nhiên Liệu Máy Dầu
Kia Morning Si 1.25 Mt 2018,2250000000,2018,Kiểu Dáng Hatchback,Tình Trạng Xe Cũ,Trong Nước,80000,"Tỉnh Thành
Lâm Đồng",Hộp Số Số Sàn,Nhiên Liệu Máy Xăng
Mazda Cx-5 2.0 Deluxe 2021,6350000000,2021,Kiểu Dáng Suv,Tình Trạng Xe Cũ,Trong Nước,52000,"Tỉnh Thành
Hải Phòng",Hộp Số Số Tự Động,Nhiên Liệu Máy Xăng
Hyundai Kona 2.0 At Tiêu Chuẩn 2020,4650000000,2020,Kiểu Dáng Suv,Tình Trạng Xe Cũ,Trong Nước,58000,"Tỉnh Thành
Hải Phòng",Hộp Số Số Tự Động,Nhiên Liệu Máy Xăng
Vinfast Fadil Tiêu Chuẩn 2021,2890000000,2021,Na,Tình Trạng Xe Cũ,Trong Nước,72000,"Tỉnh Thành
Hải Phòng",Hộp Số Số Tự Động,Nhiên Liệu Máy Xăng
Chevrolet Colorado Ltz 2.8 At 4X4 2017,3900000000,2017,Kiểu Dáng Bán Tải,Tình Trạng Xe Cũ,Nhập Khẩu,130000,"Tỉnh Thành
Hà Nội",Hộp Số Số Tự Động,Nhiên Liệu Máy Dầu
Ford Focus 1.8L 2011,2200000000,2011,Kiểu Dáng Hatchback,Tình Trạng Xe Cũ,Trong Nước,125000,"Tỉnh Thành
Hà Nội",Hộp Số Số Tự Động,Nhiên Liệu Máy Xăng
Kia Sedona 3.3 Platinum G 2019,6980000000,2019,Kiểu Dáng Mpv,Tình Trạng Xe Cũ,Trong Nước,60000,"Tỉnh Thành
Tp.Hcm",Hộp Số Số Tự Động,Nhiên Liệu Máy Xăng
Subaru Outback 2.5I-T Eyesight 2022,13500000000,2022,Kiểu Dáng Crossover,Tình Trạng Xe Cũ,Nhập Khẩu,16000,"Tỉnh Thành
Hà Nội",Hộp Số Số Tự Động,Nhiên Liệu Máy Xăng
Ford Ecosport Titanium 1.5L At 2021,4450000000,2021,Kiểu Dáng Suv,Tình Trạng Xe Cũ,Trong Nước,55000,"Tỉnh Thành
Hà Nội",Hộp Số Số Tự Động,Nhiên Liệu Máy Xăng
Ford Everest Trend 2.0 At 4X2 2019,7500000000,2019,Kiểu Dáng Suv,Tình Trạng Xe Cũ,Trong Nước,79000,"Tỉnh Thành
Bình Dương",Hộp Số Số Tự Động,Nhiên Liệu Máy Xăng
Nissan Almera Cvt Cao Cấp 2022,4400000000,2022,Kiểu Dáng Sedan,Tình Trạng Xe Cũ,Nhập Khẩu,53000,"Tỉnh Thành
Hà Nội",Hộp Số Số Tự Động,Nhiên Liệu Máy Xăng
Vinfast Fadil Nâng Cao 2020,2950000000,2020,Na,Tình Trạng Xe Cũ,Trong Nước,28000,"Tỉnh Thành
Long An",Hộp Số Số Tự Động,Nhiên Liệu Máy Xăng
Mg 5 1.5L Luxury 2022,3750000000,2022,Kiểu Dáng Sedan,Tình Trạng Xe Cũ,Nhập Khẩu,35000,"Tỉnh Thành
Hà Nội",Hộp Số Số Tự Động,Nhiên Liệu Máy Xăng
Hyundai I20 1.4 At 2012,2260000000,2012,Kiểu Dáng Hatchback,Tình Trạng Xe Cũ,Nhập Khẩu,91000,"Tỉnh Thành
Hà Nội",Hộp Số Số Tự Động,Nhiên Liệu Máy Xăng
Ford Everest Platinum 2.0L 4X4 At 2020,9000000000,2020,Kiểu Dáng Suv,Tình Trạng Xe Cũ,Nhập Khẩu,85000,"Tỉnh Thành
Lâm Đồng",Hộp Số Số Tự Động,Nhiên Liệu Máy Dầu
Kia Morning Si 1.25 Mt 2018,2250000000,2018,Kiểu Dáng Hatchback,Tình Trạng Xe Cũ,Trong Nước,80000,"Tỉnh Thành
Lâm Đồng",Hộp Số Số Sàn,Nhiên Liệu Máy Xăng
Mazda Cx-5 2.0 Deluxe 2021,6350000000,2021,Kiểu Dáng Suv,Tình Trạng Xe Cũ,Trong Nước,52000,"Tỉnh Thành
Hải Phòng",Hộp Số Số Tự Động,Nhiên Liệu Máy Xăng
Hyundai Kona 2.0 At Tiêu Chuẩn 2020,4650000000,2020,Kiểu Dáng Suv,Tình Trạng Xe Cũ,Trong Nước,58000,"Tỉnh Thành
Hải Phòng",Hộp Số Số Tự Động,Nhiên Liệu Máy Xăng
Vinfast Fadil Tiêu Chuẩn 2021,2890000000,2021,Na,Tình Trạng Xe Cũ,Trong Nước,72000,"Tỉnh Thành
Hải Phòng",Hộp Số Số Tự Động,Nhiên Liệu Máy Xăng
Chevrolet Colorado Ltz 2.8 At 4X4 2017,3900000000,2017,Kiểu Dáng Bán Tải,Tình Trạng Xe Cũ,Nhập Khẩu,130000,"Tỉnh Thành
Hà Nội",Hộp Số Số Tự Động,Nhiên Liệu Máy Dầu
Ford Focus 1.8L 2011,2200000000,2011,Kiểu Dáng Hatchback,Tình Trạng Xe Cũ,Trong Nước,125000,"Tỉnh Thành
Hà Nội",Hộp Số Số Tự Động,Nhiên Liệu Máy Xăng
Kia Sedona 3.3 Platinum G 2019,6980000000,2019,Kiểu Dáng Mpv,Tình Trạng Xe Cũ,Trong Nước,60000,"Tỉnh Thành
Tp.Hcm",Hộp Số Số Tự Động,Nhiên Liệu Máy Xăng
Subaru Outback 2.5I-T Eyesight 2022,13500000000,2022,Kiểu Dáng Crossover,Tình Trạng Xe Cũ,Nhập Khẩu,16000,"Tỉnh Thành
Hà Nội",Hộp Số Số Tự Động,Nhiên Liệu Máy Xăng
Ford Ecosport Titanium 1.5L At 2021,4450000000,2021,Kiểu Dáng Suv,Tình Trạng Xe Cũ,Trong Nước,55000,"Tỉnh Thành
Hà Nội",Hộp Số Số Tự Động,Nhiên Liệu Máy Xăng
Ford Everest Trend 2.0 At 4X2 2019,7500000000,2019,Kiểu Dáng Suv,Tình Trạng Xe Cũ,Trong Nước,79000,"Tỉnh Thành
Bình Dương",Hộp Số Số Tự Động,Nhiên Liệu Máy Xăng
Nissan Almera Cvt Cao Cấp 2022,4400000000,2022,Kiểu Dáng Sedan,Tình Trạng Xe Cũ,Nhập Khẩu,53000,"Tỉnh Thành
Hà Nội",Hộp Số Số Tự Động,Nhiên Liệu Máy Xăng
Vinfast Fadil Nâng Cao 2020,2950000000,2020,Na,Tình Trạng Xe Cũ,Trong Nước,28000,"Tỉnh Thành
Long An",Hộp Số Số Tự Động,Nhiên Liệu Máy Xăng
Mg 5 1.5L Luxury 2022,3750000000,2022,Kiểu Dáng Sedan,Tình Trạng Xe Cũ,Nhập Khẩu,35000,"Tỉnh Thành
Hà Nội",Hộp Số Số Tự Động,Nhiên Liệu Máy Xăng
Hyundai I20 1.4 At 2012,2260000000,2012,Kiểu Dáng Hatchback,Tình Trạng Xe Cũ,Nhập Khẩu,91000,"Tỉnh Thành
Hà Nội",Hộp Số Số Tự Động,Nhiên Liệu Máy Xăng
Ford Everest Platinum 2.0L 4X4 At 2020,9000000000,2020,Kiểu Dáng Suv,Tình Trạng Xe Cũ,Nhập Khẩu,85000,"Tỉnh Thành
Lâm Đồng",Hộp Số Số Tự Động,Nhiên Liệu Máy Dầu
Kia Morning Si 1.25 Mt 2018,2250000000,2018,Kiểu Dáng Hatchback,Tình Trạng Xe Cũ,Trong Nước,80000,"Tỉnh Thành
Lâm Đồng",Hộp Số Số Sàn,Nhiên Liệu Máy Xăng
Mazda Cx-5 2.0 Deluxe 2021,6350000000,2021,Kiểu Dáng Suv,Tình Trạng Xe Cũ,Trong Nước,52000,"Tỉnh Thành
Hải Phòng",Hộp Số Số Tự Động,Nhiên Liệu Máy Xăng
Hyundai Kona 2.0 At Tiêu Chuẩn 2020,4650000000,2020,Kiểu Dáng Suv,Tình Trạng Xe Cũ,Trong Nước,58000,"Tỉnh Thành
Hải Phòng",Hộp Số Số Tự Động,Nhiên Liệu Máy Xăng
Vinfast Fadil Tiêu Chuẩn 2021,2890000000,2021,Na,Tình Trạng Xe Cũ,Trong Nước,72000,"Tỉnh Thành
Hải Phòng",Hộp Số Số Tự Động,Nhiên Liệu Máy Xăng
Chevrolet Colorado Ltz 2.8 At 4X4 2017,3900000000,2017,Kiểu Dáng Bán Tải,Tình Trạng Xe Cũ,Nhập Khẩu,130000,"Tỉnh Thành
Hà Nội",Hộp Số Số Tự Động,Nhiên Liệu Máy Dầu
Ford Focus 1.8L 2011,2200000000,2011,Kiểu Dáng Hatchback,Tình Trạng Xe Cũ,Trong Nước,125000,"Tỉnh Thành
Hà Nội",Hộp Số Số Tự Động,Nhiên Liệu Máy Xăng
Kia Sedona 3.3 Platinum G 2019,6980000000,2019,Kiểu Dáng Mpv,Tình Trạng Xe Cũ,Trong Nước,60000,"Tỉnh Thành
Tp.Hcm",Hộp Số Số Tự Động,Nhiên Liệu Máy Xăng
Subaru Outback 2.5I-T Eyesight 2022,13500000000,2022,Kiểu Dáng Crossover,Tình Trạng Xe Cũ,Nhập Khẩu,16000,"Tỉnh Thành
Hà Nội",Hộp Số Số Tự Động,Nhiên Liệu Máy Xăng
Ford Ecosport Titanium 1.5L At 2021,4450000000,2021,Kiểu Dáng Suv,Tình Trạng Xe Cũ,Trong Nước,55000,"Tỉnh Thành
Hà Nội",Hộp Số Số Tự Động,Nhiên Liệu Máy Xăng
Ford Everest Trend 2.0 At 4X2 2019,7500000000,2019,Kiểu Dáng Suv,Tình Trạng Xe Cũ,Trong Nước,79000,"Tỉnh Thành
Bình Dương",Hộp Số Số Tự Động,Nhiên Liệu Máy Xăng
Nissan Almera Cvt Cao Cấp 2022,4400000000,2022,Kiểu Dáng Sedan,Tình Trạng Xe Cũ,Nhập Khẩu,53000,"Tỉnh Thành
Hà Nội",Hộp Số Số Tự Động,Nhiên Liệu Máy Xăng
Vinfast Fadil Nâng Cao 2020,2950000000,2020,Na,Tình Trạng Xe Cũ,Trong Nước,28000,"Tỉnh Thành
Long An",Hộp Số Số Tự Động,Nhiên Liệu Máy Xăng
Mg 5 1.5L Luxury 2022,3750000000,2022,Kiểu Dáng Sedan,Tình Trạng Xe Cũ,Nhập Khẩu,35000,"Tỉnh Thành
Hà Nội",Hộp Số Số Tự Động,Nhiên Liệu Máy Xăng
Hyundai I20 1.4 At 2012,2260000000,2012,Kiểu Dáng Hatchback,Tình Trạng Xe Cũ,Nhập Khẩu,91000,"Tỉnh Thành
Hà Nội",Hộp Số Số Tự Động,Nhiên Liệu Máy Xăng
Ford Everest Platinum 2.0L 4X4 At 2020,9000000000,2020,Kiểu Dáng Suv,Tình Trạng Xe Cũ,Nhập Khẩu,85000,"Tỉnh Thành
Lâm Đồng",Hộp Số Số Tự Động,Nhiên Liệu Máy Dầu
Kia Morning Si 1.25 Mt 2018,2250000000,2018,Kiểu Dáng Hatchback,Tình Trạng Xe Cũ,Trong Nước,80000,"Tỉnh Thành
Lâm Đồng",Hộp Số Số Sàn,Nhiên Liệu Máy Xăng
Mazda Cx-5 2.0 Deluxe 2021,6350000000,2021,Kiểu Dáng Suv,Tình Trạng Xe Cũ,Trong Nước,52000,"Tỉnh Thành
Hải Phòng",Hộp Số Số Tự Động,Nhiên Liệu Máy Xăng
Hyundai Kona 2.0 At Tiêu Chuẩn 2020,4650000000,2020,Kiểu Dáng Suv,Tình Trạng Xe Cũ,Trong Nước,58000,"Tỉnh Thành
Hải Phòng",Hộp Số Số Tự Động,Nhiên Liệu Máy Xăng
Vinfast Fadil Tiêu Chuẩn 2021,2890000000,2021,Na,Tình Trạng Xe Cũ,Trong Nước,72000,"Tỉnh Thành
Hải Phòng",Hộp Số Số Tự Động,Nhiên Liệu Máy Xăng
Chevrolet Colorado Ltz 2.8 At 4X4 2017,3900000000,2017,Kiểu Dáng Bán Tải,Tình Trạng Xe Cũ,Nhập Khẩu,130000,"Tỉnh Thành
Hà Nội",Hộp Số Số Tự Động,Nhiên Liệu Máy Dầu
Ford Focus 1.8L 2011,2200000000,2011,Kiểu Dáng Hatchback,Tình Trạng Xe Cũ,Trong Nước,125000,"Tỉnh Thành
Hà Nội",Hộp Số Số Tự Động,Nhiên Liệu Máy Xăng
Kia Sedona 3.3 Platinum G 2019,6980000000,2019,Kiểu Dáng Mpv,Tình Trạng Xe Cũ,Trong Nước,60000,"Tỉnh Thành
Tp.Hcm",Hộp Số Số Tự Động,Nhiên Liệu Máy Xăng
Subaru Outback 2.5I-T Eyesight 2022,13500000000,2022,Kiểu Dáng Crossover,Tình Trạng Xe Cũ,Nhập Khẩu,16000,"Tỉnh Thành
Hà Nội",Hộp Số Số Tự Động,Nhiên Liệu Máy Xăng
Ford Ecosport Titanium 1.5L At 2021,4450000000,2021,Kiểu Dáng Suv,Tình Trạng Xe Cũ,Trong Nước,55000,"Tỉnh Thành
Hà Nội",Hộp Số Số Tự Động,Nhiên Liệu Máy Xăng
Ford Everest Trend 2.0 At 4X2 2019,7500000000,2019,Kiểu Dáng Suv,Tình Trạng Xe Cũ,Trong Nước,79000,"Tỉnh Thành
Bình Dương",Hộp Số Số Tự Động,Nhiên Liệu Máy Xăng
Nissan Almera Cvt Cao Cấp 2022,4400000000,2022,Kiểu Dáng Sedan,Tình Trạng Xe Cũ,Nhập Khẩu,53000,"Tỉnh Thành
Hà Nội",Hộp Số Số Tự Động,Nhiên Liệu Máy Xăng
Vinfast Fadil Nâng Cao 2020,2950000000,2020,Na,Tình Trạng Xe Cũ,Trong Nước,28000,"Tỉnh Thành
Long An",Hộp Số Số Tự Động,Nhiên Liệu Máy Xăng
Mg 5 1.5L Luxury 2022,3750000000,2022,Kiểu Dáng Sedan,Tình Trạng Xe Cũ,Nhập Khẩu,35000,"Tỉnh Thành
Hà Nội",Hộp Số Số Tự Động,Nhiên Liệu Máy Xăng
Hyundai I20 1.4 At 2012,2260000000,2012,Kiểu Dáng Hatchback,Tình Trạng Xe Cũ,Nhập Khẩu,91000,"Tỉnh Thành
Hà Nội",Hộp Số Số Tự Động,Nhiên Liệu Máy Xăng
Ford Everest Platinum 2.0L 4X4 At 2020,9000000000,2020,Kiểu Dáng Suv,Tình Trạng Xe Cũ,Nhập Khẩu,85000,"Tỉnh Thành
Lâm Đồng",Hộp Số Số Tự Động,Nhiên Liệu Máy Dầu
Kia Morning Si 1.25 Mt 2018,2250000000,2018,Kiểu Dáng Hatchback,Tình Trạng Xe Cũ,Trong Nước,80000,"Tỉnh Thành
Lâm Đồng",Hộp Số Số Sàn,Nhiên Liệu Máy Xăng
Mazda Cx-5 2.0 Deluxe 2021,6350000000,2021,Kiểu Dáng Suv,Tình Trạng Xe Cũ,Trong Nước,52000,"Tỉnh Thành
Hải Phòng",Hộp Số Số Tự Động,Nhiên Liệu Máy Xăng
Hyundai Kona 2.0 At Tiêu Chuẩn 2020,4650000000,2020,Kiểu Dáng Suv,Tình Trạng Xe Cũ,Trong Nước,58000,"Tỉnh Thành
Hải Phòng",Hộp Số Số Tự Động,Nhiên Liệu Máy Xăng
Vinfast Fadil Tiêu Chuẩn 2021,2890000000,2021,Na,Tình Trạng Xe Cũ,Trong Nước,72000,"Tỉnh Thành
Hải Phòng",Hộp Số Số Tự Động,Nhiên Liệu Máy Xăng
Chevrolet Colorado Ltz 2.8 At 4X4 2017,3900000000,2017,Kiểu Dáng Bán Tải,Tình Trạng Xe Cũ,Nhập Khẩu,130000,"Tỉnh Thành
Hà Nội",Hộp Số Số Tự Động,Nhiên Liệu Máy Dầu
Ford Focus 1.8L 2011,2200000000,2011,Kiểu Dáng Hatchback,Tình Trạng Xe Cũ,Trong Nước,125000,"Tỉnh Thành
Hà Nội",Hộp Số Số Tự Động,Nhiên Liệu Máy Xăng
Kia Sedona 3.3 Platinum G 2019,6980000000,2019,Kiểu Dáng Mpv,Tình Trạng Xe Cũ,Trong Nước,60000,"Tỉnh Thành
Tp.Hcm",Hộp Số Số Tự Động,Nhiên Liệu Máy Xăng
Subaru Outback 2.5I-T Eyesight 2022,13500000000,2022,Kiểu Dáng Crossover,Tình Trạng Xe Cũ,Nhập Khẩu,16000,"Tỉnh Thành
Hà Nội",Hộp Số Số Tự Động,Nhiên Liệu Máy Xăng
Ford Ecosport Titanium 1.5L At 2021,4450000000,2021,Kiểu Dáng Suv,Tình Trạng Xe Cũ,Trong Nước,55000,"Tỉnh Thành
Hà Nội",Hộp Số Số Tự Động,Nhiên Liệu Máy Xăng
Ford Everest Trend 2.0 At 4X2 2019,7500000000,2019,Kiểu Dáng Suv,Tình Trạng Xe Cũ,Trong Nước,79000,"Tỉnh Thành
Bình Dương",Hộp Số Số Tự Động,Nhiên Liệu Máy Xăng
Nissan Almera Cvt Cao Cấp 2022,4400000000,2022,Kiểu Dáng Sedan,Tình Trạng Xe Cũ,Nhập Khẩu,53000,"Tỉnh Thành
Hà Nội",Hộp Số Số Tự Động,Nhiên Liệu Máy Xăng
Vinfast Fadil Nâng Cao 2020,2950000000,2020,Na,Tình Trạng Xe Cũ,Trong Nước,28000,"Tỉnh Thành
Long An",Hộp Số Số Tự Động,Nhiên Liệu Máy Xăng
Mg 5 1.5L Luxury 2022,3750000000,2022,Kiểu Dáng Sedan,Tình Trạng Xe Cũ,Nhập Khẩu,35000,"Tỉnh Thành
Hà Nội",Hộp Số Số Tự Động,Nhiên Liệu Máy Xăng
Hyundai I20 1.4 At 2012,2260000000,2012,Kiểu Dáng Hatchback,Tình Trạng Xe Cũ,Nhập Khẩu,91000,"Tỉnh Thành
Hà Nội",Hộp Số Số Tự Động,Nhiên Liệu Máy Xăng
Ford Everest Platinum 2.0L 4X4 At 2020,9000000000,2020,Kiểu Dáng Suv,Tình Trạng Xe Cũ,Nhập Khẩu,85000,"Tỉnh Thành
Lâm Đồng",Hộp Số Số Tự Động,Nhiên Liệu Máy Dầu
Kia Morning Si 1.25 Mt 2018,2250000000,2018,Kiểu Dáng Hatchback,Tình Trạng Xe Cũ,Trong Nước,80000,"Tỉnh Thành
Lâm Đồng",Hộp Số Số Sàn,Nhiên Liệu Máy Xăng
Mazda Cx-5 2.0 Deluxe 2021,6350000000,2021,Kiểu Dáng Suv,Tình Trạng Xe Cũ,Trong Nước,52000,"Tỉnh Thành
Hải Phòng",Hộp Số Số Tự Động,Nhiên Liệu Máy Xăng
Hyundai Kona 2.0 At Tiêu Chuẩn 2020,4650000000,2020,Kiểu Dáng Suv,Tình Trạng Xe Cũ,Trong Nước,58000,"Tỉnh Thành
Hải Phòng",Hộp Số Số Tự Động,Nhiên Liệu Máy Xăng
Vinfast Fadil Tiêu Chuẩn 2021,2890000000,2021,Na,Tình Trạng Xe Cũ,Trong Nước,72000,"Tỉnh Thành
Hải Phòng",Hộp Số Số Tự Động,Nhiên Liệu Máy Xăng
Chevrolet Colorado Ltz 2.8 At 4X4 2017,3900000000,2017,Kiểu Dáng Bán Tải,Tình Trạng Xe Cũ,Nhập Khẩu,130000,"Tỉnh Thành
Hà Nội",Hộp Số Số Tự Động,Nhiên Liệu Máy Dầu
Ford Focus 1.8L 2011,2200000000,2011,Kiểu Dáng Hatchback,Tình Trạng Xe Cũ,Trong Nước,125000,"Tỉnh Thành
Hà Nội",Hộp Số Số Tự Động,Nhiên Liệu Máy Xăng
Kia Sedona 3.3 Platinum G 2019,6980000000,2019,Kiểu Dáng Mpv,Tình Trạng Xe Cũ,Trong Nước,60000,"Tỉnh Thành
Tp.Hcm",Hộp Số Số Tự Động,Nhiên Liệu Máy Xăng
Subaru Outback 2.5I-T Eyesight 2022,13500000000,2022,Kiểu Dáng Crossover,Tình Trạng Xe Cũ,Nhập Khẩu,16000,"Tỉnh Thành
Hà Nội",Hộp Số Số Tự Động,Nhiên Liệu Máy Xăng
Ford Ecosport Titanium 1.5L At 2021,4450000000,2021,Kiểu Dáng Suv,Tình Trạng Xe Cũ,Trong Nước,55000,"Tỉnh Thành
Hà Nội",Hộp Số Số Tự Động,Nhiên Liệu Máy Xăng
Ford Everest Trend 2.0 At 4X2 2019,7500000000,2019,Kiểu Dáng Suv,Tình Trạng Xe Cũ,Trong Nước,79000,"Tỉnh Thành
Bình Dương",Hộp Số Số Tự Động,Nhiên Liệu Máy Xăng
Nissan Almera Cvt Cao Cấp 2022,4400000000,2022,Kiểu Dáng Sedan,Tình Trạng Xe Cũ,Nhập Khẩu,53000,"Tỉnh Thành
Hà Nội",Hộp Số Số Tự Động,Nhiên Liệu Máy Xăng
Vinfast Fadil Nâng Cao 2020,2950000000,2020,Na,Tình Trạng Xe Cũ,Trong Nước,28000,"Tỉnh Thành
Long An",Hộp Số Số Tự Động,Nhiên Liệu Máy Xăng
Mg 5 1.5L Luxury 2022,3750000000,2022,Kiểu Dáng Sedan,Tình Trạng Xe Cũ,Nhập Khẩu,35000,"Tỉnh Thành
Hà Nội",Hộp Số Số Tự Động,Nhiên Liệu Máy Xăng
Hyundai I20 1.4 At 2012,2260000000,2012,Kiểu Dáng Hatchback,Tình Trạng Xe Cũ,Nhập Khẩu,91000,"Tỉnh Thành
Hà Nội",Hộp Số Số Tự Động,Nhiên Liệu Máy Xăng
Ford Everest Platinum 2.0L 4X4 At 2020,9000000000,2020,Kiểu Dáng Suv,Tình Trạng Xe Cũ,Nhập Khẩu,85000,"Tỉnh Thành
Lâm Đồng",Hộp Số Số Tự Động,Nhiên Liệu Máy Dầu
Kia Morning Si 1.25 Mt 2018,2250000000,2018,Kiểu Dáng Hatchback,Tình Trạng Xe Cũ,Trong Nước,80000,"Tỉnh Thành
Lâm Đồng",Hộp Số Số Sàn,Nhiên Liệu Máy Xăng
Mazda Cx-5 2.0 Deluxe 2021,6350000000,2021,Kiểu Dáng Suv,Tình Trạng Xe Cũ,Trong Nước,52000,"Tỉnh Thành
Hải Phòng",Hộp Số Số Tự Động,Nhiên Liệu Máy Xăng
Hyundai Kona 2.0 At Tiêu Chuẩn 2020,4650000000,2020,Kiểu Dáng Suv,Tình Trạng Xe Cũ,Trong Nước,58000,"Tỉnh Thành
Hải Phòng",Hộp Số Số Tự Động,Nhiên Liệu Máy Xăng
Vinfast Fadil Tiêu Chuẩn 2021,2890000000,2021,Na,Tình Trạng Xe Cũ,Trong Nước,72000,"Tỉnh Thành
Hải Phòng",Hộp Số Số Tự Động,Nhiên Liệu Máy Xăng
Chevrolet Colorado Ltz 2.8 At 4X4 2017,3900000000,2017,Kiểu Dáng Bán Tải,Tình Trạng Xe Cũ,Nhập Khẩu,130000,"Tỉnh Thành
Hà Nội",Hộp Số Số Tự Động,Nhiên Liệu Máy Dầu
Ford Focus 1.8L 2011,2200000000,2011,Kiểu Dáng Hatchback,Tình Trạng Xe Cũ,Trong Nước,125000,"Tỉnh Thành
Hà Nội",Hộp Số Số Tự Động,Nhiên Liệu Máy Xăng
Kia Sedona 3.3 Platinum G 2019,6980000000,2019,Kiểu Dáng Mpv,Tình Trạng Xe Cũ,Trong Nước,60000,"Tỉnh Thành
Tp.Hcm",Hộp Số Số Tự Động,Nhiên Liệu Máy Xăng
Subaru Outback 2.5I-T Eyesight 2022,13500000000,2022,Kiểu Dáng Crossover,Tình Trạng Xe Cũ,Nhập Khẩu,16000,"Tỉnh Thành
Hà Nội",Hộp Số Số Tự Động,Nhiên Liệu Máy Xăng
Ford Ecosport Titanium 1.5L At 2021,4450000000,2021,Kiểu Dáng Suv,Tình Trạng Xe Cũ,Trong Nước,55000,"Tỉnh Thành
Hà Nội",Hộp Số Số Tự Động,Nhiên Liệu Máy Xăng
Ford Everest Trend 2.0 At 4X2 2019,7500000000,2019,Kiểu Dáng Suv,Tình Trạng Xe Cũ,Trong Nước,79000,"Tỉnh Thành
Bình Dương",Hộp Số Số Tự Động,Nhiên Liệu Máy Xăng
Nissan Almera Cvt Cao Cấp 2022,4400000000,2022,Kiểu Dáng Sedan,Tình Trạng Xe Cũ,Nhập Khẩu,53000,"Tỉnh Thành
Hà Nội",Hộp Số Số Tự Động,Nhiên Liệu Máy Xăng
Vinfast Fadil Nâng Cao 2020,2950000000,2020,Na,Tình Trạng Xe Cũ,Trong Nước,28000,"Tỉnh Thành
Long An",Hộp Số Số Tự Động,Nhiên Liệu Máy Xăng
Mg 5 1.5L Luxury 2022,3750000000,2022,Kiểu Dáng Sedan,Tình Trạng Xe Cũ,Nhập Khẩu,35000,"Tỉnh Thành
Hà Nội",Hộp Số Số Tự Động,Nhiên Liệu Máy Xăng
Hyundai I20 1.4 At 2012,2260000000,2012,Kiểu Dáng Hatchback,Tình Trạng Xe Cũ,Nhập Khẩu,91000,"Tỉnh Thành
Hà Nội",Hộp Số Số Tự Động,Nhiên Liệu Máy Xăng
Ford Everest Platinum 2.0L 4X4 At 2020,9000000000,2020,Kiểu Dáng Suv,Tình Trạng Xe Cũ,Nhập Khẩu,85000,"Tỉnh Thành
Lâm Đồng",Hộp Số Số Tự Động,Nhiên Liệu Máy Dầu
Kia Morning Si 1.25 Mt 2018,2250000000,2018,Kiểu Dáng Hatchback,Tình Trạng Xe Cũ,Trong Nước,80000,"Tỉnh Thành
Lâm Đồng",Hộp Số Số Sàn,Nhiên Liệu Máy Xăng
Mazda Cx-5 2.0 Deluxe 2021,6350000000,2021,Kiểu Dáng Suv,Tình Trạng Xe Cũ,Trong Nước,52000,"Tỉnh Thành
Hải Phòng",Hộp Số Số Tự Động,Nhiên Liệu Máy Xăng
Hyundai Kona 2.0 At Tiêu Chuẩn 2020,4650000000,2020,Kiểu Dáng Suv,Tình Trạng Xe Cũ,Trong Nước,58000,"Tỉnh Thành
Hải Phòng",Hộp Số Số Tự Động,Nhiên Liệu Máy Xăng
Vinfast Fadil Tiêu Chuẩn 2021,2890000000,2021,Na,Tình Trạng Xe Cũ,Trong Nước,72000,"Tỉnh Thành
Hải Phòng",Hộp Số Số Tự Động,Nhiên Liệu Máy Xăng
Chevrolet Colorado Ltz 2.8 At 4X4 2017,3900000000,2017,Kiểu Dáng Bán Tải,Tình Trạng Xe Cũ,Nhập Khẩu,130000,"Tỉnh Thành
Hà Nội",Hộp Số Số Tự Động,Nhiên Liệu Máy Dầu
Ford Focus 1.8L 2011,2200000000,2011,Kiểu Dáng Hatchback,Tình Trạng Xe Cũ,Trong Nước,125000,"Tỉnh Thành
Hà Nội",Hộp Số Số Tự Động,Nhiên Liệu Máy Xăng
Kia Sedona 3.3 Platinum G 2019,6980000000,2019,Kiểu Dáng Mpv,Tình Trạng Xe Cũ,Trong Nước,60000,"Tỉnh Thành
Tp.Hcm",Hộp Số Số Tự Động,Nhiên Liệu Máy Xăng
Subaru Outback 2.5I-T Eyesight 2022,13500000000,2022,Kiểu Dáng Crossover,Tình Trạng Xe Cũ,Nhập Khẩu,16000,"Tỉnh Thành
Hà Nội",Hộp Số Số Tự Động,Nhiên Liệu Máy Xăng
Ford Ecosport Titanium 1.5L At 2021,4450000000,2021,Kiểu Dáng Suv,Tình Trạng Xe Cũ,Trong Nước,55000,"Tỉnh Thành
Hà Nội",Hộp Số Số Tự Động,Nhiên Liệu Máy Xăng
Hyundai I20 1.4 At 2012,2260000000,2012,Kiểu Dáng Hatchback,Tình Trạng Xe Cũ,Nhập Khẩu,91000,"Tỉnh Thành
Hà Nội",Hộp Số Số Tự Động,Nhiên Liệu Máy Xăng
Ford Everest Platinum 2.0L 4X4 At 2020,9000000000,2020,Kiểu Dáng Suv,Tình Trạng Xe Cũ,Nhập Khẩu,85000,"Tỉnh Thành
Lâm Đồng",Hộp Số Số Tự Động,Nhiên Liệu Máy Dầu
Kia Morning Si 1.25 Mt 2018,2250000000,2018,Kiểu Dáng Hatchback,Tình Trạng Xe Cũ,Trong Nước,80000,"Tỉnh Thành
Lâm Đồng",Hộp Số Số Sàn,Nhiên Liệu Máy Xăng
Mazda Cx-5 2.0 Deluxe 2021,6350000000,2021,Kiểu Dáng Suv,Tình Trạng Xe Cũ,Trong Nước,52000,"Tỉnh Thành
Hải Phòng",Hộp Số Số Tự Động,Nhiên Liệu Máy Xăng
Hyundai Kona 2.0 At Tiêu Chuẩn 2020,4650000000,2020,Kiểu Dáng Suv,Tình Trạng Xe Cũ,Trong Nước,58000,"Tỉnh Thành
Hải Phòng",Hộp Số Số Tự Động,Nhiên Liệu Máy Xăng
