Movie name,Movie rate,Description,Creators,Trailer link,More Info
The Fantastic 4: First Steps,7.2,"Against the vibrant backdrop of a 1960s-inspired, retro-futuristic world, Marvel's First Family is forced to balance their roles as heroes with the strength of their family bond, while defending Earth from a ravenous space god called Galactus and his enigmatic Herald, Silver Surfer.",Matt Shakman,https://www.youtube.com/watch?v=b-WdRqzSJ9w,https://www.themoviedb.org/movie/617126
Demon Slayer: Kimetsu no Yaiba Infinity Castle,7.784,"The Demon Slayer Corps are drawn into the Infinity Castle, where Tanjiro, Nezuko, and the Hashira face terrifying Upper Rank demons in a desperate fight as the final battle against Muzan Kibutsuji begins.",Haruo Sotozaki,https://www.youtube.com/watch?v=juD6zgap4-I,https://www.themoviedb.org/movie/1311031
War of the Worlds,4.404,"Will Radford is a top analyst for Homeland Security who tracks potential threats through a mass surveillance program, until one day an attack by an unknown entity leads him to question whether the government is hiding something from him... and from the rest of the world.",Rich Lee,https://www.youtube.com/watch?v=d9erkpdh5o0,https://www.themoviedb.org/movie/755898
Mantis,6.0,"Mantis, an ace assassin, returns to the contract killer industry after a hiatus, encountering his trainee friend Jae-yi and a retired legendary killer Dok-go, who now runs the organization.",Lee Tae-sung,https://www.youtube.com/watch?v=PItlVyrf15U,https://www.themoviedb.org/movie/1267319
Valiant One,6.25,"With tensions between North and South Korea, a US helicopter crashes on the North side. The survivors must work together to protect a civilian tech specialist and find their way out without the help of US military support.",Steve Barnett,https://www.youtube.com/watch?v=rfXpM39HeZM,https://www.themoviedb.org/movie/1009640
Aztec Batman: Clash of Empires,8.053,"In the time of the Aztec empire, tragedy strikes Yohualli Coatl when his father is murdered by Spanish conquistadors. To warn King Moctezuma and his high priest, Yoka, of imminent danger, Yohualli escapes to Tenochtitlán. There, he trains in the temple of the bat god Tzinacan with his mentor, developing equipment and weaponry to confront the Spanish invasion and avenge his father’s death. Along the way, he encounters key figures like the fierce Jaguar Woman and the conquistador Hernán Cortés.",Juan Jose Meza-Leon,https://www.youtube.com/watch?v=-bd_AUSkrRA,https://www.themoviedb.org/movie/987400
The Conjuring: Last Rites,6.6,Paranormal investigators Ed and Lorraine Warren take on one last terrifying case involving mysterious entities they must confront.,Michael Chaves,https://www.youtube.com/watch?v=p4aWdkM5xF8,https://www.themoviedb.org/movie/1038392
Gunman,5.8,"A former hitman accepts a minor job for his former boss. However, in a corrupt neighborhood, nothing is what it seems, and he quickly gets caught in a web of unexpected events. A race against time and his own destiny.",Cristian Tapia Marchiori,https://www.youtube.com/watch?v=nP7xe8ZymNs,https://www.themoviedb.org/movie/1450529
Weapons,7.4,"When all but one child from the same class mysteriously vanish on the same night at exactly the same time, a community is left questioning who or what is behind their disappearance.",Zach Cregger,https://www.youtube.com/watch?v=QKHySfXqN0I,https://www.themoviedb.org/movie/1078605
Nobody 2,7.153,"Former assassin Hutch Mansell takes his family on a nostalgic vacation to a small-town theme park, only to be pulled back into violence when they clash with a corrupt operator, a crooked sheriff, and a ruthless crime boss.",Timo Tjahjanto,https://www.youtube.com/watch?v=UGOvEad8qd4,https://www.themoviedb.org/movie/1007734
Superman,7.472,"Superman, a journalist in Metropolis, embarks on a journey to reconcile his Kryptonian heritage with his human upbringing as Clark Kent.",James Gunn,https://www.youtube.com/watch?v=MikgqM0LXr4,https://www.themoviedb.org/movie/1061474
One Battle After Another,7.5,"Washed-up revolutionary Bob exists in a state of stoned paranoia, surviving off-grid with his spirited, self-reliant daughter, Willa. When his evil nemesis resurfaces after 16 years and she goes missing, the former radical scrambles to find her, father and daughter both battling the consequences of his past.",Paul Thomas Anderson,https://www.youtube.com/watch?v=kQUPdVxZNPk,https://www.themoviedb.org/movie/1054867
Red Sonja,5.721,A young girl rises from the ashes of tragedy to become the most feared warrior woman of all time: the She-Devil with a Sword.,MJ Bassett,https://www.youtube.com/watch?v=A1EHM1_NG-8,https://www.themoviedb.org/movie/13494
KPop Demon Hunters,8.296,"When K-pop superstars Rumi, Mira and Zoey aren't selling out stadiums, they're using their secret powers to protect their fans from supernatural threats.","Chris Appelhans, Maggie Kang",https://www.youtube.com/watch?v=AzCAwdp1uIQ,https://www.themoviedb.org/movie/803796
Donde tú quieras,6.0,"Ramiro Guerrero, a successful professional, is wrongly accused of a devastating crime. With his life in shambles, he fights to prove his innocence while facing a web of corruption and danger.","Andrés Valencia, Guillermo Barragán",N/A,https://www.themoviedb.org/movie/1447287
Mission: Impossible - The Final Reckoning,7.3,"Ethan Hunt and team continue their search for the terrifying AI known as the Entity — which has infiltrated intelligence networks all over the globe — with the world's governments and a mysterious ghost from Hunt's past on their trail. Joined by new allies and armed with the means to shut the Entity down for good, Hunt is in a race against time to prevent the world as we know it from changing forever.",Christopher McQuarrie,https://www.youtube.com/watch?v=G1VBfMCZVkw,https://www.themoviedb.org/movie/575265
The Naked Gun,6.657,Only one man has the particular set of skills... to lead Police Squad and save the world: Lt. Frank Drebin Jr.,Akiva Schaffer,https://www.youtube.com/watch?v=uLguU7WLreA,https://www.themoviedb.org/movie/1035259
How to Train Your Dragon,8.027,"On the rugged isle of Berk, where Vikings and dragons have been bitter enemies for generations, Hiccup stands apart, defying centuries of tradition when he befriends Toothless, a feared Night Fury dragon. Their unlikely bond reveals the true nature of dragons, challenging the very foundations of Viking society.",Dean DeBlois,https://www.youtube.com/watch?v=OWEq2Pf8qpk,https://www.themoviedb.org/movie/1087192
Prisoner of War,7.48,British RAF Wing Commander James Wright is captured by the Japanese during WWII and forced to fight in brutal hand-to-hand combat. The Japanese soldiers get more than they bargained for when Wright’s years of martial arts training in Hong Kong prove him to be a formidable opponent.,Louis Mandylor,https://www.youtube.com/watch?v=mKFL8CMoCVk,https://www.themoviedb.org/movie/1328803
Jurassic World Rebirth,6.407,"Five years after the events of Jurassic World Dominion, covert operations expert Zora Bennett is contracted to lead a skilled team on a top-secret mission to secure genetic material from the world's three most massive dinosaurs. When Zora's operation intersects with a civilian family whose boating expedition was capsized, they all find themselves stranded on an island where they come face-to-face with a sinister, shocking discovery that's been hidden from the world for decades.",Gareth Edwards,https://www.youtube.com/watch?v=2ZhB-YO5Tnk,https://www.themoviedb.org/movie/1234821
F1,7.83,Racing legend Sonny Hayes is coaxed out of retirement to lead a struggling Formula 1 team—and mentor a young hotshot driver—while chasing one more chance at glory.,Joseph Kosinski,https://www.youtube.com/watch?v=ge_ABjtYx88,https://www.themoviedb.org/movie/911430
As Good as Dead,6.444,An ex-cop in self-imposed witness protection in Mexico becomes a target when a fight video of his apprentice goes viral.,R. Ellis Frazier,https://www.youtube.com/watch?v=sx3r-9NF538,https://www.themoviedb.org/movie/1028248
Humane,5.4,"In the wake of an environmental collapse that has forced humanity to shed 20% of its population, a family dinner erupts into chaos when a father's plan to enlist in the government's new euthanasia program goes horribly awry.",Caitlin Cronenberg,https://www.youtube.com/watch?v=V4b-OMLNWE0,https://www.themoviedb.org/movie/914215
Together,7.21,"With a move to the countryside already testing the limits of a couple's relationship, a supernatural encounter begins an extreme transformation of their love, their lives, and their flesh.",Michael Shanks,https://www.youtube.com/watch?v=9bqIwMH3En8,https://www.themoviedb.org/movie/1242011
xXx,5.96,"Xander Cage is your standard adrenaline junkie with no fear and a lousy attitude. When the US Government ""recruits"" him to go on a mission, he's not exactly thrilled. His mission: to gather information on an organization that may just be planning the destruction of the world, led by the nihilistic Yorgi.",Rob Cohen,https://www.youtube.com/watch?v=NgPdDDzVhkA,https://www.themoviedb.org/movie/7451
Swiped,6.986,Whitney Wolfe uses extraordinary grit and ingenuity to break into the male-dominated tech industry.,Rachel Lee Goldenberg,https://www.youtube.com/watch?v=8seUGDLZRIo,https://www.themoviedb.org/movie/1265344
Dangerous Younger Cousin,8.7,"Hyang-gi hates her mother who only likes men and doesn't take care of herself. She brings a man to her house to sleep over so her mom will find her crooked. To correct Hyang-gi, she asked Do-hwan, Hyang-gi’s cousin, to live with her at home for a while. Hyang-gi and Do-hwan, who were reunited as adults, grew very attracted to each other. Chae-kyeong, Do-hwan's girlfriend, finds out about it. After revealing the truth in front of everyone, Hyang-gi and Do-hwan are on the verge of breaking up.",Kim Tae-hoon,N/A,https://www.themoviedb.org/movie/938086
Tuhog,5.9,"Abie mourns after the death of Michael. She finds solace from her supposedly soon-to-be father-in-law, Roldan, and starts falling for him. But when Michael returns, their world turns upside down.",G.B. Sampedro,https://www.youtube.com/watch?v=VvmSxnmFxv0,https://www.themoviedb.org/movie/1188808
Ice Road: Vengeance,6.4,"Big rig ice road driver Mike McCann travels to Nepal to scatter his late brother’s ashes on Mt. Everest. While on a packed tour bus traversing the deadly 12,000 ft. terrain of the infamous Road to the Sky, McCann and his mountain guide encounter a group of mercenaries and must fight to save themselves, the busload of innocent travelers, and the local villagers’ homeland.",Jonathan Hensleigh,https://www.youtube.com/watch?v=K6lJh9ADfbQ,https://www.themoviedb.org/movie/1119878
The Bad Guys 2,7.793,"The now-reformed Bad Guys are trying (very, very hard) to be good, but instead find themselves hijacked into a high-stakes, globe-trotting heist, masterminded by a new team of criminals they never saw coming: The Bad Girls.",Pierre Perifel,https://www.youtube.com/watch?v=HvLHYox_Vq8,https://www.themoviedb.org/movie/1175942
Chainsaw Man - The Movie: Reze Arc,9.167,"In a brutal war between devils, hunters, and secret enemies, a mysterious girl named Reze has stepped into Denji's world, and he faces his deadliest battle yet, fueled by love in a world where survival knows no rules.",Tatsuya Yoshihara,https://www.youtube.com/watch?v=GJ1jrCnm-t8,https://www.themoviedb.org/movie/1218925
Get Fast,5.852,"When The Thief’s partner is kidnapped after stealing millions in cash from a merciless drug lord named Nushi, he reluctantly teams up with an angst-ridden orphan to rescue him. Nushi enlists her most trusted hitman, The Cowboy, a lovable charmer who’s quick with his guns, to track down the Thief. Guns, cars, and explosions will give the newfound partners a head start, but how long will they be able to keep it up?",James Clayton,https://www.youtube.com/watch?v=9yBlJjqhmYU,https://www.themoviedb.org/movie/1369679
Ne Zha 2,8.053,"After a catastrophic event leaves their bodies destroyed, Ne Zha and Ao Bing are granted a fragile second chance at life. As tensions rise between the dragon clans and celestial forces, the two must undergo a series of perilous trials that will test their bond, challenge their identities, and decide the fate of both mortals and immortals.",Yang Yu,https://www.youtube.com/watch?v=ETlOSBR92Fs,https://www.themoviedb.org/movie/980477
Stockholm Bloodbath,6.441,"In 1520, the notorious and power-hungry Danish King Christian II is determined to seize the Swedish crown from Sten Sture, no matter what it takes. Meanwhile, sisters Freja and Anne make a solemn promise to seek revenge on the men who brutally murdered their family. Everything comes to a head in the heart of Stockholm, where the sisters are drawn into a ruthless political struggle between Sweden and Denmark that culminates in a mass execution, presided over by the mad King ""Christian the Tyrant,"" known as the Stockholm Bloodbath.",Mikael Håfström,https://www.youtube.com/watch?v=UzUx3idEx-k,https://www.themoviedb.org/movie/1051486
The Thing Behind The Door,5.5,"The story of Adèle, a youg woman who’s literally haunted by the death of her husband, killed in a trench during World War One. Desperate and unable to face this tragic loss, Adèle turns to black magic in the hope to bring her lover back. The miracle will happen, but Adèle will have to pay the price for opening this Pandora Box.",Fabrice Blin,https://www.youtube.com/watch?v=RLCPvAZ_O1M,https://www.themoviedb.org/movie/691363
Lilo & Stitch,7.274,The wildly funny and touching story of a lonely Hawaiian girl and the fugitive alien who helps to mend her broken family.,Dean Fleischer Camp,https://www.youtube.com/watch?v=VWqJifMMgZE,https://www.themoviedb.org/movie/552524
Detective Dee: The Four Heavenly Kings,6.235,"Dee, the detective serving Chinese empress Wu Zetian, is called upon to investigate a series of strange events in Loyang, including the appearance of mysterious warriors wearing Chiyou ghost masks, foxes that speak human language and the pillar sculptures in the palace coming alive.",Tsui Hark,https://www.youtube.com/watch?v=VvGUA1JmERw,https://www.themoviedb.org/movie/506763
The Long Walk,7.179,"In a dystopian, alternate-America ruled by a totalitarian regime, 50 teenage boys take part in a deadly annual walking contest, forced to maintain a minimum pace or be executed, until only one survivor remains.",Francis Lawrence,https://www.youtube.com/watch?v=Toj3Zxun7aQ,https://www.themoviedb.org/movie/604079
Interstellar,8.461,The adventures of a group of explorers who make use of a newly discovered wormhole to surpass the limitations on human space travel and conquer the vast distances involved in an interstellar voyage.,Christopher Nolan,https://www.youtube.com/watch?v=LY19rHKAaAg,https://www.themoviedb.org/movie/157336
Borders of Love,6.0,"After years together, Petr and Hana, partners in work and in life, share their unspoken erotic fantasies. What begins as an innocent conversation gradually turns into curious experimentation with a non-monogamous approach to their relationship. But sexual freedom tastes differently for each of them.",Tomasz Wiński,https://www.youtube.com/watch?v=upoY8ku6Xew,https://www.themoviedb.org/movie/993234
Eenie Meanie,6.404,A former teenage getaway driver gets dragged back into her unsavory past when a former employer offers her a chance to save the life of her chronically unreliable ex-boyfriend.,Shawn Simmons,https://www.youtube.com/watch?v=qH6SqkWS9WA,https://www.themoviedb.org/movie/1151334
Striking Rescue,7.579,A veteran Muay Thai expert goes on a take-no-prisoners mission of revenge after his wife and daughter are brutally murdered by mysterious forces.,Cheng Siyi,https://www.youtube.com/watch?v=uXfzJb-IUrk,https://www.themoviedb.org/movie/1382406
The Dark Knight,8.523,"Batman raises the stakes in his war on crime. With the help of Lt. Jim Gordon and District Attorney Harvey Dent, Batman sets out to dismantle the remaining criminal organizations that plague the streets. The partnership proves to be effective, but they soon find themselves prey to a reign of chaos unleashed by a rising criminal mastermind known to the terrified citizens of Gotham as the Joker.",Christopher Nolan,https://www.youtube.com/watch?v=_PZpmTj1Q8Q,https://www.themoviedb.org/movie/155
Stepmom's Desire,7.2,"Sang-jin, who was envious of her neighbor after getting a beautiful wife, Ask your wife's friend Gian to take over the son's extracurricular teacher, Sang-jin, who left work early, accidentally sees Gian's shower. A man who wants to have sex with his son's tutor, And a son who wants to have a good time with a young stepmom, Ji-an and Jin-hee, who want money, are disappointed with her husband, and Bin-jin gives her body to a young son.",Lee Dong-Joon,N/A,https://www.themoviedb.org/movie/715287
Ballerina,7.351,"Taking place during the events of John Wick: Chapter 3 – Parabellum, Eve Macarro begins her training in the assassin traditions of the Ruska Roma.",Len Wiseman,https://www.youtube.com/watch?v=b9Rr9ygb-ac,https://www.themoviedb.org/movie/541671
Elio,6.9,"Elio, a space fanatic with an active imagination, finds himself on a cosmic misadventure where he must form new bonds with eccentric alien lifeforms, navigate a crisis of intergalactic proportions and somehow discover who he is truly meant to be.","Madeline Sharafian, Domee Shi, Adrian Molina",https://www.youtube.com/watch?v=yH5zbV7eweM,https://www.themoviedb.org/movie/1022787
Sexy Oral: Uwakina Kuchibiru,6.0,A woman rejects her clingy female lover and pursues a female co-worker. The spurned lover plots revenge and the co-worker has a kinky secret.,Isao Hayashi,N/A,https://www.themoviedb.org/movie/994682
The Ugly Stepsister,7.242,"In a fairy-tale kingdom where beauty is a brutal business, Elvira battles to compete with her incredibly beautiful stepsister, and she will go to any length to catch the prince’s eye.",Emilie Blichfeldt,https://www.youtube.com/watch?v=5vZ1_Yxjwzs,https://www.themoviedb.org/movie/1284120
Maalikaya,7.8,"Kara, a young inmate who unleashes her hidden sexual fantasies while serving time. After meeting Lila, a seductive inmate played by Jenn Rosa, Kara finds a new purpose in life. But her dark past still haunts her even behind bars.",Roman Perez Jr.,https://www.youtube.com/watch?v=0SbftOXQE_I,https://www.themoviedb.org/movie/1506456
Anaconda,7.2,"A struggling circus crew gets deceived by its former partner, as it embarks on a tour in Thailand. During the journey through a Southeast Asian rainforest, they encounter attacks by a giant python. They meet a mysterious man named Jeff who offers to help, but they soon realize he's a poacher. As they search for Jeff's boat, they face life-and-death struggles with the python and Jeff himself.","Xiang Qiuliang, Xiang Hesheng",https://www.youtube.com/watch?v=icDxdOgJaXc,https://www.themoviedb.org/movie/1252428
Final Destination Bloodlines,7.119,"Plagued by a violent recurring nightmare, college student Stefanie heads home to track down the one person who might be able to break the cycle and save her family from the grisly demise that inevitably awaits them all.","Zach Lipovsky, Adam B. Stein",https://www.youtube.com/watch?v=xitSoRbHJ50,https://www.themoviedb.org/movie/574475
Kiskisan,6.8,"A steamy tale of love, lust, and betrayal. When Adele's sister Bea returns with her girlfriend Cheska, a secret affair begins between Cheska and Adele's boyfriend, Rener, leading to a climactic ending when they're caught.",Bobby Bonifacio,N/A,https://www.themoviedb.org/movie/1337395
Laila,5.8,"Sonu Model, a renowned beautician from the old city, is forced to disguise himself as Laila, leading to a series of comedic, romantic, and action-packed events. Chaos ensues in this hilarious laugh riot",Ram Narayan,https://www.youtube.com/watch?v=FyhFBHpTh6Y,https://www.themoviedb.org/movie/1403735
Star Virgin,5.3,"Eiko is an alien girl with a unique superpower. She wears an amulet that can sense when men are attracted to her. Using this amulet she can transform into a superhero, Star Virgin, and use her super powers to protect herself. Originally coming to earth to sightsee, Eiko has to save the world from killer robots and protect her nerdy companion.",Ichiro Ômomo,N/A,https://www.themoviedb.org/movie/228854
The Conjuring,7.54,"Paranormal investigators Ed and Lorraine Warren work to help a family terrorized by a dark presence in their farmhouse. Forced to confront a powerful entity, the Warrens find themselves caught in the most terrifying case of their lives.",James Wan,https://www.youtube.com/watch?v=k10ETZ41q5o,https://www.themoviedb.org/movie/138843
The Wrong Paris,6.576,"Dawn thinks she's joining a dating show in Paris, France, only to land in Paris, Texas. She has an exit plan — until sparks fly with the cowboy bachelor.",Janeen Damian,https://www.youtube.com/watch?v=SgKpEeduwh0,https://www.themoviedb.org/movie/1321439
All of You,7.0,"Laura and Simon have been best friends since college. Over the years, they've realized their bond is more than platonic. Can they—and should they—risk everything to explore a love that has existed all along?",William Bridges,https://www.youtube.com/watch?v=RnYEi3bDCcc,https://www.themoviedb.org/movie/1319965
I Know What You Did Last Summer,5.952,"When five friends inadvertently cause a deadly car accident, they cover up their involvement and make a pact to keep it a secret rather than face the consequences. A year later, their past comes back to haunt them and they're forced to confront a horrifying truth: someone knows what they did last summer…and is hell-bent on revenge.",Jennifer Kaytin Robinson,https://www.youtube.com/watch?v=IceTkSOSNJI,https://www.themoviedb.org/movie/1083433
Sinners,7.544,"Trying to leave their troubled lives behind, twin brothers return to their hometown to start again, only to discover that an even greater evil is waiting to welcome them back.",Ryan Coogler,https://www.youtube.com/watch?v=l2h2lC0vlX4,https://www.themoviedb.org/movie/1233413
Undryable Younger Cousin,2.0,"So-jeong, who lives with her older brothers, is living as a sex partner with her younger brother, Sang-woo, without her eldest brother Min-woo.  However, I'm worried that Sang-woo's reaction isn't cool these days. Sang-woo started seeing his ex-girlfriend again.  Meanwhile, Min-woo witnesses So-jeong and Sang-woo having sex one day...",Choi Sung-eun,N/A,https://www.themoviedb.org/movie/828769
Ne Zha,7.894,"A young boy is born as the reincarnation of a demonic power, into a society that hates and fears him. Destined by prophecy to bring destruction to the world, Nezha must choose between good and evil to see if he can change his fate.",Yang Yu,https://www.youtube.com/watch?v=PYSiEFeMbZ0,https://www.themoviedb.org/movie/615453
Sinners,7.545,"Trying to leave their troubled lives behind, twin brothers return to their hometown to start again, only to discover that an even greater evil is waiting to welcome them back.",Ryan Coogler,https://www.youtube.com/watch?v=l2h2lC0vlX4,https://www.themoviedb.org/movie/1233413
28 Years Later,6.738,"Twenty-eight years since the rage virus escaped a biological weapons laboratory, now, still in a ruthlessly enforced quarantine, some have found ways to exist amidst the infected. One such group lives on a small island connected to the mainland by a single, heavily-defended causeway. When one member departs on a mission into the dark heart of the mainland, he discovers secrets, wonders, and horrors that have mutated not only the infected but other survivors as well.",Danny Boyle,https://www.youtube.com/watch?v=IYGG55qwQZQ,https://www.themoviedb.org/movie/1100988
How I Became a Gangster,7.0,"The action of the film begins in the 1970s – even then, the young protagonist knows that adrenaline tastes better than powdered milk. Over time, he also discovers a desire for money, power, and being above the law. A transformation begins, and his gangster talent blossoms. Together with a friend, they build their own army.",Maciej Kawulski,https://www.youtube.com/watch?v=6p8nuJ6-JDc,https://www.themoviedb.org/movie/660033
Freakier Friday,6.88,"Years after Tess and Anna endured an identity crisis, Anna now has a daughter of her own and a soon-to-be stepdaughter. As they navigate the myriad challenges that come when two families merge, Tess and Anna discover lightning might indeed strike twice.",Nisha Ganatra,https://www.youtube.com/watch?v=IyJzhtJEtoU,https://www.themoviedb.org/movie/1125257
Ruth & Boaz,6.111,"A talented singer leaves the Atlanta music scene and starts over in small-town Tennessee, where she finds love and new purpose but can't escape the past.",Alanna Brown,https://www.youtube.com/watch?v=TXPxYr5Efn4,https://www.themoviedb.org/movie/1371189
Mantis,0.0,"Inside an apartment in Milan, two gay boys talk about their feelings towards dating apps.",Paolo Gallina,N/A,https://www.themoviedb.org/movie/1498658
Skin. Like. Sun.,6.1,"Real-life young couple Wim and Floor spend an afternoon in the sunwashed rooms of a crumbling home in Belgium. In a unique twist, this artistic erotic documentary is edited in nearly real-time. In the slowness, we get the build, the sweetness, and the sexiness. Forget about fingersnapping fast editing. Slow is where it’s at.","Jennifer Lyon Bell, Murielle Scherre",N/A,https://www.themoviedb.org/movie/259872
My Freaky Family,7.0,"On the cusp of her 13th birthday, Betty Flood – budding musician and magical being – just wants to be like the rest of her fabulous, but very different family, so why is her magical Mum so against it? As Betty wrestles with this, she also learns the amazing truth about her family and discovers that the not so normal, the magical and the musical are all a part of her fabulously freaky family. It's very freaky, so be freaked freaky ahh deaky peaky neaky seaky peaky poo.",Mark Gravas,https://www.youtube.com/watch?v=I1omD5RUoRE,https://www.themoviedb.org/movie/974397
Splitsville,6.6,"After Ashley asks for a divorce, good-natured Carey runs to his friends, Julie and Paul, for support. He’s shocked to discover that the secret to their happiness is an open marriage, that is until Carey crosses the line and throws all of their relationships into chaos.",Michael Angelo Covino,https://www.youtube.com/watch?v=VrdSQSLD63Q,https://www.themoviedb.org/movie/1337562
The Hacienda: Return of the Damned,5.5,A group of friends return to their hometown after many years. The trip is an excuse to reminisce about old times but turns into a nightmare when they unearth their darkest memories.,Gaby Smiths,https://www.youtube.com/watch?v=tf8z7Na5oFU,https://www.themoviedb.org/movie/1354441
Karate Kid: Legends,7.121,"After a family tragedy, kung fu prodigy Li Fong is uprooted from his home in Beijing and forced to move to New York City with his mother. When a new friend needs his help, Li enters a karate competition – but his skills alone aren't enough. Li's kung fu teacher Mr. Han enlists original Karate Kid Daniel LaRusso for help, and Li learns a new way to fight, merging their two styles into one for the ultimate martial arts showdown.",Jonathan Entwistle,https://www.youtube.com/watch?v=LhRXf-yEQqA,https://www.themoviedb.org/movie/1011477
My Fault,7.778,"Noah must leave her city, boyfriend, and friends to move into William Leister's mansion, the flashy and wealthy husband of her mother Rafaela. As a proud and independent 17 year old, Noah resists living in a mansion surrounded by luxury. However, it is there where she meets Nick, her new stepbrother, and the clash of their strong personalities becomes evident from the very beginning.",Domingo González,https://www.youtube.com/watch?v=xY-qRGC6Yu0,https://www.themoviedb.org/movie/1010581
The Wrong Paris,6.594,"Dawn thinks she's joining a dating show in Paris, France, only to land in Paris, Texas. She has an exit plan — until sparks fly with the cowboy bachelor.",Janeen Damian,https://www.youtube.com/watch?v=SgKpEeduwh0,https://www.themoviedb.org/movie/1321439
A Line of Fire,6.321,"After working as a secret agent in the FBI for ten years, Jack 'Cash' Conry left it all behind after his wife passed in order to dedicate himself to his two daughters. Despite a fulfilling life at home, Cash misses the chance to make an impact and has been considering a return to the force. The decision is made for him when his old partner’s niece Jamie calls him for help, launching Cash right back into a world of danger, corruption and intrigue.",Matt Shapira,https://www.youtube.com/watch?v=H3nT838DEno,https://www.themoviedb.org/movie/1367575
Thunderbolts*,7.344,"After finding themselves ensnared in a death trap, seven disillusioned castoffs must embark on a dangerous mission that will force them to confront the darkest corners of their pasts.",Jake Schreier,https://www.youtube.com/watch?v=7rs_HhSA7XY,https://www.themoviedb.org/movie/986056
Dracula: A Love Tale,7.1,"The story of 15th century Prince Vladimir who curses God following the death of his beloved wife and is turned into a vampire. Later, in 19th century London, he discovers his wife’s doppelgänger and dooms himself by pursuing her.",Luc Besson,https://www.youtube.com/watch?v=w05UztF-3xY,https://www.themoviedb.org/movie/1246049
Africa Blood and Guts,6.261,"A chronicle of the violence that occurred in much of the African continent throughout the 1960s. As many African countries were transitioning from colonial rule to other forms of government, violent political upheavals were frequent. Revolutions in Zanzibar and Kenya in which thousands were killed are shown, the violence not only political; there is also extensive footage of hunters and poachers slaughtering different types of wild animals.","Gualtiero Jacopetti, Franco Prosperi",https://www.youtube.com/watch?v=R2owwGvTsUw,https://www.themoviedb.org/movie/41264
Bring Her Back,7.433,"Following the death of their father, a brother and sister are introduced to their new sibling by their foster mother, only to learn that she has a terrifying secret.","Michael Philippou, Danny Philippou",https://www.youtube.com/watch?v=1I15ttCedfY,https://www.themoviedb.org/movie/1151031
Star Virgin,5.3,"Eiko is an alien girl with a unique superpower. She wears an amulet that can sense when men are attracted to her. Using this amulet she can transform into a superhero, Star Virgin, and use her super powers to protect herself. Originally coming to earth to sightsee, Eiko has to save the world from killer robots and protect her nerdy companion.",Ichiro Ômomo,N/A,https://www.themoviedb.org/movie/228854
Legends of the Condor Heroes: The Gallants,6.777,"Under Genghis Khan, the Mongolian army pushes west to destroy the Jin Dynasty, setting its sights on the Song Dynasty next. Amid internal conflicts among martial arts schools, Guo Jing unites the Central Plains' warriors to defend Xiangyang, embodying courage and loyalty in the fight for the nation.",Tsui Hark,https://www.youtube.com/watch?v=uyIPBAmY1hY,https://www.themoviedb.org/movie/1185528
Secret Headquarters,6.456,"While hanging out after school, Charlie and his friends discover the headquarters of the world’s most powerful superhero hidden beneath his home. When villains attack, they must team up to defend the headquarters and save the world.","Henry Joost, Ariel Schulman",https://www.youtube.com/watch?v=OjIz3knndzo,https://www.themoviedb.org/movie/791155
The Veteran,5.8,"Soldier Robert Miller returns home from Afghanistan unable to fit back into society. Living on a violent council estate and finding work in undercover surveillance, he becomes obsessed with taking down a group of local gangsters who are intrinsically tied to a suspected terrorist cell. Taking the situation into his own hands, Robert embarks on a brutal quest for justice, with devastating consequences.",Matthew Hope,https://www.youtube.com/watch?v=EYWKZttKAqs,https://www.themoviedb.org/movie/70196
Ligaw,7.2,"A sultry woman who charms the hearts of men in a remote province. Dolores, a devoted wife to her paraplegic husband, falls for a young mountaineer. What begins as a reckless escape turns into an affair drenched in passion and secrecy.",Omar Deroca,https://www.youtube.com/watch?v=EFzDoPUtweA,https://www.themoviedb.org/movie/1470086
Highest 2 Lowest,5.777,"When a titan music mogul, widely known as having the ""best ears in the business"", is targeted with a ransom plot, he is jammed up in a life-or-death moral dilemma.",Spike Lee,https://www.youtube.com/watch?v=Sh8yqcozfn8,https://www.themoviedb.org/movie/1242434
The Conjuring: The Devil Made Me Do It,7.4,"Paranormal investigators Ed and Lorraine Warren encounter what would become one of the most sensational cases from their files. The fight for the soul of a young boy takes them beyond anything they'd ever seen before, to mark the first time in U.S. history that a murder suspect would claim demonic possession as a defense.",Michael Chaves,https://www.youtube.com/watch?v=tLFnRAzcaEc,https://www.themoviedb.org/movie/423108
Trust,5.9,"A Hollywood starlet seeks refuge in a secluded Airbnb following a high-profile scandal, only to find herself at the mercy of hardened criminals on the hunt for a score.",Carlson Young,https://www.youtube.com/watch?v=UgalwGXCAFs,https://www.themoviedb.org/movie/1244953
Fight Club,8.438,"A ticking-time-bomb insomniac and a slippery soap salesman channel primal male aggression into a shocking new form of therapy. Their concept catches on, with underground ""fight clubs"" forming in every town, until an eccentric gets in the way and ignites an out-of-control spiral toward oblivion.",David Fincher,https://www.youtube.com/watch?v=dfeUzm6KF4g,https://www.themoviedb.org/movie/550
Lookout,6.4,"Seeking peace away from her turbulent life, a young woman accepts a job as a fire lookout at a remote wilderness tower. As she settles into her new role, eerie disturbances and strange occurrences begin to unfold, and she must uncover the chilling secrets that disrupt her isolation before it’s too late.",Stefan Colson,https://www.youtube.com/watch?v=8HJ9vlwFCCw,https://www.themoviedb.org/movie/1530127
Adulthood,5.975,"The lives of two siblings are completely upended when they discover a dead body, long buried in their parent’s basement, sending them down a rabbit hole of crime and murder.",Alex Winter,https://www.youtube.com/watch?v=rutRDICG2oE,https://www.themoviedb.org/movie/1083420
A Big Bold Beautiful Journey,6.188,"Sarah and David are single strangers who meet at a mutual friend’s wedding and soon, through a surprising twist of fate, find themselves on a funny, fantastical, sweeping adventure together where they get to re-live important moments from their respective pasts, illuminating how they got to where they are in the present... and possibly getting a chance to alter their futures.",Kogonada,https://www.youtube.com/watch?v=xdKP22EaAuU,https://www.themoviedb.org/movie/1241921
Kiss and Kill,5.3,"A reckless night of indiscretion and lust leads a woman into the dark world of blackmail and murder. When revealing photos of her sexual tryst unexpectedly surface, Katy is forced to submit to whatever her tormentors desire.",Dean McKendrick,N/A,https://www.themoviedb.org/movie/460229
Hostile Takeover,7.517,"Follows Pete, a professional hitman, as he faces a group of assassins after the boss of a crime syndicate suspects disloyalty due to his attendance at Workaholics Anonymous meetings.",Michael Hamilton-Wright,https://www.youtube.com/watch?v=zie6QBbTK5s,https://www.themoviedb.org/movie/1319895
The Home,6.6,"A troubled man starts working at a retirement home and realizes its residents and caretakers harbor sinister secrets. As he investigates the building and its forbidden fourth floor, he starts to uncover connections to his own past and upbringing as a foster child.",James DeMonaco,https://www.youtube.com/watch?v=EVjvYF_geAU,https://www.themoviedb.org/movie/926606
Sirāt,7.1,"A father and his son arrive at a rave deep in the mountains of southern Morocco. They’re searching for Mar — daughter and sister — who vanished months ago at one of these endless, sleepless parties. Surrounded by electronic music and a raw, unfamiliar sense of freedom, they hand out her photo again and again. Hope is fading but they push through and follow a group of ravers heading to one last party in the desert. As they venture deeper into the burning wilderness, the journey forces them to confront their own limits.",Oliver Laxe,https://www.youtube.com/watch?v=_HvwhOY63Ig,https://www.themoviedb.org/movie/1151272
Osiris,6.6,"Special Forces commandos on a mission are abducted mid-operation by a mysterious spacecraft. Upon waking aboard, they find themselves prey to a relentless alien race in a fight for survival.",William Kaufman,https://www.youtube.com/watch?v=oqlqZWv_PO4,https://www.themoviedb.org/movie/1241470
Maa,6.679,A mother and daughter encounter a demon in a village where girls have been disappearing.,Vishal Furia,https://www.youtube.com/watch?v=lVvMbXiJjko,https://www.themoviedb.org/movie/1389158
Love Untangled,8.44,A lovestruck teen plans to win the school heartthrob by going from curly to straight hair — until a new transfer student changes everything.,Namkoong Sun,https://www.youtube.com/watch?v=0HwDE0HXbqc,https://www.themoviedb.org/movie/1355666
The Ultimate Life,7.0,"Despite his best intentions, billionaire Jason Stevens can’t find enough time to keep his beloved Alexia a priority. But when he discovers his late grandfather’s journal, he is transported back to Red Stevens’ incredible world. With everything he loves hanging in the balance, Jason Stevens hopes the past will prepare him well for the future.",Michael Landon Jr.,https://www.youtube.com/watch?v=7C_ghciPnco,https://www.themoviedb.org/movie/195757
Relay,7.21,"Tom, a world class ""fixer"", specializes in brokering lucrative payoffs between corrupt corporations and the individuals who threaten their ruin. He keeps his identity a secret through meticulous planning and always follows an exacting set of rules. But when a message arrives one day from potential client Sarah, needing Tom's protection just to stay alive, the rules quickly start to change.",David Mackenzie,https://www.youtube.com/watch?v=cAggzjekqbA,https://www.themoviedb.org/movie/1088166
Lubuk,0.0,"30 years ago, Titi and Dirwan appeared at a small town and took over a rundown mansion where they turned it into a quaint and idyllic home for the homeless and those who have nowhere to go. It has created a buzz among the small community and nearby towns especially when Dirwan has never demanded for any payments and he has taken great efforts and measures to provide the best care and facilities for the residents. Unknown to everyone, the shelter home is only the front for another ludicrous but dark and sinister business. Business that Titi and Dirwan have been profiting for close to 2 decades. Its charming facade and warm hospitality lure unsuspecting victims. This place is perfect as it is located at the edge of the town, far away from anyone and coupled with unreliable internet and mobile phone services.",Mark Lee See Teck,N/A,https://www.themoviedb.org/movie/1163545
The Ultimate Life,7.0,"Despite his best intentions, billionaire Jason Stevens can’t find enough time to keep his beloved Alexia a priority. But when he discovers his late grandfather’s journal, he is transported back to Red Stevens’ incredible world. With everything he loves hanging in the balance, Jason Stevens hopes the past will prepare him well for the future.",Michael Landon Jr.,https://www.youtube.com/watch?v=7C_ghciPnco,https://www.themoviedb.org/movie/195757
Relay,7.2,"Tom, a world class ""fixer"", specializes in brokering lucrative payoffs between corrupt corporations and the individuals who threaten their ruin. He keeps his identity a secret through meticulous planning and always follows an exacting set of rules. But when a message arrives one day from potential client Sarah, needing Tom's protection just to stay alive, the rules quickly start to change.",David Mackenzie,https://www.youtube.com/watch?v=cAggzjekqbA,https://www.themoviedb.org/movie/1088166
Moana 2,7.036,"After receiving an unexpected call from her wayfinding ancestors, Moana journeys alongside Maui and a new crew to the far seas of Oceania and into dangerous, long-lost waters for an adventure unlike anything she's ever faced.","David G. Derrick Jr., Jason Hand, Dana Ledoux Miller",https://www.youtube.com/watch?v=JdSl4RMNtGE,https://www.themoviedb.org/movie/1241982
Smurfs,6.008,"When Papa Smurf is mysteriously taken by evil wizards, Razamel and Gargamel, Smurfette leads the Smurfs on a mission into the real world to save him. With the help of new friends, the Smurfs must discover what defines their destiny to save the universe.",Chris Miller,https://www.youtube.com/watch?v=_N7kNc4-ZUg,https://www.themoviedb.org/movie/936108
Kaiju No. 8: Mission Recon,7.923,"In a Kaiju-filled Japan, Kafka Hibino works in monster disposal. After reuniting with his childhood friend Mina Ashiro, a rising star in the anti-Kaiju Defense Force, he decides to pursue his abandoned dream of joining the Force, when he suddenly transforms into the powerful ""Kaiju No. 8."" An action-packed recap of the first season of Kaiju No. 8 and a new original episode, Hoshina's Day Off.","Shigeyuki Miya, Tomomi Kamiya",https://www.youtube.com/watch?v=D8cVDarxgHg,https://www.themoviedb.org/movie/1326106
The Family Plan,7.251,"Dan Morgan is many things: a devoted husband, a loving father, a celebrated car salesman. He's also a former assassin. And when his past catches up to his present, he's forced to take his unsuspecting family on a road trip unlike any other.",Simon Cellan Jones,https://www.youtube.com/watch?v=ns8weNznn1Y,https://www.themoviedb.org/movie/1029575
Hostile Takeover,7.517,"Follows Pete, a professional hitman, as he faces a group of assassins after the boss of a crime syndicate suspects disloyalty due to his attendance at Workaholics Anonymous meetings.",Michael Hamilton-Wright,https://www.youtube.com/watch?v=zie6QBbTK5s,https://www.themoviedb.org/movie/1319895
Harry Potter and the Philosopher's Stone,7.9,"Harry Potter has lived under the stairs at his aunt and uncle's house his whole life. But on his 11th birthday, he learns he's a powerful wizard—with a place waiting for him at the Hogwarts School of Witchcraft and Wizardry. As he learns to harness his newfound powers with the help of the school's kindly headmaster, Harry uncovers the truth about his parents' deaths—and about the villain who's to blame.",Chris Columbus,https://www.youtube.com/watch?v=l91Km49W9qI,https://www.themoviedb.org/movie/671
A Minecraft Movie,6.369,"Four misfits find themselves struggling with ordinary problems when they are suddenly pulled through a mysterious portal into the Overworld: a bizarre, cubic wonderland that thrives on imagination. To get back home, they'll have to master this world while embarking on a magical quest with an unexpected, expert crafter, Steve.",Jared Hess,https://www.youtube.com/watch?v=aSh_L6bvaCQ,https://www.themoviedb.org/movie/950387
Fight Club,8.438,"A ticking-time-bomb insomniac and a slippery soap salesman channel primal male aggression into a shocking new form of therapy. Their concept catches on, with underground ""fight clubs"" forming in every town, until an eccentric gets in the way and ignites an out-of-control spiral toward oblivion.",David Fincher,https://www.youtube.com/watch?v=dfeUzm6KF4g,https://www.themoviedb.org/movie/550
The Map That Leads to You,6.602,"Heather is a young woman traveling Europe with friends before starting her perfectly planned life. A chance meeting with Jack sparks an unexpected romance that leads to deep emotional discovery. As secrets and life choices test their bond, her path changes forever.",Lasse Hallström,https://www.youtube.com/watch?v=FK9BQm471c0,https://www.themoviedb.org/movie/1312946
Avatar: The Way of Water,7.61,"Set more than a decade after the events of the first film, learn the story of the Sully family (Jake, Neytiri, and their kids), the trouble that follows them, the lengths they go to keep each other safe, the battles they fight to stay alive, and the tragedies they endure.",James Cameron,https://www.youtube.com/watch?v=o5F8MOz_IDw,https://www.themoviedb.org/movie/76600
The Shadow's Edge,7.4,Macau Police brings the tracking expert police officer out of retirement to help catch a dangerous group of professional thieves.,Larry Yang,https://www.youtube.com/watch?v=xvmADAJOoCg,https://www.themoviedb.org/movie/1419406
Couple Exchange,9.8,"Nan-hee, who wants to enjoy her newlywed life, feels something wrong with her husband, Moo-yeong's body. No matter how much she tries to seduce him every night, Moo-yeong is unable to use his strength. One day, Nan-hee's high school classmate Yoo-na moves in next door. Nan-hee begins to heal Moo-yeong through Yoo-na's shocking suggestion.",Jang Kwon,N/A,https://www.themoviedb.org/movie/1234720
Deadpool & Wolverine,7.6,"A listless Wade Wilson toils away in civilian life with his days as the morally flexible mercenary, Deadpool, behind him. But when his homeworld faces an existential threat, Wade must reluctantly suit-up again with an even more reluctant Wolverine.",Shawn Levy,https://www.youtube.com/watch?v=Idh8n5XuYIA,https://www.themoviedb.org/movie/533535
Dangerous Animals,6.487,"A savvy and free-spirited surfer is abducted by a shark-obsessed serial killer. Held captive on his boat, she must figure out how to escape before he carries out a ritualistic feeding to the sharks below.",Sean Byrne,https://www.youtube.com/watch?v=WR2btzjmmuc,https://www.themoviedb.org/movie/1285965
A Working Man,6.707,"Levon Cade left behind a decorated military career in the black ops to live a simple life working construction. But when his boss's daughter, who is like family to him, is taken by human traffickers, his search to bring her home uncovers a world of corruption far greater than he ever could have imagined.",David Ayer,https://www.youtube.com/watch?v=mdfrG2cLK58,https://www.themoviedb.org/movie/1197306
Female Wars: The Man Who Moved In,10.0,"Min-jeong lives a simple but happy life until it's in ruins because of the man that moves in next to her. The man is Deok-man, someone she wants to erase from her memories.  She knows what he's up to next and she plans to take revenge on him.",Kim Pil-jin,N/A,https://www.themoviedb.org/movie/687209
The Conjuring 2,7.3,Lorraine and Ed Warren travel to north London to help a single mother raising four children alone in a house plagued by malicious spirits.,James Wan,https://www.youtube.com/watch?v=VFsmuRPClr4,https://www.themoviedb.org/movie/259693
Avatar: The Way of Water,7.61,"Set more than a decade after the events of the first film, learn the story of the Sully family (Jake, Neytiri, and their kids), the trouble that follows them, the lengths they go to keep each other safe, the battles they fight to stay alive, and the tragedies they endure.",James Cameron,https://www.youtube.com/watch?v=o5F8MOz_IDw,https://www.themoviedb.org/movie/76600
A Working Man,6.707,"Levon Cade left behind a decorated military career in the black ops to live a simple life working construction. But when his boss's daughter, who is like family to him, is taken by human traffickers, his search to bring her home uncovers a world of corruption far greater than he ever could have imagined.",David Ayer,https://www.youtube.com/watch?v=mdfrG2cLK58,https://www.themoviedb.org/movie/1197306
Demon Slayer -Kimetsu no Yaiba- The Movie: Mugen Train,8.209,"Tanjiro Kamado, joined with Inosuke Hashibira, a boy raised by boars who wears a boar's head, and Zenitsu Agatsuma, a scared boy who reveals his true power when he sleeps, boards the Infinity Train on a new mission with the Fire Hashira, Kyojuro Rengoku, to defeat a demon who has been tormenting the people and killing the demon slayers who oppose it!",Haruo Sotozaki,https://www.youtube.com/watch?v=eLq-cX0BlGQ,https://www.themoviedb.org/movie/635302
Same Day with Someone,7.5,"Trapped in a time loop, a young woman must navigate the ruins of her once-perfect life to find the key to breaking free.",Yanyong Kuruaungkoul,https://www.youtube.com/watch?v=28ejL7HTUm8,https://www.themoviedb.org/movie/1429747
Unknown Number: The High School Catfish,6.946,"Vulgar, taunting texts blow up the phones of a teen and her boyfriend. Who's sending them — and why? This twisty documentary reveals the shocking answer.",Skye Borgman,https://www.youtube.com/watch?v=m9gNXyfTK80,https://www.themoviedb.org/movie/1517772
The Incredibles,7.7,"Bob Parr has given up his superhero days to log in time as an insurance adjuster and raise his three children with his formerly heroic wife in suburbia. But when he receives a mysterious assignment, it's time to get back into costume.",Brad Bird,https://www.youtube.com/watch?v=sJCjKQQOqT0,https://www.themoviedb.org/movie/9806
Afterburn,5.3,"Set against the backdrop of a postapocalyptic Earth whose Eastern Hemisphere was destroyed by a massive solar flare, leaving what life remains mutated from radiation and fallout. The story revolves around a group of treasure hunters who extract such objects as the Mona Lisa, the Rosetta Stone and the Crown Jewels while facing rival hunters, mutants and pirates.",J.J. Perry,https://www.youtube.com/watch?v=ZkEjle729tI,https://www.themoviedb.org/movie/507244
The Pickup,6.5,A routine cash pickup takes a wild turn when mismatched armored truck drivers Russell and Travis are ambushed by ruthless criminals led by savvy mastermind Zoe.,Tim Story,https://www.youtube.com/watch?v=YIcga73lPFE,https://www.themoviedb.org/movie/1106289
Just Friends,7.1,"Joris is trying to come to terms with his broken family relationships on the 10th anniversary of his father’s death when he meets the free-spirited, Yad. Also dealing with family issues, Yad has returned home to The Netherlands after living on his own. Joris and Yad spark an instant connection and decide they want to be more than “just friends,” but fear their families could threaten their relationship.",Annemarie van de Mond,https://www.youtube.com/watch?v=R-WtYFToGHo,https://www.themoviedb.org/movie/501902
Sonic the Hedgehog 3,7.657,"Sonic, Knuckles, and Tails reunite against a powerful new adversary, Shadow, a mysterious villain with powers unlike anything they have faced before. With their abilities outmatched in every way, Team Sonic must seek out an unlikely alliance in hopes of stopping Shadow and protecting the planet.",Jeff Fowler,https://www.youtube.com/watch?v=LH1J1EbqCaI,https://www.themoviedb.org/movie/939243
The Stepmother's Bond,6.25,"Paula and Raúl, who live with Dani, a six-year-old boy, could be just another couple... They could be, except that the boy is not Paula's son, and Paula faces the everyday challenge of proving that she deserves the title of mother. This conflict, along with the couple's separation and, as a result, the possibility that Paula might never see Dani again, sets up a story that puts the pain of a child at the heart of it.",Yolanda Centeno,N/A,https://www.themoviedb.org/movie/1451288
Pretty Thing,5.9,A successful executive fights back when a scorned young lover takes his obsession too far.,Justin Kelly,https://www.youtube.com/watch?v=IdsEQfpF0W4,https://www.themoviedb.org/movie/1223690
Corpse Bride,7.583,"In a 19th-century European village, a young man about to be married is whisked away to the underworld and wed to a mysterious corpse bride, while his real bride waits bereft in the land of the living.","Mike Johnson, Tim Burton",https://www.youtube.com/watch?v=BgwJEpmPKk8,https://www.themoviedb.org/movie/3933
Avatar: Fire and Ash,0.0,"In the wake of the devastating war against the RDA and the loss of their eldest son, Jake Sully and Neytiri face a new threat on Pandora: the Ash People, a violent and power-hungry Na'vi tribe led by the ruthless Varang. Jake's family must fight for their survival and the future of Pandora in a conflict that pushes them to their emotional and physical limits.",James Cameron,https://www.youtube.com/watch?v=Ma1x7ikpid8,https://www.themoviedb.org/movie/83533
Your Fault,7.129,The love between Noah and Nick seems unwavering despite their parents' attempts to separate them. But his job and her entry into college open up their lives to new relationships that will shake the foundations of both their relationship and the Leister family itself.,Domingo González,https://www.youtube.com/watch?v=QT5j0Uf-rdM,https://www.themoviedb.org/movie/1156593
Inside Out 2,7.551,"Teenager Riley's mind headquarters is undergoing a sudden demolition to make room for something entirely unexpected: new Emotions! Joy, Sadness, Anger, Fear and Disgust, who’ve long been running a successful operation by all accounts, aren’t sure how to feel when Anxiety shows up. And it looks like she’s not alone.",Kelsey Mann,https://www.youtube.com/watch?v=u69y5Ie519M,https://www.themoviedb.org/movie/1022789
Avengers: Infinity War,8.236,"As the Avengers and their allies have continued to protect the world from threats too large for any one hero to handle, a new danger has emerged from the cosmic shadows: Thanos. A despot of intergalactic infamy, his goal is to collect all six Infinity Stones, artifacts of unimaginable power, and use them to inflict his twisted will on all of reality. Everything the Avengers have fought for has led up to this moment - the fate of Earth and existence itself has never been more uncertain.","Joe Russo, Anthony Russo",https://www.youtube.com/watch?v=QwievZ1Tx-8,https://www.themoviedb.org/movie/299536
Materialists,6.581,"A young, ambitious New York City matchmaker finds herself torn between the perfect match and her imperfect ex.",Celine Song,https://www.youtube.com/watch?v=9gjeXsTsxqY,https://www.themoviedb.org/movie/1136867
Nobody,7.91,"Hutch Mansell, a suburban dad, overlooked husband, nothing neighbor — a ""nobody."" When two thieves break into his home one night, Hutch's unknown long-simmering rage is ignited and propels him on a brutal path that will uncover dark secrets he fought to leave behind.",Ilya Naishuller,https://www.youtube.com/watch?v=wZti8QKBWPo,https://www.themoviedb.org/movie/615457
Ruth & Boaz,7.0,"A talented singer leaves the Atlanta music scene and starts over in small-town Tennessee, where she finds love and new purpose but can't escape the past.",Alanna Brown,https://www.youtube.com/watch?v=TXPxYr5Efn4,https://www.themoviedb.org/movie/1371189
365 Days: This Day,5.92,"Laura and Massimo are back and hotter than ever. But the reunited couple's new beginning is complicated by Massimo’s family ties and a mysterious man who enters Laura’s life to win her heart and trust, at any cost.","Tomasz Mandes, Barbara Białowąs",https://www.youtube.com/watch?v=pyM3z73oMAk,https://www.themoviedb.org/movie/829557
Bless the Woman,5.808,"Tiny Soviet village by the sea, in the years before the Second World War... A very young girl, Vera, falls madly in love with an older military officer who is visiting from out of town. She leaves her home and family to live with him in various military posts where he serves with the army. Through the difficulties of army life, and years of war, her love for this older man survives, and she gives herself completely without reservation. This film is about friendship, loss, survival, loyalty, and the wonderful gift of unconditional love, which is only given to a few.",Stanislav Govorukhin,N/A,https://www.themoviedb.org/movie/211922
Gold Rush Gang,6.896,"At the tail end of World War II, a bandit leader and his crew go up against his sworn enemy and the Japanese army to rob a train full of gold.",Wisit Sasanatieng,https://www.youtube.com/watch?v=f0tzvgOpAlc,https://www.themoviedb.org/movie/1429739
Inception,8.37,"Cobb, a skilled thief who commits corporate espionage by infiltrating the subconscious of his targets is offered a chance to regain his old life as payment for a task considered to be impossible: ""inception"", the implantation of another person's idea into a target's subconscious.",Christopher Nolan,https://www.youtube.com/watch?v=cdx31ak4KbQ,https://www.themoviedb.org/movie/27205
My Fault: London,7.486,"18-year-old Noah moves from America to London, with her mother who's recently fallen in love with William, a wealthy British businessman. Noah meets William’s son, bad-boy Nick, and soon discovers there is an attraction between them neither can avoid. As Noah spends the summer adjusting to her new life, her devastating past will catch up with her while falling in love for the first time.","Dani Girdwood, Charlotte Fassler",https://www.youtube.com/watch?v=14z9L_MwH5s,https://www.themoviedb.org/movie/1294203
"The Chronicles of Narnia: The Lion, the Witch and the Wardrobe",7.133,"Siblings Lucy, Edmund, Susan and Peter step through a magical wardrobe and find the land of Narnia. There, they discover a charming, once peaceful kingdom that has been plunged into eternal winter by the evil White Witch, Jadis. Aided by the wise and magnificent lion, Aslan, the children lead Narnia into a spectacular, climactic battle to be free of the Witch's glacial powers forever.",Andrew Adamson,https://www.youtube.com/watch?v=3mKPrxjwF7A,https://www.themoviedb.org/movie/411
Avatar,7.594,"In the 22nd century, a paraplegic Marine is dispatched to the moon Pandora on a unique mission, but becomes torn between following orders and protecting an alien civilization.",James Cameron,https://www.youtube.com/watch?v=jm2sNLIPPvA,https://www.themoviedb.org/movie/19995
Dead Bride,4.8,"After her father’s death, Alyson, her partner Richard and their baby return to her childhood home. Following a few shocking supernatural events, Alyson discovers that she and her family have been living with a terrible curse, unleashed in the past by a bride killed by Alyson’s grandfather. Soon after Alyson’s child disappears and she has no choice but to embark on a frightening journey into the underworld, to free herself from the bride’s curse and to look for her daughter.",Francesco Picone,https://www.youtube.com/watch?v=KyUNGko4nFQ,https://www.themoviedb.org/movie/512198
Boss Ma'am,7.5,"V.A.D. and Charm try to outplay each other in a game of deceit. When a terror female boss was blackmailed by her assistant, she has no choice but to obey and play with her.",Iar Arondaing,https://www.youtube.com/watch?v=9hy_93R5grI,https://www.themoviedb.org/movie/1388874
The Godfather,8.686,"Spanning the years 1945 to 1955, a chronicle of the fictional Italian-American Corleone crime family. When organized crime family patriarch, Vito Corleone barely survives an attempt on his life, his youngest son, Michael steps in to take care of the would-be killers, launching a campaign of bloody revenge.",Francis Ford Coppola,https://www.youtube.com/watch?v=Ew9ngL1GZvs,https://www.themoviedb.org/movie/238
William Tell,6.48,"The narrative unfolds in the 14th Century, when the European nations vie for supremacy within the Holy Roman Empire. The ambitious Austrian Empire, desiring more land, invades neighbouring Switzerland, a serene and pastoral nation. Protagonist William Tell, a formerly peaceful hunter, finds himself forced to take action as his family and homeland come under threat from the oppressive Austrian King and his ruthless warlords.",Nick Hamm,https://www.youtube.com/watch?v=dex9bWjroao,https://www.themoviedb.org/movie/1195631
The Island of Lost Girls,5.2,"Three young sisters live in a house waiting to be adopted, and more importantly, not to be separated. With nothing left to lose, they decide to take a day off and escape to the beach.","Ann-Marie Schmidt, Brian Schmidt",https://www.youtube.com/watch?v=dmOE0q2vDFg,https://www.themoviedb.org/movie/997892
I Don't Understand You,6.048,"Stranded in rural Italy without transportation or language skills, an American couple on the verge of adopting tries to reconnect during a disastrous vacation, as their fears and relationship problems threaten to boil over.","Brian Crano, David Joseph Craig",https://www.youtube.com/watch?v=fgXrFNeVwN4,https://www.themoviedb.org/movie/1229262
Heads of State,6.916,"The UK Prime Minister and US President have a public rivalry that risks their countries' alliance. But when they become targets of a powerful enemy, they're forced to rely on each other as they go on a wild, multinational run. Allied with Noel, a brilliant MI6 agent, they must find a way to thwart a conspiracy that threatens the free world.",Ilya Naishuller,https://www.youtube.com/watch?v=f70LlXPC7VI,https://www.themoviedb.org/movie/749170
Back to the Future,8.321,"Eighties teenager Marty McFly is accidentally sent back in time to 1955, inadvertently disrupting his parents' first meeting and attracting his mother's romantic interest. Marty must repair the damage to history by rekindling his parents' romance and - with the help of his eccentric inventor friend Doc Brown - return to 1985.",Robert Zemeckis,https://www.youtube.com/watch?v=ez6WQ7IX72U,https://www.themoviedb.org/movie/105
Conjuring the Cult,5.658,"After discovering his blood-soaked daughter dead in the bathtub, David Bryson attends a self-help group to help save him from his ghostly nightmares. But when a group of mysterious cult-like women offer to help him resurrect his daughter. David's choices will not just decide his fate... but the fate of his dead daughter's SOUL.",Calvin Morie McCarthy,https://www.youtube.com/watch?v=VhEhbjb5-Mg,https://www.themoviedb.org/movie/1359977
Despicable Me 4,7.0,"Gru and Lucy and their girls—Margo, Edith and Agnes—welcome a new member to the Gru family, Gru Jr., who is intent on tormenting his dad. Gru also faces a new nemesis in Maxime Le Mal and his femme fatale girlfriend Valentina, forcing the family to go on the run.",Chris Renaud,https://www.youtube.com/watch?v=LtNYaH61dXY,https://www.themoviedb.org/movie/519182
Toy Story,7.97,"Led by Woody, Andy's toys live happily in his room until Andy's birthday brings Buzz Lightyear onto the scene. Afraid of losing his place in Andy's heart, Woody plots against Buzz. But when circumstances separate Buzz and Woody from their owner, the duo eventually learns to put aside their differences.",John Lasseter,https://www.youtube.com/watch?v=CxwTLktovTU,https://www.themoviedb.org/movie/862
She Said Maybe,6.475,"When German-raised Mavi learns she belongs to a superrich Turkish dynasty, new family expectations quickly turn her world and love life upside down.","The Chau Ngo, Buket Alakuş",https://www.youtube.com/watch?v=GUqTDNseybk,https://www.themoviedb.org/movie/1509871
Kung Fu Panda 4,7.041,"Po is gearing up to become the spiritual leader of his Valley of Peace, but also needs someone to take his place as Dragon Warrior. As such, he will train a new kung fu practitioner for the spot and will encounter a villain called the Chameleon who conjures villains from the past.",Mike Mitchell,https://www.youtube.com/watch?v=d2OONzqh2jk,https://www.themoviedb.org/movie/1011985
Toy Story,8.0,"Led by Woody, Andy's toys live happily in his room until Andy's birthday brings Buzz Lightyear onto the scene. Afraid of losing his place in Andy's heart, Woody plots against Buzz. But when circumstances separate Buzz and Woody from their owner, the duo eventually learns to put aside their differences.",John Lasseter,https://www.youtube.com/watch?v=CxwTLktovTU,https://www.themoviedb.org/movie/862
The Accountant²,7.147,"When an old acquaintance is murdered, Wolff is compelled to solve the case. Realizing more extreme measures are necessary, Wolff recruits his estranged and highly lethal brother, Brax, to help. In partnership with Marybeth Medina, they uncover a deadly conspiracy, becoming targets of a ruthless network of killers who will stop at nothing to keep their secrets buried.",Gavin O'Connor,https://www.youtube.com/watch?v=RwXDphhQ9Tg,https://www.themoviedb.org/movie/870028
The Substance,7.155,"A fading celebrity decides to use a black market drug, a cell-replicating substance that temporarily creates a younger, better version of herself.",Coralie Fargeat,https://www.youtube.com/watch?v=bcxOBaHYhUo,https://www.themoviedb.org/movie/933260
Kakushigoto Theatrical Edition,7.1,"This special cut of the anime series recaps the events of the slice of life comedy where lewd manga artist Kakushi Goto tries to hide his profession from his adorable daughter, Hime. What ensues is a ton of hijinks and a lot of heart in this emotional adventure. The Kakushigoto Theatrical Edition isn’t just a recap; it also includes some all-new footage, which makes it the perfect watch for repeat viewers or those looking to experience it for the very first time.",Yuta Murano,N/A,https://www.themoviedb.org/movie/814662
Heads of State,6.918,"The UK Prime Minister and US President have a public rivalry that risks their countries' alliance. But when they become targets of a powerful enemy, they're forced to rely on each other as they go on a wild, multinational run. Allied with Noel, a brilliant MI6 agent, they must find a way to thwart a conspiracy that threatens the free world.",Ilya Naishuller,https://www.youtube.com/watch?v=f70LlXPC7VI,https://www.themoviedb.org/movie/749170
Spider-Man: No Way Home,7.939,"Peter Parker is unmasked and no longer able to separate his normal life from the high-stakes of being a super-hero. When he asks for help from Doctor Strange the stakes become even more dangerous, forcing him to discover what it truly means to be Spider-Man.",Jon Watts,https://www.youtube.com/watch?v=1mTjfMFyPi8,https://www.themoviedb.org/movie/634649
William Tell,6.48,"The narrative unfolds in the 14th Century, when the European nations vie for supremacy within the Holy Roman Empire. The ambitious Austrian Empire, desiring more land, invades neighbouring Switzerland, a serene and pastoral nation. Protagonist William Tell, a formerly peaceful hunter, finds himself forced to take action as his family and homeland come under threat from the oppressive Austrian King and his ruthless warlords.",Nick Hamm,https://www.youtube.com/watch?v=dex9bWjroao,https://www.themoviedb.org/movie/1195631
Kung Fu Panda 4,7.041,"Po is gearing up to become the spiritual leader of his Valley of Peace, but also needs someone to take his place as Dragon Warrior. As such, he will train a new kung fu practitioner for the spot and will encounter a villain called the Chameleon who conjures villains from the past.",Mike Mitchell,https://www.youtube.com/watch?v=d2OONzqh2jk,https://www.themoviedb.org/movie/1011985
Primitive War,6.827,"During the Vietnam War, a recon unit ventures to an isolated jungle valley to uncover the fate of a missing platoon. They soon find themselves in a fight for their lives against an unexpected enemy — prehistoric dinosaurs.",Luke Sparke,https://www.youtube.com/watch?v=ixXxdWY6d68,https://www.themoviedb.org/movie/1257009
Captain America: Brave New World,6.03,"After meeting with newly elected U.S. President Thaddeus Ross, Sam finds himself in the middle of an international incident. He must discover the reason behind a nefarious global plot before the true mastermind has the entire world seeing red.",Julius Onah,https://www.youtube.com/watch?v=5PSzFLV-EyQ,https://www.themoviedb.org/movie/822119
The Maze Runner,7.192,"A teenager with no memory of his past finds himself among a group of boys living in a walled enclosure surrounded by a massive, ever-changing maze. As he struggles to adapt to their rules and society, he begins to uncover clues that may lead to escape and the truth behind their confinement.",Wes Ball,https://www.youtube.com/watch?v=3b946aGm0zs,https://www.themoviedb.org/movie/198663
Lembayung,7.2,"Arum and Pica, who wanted to complete their internship at Lembayung hospital, had to face mysterious terror from a woman satan who was suspected of hanged herself in the bathroom. The situation became even more tense after they asked others for help to the point where they threatened their own lives and those closest to them.",Baim Wong,https://www.youtube.com/watch?v=kTcW8zqnRFI,https://www.themoviedb.org/movie/1164355
Leggings Mania,7.3,"Jeong-hee was living with a man due to a de facto marriage. One day, her daughter, Dam-hoi, returned from her study abroad. Dam-hoi always wears leggings. The soon-to-be stepdad, Byeong-min, who is usually a fan of leggings, pays attention to her daughter's clothes. Jeong-hee noticed it, so she also started wearing leggings to distract her young prospective husband.",Richard Kim,N/A,https://www.themoviedb.org/movie/1190586
The Matrix,8.232,"Set in the 22nd century, The Matrix tells the story of a computer hacker who joins a group of underground insurgents fighting the vast and powerful computers who now rule the earth.","Lana Wachowski, Lilly Wachowski",https://www.youtube.com/watch?v=d0XTFAMmhrE,https://www.themoviedb.org/movie/603
Venom: The Last Dance,6.699,"Eddie and Venom are on the run. Hunted by both of their worlds and with the net closing in, the duo are forced into a devastating decision that will bring the curtains down on Venom and Eddie's last dance.",Kelly Marcel,https://www.youtube.com/watch?v=FKBN1qAzW3s,https://www.themoviedb.org/movie/912649
Female Teacher: In Front of the Students,6.4,"The lovely Reiko has taken a new teaching job at a creepy old high school.  She is an extremely attractive woman and the young students in her class have fallen for her.  One night, after tennis practice, she is brutally assaulted in the locker room shower by a man with a stocking over his face.  Left on the floor naked and in shock, she discovers a single puzzle piece left behind by the crazed man.  A few days later, a pair of students enact a perverted sexual revenge on Reiko for kicking someone off the tennis team.  Could one of these students be the man who brutalized her in the locker room?  Who owns the strange puzzle piece?  As the mystery unfolds, Reiko must come to terms with her own sexual urges and fate.",Yasuaki Uegaki,N/A,https://www.themoviedb.org/movie/173705
Incredibles 2,7.455,"Elastigirl springs into action to save the day, while Mr. Incredible faces his greatest challenge yet – taking care of the problems of his three children.",Brad Bird,https://www.youtube.com/watch?v=i5qOzqD9Rms,https://www.themoviedb.org/movie/260513
Sitaare Zameen Par,7.6,A disgraced basketball coach is given the chance to coach a team of players who are intellectually disabled as part of community services. Gulshan has apprehensions at first and feels out of place but soon realizes they just might have what it takes to make it to the national championships.,R. S. Prasanna,https://www.youtube.com/watch?v=YH6k5weqwy8,https://www.themoviedb.org/movie/1190511
She Said Maybe,6.452,"When German-raised Mavi learns she belongs to a superrich Turkish dynasty, new family expectations quickly turn her world and love life upside down.","The Chau Ngo, Buket Alakuş",https://www.youtube.com/watch?v=GUqTDNseybk,https://www.themoviedb.org/movie/1509871
Fall for Me,6.158,"Lilli is suspicious of her sister's new fiance, but when an attractive stranger enters her life, she's suddenly distracted by the thralls of desire.",Sherry Hormann,https://www.youtube.com/watch?v=pgu-BsBV-2I,https://www.themoviedb.org/movie/1300116
Incredibles 2,7.455,"Elastigirl springs into action to save the day, while Mr. Incredible faces his greatest challenge yet – taking care of the problems of his three children.",Brad Bird,https://www.youtube.com/watch?v=i5qOzqD9Rms,https://www.themoviedb.org/movie/260513
Clown in a Cornfield,6.1,"Quinn and her father have just moved to the quiet town of Kettle Springs hoping for a fresh start. Instead, she discovers a fractured community that has fallen on hard times after the treasured Baypen Corn Syrup Factory burned down. As the locals bicker amongst themselves and tensions boil over, a sinister, grinning figure emerges from the cornfields to cleanse the town of its burdens, one bloody victim at a time.",Eli Craig,https://www.youtube.com/watch?v=e69AWLED77w,https://www.themoviedb.org/movie/713364
Parasite,8.497,"All unemployed, Ki-taek's family takes peculiar interest in the wealthy and glamorous Parks for their livelihood until they get entangled in an unexpected incident.",Bong Joon Ho,https://www.youtube.com/watch?v=bM9QabAojCg,https://www.themoviedb.org/movie/496243
The Thursday Murder Club,6.674,A group of senior sleuths passionate about solving cold cases get plunged into a real-life murder mystery in this comic crime caper.,Chris Columbus,https://www.youtube.com/watch?v=50DYgzRBhFA,https://www.themoviedb.org/movie/744653
Sorority,6.6,"A tale of seduction and mystery. A fearless pre-law student joins an elite sorority led by a powerful heiress. As secrets unfold, she’s torn between the woman who awakened her desire and a truth that could destroy them both.",Sigrid Polon,https://www.youtube.com/watch?v=6eYO4FQWyQg,https://www.themoviedb.org/movie/1477114
Captain America: Brave New World,6.031,"After meeting with newly elected U.S. President Thaddeus Ross, Sam finds himself in the middle of an international incident. He must discover the reason behind a nefarious global plot before the true mastermind has the entire world seeing red.",Julius Onah,https://www.youtube.com/watch?v=5PSzFLV-EyQ,https://www.themoviedb.org/movie/822119
Leggings Mania,7.3,"Jeong-hee was living with a man due to a de facto marriage. One day, her daughter, Dam-hoi, returned from her study abroad. Dam-hoi always wears leggings. The soon-to-be stepdad, Byeong-min, who is usually a fan of leggings, pays attention to her daughter's clothes. Jeong-hee noticed it, so she also started wearing leggings to distract her young prospective husband.",Richard Kim,N/A,https://www.themoviedb.org/movie/1190586
Hotel Desire,6.153,"Antonia is a single mother who works as a hotel maid in Berlin. A normal hot summer day takes a dramatic turn when she crosses paths with a particular guest of the hotel, famous blind portrait painter Julius Pass.",Sergej Moya,https://www.youtube.com/watch?v=aqwMZmvwYAo,https://www.themoviedb.org/movie/82023
My Friend's Mom,4.8,"After her mother dies, Young-jae visits her older sister's house, who took care of herself like her, and reunites with her sister, Soon-ae. She is incredibly greedy and charming. With the provocation of Soon-ae, the two develop into a secret relationship. One day when she was having a hot night with her mature lead, her daughter got stuck between the two ...  A young and sexy daughter, a seasoned and mature mother, and a man wandering between mother and daughter.  An unprecedented triangular romance between the three begins.",Tak Seung-oh,N/A,https://www.themoviedb.org/movie/423502
Titanic,7.906,"101-year-old Rose DeWitt Bukater tells the story of her life aboard the Titanic, 84 years later. A young Rose boards the ship with her mother and fiancé. Meanwhile, Jack Dawson and Fabrizio De Rossi win third-class tickets aboard the ship. Rose tells the whole story from Titanic's departure through to its death—on its first and last voyage—on April 15, 1912.",James Cameron,https://www.youtube.com/watch?v=UFQ2AZVQ9mg,https://www.themoviedb.org/movie/597
Bosomy Mom,6.2,"Da-hee gets married to Min-soo who is older than her. Thanks to him, he also gets a son who is not too old, Jae-hyuk, who she tries to get acquainted with, albeit awkwardly. After staying with Na-yeon, she suddenly has to meet Jae-hyuk, and Na-yeon has a date with Jae-hyuk. Min-soo is surprised to find three people coming back home from a date. It made him angry to see his son with two women. Right away, Min-soo seeks Da-hee and asks about Na-yeon. Na-yeon met Min-soo secretly. However, Da-hee who is aware of Min-soo and Da-hee's relationship, shares this fact to Jae-hyun.",Lee Dong-Joon,N/A,https://www.themoviedb.org/movie/707610
Fifty Shades of Grey,5.88,"When college senior Anastasia Steele steps in for her sick roommate to interview prominent businessman Christian Grey for their campus paper, little does she realize the path her life will take. Christian, as enigmatic as he is rich and powerful, finds himself strangely drawn to Ana, and she to him. Though sexually inexperienced, Ana plunges headlong into an affair -- and learns that Christian's true sexual proclivities push the boundaries of pain and pleasure.",Sam Taylor-Johnson,https://www.youtube.com/watch?v=6FDTMRK7-24,https://www.themoviedb.org/movie/216015
The Wolf of Wall Street,8.028,"A New York stockbroker refuses to cooperate in a large securities fraud case involving corruption on Wall Street, corporate banking world and mob infiltration. Based on Jordan Belfort's autobiography.",Martin Scorsese,https://www.youtube.com/watch?v=Slj4-Sv-YNA,https://www.themoviedb.org/movie/106646
Kakushigoto Theatrical Edition,7.1,"This special cut of the anime series recaps the events of the slice of life comedy where lewd manga artist Kakushi Goto tries to hide his profession from his adorable daughter, Hime. What ensues is a ton of hijinks and a lot of heart in this emotional adventure. The Kakushigoto Theatrical Edition isn’t just a recap; it also includes some all-new footage, which makes it the perfect watch for repeat viewers or those looking to experience it for the very first time.",Yuta Murano,N/A,https://www.themoviedb.org/movie/814662
The Hobbit: The Battle of the Five Armies,7.327,"Following Smaug's attack on Laketown, Bilbo and the dwarves try to defend Erebor's mountain of treasure from others who claim it: the men of the ruined Laketown and the elves of Mirkwood. Meanwhile an army of Orcs led by Azog the Defiler is marching on Erebor, fueled by the rise of the dark lord Sauron. Dwarves, elves and men must unite, and the hope for Middle-Earth falls into Bilbo's hands.",Peter Jackson,https://www.youtube.com/watch?v=Y6Fv5StfAxA,https://www.themoviedb.org/movie/122917
The Woman King,7.648,"The story of the Agojie, the all-female unit of warriors who protected the African Kingdom of Dahomey in the 1800s with skills and a fierceness unlike anything the world has ever seen, and General Nanisca as she trains the next generation of recruits and readies them for battle against an enemy determined to destroy their way of life.",Gina Prince-Bythewood,https://www.youtube.com/watch?v=3RDaPV_rJ1Y,https://www.themoviedb.org/movie/724495
The Company of Thieves,0.0,"A botched bank robbery leads to a tense pursuit, as a U.S. Marshal and tracker hunt down a thief. The chase evolves into a dangerous game of deception and changing loyalties, ending in a brutal confrontation.",N/A,N/A,https://www.themoviedb.org/movie/1447903
Alien: Romulus,7.177,"While scavenging the deep ends of a derelict space station, a group of young space colonizers come face to face with the most terrifying life form in the universe.",Fede Álvarez,https://www.youtube.com/watch?v=x0XDEhP4MQs,https://www.themoviedb.org/movie/945961
Pleasure,6.296,"19 year old Linnéa leaves her small town in Sweden and heads for Los Angeles with the aim of becoming the world's next big porn star, but the road to her goal turns out to be bumpier than she imagined.",Ninja Thyberg,https://www.youtube.com/watch?v=knFkVoNPRHE,https://www.themoviedb.org/movie/592695
Predator: Killer of Killers,7.891,"While three of the fiercest warriors in human history—a Viking raider, a ninja in feudal Japan, and a WWII pilot—are killers in their own right, they are merely prey for their new opponent: the ultimate killer of killers.",Dan Trachtenberg,https://www.youtube.com/watch?v=fbddYji1F8s,https://www.themoviedb.org/movie/1376434
Coco,8.202,"Despite his family’s baffling generations-old ban on music, Miguel dreams of becoming an accomplished musician like his idol, Ernesto de la Cruz. Desperate to prove his talent, Miguel finds himself in the stunning and colorful Land of the Dead following a mysterious chain of events. Along the way, he meets charming trickster Hector, and together, they set off on an extraordinary journey to unlock the real story behind Miguel's family history.",Lee Unkrich,https://www.youtube.com/watch?v=_TLXORFumu0,https://www.themoviedb.org/movie/354912
Wicked,6.933,"In the land of Oz, ostracized and misunderstood green-skinned Elphaba is forced to share a room with the popular aristocrat Glinda at Shiz University, and the two's unlikely friendship is tested as they begin to fulfill their respective destinies as Glinda the Good and the Wicked Witch of the West.",Jon M. Chu,https://www.youtube.com/watch?v=pqi45Qhq3CI,https://www.themoviedb.org/movie/402431
Mantis,0.0,"Inside an apartment in Milan, two gay boys talk about their feelings towards dating apps.",Paolo Gallina,N/A,https://www.themoviedb.org/movie/1498658
Harry Potter and the Chamber of Secrets,7.705,"Cars fly, trees fight back, and a mysterious house-elf comes to warn Harry Potter at the start of his second year at Hogwarts. Adventure and danger await when bloody writing on a wall announces: The Chamber Of Secrets Has Been Opened. To save Hogwarts will require all of Harry, Ron and Hermione’s magical abilities and courage.",Chris Columbus,https://www.youtube.com/watch?v=nE11U5iBnH0,https://www.themoviedb.org/movie/672
Bride Hard,5.634,"Sam is a secret agent whose toughest mission to date is pleasing her bride-to-be best friend at a lavish destination wedding. When a team of mercenaries crashes the party and takes the guests hostage, Sam is thrown into a fight unlike any before — one where she can’t risk blowing her cover or ruining the big day. As she takes on the bad guys in a high-stakes battle disguised as a fairy-tale affair, she realizes the real threat might be closer than she thinks.",Simon West,https://www.youtube.com/watch?v=q0v62aE6YRs,https://www.themoviedb.org/movie/1124619
Coraline,7.898,"Wandering her rambling old house in her boring new town, 11-year-old Coraline discovers a hidden door to a strangely idealized version of her life. In order to stay in the fantasy, she must make a frighteningly real sacrifice.",Henry Selick,https://www.youtube.com/watch?v=T6iQnnHNF50,https://www.themoviedb.org/movie/14836
The Good Girls,6.526,"Sofía, a well-to-do socialite and her husband must wrestle with the impact of Mexico's 1982 economic crisis.",Alejandra Márquez Abella,https://www.youtube.com/watch?v=0paBosD04mM,https://www.themoviedb.org/movie/541339
Pirates of the Caribbean: On Stranger Tides,6.561,"Captain Jack Sparrow crosses paths with a woman from his past, and he's not sure if it's love — or if she's a ruthless con artist who's using him to find the fabled Fountain of Youth. When she forces him aboard the Queen Anne's Revenge, the ship of the formidable pirate Blackbeard, Jack finds himself on an unexpected adventure in which he doesn't know who to fear more: Blackbeard or the woman from his past.",Rob Marshall,https://www.youtube.com/watch?v=0BXCVe8Yww4,https://www.themoviedb.org/movie/1865
Harry Potter and the Prisoner of Azkaban,8.01,"Year three at Hogwarts means new fun and challenges as Harry learns the delicate art of approaching a Hippogriff, transforming shape-shifting Boggarts into hilarity and even turning back time. But the term also brings danger: soul-sucking Dementors hover over the school, an ally of the accursed He-Who-Cannot-Be-Named lurks within the castle walls, and fearsome wizard Sirius Black escapes Azkaban. And Harry will confront them all.",Alfonso Cuarón,https://www.youtube.com/watch?v=VwErvYgoH70,https://www.themoviedb.org/movie/673
Red One,7.045,"After Santa Claus (codename: Red One) is kidnapped, the North Pole's Head of Security must team up with the world's most infamous tracker in a globe-trotting, action-packed mission to save Christmas.",Jake Kasdan,https://www.youtube.com/watch?v=7l3hfD74X-4,https://www.themoviedb.org/movie/845781
Murder Company,6.2,"In the midst of the D-Day invasion, a group of US soldiers are given orders to smuggle a member of the French Resistance behind enemy lines to assassinate a high-value Nazi target.",Shane Dax Taylor,https://www.youtube.com/watch?v=NKIAEVuLETI,https://www.themoviedb.org/movie/1285247
Saiyaara,6.3,"Two artistic souls find harmony through music despite their contrasting worlds. As feelings deepen, age and circumstances challenge their undeniable bond.",Mohit Suri,N/A,https://www.themoviedb.org/movie/1241634
Pirates of the Caribbean: The Curse of the Black Pearl,7.814,"After Port Royal is attacked and pillaged by a mysterious pirate crew, capturing the governor's daughter Elizabeth Swann in the process, William Turner asks free-willing pirate Jack Sparrow to help him locate the crew's ship—The Black Pearl—so that he can rescue the woman he loves.",Gore Verbinski,https://www.youtube.com/watch?v=-9HT0l9HV4c,https://www.themoviedb.org/movie/22
Harry Potter and the Goblet of Fire,7.8,"When Harry Potter's name emerges from the Goblet of Fire, he becomes a competitor in a grueling battle for glory among three wizarding schools—the Triwizard Tournament. But since Harry never submitted his name for the Tournament, who did? Now Harry must confront a deadly dragon, fierce water demons and an enchanted maze only to find himself in the cruel grasp of He Who Must Not Be Named.",Mike Newell,https://www.youtube.com/watch?v=4xkFJgcCQRE,https://www.themoviedb.org/movie/674
Kraven the Hunter,6.489,"Kraven Kravinoff's complex relationship with his ruthless gangster father, Nikolai, starts him down a path of vengeance with brutal consequences, motivating him to become not only the greatest hunter in the world, but also one of its most feared.",J.C. Chandor,https://www.youtube.com/watch?v=hR1-ihzff3I,https://www.themoviedb.org/movie/539972
Angels Fallen: Warriors of Peace,6.088,"When an Iraq War veteran receives a calling from a higher power, he embarks on a mission to stop a fallen angel from raising an army of the dead to take over the world.",Ali Zamani,https://www.youtube.com/watch?v=hj0CtX8YevI,https://www.themoviedb.org/movie/1058537
John Wick: Chapter 4,7.719,"With the price on his head ever increasing, John Wick uncovers a path to defeating The High Table. But before he can earn his freedom, Wick must face off against a new enemy with powerful alliances across the globe and forces that turn old friends into foes.",Chad Stahelski,https://www.youtube.com/watch?v=yjRHZEUamCc,https://www.themoviedb.org/movie/603692
Road House,6.9,"Ex-UFC fighter Dalton takes a job as a bouncer at a Florida Keys roadhouse, only to discover that this paradise is not all it seems.",Doug Liman,https://www.youtube.com/watch?v=Y0ZsLudtfjI,https://www.themoviedb.org/movie/359410
The Amateur,6.977,"After his life is turned upside down when his wife is killed in a London terrorist attack, a brilliant but introverted CIA decoder takes matters into his own hands when his supervisors refuse to take action.",James Hawes,https://www.youtube.com/watch?v=DCWcK4c-F8Q,https://www.themoviedb.org/movie/1087891
Warfare,7.13,"A platoon of Navy SEALs embarks on a dangerous mission in Ramadi, Iraq, with the chaos and brotherhood of war retold through their memories of the event.","Ray Mendoza, Alex Garland",https://www.youtube.com/watch?v=JER0Fkyy3tw,https://www.themoviedb.org/movie/1241436
Gabby's Dollhouse: The Movie,6.4,"Gabby heads out on a road trip with her Grandma Gigi to the urban wonderland of Cat Francisco. But when Gabby's dollhouse, her most prized possession, ends up in the hands of an eccentric cat lady named Vera, Gabby sets off on an adventure through the real world to get the Gabby Cats back together and save the dollhouse before it's too late.",Ryan Crego,https://www.youtube.com/watch?v=S-GFCPEWqe4,https://www.themoviedb.org/movie/1280282
Spider-Man: Across the Spider-Verse,8.34,"After reuniting with Gwen Stacy, Brooklyn’s full-time, friendly neighborhood Spider-Man is catapulted across the Multiverse, where he encounters the Spider Society, a team of Spider-People charged with protecting the Multiverse’s very existence. But when the heroes clash on how to handle a new threat, Miles finds himself pitted against the other Spiders and must set out on his own to save those he loves most.","Kemp Powers, Justin K. Thompson, Joaquim Dos Santos",https://www.youtube.com/watch?v=yFrxzaBLDQM,https://www.themoviedb.org/movie/569094
Shadow of God,5.681,"While performing an unauthorized exorcism on his father, an elite exorcist suspects the entity he's doing battle with might be a holy being – perhaps even God.",Michael Peterson,https://www.youtube.com/watch?v=-DCVuwGUtcY,https://www.themoviedb.org/movie/1227003
Twilight,6.288,"When Bella Swan moves to a small town in the Pacific Northwest, she falls in love with Edward Cullen, a mysterious classmate who reveals himself to be a 108-year-old vampire. Despite Edward's repeated cautions, Bella can't stay away from him, a fatal move that endangers her own life.",Catherine Hardwicke,https://www.youtube.com/watch?v=uxjNDE2fMjI,https://www.themoviedb.org/movie/8966
The Man in My Basement,6.2,"Down on his luck, Charles Blakey agrees to rent his basement to a mysterious stranger, unaware he may be letting in a force much darker than he imagined.",Nadia Latif,https://www.youtube.com/watch?v=TzTBiay8-zk,https://www.themoviedb.org/movie/957121
The Strangers: Chapter 2,5.6,"When The Strangers learn that one of their victims, Maya, is still alive, they return to finish what they’ve started.",Renny Harlin,https://www.youtube.com/watch?v=_d55K72DoKg,https://www.themoviedb.org/movie/1010756
Inspector Zende,6.375,"When serial killer Carl Bhojraj escapes prison and resurfaces in Mumbai, the determined Inspector Zende steps up to nab the cunning fugitive once more.",Chinmay Mandlekar,https://www.youtube.com/watch?v=SqIE6lj2IGo,https://www.themoviedb.org/movie/1404864
Cheeky,5.6,"While scouting out apartments in London for her Venetian boyfriend, Carla rents an apartment overlooking the Thames. There, she meets a real estate agent by the name of Moira.",Tinto Brass,N/A,https://www.themoviedb.org/movie/22705
Spider-Man,7.316,"After being bitten by a genetically altered spider at Oscorp, nerdy but endearing high school student Peter Parker is endowed with amazing powers to become the superhero known as Spider-Man.",Sam Raimi,https://www.youtube.com/watch?v=t06RUxPbp_c,https://www.themoviedb.org/movie/557
Mufasa: The Lion King,7.361,"Mufasa, a cub lost and alone, meets a sympathetic lion named Taka, the heir to a royal bloodline. The chance meeting sets in motion an expansive journey of a group of misfits searching for their destiny.",Barry Jenkins,https://www.youtube.com/watch?v=lMXh6vjiZrI,https://www.themoviedb.org/movie/762509
Shrek,7.752,"It ain't easy bein' green -- especially if you're a likable (albeit smelly) ogre named Shrek. On a mission to retrieve a gorgeous princess from the clutches of a fire-breathing dragon, Shrek teams up with an unlikely compatriot -- a wisecracking donkey.","Andrew Adamson, Vicky Jenson",https://www.youtube.com/watch?v=CwXOrWvPBPk,https://www.themoviedb.org/movie/808
The Matrix,8.2,"Set in the 22nd century, The Matrix tells the story of a computer hacker who joins a group of underground insurgents fighting the vast and powerful computers who now rule the earth.","Lana Wachowski, Lilly Wachowski",https://www.youtube.com/watch?v=d0XTFAMmhrE,https://www.themoviedb.org/movie/603
Harry Potter and the Half-Blood Prince,7.681,"As Lord Voldemort tightens his grip on both the Muggle and wizarding worlds, Hogwarts is no longer a safe haven. Harry suspects perils may even lie within the castle, but Dumbledore is more intent upon preparing him for the final battle fast approaching. Together they work to find the key to unlock Voldemorts defenses and to this end, Dumbledore recruits his old friend and colleague Horace Slughorn, whom he believes holds crucial information. Even as the decisive showdown looms, romance blossoms for Harry, Ron, Hermione and their classmates. Love is in the air, but danger lies ahead and Hogwarts may never be the same again.",David Yates,https://www.youtube.com/watch?v=DgeDDXcw--I,https://www.themoviedb.org/movie/767
Sacramento,6.161,"When free-spirited Rickey suddenly reappears in father-to-be Glenn’s life, the two former best friends embark on a spontaneous road trip from LA to Sacramento.",Michael Angarano,https://www.youtube.com/watch?v=jZRbFs_WhX0,https://www.themoviedb.org/movie/842931
Twittering Birds Never Fly: The Clouds Gather,6.8,"In the hyper-masculine criminal underworld, a masochistic high-ranking yakuza and his newly-assigned bodyguard become increasingly drawn to each other.",Kaori Makita,https://www.youtube.com/watch?v=JbAjlysKdic,https://www.themoviedb.org/movie/650498
Tell Me What You Want,6.2,"After his father's death, Eric Zimmerman travels to Spain to oversee his company's branches. In Madrid, he falls for Judith and engage in an intense, erotic relationship full of exploration. However, Eric fears his secret may end their affair.",Lucía Alemany,https://www.youtube.com/watch?v=MzNbhA4WFqg,https://www.themoviedb.org/movie/1252309
American Sweatshop,5.214,"A content moderator is tasked with purging offensive media from the internet. When she witnesses a crime in a video, she is lured away from the safety of her keyboard as she obsessively seeks to hold someone accountable.",Uta Briesewitz,https://www.youtube.com/watch?v=rirjAma12hA,https://www.themoviedb.org/movie/1215020
Popeye's Revenge,5.068,The legend of Popeye haunts a group of counsellors as they intend to open a summer camp.,William Stead,https://www.youtube.com/watch?v=kZR31mbwYP8,https://www.themoviedb.org/movie/1393382
The Batman,7.658,"In his second year of fighting crime, Batman uncovers corruption in Gotham City that connects to his own family while facing a serial killer known as the Riddler.",Matt Reeves,https://www.youtube.com/watch?v=vc7_mH2PWHs,https://www.themoviedb.org/movie/414906
Harry Potter and the Deathly Hallows: Part 1,7.738,"Harry, Ron and Hermione walk away from their last year at Hogwarts to find and destroy the remaining Horcruxes, putting an end to Voldemort's bid for immortality. But with Harry's beloved Dumbledore dead and Voldemort's unscrupulous Death Eaters on the loose, the world is more dangerous than ever.",David Yates,https://www.youtube.com/watch?v=MxqsmsA8y5k,https://www.themoviedb.org/movie/12444
Mayumi,7.0,"A young woman sparks her friend’s first taste of desire, setting him on a path of sexual awakening. But as emotions deepen, their connection leads to unexpected heartbreak and self-discovery.",Sigrid Polon,https://www.youtube.com/watch?v=yg7SvHVKhLo,https://www.themoviedb.org/movie/1545953
Downton Abbey: The Grand Finale,7.826,"When Mary finds herself at the center of a public scandal and the family faces financial strife, the entire household grapples with the threat of social disgrace. The Crawleys must embrace change as the staff prepares for a new chapter with the next generation leading Downton Abbey into the future.",Simon Curtis,https://www.youtube.com/watch?v=P_30wFRxlnA,https://www.themoviedb.org/movie/1289936
Beasts Cage,5.0,"A young bar waitress, Natsuko has accepted to many Mr. Uehara, a rich art teacher. It’s because Uehara could pay the debt for Natsuko’s ex-husband. Mr. Uchara agreed with the terms but suspected that Natsuko betrayed him for money and continued to meet Seiji. Mr. Uehara determined to punish his young wife in his “artistic” way. He tied her up and locked her in the basement of his house, or better described as “the beasts’ cage”, a place where a “bitch” was tortured and sexually abused in various SM ways",Hiroyuki Kawasaki,N/A,https://www.themoviedb.org/movie/348084
Demon Slayer: Kimetsu no Yaiba — Sibling's Bond,7.914,"A recap of Kimetsu no Yaiba episodes 1–5, with new footage and special end credits. Tanjiro Kamado returns home to find his family slaughtered and the lone survivor, his sister Nezuko, turned into a Demon. To his surprise, however, Nezuko still shows signs of human emotion and thought. Thus begins Tanjiro's journey to seek out the Demon who killed their family and turn his sister human again.",Haruo Sotozaki,N/A,https://www.themoviedb.org/movie/820232
Sand Serpents,4.0,"Jason Gedrick and a small group of Marines are stranded in the remote Afghan desert. But it ain't the Taliban that's worrying them, it's these giant refugees from Tremors. In fact the big worms prove to be an ally of sorts by doing better against the Taliban than themselves but battling these enemies is something not covered in their training.",Jeff Renfroe,https://www.youtube.com/watch?v=gtnKXM19kAI,https://www.themoviedb.org/movie/49266
Sweet Sex and Love,6.0,"Shin-ah, a free spirit, has an unexpected encounter with Dong-gi, who seeks excitement. After a passionate night, she breaks up with her boyfriend and reunites with Dong-gi when he calls. The two fall madly in love.",Bong Man-dae,N/A,https://www.themoviedb.org/movie/75432
Blade Runner 2049,7.6,"Thirty years after the events of the first film, a new blade runner, LAPD Officer K, unearths a long-buried secret that has the potential to plunge what's left of society into chaos. K's discovery leads him on a quest to find Rick Deckard, a former LAPD blade runner who has been missing for 30 years.",Denis Villeneuve,https://www.youtube.com/watch?v=geFtxCSz8xI,https://www.themoviedb.org/movie/335984
Beethoven's Christmas Adventure,5.9,"A Christmas elf accidentally takes off in Santa's sleigh, crash lands in a small town, and loses the magic toy bag. Beethoven must rescue the elf, recover the bag from greedy crooks, and return the sleigh to Santa in time to save Christmas.",John Putch,https://www.youtube.com/watch?v=P5XCrK5nmrY,https://www.themoviedb.org/movie/78080
The Wild Robot,8.317,"After a shipwreck, an intelligent robot called Roz is stranded on an uninhabited island. To survive the harsh environment, Roz bonds with the island's animals and cares for an orphaned baby goose.",Chris Sanders,https://www.youtube.com/watch?v=VUCNBAmse04,https://www.themoviedb.org/movie/1184918
Paprika,7.142,"Mimma starts working in Madame Colette’s brothel to help her boyfriend financially. There she is rechristened “Paprika,” and falls in love with her first client, naval officer Franco. Despite this attraction, she begins her climb through the sex trade, residing in Italy’s most illustrious brothels.",Tinto Brass,N/A,https://www.themoviedb.org/movie/50270
Top Gun: Maverick,8.168,"After more than thirty years of service as one of the Navy’s top aviators, and dodging the advancement in rank that would ground him, Pete “Maverick” Mitchell finds himself training a detachment of TOP GUN graduates for a specialized mission the likes of which no living pilot has ever seen.",Joseph Kosinski,https://www.youtube.com/watch?v=ODZMo8HXqwA,https://www.themoviedb.org/movie/361743
Honey Don't!,5.754,"Honey O'Donahue, a small-town private investigator, delves into a series of strange deaths tied to a mysterious church.",Ethan Coen,https://www.youtube.com/watch?v=Jzr6pHIZAI0,https://www.themoviedb.org/movie/1149504
TRON: Ares,0.0,"A highly sophisticated Program called Ares is sent from the digital world into the real world on a dangerous mission, marking humankind's first encounter with A.I. beings.",Joachim Rønning,https://www.youtube.com/watch?v=YCSdZBvtPek,https://www.themoviedb.org/movie/533533
Mom's Friend,7.0,"Seong Soo, a twenty years old boy, decided to move to Seoul after being accepted into Seoul University. However, he was a victim of real estate scam. He then moves into his mother's friend's house. Moreover, it turns out that his mother's friend is a sexy self-employed mother and Seong Soo is attracted to her.",Myeong Seok Hwan,N/A,https://www.themoviedb.org/movie/387824
Hridayapoorvam,8.4,"Sandeep, a middle-aged bachelor who recently got a heart transplant, travels to Pune to attend the engagement of his heart-donor’s daughter, Haritha. Her engagement gets broken and Sandeep injures his back on the same day, forcing him to stay back in Pune for a few weeks, in his heart-donor’s house – who was an adventurous Colonel.",Sathyan Anthikad,N/A,https://www.themoviedb.org/movie/1314784
Inglourious Basterds,8.215,"In Nazi-occupied France during World War II, a group of Jewish-American soldiers known as ""The Basterds"" are chosen specifically to spread fear throughout the Third Reich by scalping and brutally killing Nazis. The Basterds, lead by Lt. Aldo Raine soon cross paths with a French-Jewish teenage girl who runs a movie theater in Paris which is targeted by the soldiers.",Quentin Tarantino,https://www.youtube.com/watch?v=uSEDz-my7XQ,https://www.themoviedb.org/movie/16869
Se7en,8.376,"Two homicide detectives are on a desperate hunt for a serial killer whose crimes are based on the ""seven deadly sins"" in this dark and haunting film that takes viewers from the tortured remains of one victim to the next. The seasoned Det. Somerset researches each sin in an effort to get inside the killer's mind, while his novice partner, Mills, scoffs at his efforts to unravel the case.",David Fincher,https://www.youtube.com/watch?v=KPOuJGkpblk,https://www.themoviedb.org/movie/807
Spirited Away,8.536,"A young girl, Chihiro, becomes trapped in a strange new world of spirits. When her parents undergo a mysterious transformation, she must call upon the courage she never knew she had to free her family.",Hayao Miyazaki,https://www.youtube.com/watch?v=GAp2_0JJskk,https://www.themoviedb.org/movie/129
Companion,7.053,"During a weekend getaway at a secluded lakeside estate, a group of friends finds themselves entangled in a web of secrets, deception, and advanced technology. As tensions rise and loyalties are tested, they uncover unsettling truths about themselves and the world around them.",Drew Hancock,https://www.youtube.com/watch?v=Qr_kX0D3DNA,https://www.themoviedb.org/movie/1084199
Kontrabida Academy,6.95,"When a mysterious TV transports her to a school for on-screen villains, a restaurant worker finds new purpose — and a way to get back at her enemies.",Chris Martinez,N/A,https://www.themoviedb.org/movie/1428213
Pirates of the Caribbean: Dead Man's Chest,7.371,"Captain Jack Sparrow races to recover the heart of Davy Jones to avoid enslaving his soul to Jones' service, as other friends and foes seek the heart for their own agenda as well.",Gore Verbinski,https://www.youtube.com/watch?v=9SFWn9taQTw,https://www.themoviedb.org/movie/58
Spider-Man: Far From Home,7.402,"Peter Parker and his friends go on a summer trip to Europe. However, they will hardly be able to rest - Peter will have to agree to help Nick Fury uncover the mystery of creatures that cause natural disasters and destruction throughout the continent.",Jon Watts,https://www.youtube.com/watch?v=LFoz8ZJWmPs,https://www.themoviedb.org/movie/429617
Dirty Ice Cream,5.2,"Villagers are experiencing an extreme heat. Two hot ice cream vendors come to the village to sell ice cream. With electricity out, the women of the subdivision take turns having the vendors satisfy their every needs.",Mervyn Brondial,https://www.youtube.com/watch?v=0s2X00S4pLc,https://www.themoviedb.org/movie/1280461
Big Hero 6,7.727,"A special bond develops between plus-sized inflatable robot Baymax, and prodigy Hiro Hamada, who team up with a group of friends to form a band of high-tech heroes.","Chris Williams, Don Hall",https://www.youtube.com/watch?v=8IdMPpKMdcc,https://www.themoviedb.org/movie/177572
The Suicide Squad,7.484,"Supervillains Harley Quinn, Bloodsport, Peacemaker and a collection of nutty cons at Belle Reve prison join the super-secret, super-shady Task Force X as they are dropped off at the remote, enemy-infused island of Corto Maltese.",James Gunn,https://www.youtube.com/watch?v=eg5ciqQzmK0,https://www.themoviedb.org/movie/436969
The Hangover,7.327,"When three friends finally come to after a raucous night of bachelor-party revelry, they find a baby in the closet and a tiger in the bathroom. But they can't seem to locate their best friend, Doug – who's supposed to be tying the knot. Launching a frantic search for Doug, the trio perseveres through a nasty hangover to try to make it to the church on time.",Todd Phillips,https://www.youtube.com/watch?v=tlize92ffnY,https://www.themoviedb.org/movie/18785
The Old Guard 2,6.031,Andy and her team of immortal warriors fight with renewed purpose as they face a powerful new foe threatening their mission to protect humanity.,Victoria Mahoney,https://www.youtube.com/watch?v=lyivgZ074PY,https://www.themoviedb.org/movie/846422
Your Name.,8.48,"High schoolers Mitsuha and Taki are complete strangers living separate lives. But one night, they suddenly switch places. Mitsuha wakes up in Taki’s body, and he in hers. This bizarre occurrence continues to happen randomly, and the two must adjust their lives around each other.",Makoto Shinkai,https://www.youtube.com/watch?v=o4-URMnBOPU,https://www.themoviedb.org/movie/372058
Craig Before the Creek,7.8,"Before he was Craig of the Creek, he was just Craig — a new kid in a new town. All Craig wants is to go back to his old friends at his old home. But when he learns that the nearby creek is hiding a lost treasure that could make his wish come true, Craig sets off on a journey to find it — navigating the perilous suburban wilderness, forging new friendships, all while being pursued by a fearsome band of pirates who are bent on destroying the Creek itself.","Matt Burnett, Ben Levin",https://www.youtube.com/watch?v=L4u5gOdfZpM,https://www.themoviedb.org/movie/928833
GATAO: Big Brothers,10.0,"Michael and his right-hand man Scorpion, who find themselves embroiled in their father Ko's turf war against rival gangs in Taipei, setting off a conflict between old and new generations of gangsters. The film is the latest installment in the Gatao franchise, following the narrative of a young successor trying to expand his power while navigating the volatile underworld.","Jui-Chih Chiang, Yao Hung-I",N/A,https://www.themoviedb.org/movie/1468057
Pulp Fiction,8.487,"A burger-loving hit man, his philosophical partner, a drug-addled gangster's moll and a washed-up boxer converge in this sprawling, comedic crime caper. Their adventures unfurl in three stories that ingeniously trip back and forth in time.",Quentin Tarantino,https://www.youtube.com/watch?v=tGpTpVyI_OQ,https://www.themoviedb.org/movie/680
Mission: Impossible - Dead Reckoning Part One,7.518,"Ethan Hunt and his IMF team embark on their most dangerous mission yet: To track down a terrifying new weapon that threatens all of humanity before it falls into the wrong hands. With control of the future and the world's fate at stake and dark forces from Ethan's past closing in, a deadly race around the globe begins. Confronted by a mysterious, all-powerful enemy, Ethan must consider that nothing can matter more than his mission—not even the lives of those he cares about most.",Christopher McQuarrie,https://www.youtube.com/watch?v=HurjfO_TDlQ,https://www.themoviedb.org/movie/575264
Star Wars,8.2,Princess Leia is captured and held hostage by the evil Imperial forces in their effort to take over the galactic Empire. Venturesome Luke Skywalker and dashing captain Han Solo team together with the loveable robot duo R2-D2 and C-3PO to rescue the beautiful princess and restore peace and justice in the Empire.,George Lucas,https://www.youtube.com/watch?v=XsS1yE2f-hE,https://www.themoviedb.org/movie/11
Lego Disney Princess: Villains Unite,8.083,"After Ariel, Moana, Tiana, Rapunzel, and Snow White thwarted Gaston's plan to take over all of their kingdoms, he calls upon Ursula, Jafar, and the Evil Queen to help take the Princesses down once and for all. The Princesses learn about Gaston's scheme and recruit a few friends of their own with the help of Magic Mirror: Aurora, Belle, and Cinderella! Together, the Princesses team up for an ultimate showdown of good versus evil.",Randi Rodrigues,https://www.youtube.com/watch?v=K76Wbtn2PzU,https://www.themoviedb.org/movie/1515395
Children of the Corn: Genesis,4.06,"Tim and Allie seek shelter in a remote desert compound after becoming lost and stranded. A strange Manson-like character, Preacher, reluctantly allows them inside with strict orders to be gone by morning and not wander ""where you are not invited.""",Joel Soisson,https://www.youtube.com/watch?v=txVS0YiZgj4,https://www.themoviedb.org/movie/70575
Greenland,7.128,"John Garrity, his estranged wife and their young son embark on a perilous journey to find sanctuary as a planet-killing comet hurtles toward Earth. Amid terrifying accounts of cities getting levelled, the Garritys experience the best and worst in humanity. As the countdown to the global apocalypse approaches zero, their incredible trek culminates in a desperate and last-minute flight to a possible safe haven.",Ric Roman Waugh,https://www.youtube.com/watch?v=d4s9XNChIRk,https://www.themoviedb.org/movie/524047
The Children of the Century,5.9,"True tale of the tumultuous love affair between two French literary icons of the 19th Century, novelist George Sand and poet Alfred de Musset. But their affair falls apart during an excursion to Venice, Italy where Musset is distracted by drugs and Sand by a handsome doctor.",Diane Kurys,N/A,https://www.themoviedb.org/movie/46466
Oppenheimer,8.049,The story of J. Robert Oppenheimer's role in the development of the atomic bomb during World War II.,Christopher Nolan,https://www.youtube.com/watch?v=qiuSBWVdgLI,https://www.themoviedb.org/movie/872585
Spider-Man: Homecoming,7.33,"Following the events of Captain America: Civil War, Peter Parker, with the help of his mentor Tony Stark, tries to balance his life as an ordinary high school student in Queens, New York City, with fighting crime as his superhero alter ego Spider-Man as a new threat, the Vulture, emerges.",Jon Watts,https://www.youtube.com/watch?v=xEvV3OsE2WM,https://www.themoviedb.org/movie/315635
Pizza Dare 1,6.6,"Seok, who wants to try perverted sex, pesters Hyun-jin every day, but Hyun-jin rejects it saying she only like normal things.  And then one day while delivering chicken, he found So-ra and Hyun-soo, a couple who enjoys delivery exposures.  Frustrated as he is with Hyun-jin, he starts neglecting her and became more and more hooked with the So-ra couple.  To recover their relationship, Hyun-jin goes on a date with Seok. But then a call came for him. The couple invites him for sex.  Will he be having a date with his wife, or will he accept the invitation he may only get once in a lifetime?  What would be his choice?",Kong Ja-kwan,N/A,https://www.themoviedb.org/movie/694943
Pizza Dare 1,6.6,"Seok, who wants to try perverted sex, pesters Hyun-jin every day, but Hyun-jin rejects it saying she only like normal things.  And then one day while delivering chicken, he found So-ra and Hyun-soo, a couple who enjoys delivery exposures.  Frustrated as he is with Hyun-jin, he starts neglecting her and became more and more hooked with the So-ra couple.  To recover their relationship, Hyun-jin goes on a date with Seok. But then a call came for him. The couple invites him for sex.  Will he be having a date with his wife, or will he accept the invitation he may only get once in a lifetime?  What would be his choice?",Kong Ja-kwan,N/A,https://www.themoviedb.org/movie/694943
A.R.M,7.0,"Set in the Northern Kerala in 1900, 1950 and 1990, Three generations of heroes Maniyan, Kunjikelu and Ajayan, try to protect the most important treasure of the Land.",Jithin Laal,N/A,https://www.themoviedb.org/movie/890138
STRAW,7.854,What will be her last straw? A devastatingly bad day pushes a hardworking single mother to the breaking point — and into a shocking act of desperation.,Tyler Perry,https://www.youtube.com/watch?v=k1vWhii4tkE,https://www.themoviedb.org/movie/1426776
Love for Sale,7.5,"In northern Brazil, Hermila patiently waits for her husband. However, he has abandoned her. Sexy, restless and resolute, she raffles off ""a night in paradise"" with herself. This beautifully-shot portrait doesn't shy away from the burdens of a young scarred woman, but it also celebrates her courage to live according to her own rules.",Karim Aïnouz,N/A,https://www.themoviedb.org/movie/95342
Phantom,6.95,"In 1933, when Korea was under Japanese occupation, five people in Gyeongseong are suspected to be ""Phantom"" spies of the anti-Japanese organization.",Lee Hae-young,https://www.youtube.com/watch?v=gAkyPwk1_Pk,https://www.themoviedb.org/movie/715253
The Lord of the Rings: The Two Towers,8.409,"Frodo Baggins and the other members of the Fellowship continue on their sacred quest to destroy the One Ring--but on separate paths. Their destinies lie at two towers--Orthanc Tower in Isengard, where the corrupt wizard Saruman awaits, and Sauron's fortress at Barad-dur, deep within the dark lands of Mordor. Frodo and Sam are trekking to Mordor to destroy the One Ring of Power while Gimli, Legolas and Aragorn search for the orc-captured Merry and Pippin. All along, nefarious wizard Saruman awaits the Fellowship members at the Orthanc Tower in Isengard.",Peter Jackson,https://www.youtube.com/watch?v=HUkDW37WaI0,https://www.themoviedb.org/movie/121
Mary Shelley's Frankenstein,6.442,"Victor Frankenstein is a promising young doctor who, devastated by the death of his mother during childbirth, becomes obsessed with bringing the dead back to life. His experiments lead to the creation of a monster, which Frankenstein has put together with the remains of corpses. It's not long before Frankenstein regrets his actions.",Kenneth Branagh,https://www.youtube.com/watch?v=mMe7NdrpxEI,https://www.themoviedb.org/movie/3036
After,7.116,"Tessa Young is a dedicated student, dutiful daughter and loyal girlfriend to her high school sweetheart. Entering her first semester of college, Tessa's guarded world opens up when she meets Hardin Scott, a mysterious and brooding rebel who makes her question all she thought she knew about herself -- and what she wants out of life.",Jenny Gage,https://www.youtube.com/watch?v=2ZAdcWHuCmY,https://www.themoviedb.org/movie/537915
The Bad Guys,7.531,"When the Bad Guys, a crew of criminal animals, are finally caught after years of heists and being the world’s most-wanted villains, Mr. Wolf brokers a deal to save them all from prison.",Pierre Perifel,https://www.youtube.com/watch?v=zpDuBXB_glk,https://www.themoviedb.org/movie/629542
A Christmas for the Books,5.3,"Lifestyle guru and romance expert Joanna Moret has developed a foolproof strategy for ending holiday loneliness and it's all detailed in her best-selling book, The Love Audit. After appearing on a morning show, she is offered the biggest opportunity of her career—to throw the MacAllen Holiday Gala—and if all goes well, she'll get her own TV show. Little do her fans—or the MacAllens—know that she is newly single and can't seem to apply her principles to her own love life. Joanna asks the morning show producer, Ted, to pretend they are a couple or risk being exposed as a fraud.",Letia Clouston,https://www.youtube.com/watch?v=5_JcFvfZqoQ,https://www.themoviedb.org/movie/565599
Moromete Family: On the Edge of Time,6.6,"A sequel to one of Romanian cinema’s most lauded adaptations, The Moromete Family, film tells the tale of Ilie Moromete and his family and focuses on his youngest son, Niculae. The entire order of the world of the village, where the most important thing is to own land and work it, changes upon the arrival of the Communist regime and collectivization.",Stere Gulea,https://www.youtube.com/watch?v=DFxFDQyTs3Y,https://www.themoviedb.org/movie/527465
Ladies' Doctor,4.5,"Dr. Lo Bianco, debt load, flees abroad and the headquarters avviatissimo study gynecological colleague Giovannaldi. These are adept at gaining the trust of high society and, thanks to the relationship established with the wife of a wealthy manufacturer (enough to get her pregnant), she becomes finance, own the cuckolded husband, a luxury clinic. And there will be a prize for Lobianco.",Joe D'Amato,N/A,https://www.themoviedb.org/movie/292610
Alien,8.2,"During its return to the earth, commercial spaceship Nostromo intercepts a distress signal from a distant planet. When a three-member team of the crew discovers a chamber containing thousands of eggs on the planet, a creature inside one of the eggs attacks an explorer. The entire crew is unaware of the impending nightmare set to descend upon them when the alien parasite planted inside its unfortunate host is birthed.",Ridley Scott,https://www.youtube.com/watch?v=bM01Al2SWx4,https://www.themoviedb.org/movie/348
The Great Flood,10.0,"A disastrous great flood sweeps the planet. On what may be the last day on Earth, a desperate fight ensues to save a child from a flooding apartment.",Kim Byung-woo,N/A,https://www.themoviedb.org/movie/982843
Fifty Shades Freed,6.687,"Believing they have left behind shadowy figures from their past, newlyweds Christian and Ana fully embrace an inextricable connection and shared life of luxury. But just as she steps into her role as Mrs. Grey and he relaxes into an unfamiliar stability, new threats could jeopardize their happy ending before it even begins.",James Foley,https://www.youtube.com/watch?v=nJCc5HRPxYA,https://www.themoviedb.org/movie/337167
BloodRayne: The Third Reich,3.826,"Rayne fights against the Nazis in Europe during World War II, encountering Ekart Brand, a Nazi leader whose target is to inject Adolf Hitler with Rayne's blood in an attempt to transform him into a dhampir and attain immortality.",Uwe Boll,https://www.youtube.com/watch?v=kTKlJJWvLMo,https://www.themoviedb.org/movie/12685
Harry Potter and the Order of the Phoenix,7.673,"Returning for his fifth year of study at Hogwarts, Harry is stunned to find that his warnings about the return of Lord Voldemort have been ignored. Left with no choice, Harry takes matters into his own hands, training a small group of students to defend themselves against the dark arts.",David Yates,https://www.youtube.com/watch?v=47PHbQTmw5g,https://www.themoviedb.org/movie/675
Frozen,7.2,"Young princess Anna of Arendelle dreams about finding true love at her sister Elsa’s coronation. Fate takes her on a dangerous journey in an attempt to end the eternal winter that has fallen over the kingdom. She's accompanied by ice delivery man Kristoff, his reindeer Sven, and snowman Olaf. On an adventure where she will find out what friendship, courage, family, and true love really means.","Chris Buck, Jennifer Lee",https://www.youtube.com/watch?v=TbQm5doF_Uc,https://www.themoviedb.org/movie/109445
The Dark Knight Rises,7.787,"Following the death of District Attorney Harvey Dent, Batman assumes responsibility for Dent's crimes to protect the late attorney's reputation and is subsequently hunted by the Gotham City Police Department. Eight years later, Batman encounters the mysterious Selina Kyle and the villainous Bane, a new terrorist leader who overwhelms Gotham's finest. The Dark Knight resurfaces to protect a city that has branded him an enemy.",Christopher Nolan,https://www.youtube.com/watch?v=GAjBzu8ggi0,https://www.themoviedb.org/movie/49026
The Super Mario Bros. Movie,7.6,"While working underground to fix a water main, Brooklyn plumbers—and brothers—Mario and Luigi are transported down a mysterious pipe and wander into a magical new world. But when the brothers are separated, Mario embarks on an epic quest to find Luigi.","Aaron Horvath, Michael Jelenic",https://www.youtube.com/watch?v=RjNcTBXTk4I,https://www.themoviedb.org/movie/502356
Godzilla x Kong: The New Empire,7.084,"Following their explosive showdown, Godzilla and Kong must reunite against a colossal undiscovered threat hidden within our world, challenging their very existence – and our own.",Adam Wingard,https://www.youtube.com/watch?v=m2u6RfmTXt0,https://www.themoviedb.org/movie/823464
The Super Mario Bros. Movie,7.6,"While working underground to fix a water main, Brooklyn plumbers—and brothers—Mario and Luigi are transported down a mysterious pipe and wander into a magical new world. But when the brothers are separated, Mario embarks on an epic quest to find Luigi.","Aaron Horvath, Michael Jelenic",https://www.youtube.com/watch?v=RjNcTBXTk4I,https://www.themoviedb.org/movie/502356
Long Distance,6.51,"After crash-landing on an alien planet, an asteroid miner must contend with the challenges of his new surroundings, while making his way across the harsh terrain to the only other survivor – a woman who is trapped in her escape pod.","Will Speck, Josh Gordon",https://www.youtube.com/watch?v=XBHNALPwxYE,https://www.themoviedb.org/movie/605722
Barbie,6.954,"Barbie and Ken are having the time of their lives in the colorful and seemingly perfect world of Barbie Land. However, when they get a chance to go to the real world, they soon discover the joys and perils of living among humans.",Greta Gerwig,https://www.youtube.com/watch?v=Y1IgAEejvqM,https://www.themoviedb.org/movie/346698
The Beekeeper,7.285,One man's campaign for vengeance takes on national stakes after he is revealed to be a former operative of a powerful and clandestine organization known as Beekeepers.,David Ayer,https://www.youtube.com/watch?v=CHKn-yDCE2w,https://www.themoviedb.org/movie/866398
Gladiator II,6.664,"Years after witnessing the death of the revered hero Maximus at the hands of his uncle, Lucius is forced to enter the Colosseum after his home is conquered by the tyrannical Emperors who now lead Rome with an iron fist. With rage in his heart and the future of the Empire at stake, Lucius must look to his past to find strength and honor to return the glory of Rome to its people.",Ridley Scott,https://www.youtube.com/watch?v=TQwSz88ITAE,https://www.themoviedb.org/movie/558449
The Amazing Spider-Man,6.722,"Peter Parker is an outcast high schooler abandoned by his parents as a boy, leaving him to be raised by his Uncle Ben and Aunt May. Like most teenagers, Peter is trying to figure out who he is and how he got to be the person he is today. As Peter discovers a mysterious briefcase that belonged to his father, he begins a quest to understand his parents' disappearance – leading him directly to Oscorp and the lab of Dr. Curt Connors, his father's former partner. As Spider-Man is set on a collision course with Connors' alter ego, The Lizard, Peter will make life-altering choices to use his powers and shape his destiny to become a hero.",Marc Webb,https://www.youtube.com/watch?v=WLxul0Vzuhk,https://www.themoviedb.org/movie/1930
Joker,8.133,"During the 1980s, a failed stand-up comedian is driven insane and turns to a life of crime and chaos in Gotham City while becoming an infamous psychopathic crime figure.",Todd Phillips,https://www.youtube.com/watch?v=-RFFRxcoKfA,https://www.themoviedb.org/movie/475557
Women's War: Doggie's Uprising,0.0,There is a visitor for local herb gatherer Doggie who has no particular need or greed for anything. His friend Chang-guk who is wanted to failure in his business and his captivating wife Seon-hwa come to see Doggie who has no choice but to give them a place to hide. The three of them end up living umcomfortably together. Will Doggie be able to suppress his desires for his friend's wife? And what is her secret that Doggie must never know?,Song Chang-soo,N/A,https://www.themoviedb.org/movie/486593
Spider-Man: Into the Spider-Verse,8.397,"Struggling to find his place in the world while juggling school and family, Brooklyn teenager Miles Morales is unexpectedly bitten by a radioactive spider and develops unfathomable powers just like the one and only Spider-Man. While wrestling with the implications of his new abilities, Miles discovers a super collider created by the madman Wilson ""Kingpin"" Fisk, causing others from across the Spider-Verse to be inadvertently transported to his dimension.","Bob Persichetti, Peter Ramsey, Rodney Rothman",https://www.youtube.com/watch?v=tg52up16eq0,https://www.themoviedb.org/movie/324857
Man with No Past,6.56,"Waking up in an unfamiliar city, a man with no memory must confront the mysteries of his own identity. However, his desperate search to uncover the past pits him against a powerful enemy, leading to a showdown that ultimately reveals the truth.",James Bamford,https://www.youtube.com/watch?v=Uk7uxuzPcfU,https://www.themoviedb.org/movie/1315986
Sand Serpents,4.0,"Jason Gedrick and a small group of Marines are stranded in the remote Afghan desert. But it ain't the Taliban that's worrying them, it's these giant refugees from Tremors. In fact the big worms prove to be an ally of sorts by doing better against the Taliban than themselves but battling these enemies is something not covered in their training.",Jeff Renfroe,https://www.youtube.com/watch?v=gtnKXM19kAI,https://www.themoviedb.org/movie/49266
They Call Him OG,7.6,"After vanishing from Mumbai's underworld for a decade, mob boss Ojas Gambheera resurfaces—feared, unstoppable, and with a single goal: to reclaim his empire and exact vengeance on the current tyrant, Omi Bhau. As loyalties fracture and alliances shift, OG reignites a brutal criminal war, confronting both external threats and haunting buried betrayals.",Sujeeth,N/A,https://www.themoviedb.org/movie/1080365
Code 3,6.385,A burned-out paramedic tries to survive his last 24 hours on the job while training a new recruit.,Christopher Leone,https://www.youtube.com/watch?v=pKLAUFT2f3Q,https://www.themoviedb.org/movie/1161617
Spider-Man: Far From Home,7.402,"Peter Parker and his friends go on a summer trip to Europe. However, they will hardly be able to rest - Peter will have to agree to help Nick Fury uncover the mystery of creatures that cause natural disasters and destruction throughout the continent.",Jon Watts,https://www.youtube.com/watch?v=LFoz8ZJWmPs,https://www.themoviedb.org/movie/429617
Your Name.,8.48,"High schoolers Mitsuha and Taki are complete strangers living separate lives. But one night, they suddenly switch places. Mitsuha wakes up in Taki’s body, and he in hers. This bizarre occurrence continues to happen randomly, and the two must adjust their lives around each other.",Makoto Shinkai,https://www.youtube.com/watch?v=o4-URMnBOPU,https://www.themoviedb.org/movie/372058
The Great Flood,10.0,"A disastrous great flood sweeps the planet. On what may be the last day on Earth, a desperate fight ensues to save a child from a flooding apartment.",Kim Byung-woo,N/A,https://www.themoviedb.org/movie/982843
Phantom,6.95,"In 1933, when Korea was under Japanese occupation, five people in Gyeongseong are suspected to be ""Phantom"" spies of the anti-Japanese organization.",Lee Hae-young,https://www.youtube.com/watch?v=gAkyPwk1_Pk,https://www.themoviedb.org/movie/715253
The Children of the Century,5.9,"True tale of the tumultuous love affair between two French literary icons of the 19th Century, novelist George Sand and poet Alfred de Musset. But their affair falls apart during an excursion to Venice, Italy where Musset is distracted by drugs and Sand by a handsome doctor.",Diane Kurys,N/A,https://www.themoviedb.org/movie/46466
Prisoners,8.099,"Keller Dover is facing every parent’s worst nightmare. His six-year-old daughter, Anna, is missing, together with her young friend, Joy, and as minutes turn to hours, panic sets in. The only lead is a dilapidated RV that had earlier been parked on their street.",Denis Villeneuve,https://www.youtube.com/watch?v=doPNgss-ntc,https://www.themoviedb.org/movie/146233
The Magic of Ordinary Days,7.4,"Pregnant out of wedlock, an educated young woman is pressured by her father into an arranged marriage with a lonely farmer in this drama set during WWII.",Brent Shields,N/A,https://www.themoviedb.org/movie/47525
Inside Out,7.9,"When 11-year-old Riley moves to a new city, her Emotions team up to help her through the transition. Joy, Fear, Anger, Disgust and Sadness work together, but when Joy and Sadness get lost, they must journey through unfamiliar places to get back home.",Pete Docter,https://www.youtube.com/watch?v=1HFv47QHWJU,https://www.themoviedb.org/movie/150540
Flow,8.145,"A solitary cat, displaced by a great flood, finds refuge on a boat with various species and must navigate the challenges of adapting to a transformed world together.",Gints Zilbalodis,https://www.youtube.com/watch?v=shsVQvHUTxw,https://www.themoviedb.org/movie/823219
Below Her Mouth,6.796,An unexpected affair quickly escalates into a heart-stopping reality for two women whose passionate connection changes their lives forever.,April Mullen,https://www.youtube.com/watch?v=UlahbaaJqog,https://www.themoviedb.org/movie/370663
Dora and the Search for Sol Dorado,6.6,"Dora, Diego, and their new friends trek through the perilous dangers of the Amazonian jungle in search of the ancient and powerful treasure of Sol Dorado to keep it out of enemy hands.",Alberto Belli,https://www.youtube.com/watch?v=92nh9E3B0do,https://www.themoviedb.org/movie/1287536
Zootopia,7.751,"Determined to prove herself, Officer Judy Hopps, the first bunny on Zootopia's police force, jumps at the chance to crack her first case - even if it means partnering with scam-artist fox Nick Wilde to solve the mystery.","Byron Howard, Rich Moore",https://www.youtube.com/watch?v=jWM0ct-OLsM,https://www.themoviedb.org/movie/269149
Long Distance,6.51,"After crash-landing on an alien planet, an asteroid miner must contend with the challenges of his new surroundings, while making his way across the harsh terrain to the only other survivor – a woman who is trapped in her escape pod.","Will Speck, Josh Gordon",https://www.youtube.com/watch?v=XBHNALPwxYE,https://www.themoviedb.org/movie/605722
Toy Story 2,7.602,"Andy heads off to Cowboy Camp, leaving his toys to their own devices. Things shift into high gear when an obsessive toy collector named Al McWhiggen, owner of Al's Toy Barn kidnaps Woody. Andy's toys mount a daring rescue mission, Buzz Lightyear meets his match and Woody has to decide where he and his heart truly belong.",John Lasseter,https://www.youtube.com/watch?v=xNWSGRD5CzU,https://www.themoviedb.org/movie/863
Once Upon a Time in the West,8.282,"As the railroad builders advance unstoppably through the Arizona desert on their way to the sea, Jill arrives in the small town of Flagstone with the intention of starting a new life.",Sergio Leone,https://www.youtube.com/watch?v=Yw-Av9BpC-w,https://www.themoviedb.org/movie/335
My Oxford Year,7.072,An ambitious American fulfilling her dream of studying at Oxford falls for a charming Brit hiding a secret that may upend her perfectly planned life.,Iain Morris,https://www.youtube.com/watch?v=EKQPCiUSRAo,https://www.themoviedb.org/movie/1307078
Van Gogh by Vincent,6.2,"In a career that lasted only ten years, Vincent Van Gogh painted one subject more than any other: himself. This is the story of Vincent told using eight of his most iconic self-portraits.",Richard Shaw,N/A,https://www.themoviedb.org/movie/1471014
"Baby, I'll Eat Well",0.0,"Ha-yeon, a new wife, calls the old man next door, Seok-bong, her father, and takes good care of him, but she has no idea that he has been targeting her. One day, Seok-bong invites Ha-yeon for a drink. But since she is lightweight, drinking alcohol put Ha-yeon easily to sleep, and Seok-bong slowly savors this moment.",N/A,N/A,https://www.themoviedb.org/movie/1270064
The King of Snipers,5.6,"The genius sniper Anna is forced to accept an assassination assignment. In the process, she gradually finds her true calling to fight for kindness and to defend a greater love. Tai, a special agent for the UN army, stands up for justice when drug lords try to harm innocent citizens. The two join forces to block the bill to legalize drug cultivation and distribution in Libiwala. They fight to the death with the drug lord Luo Jie and eventually foil his plans, protecting the people from the drugs. This is the exciting story of them working together to save a nation.",Chris Huo,https://www.youtube.com/watch?v=2Q1DvnDlxMY,https://www.themoviedb.org/movie/1078023
Dune: Part Two,8.134,"Follow the mythic journey of Paul Atreides as he unites with Chani and the Fremen while on a path of revenge against the conspirators who destroyed his family. Facing a choice between the love of his life and the fate of the known universe, Paul endeavors to prevent a terrible future only he can foresee.",Denis Villeneuve,https://www.youtube.com/watch?v=U2Qp5pL3ovA,https://www.themoviedb.org/movie/693134
Pirates of the Caribbean: At World's End,7.262,"Will Turner and Elizabeth Swann join forces with the revived Captain Barbossa to free Jack Sparrow from Davy Jones' locker. The group must navigate dangerous waters, confront many foes and, ultimately, choose sides in a battle wherein piracy itself hangs in the balance.",Gore Verbinski,https://www.youtube.com/watch?v=HKSZtp_OGHY,https://www.themoviedb.org/movie/285
28 Days Later,7.235,"Twenty-eight days after a killer virus was accidentally unleashed from a British research facility, a small group of London survivors are caught in a desperate struggle to protect themselves from the infected. Carried by animals and humans, the virus turns those it infects into homicidal maniacs -- and it's absolutely impossible to contain.",Danny Boyle,https://www.youtube.com/watch?v=mWEhfF27O0c,https://www.themoviedb.org/movie/170
Godzilla x Kong: The New Empire,7.085,"Following their explosive showdown, Godzilla and Kong must reunite against a colossal undiscovered threat hidden within our world, challenging their very existence – and our own.",Adam Wingard,https://www.youtube.com/watch?v=m2u6RfmTXt0,https://www.themoviedb.org/movie/823464
You Are the Apple of My Eye,8.524,"A group of close friends who attend a private school all have a debilitating crush on the sunny star pupil, Sun-ah. The only member of the group who claims not to is Jin-woo, but he ends up loving her as well.",Cho Young-myoung,https://www.youtube.com/watch?v=vfk1xv1dBKg,https://www.themoviedb.org/movie/1290182
Purpose of Reunion,6.4,"Dongchul, who is managing a small bar, is always enthusiastic about his school reunions. One day, Yujin, who has never showed up to a reunion, shows up at his bar. Her baby face and vitality make her unlike other married women and all the men fall for her, especially Dongchul. They start a relationship but it abruptly flames out due to the sudden arrival of Dongchul’s wife. As they get to know each other's secrets, will their love be allowed to grow?",Jung Dae-man,N/A,https://www.themoviedb.org/movie/351523
Sleeping Beauty,5.4,"A haunting erotic fairytale about Lucy, a young University student drawn into a mysterious hidden world of beauty and desire.",Julia Leigh,https://www.youtube.com/watch?v=wWrpjwD7BsM,https://www.themoviedb.org/movie/64586
Happy Gilmore 2,6.641,"Happy Gilmore isn't done with golf — not by a long shot. Since his retirement after his first Tour Championship win, Gilmore returns to finance his daughter's ballet classes.",Kyle Newacheck,https://www.youtube.com/watch?v=YKzRPFvky9Y,https://www.themoviedb.org/movie/1263256
Almost Cops,5.911,"When an overeager community officer and a reckless ex-detective are forced to team up, plenty of chaos ensues on the streets of Rotterdam.",Gonzalo Fernandez Carmona,https://www.youtube.com/watch?v=QsMBhTskZC8,https://www.themoviedb.org/movie/1374534
Spermageddon,6.7,"Two narrative threads: one is an emerging love story between awkward teens Jens and Lisa, who are having sex for the first time; the other, an eventful quest of Simon the Semen and his friends to reach the golden goal, the Egg.","Tommy Wirkola, Rasmus A. Sivertsen",https://www.youtube.com/watch?v=q5PUJLN141A,https://www.themoviedb.org/movie/1064307
Penguins of Madagascar,6.53,"Skipper, Kowalski, Rico and Private join forces with undercover organization The North Wind to stop the villainous Dr. Octavius Brine from destroying the world as we know it.","Simon J. Smith, Eric Darnell",https://www.youtube.com/watch?v=BjfID263ViI,https://www.themoviedb.org/movie/270946
The Martian,7.689,"During a manned mission to Mars, Astronaut Mark Watney is presumed dead after a fierce storm and left behind by his crew. But Watney has survived and finds himself stranded and alone on the hostile planet. With only meager supplies, he must draw upon his ingenuity, wit and spirit to subsist and find a way to signal to Earth that he is alive.",Ridley Scott,https://www.youtube.com/watch?v=ej3ioOneTy8,https://www.themoviedb.org/movie/286217
Curse of Chucky,5.922,"After her mother's mysterious death, Nica begins to suspect that the talking, red-haired doll her visiting niece has been playing with may be the key to the mounting bloodshed and chaos.",Don Mancini,https://www.youtube.com/watch?v=YEBU6m7toSg,https://www.themoviedb.org/movie/167032
The Twilight Saga: Eclipse,6.203,"Bella once again finds herself surrounded by danger as Seattle is ravaged by a string of mysterious killings and a malicious vampire continues her quest for revenge. In the midst of it all, she is forced to choose between her love for Edward and her friendship with Jacob, knowing that her decision has the potential to ignite the ageless struggle between vampire and werewolf. With her graduation quickly approaching, Bella is confronted with the most important decision of her life.",David Slade,https://www.youtube.com/watch?v=hZxJzhIPTTg,https://www.themoviedb.org/movie/24021
Fury,7.54,"April, 1945. As the Allies make their final push in the European Theatre, a battle-hardened army sergeant named Wardaddy commands a Sherman tank and her five-man crew on a deadly mission behind enemy lines. Outnumbered and outgunned, and with a rookie soldier thrust into their platoon, Wardaddy and his men face overwhelming odds in their heroic attempts to strike at the heart of Nazi Germany.",David Ayer,https://www.youtube.com/watch?v=09w9MTtZDEM,https://www.themoviedb.org/movie/228150
Jean-Claude van Damme: Karate King,7.179,"An American low-budget action film celebrated an unexpected worldwide success in 1988: ""Bloodsport"". With its, the world of film fans and martial arts cinema discovered a new idol: Jean-Claude Van Damme. In the 1970s there was Bruce Lee, but at the end of the 1980s a Belgian won the day. Van Damme was a karate master and had unparalleled strength and flexibility. For ten years he was one of Hollywood's hottest action stars. But excessive overconfidence and drugs bring him down again. At home in Europe he becomes a laughing stock on talk shows. Only with ""JCVD"" does he manage to get back on his feet, playing his character with perspective and self-irony, but without ever giving up the reputation that his action films brought him and which has been a cult for several generations. The highs and lows of his eventful life are told through archive footage and contributions from people close to the popular Belgian actor.",Olivier Monssens,N/A,https://www.themoviedb.org/movie/1103705
Hollow in the Land,5.4,"With their father in prison for murder, siblings Alison and Brandon are instantly considered suspects when a string of killings plagues their town, and they must fight to clear their names.",Scooter Corkle,https://www.youtube.com/watch?v=SPcB01kf5qU,https://www.themoviedb.org/movie/352491
HOMECOMING: A film by Beyoncé,8.1,"This intimate, in-depth look at Beyoncé's celebrated 2018 Coachella performance reveals the emotional road from creative concept to cultural movement.",Beyoncé,https://www.youtube.com/watch?v=fB8qvx0HOlI,https://www.themoviedb.org/movie/593691
Because of Winn-Dixie,6.4,"A girl, abandoned by her mother when she was three, moves to a small town in Florida with her father. There, she adopts an orphaned dog she names Winn-Dixie. The bond between the girl and her special companion brings together the people in a small Florida town and heals her own troubled relationship with her father.",Wayne Wang,https://www.youtube.com/watch?v=FtfWMexIZNc,https://www.themoviedb.org/movie/17880
Green Book,8.227,"Tony Lip, a bouncer in 1962, is hired to drive pianist Don Shirley on a tour through the Deep South in the days when African Americans, forced to find alternate accommodations and services due to segregation laws below the Mason-Dixon Line, relied on a guide called The Negro Motorist Green Book.",Peter Farrelly,https://www.youtube.com/watch?v=QkZxoko_HC0,https://www.themoviedb.org/movie/490132
Forrest Gump,8.466,"A man with a low IQ has accomplished great things in his life and been present during significant historic events—in each case, far exceeding what anyone imagined he could do. But despite all he has achieved, his one true love eludes him.",Robert Zemeckis,https://www.youtube.com/watch?v=m-btyJIYLyI,https://www.themoviedb.org/movie/13
Rapsa,7.0,"A successful manager finds herself drawn to her innocent young employee. What begins as attraction soon evolves into a complicated relationship, where passion and desire blur professional boundaries and awaken unexpected emotions between them.",Topel Lee,https://www.youtube.com/watch?v=39-FrhA365g,https://www.themoviedb.org/movie/1447917
The Chosen: Last Supper,7.9,"Jesus rides into the holy city as king, but finds His Father’s house has been turned from a place of prayer into a corrupt market. As the Jewish High Priest schemes against the would-be Messiah, Jesus strikes first—turning the tables on religious corruption.",Dallas Jenkins,https://www.youtube.com/watch?v=NjVZ9eF6tA0,https://www.themoviedb.org/movie/1380405
Shaman,5.7,A Missionary converting an Indigenous Community in a remote Ecuadorian volcano must come to terms with her own Faith when her son is possessed by dark forces older than her own religion.,Antonio Negret,https://www.youtube.com/watch?v=hQITvMvJW1M,https://www.themoviedb.org/movie/1339166
Belyas,7.5,"A lonely housewife, stifled by her controlling husband, finds her life changed when two young prostitutes move into her apartment. As their friendship grows, she becomes captivated by their independence and sexual freedom, awakening desires that challenge her own restraints.",G.B. Sampedro,N/A,https://www.themoviedb.org/movie/1414272
"Monsters, Inc.",7.846,"Lovable Sulley and his wisecracking sidekick Mike Wazowski are the top scare team at Monsters, Inc., the scream-processing factory in Monstropolis. When a little girl named Boo wanders into their world, it's the monsters who are scared silly, and it's up to Sulley and Mike to keep her out of sight and get her back home.",Pete Docter,https://www.youtube.com/watch?v=GnuQH_ASzu8,https://www.themoviedb.org/movie/585
The Idea of You,7.35,"40-year-old single mom Solène begins an unexpected romance with 24-year-old Hayes Campbell, the lead singer of August Moon, the hottest boy band on the planet. As they begin a whirlwind romance, it isn't long before Hayes' superstar status poses unavoidable challenges to their relationship, and Solène soon discovers that life in the glare of his spotlight might be more than she bargained for.",Michael Showalter,https://www.youtube.com/watch?v=pz6qx4n2Ewc,https://www.themoviedb.org/movie/843527
Fantastic Four,5.799,"During a space voyage, four scientists are altered by cosmic rays: Reed Richards gains the ability to stretch his body; Sue Storm can become invisible; Johnny Storm controls fire; and Ben Grimm is turned into a super-strong … thing. Together, these ""Fantastic Four"" must now thwart the evil plans of Dr. Doom and save the world from certain destruction.",Tim Story,https://www.youtube.com/watch?v=QIx2jkXYu34,https://www.themoviedb.org/movie/9738
Up,7.959,"Carl Fredricksen spent his entire life dreaming of exploring the globe and experiencing life to its fullest. But at age 78, life seems to have passed him by, until a twist of fate (and a persistent 8-year old Wilderness Explorer named Russell) gives him a new lease on life.",Pete Docter,https://www.youtube.com/watch?v=Ajcdb4FAL7A,https://www.themoviedb.org/movie/14160
Enhanced,5.5,"A group of mutant outcasts including a young woman with enhanced super strength find themselves being hunted down, one by one by a sinister government organization. But when an even stronger enhanced serial killer emerges on the scene, agents and mutants are forced to question their allegiances.",James Mark,https://www.youtube.com/watch?v=zmtslti2P8U,https://www.themoviedb.org/movie/637415
White Chicks,6.9,"Two FBI agent brothers, Marcus and Kevin Copeland, accidentally foil a drug bust. To avoid being fired they accept a mission escorting a pair of socialites to the Hamptons--but when the girls are disfigured in a car accident, they refuse to go. Left without options, Marcus and Kevin decide to pose as the sisters, transforming themselves from black men into rich white women.",Keenen Ivory Wayans,https://www.youtube.com/watch?v=aeVkbNka9HM,https://www.themoviedb.org/movie/12153
Cinderella,6.826,"When her father unexpectedly passes away, young Ella finds herself at the mercy of her cruel stepmother and her daughters. Never one to give up hope, Ella's fortunes begin to change after meeting a dashing stranger in the woods.",Kenneth Branagh,https://www.youtube.com/watch?v=n44EWI92Tc8,https://www.themoviedb.org/movie/150689
Night of Dark Shadows,6.5,"Recently married, Quentin and Tracy Collins have just moved into Collinwood, a New England estate that has long been in the Collins family and which Quentin has just inherited. They soon find themselves plagued by spirits of past residents.",Dan Curtis,https://www.youtube.com/watch?v=YoG23udt0r8,https://www.themoviedb.org/movie/71945
Spider-Man 3,6.4,"The seemingly invincible Spider-Man goes up against an all-new crop of villains—including the shape-shifting Sandman. While Spider-Man’s superpowers are altered by an alien organism, his alter ego, Peter Parker, deals with nemesis Eddie Brock and also gets caught up in a love triangle.",Sam Raimi,https://www.youtube.com/watch?v=wPosLpgMtTY,https://www.themoviedb.org/movie/559
A Song Called Hate,9.0,"The pro-Palestinian, anti-capitalist, BDSM-provocative, techno-punk performance art ensemble Hatari unsurprisingly drew attention to themselves with their performance at the Icelandic qualifiers for the Eurovision Song Contest. So much so that they won and therefore were allowed to perform at the main event in Tel Aviv. But what now? Should they boycott the event, swallow their idealism, or use their airtime to criticise the host country for their illegal occupation of Palestine? The Icelandic director Anna Hildur joins the boys in the band all the way to the fateful final.",Anna Hildur,https://www.youtube.com/watch?v=IX9u9BBedqU,https://www.themoviedb.org/movie/686976
Walking and Talking,6.1,"Just as Amelia thinks she's over her anxiety and insecurity, her best friend announces her engagement, bringing her anxiety and insecurity right back.",Nicole Holofcener,https://www.youtube.com/watch?v=ohAd27SbH6E,https://www.themoviedb.org/movie/49963
The Amazing Spider-Man 2,6.523,"For Peter Parker, life is busy. Between taking out the bad guys as Spider-Man and spending time with the person he loves, Gwen Stacy, high school graduation cannot come quickly enough. Peter has not forgotten about the promise he made to Gwen’s father to protect her by staying away, but that is a promise he cannot keep. Things will change for Peter when a new villain, Electro, emerges, an old friend, Harry Osborn, returns, and Peter uncovers new clues about his past.",Marc Webb,https://www.youtube.com/watch?v=DlM2CWNTQ84,https://www.themoviedb.org/movie/102382
The Green Mile,8.503,"A supernatural tale set on death row in a Southern prison, where gentle giant John Coffey possesses the mysterious power to heal people's ailments. When the cell block's head guard, Paul Edgecomb, recognizes Coffey's miraculous gift, he tries desperately to help stave off the condemned man's execution.",Frank Darabont,https://www.youtube.com/watch?v=Bg7epsq0OIQ,https://www.themoviedb.org/movie/497
In the Lost Lands,6.416,"A queen sends the powerful and feared sorceress Gray Alys to the ghostly wilderness of the Lost Lands in search of a magical power, where she and her guide, the drifter Boyce, must outwit and outfight both man and demon.",Paul W. S. Anderson,https://www.youtube.com/watch?v=CMyrp5Vk3mU,https://www.themoviedb.org/movie/324544
Anyone But You,6.839,"After an amazing first date, Bea and Ben’s fiery attraction turns ice cold — until they find themselves unexpectedly reunited at a destination wedding in Australia. So they do what any two mature adults would do: pretend to be a couple.",Will Gluck,https://www.youtube.com/watch?v=biOxRfgF8Rs,https://www.themoviedb.org/movie/1072790
The Handmaiden,8.2,"1930s Korea, in the period of Japanese occupation, a new girl, Sookee, is hired as a handmaiden to a Japanese heiress, Hideko, who lives a secluded life on a large countryside estate with her domineering Uncle Kouzuki. But the maid has a secret. She is a pickpocket recruited by a swindler posing as a Japanese Count to help him seduce the Lady to elope with him, rob her of her fortune, and lock her up in a madhouse. The plan seems to proceed according to plan until Sookee and Hideko discover some unexpected emotions.",Park Chan-wook,https://www.youtube.com/watch?v=wYsdzNIcJNc,https://www.themoviedb.org/movie/290098
How to Train Your Dragon 2,7.675,"Five years have passed since Hiccup and Toothless united the dragons and Vikings of Berk. Now, they spend their time charting unmapped territories. During one of their adventures, the pair discover a secret cave that houses hundreds of wild dragons -- and a mysterious dragon rider. Hiccup and Toothless find themselves at the center of a battle to protect Berk from a power-hungry warrior.",Dean DeBlois,https://www.youtube.com/watch?v=1Y0erVF9cLI,https://www.themoviedb.org/movie/82702
Dawn of the Planet of the Apes,7.3,"A group of scientists in San Francisco struggle to stay alive in the aftermath of a plague that is wiping out humanity, while Caesar tries to maintain dominance over his community of intelligent apes.",Matt Reeves,https://www.youtube.com/watch?v=DpSaTrW4leg,https://www.themoviedb.org/movie/119450
Once Upon My Mother,6.957,"In 1963, Esther gives birth to Roland, the youngest of a large family. Roland is born with a club foot that prevents him from standing. Against everyone's advice, she promises her son that he will walk like the others and that he will have a fabulous life. From then on, Esther will do everything in her power to keep this promise. Through decades of trials and miracles of life, this film is the story of a true, funny and moving story, that of an incredible destiny and the greatest love there is: that of a mother for her child.",Ken Scott,N/A,https://www.themoviedb.org/movie/1107215
The Roundup: Punishment,7.082,'Monster Cop' Ma Seok-do investigates an illegal online gambling business led by a former STS Baek and an IT genius CEO Chang. Ma proposes an unexpected alliance to Jang and begins hunting down the criminals.,Heo Myeong-haeng,https://www.youtube.com/watch?v=F_fxEAMv7ck,https://www.themoviedb.org/movie/1017163
How to Train Your Dragon,7.853,"As the son of a Viking leader on the cusp of manhood, shy Hiccup Horrendous Haddock III faces a rite of passage: he must kill a dragon to prove his warrior mettle. But after downing a feared dragon, he realizes that he no longer wants to destroy it, and instead befriends the beast – which he names Toothless – much to the chagrin of his warrior father.","Chris Sanders, Dean DeBlois",https://www.youtube.com/watch?v=KZtbJ_I9IFM,https://www.themoviedb.org/movie/10191
Girl in the Basement,7.604,"Sara is a teen girl who is looking forward to her 18th birthday to move away from her controlling father Don. But before she could even blow out the candles, Don imprisons her in the basement of their home.",Elisabeth Röhm,https://www.youtube.com/watch?v=a7VGn_0Vsx8,https://www.themoviedb.org/movie/801335
Shrek 2,7.302,"Shrek, Fiona, and Donkey set off to Far, Far Away to meet Fiona's mother and father, the Queen and King. But not everyone is happily ever after. Shrek and the King find it difficult to get along, and there's tension in the marriage. The Fairy Godmother discovers that Fiona has married Shrek instead of her son Prince Charming and plots to destroy their marriage.","Andrew Adamson, Kelly Asbury, Conrad Vernon",https://www.youtube.com/watch?v=xBgSfhp5Fxo,https://www.themoviedb.org/movie/809
Ghostbusters: Frozen Empire,6.475,"When the discovery of an ancient artifact unleashes an evil force, Ghostbusters new and old must join forces to protect their home and save the world from a second Ice Age.",Gil Kenan,https://www.youtube.com/watch?v=X7Di42uUaF0,https://www.themoviedb.org/movie/967847
Wrath of Man,7.599,"A cold and mysterious new security guard for a Los Angeles cash truck company surprises his co-workers when he unleashes precision skills during a heist. The crew is left wondering who he is and where he came from. Soon, the marksman's ultimate motive becomes clear as he takes dramatic and irrevocable steps to settle a score.",Guy Ritchie,https://www.youtube.com/watch?v=wo1kO8m2Nik,https://www.themoviedb.org/movie/637649
The Wolf's Call,7.543,"Shown from the perspective of a young submariner with unusually sensitive hearing and uncannily precise sound recognition. The fate of many often depends on his ability, and one time, whilst highly stressed, he makes a incorrect call which put his entire crew in mortal danger.  Trying to regain the confidence of his comrades, he conducts an unauthorised investigation of an apparent plot which, it turns out, risks escalating into a nuclear apocalypse. Suddenly working under pressure with the fleet admiral, they must do whatever is necessary, even the unthinkable, to prevent a nuclear war, since a confirmed nuclear strike order cannot be countermanded.",Antonin Baudry,https://www.youtube.com/watch?v=a9Gz7Bg07u8,https://www.themoviedb.org/movie/484468
Avengers: Age of Ultron,7.271,"When Tony Stark tries to jumpstart a dormant peacekeeping program, things go awry and Earth’s Mightiest Heroes are put to the ultimate test as the fate of the planet hangs in the balance. As the villainous Ultron emerges, it is up to The Avengers to stop him from enacting his terrible plans, and soon uneasy alliances and unexpected action pave the way for an epic and unique global adventure.",Joss Whedon,https://www.youtube.com/watch?v=0WM915QsOyI,https://www.themoviedb.org/movie/99861
Wonder Woman,7.215,An Amazon princess comes to the world of Man in the grips of the First World War to confront the forces of evil and bring an end to human conflict.,Patty Jenkins,https://www.youtube.com/watch?v=VSB4wGIdDwo,https://www.themoviedb.org/movie/297762
Green Chair,6.2,"When she falls in love with a handsome minor, a South Korean housewife finds herself at the center of a sexual scandal and hounded by hungry tabloid journalists. She vows to cut him out of her life but then he reaches the age of legal consent.",Park Cheol-su,https://www.youtube.com/watch?v=Ny7Kj86jsqs,https://www.themoviedb.org/movie/30043
Puss in Boots: The Last Wish,8.212,"Puss in Boots discovers that his passion for adventure has taken its toll: He has burned through eight of his nine lives, leaving him with only one life left. Puss sets out on an epic journey to find the mythical Last Wish and restore his nine lives.",Joel Crawford,https://www.youtube.com/watch?v=tHb7WlgyaUc,https://www.themoviedb.org/movie/315162
Samurai Fury,8.769,"Set in war-torn 15th century Kyoto, on the eve of the Onin War, the movie centers on a band of outlaws led by Hyoe, a scoundrel whose lethal sword skills place him at the tip of the spear in a deadly uprising against the corrupt Shogunate and its army, led by former friend-turned-archrival Doken.",Yu Irie,https://www.youtube.com/watch?v=uc8IVCoQL0M,https://www.themoviedb.org/movie/1246369
Jane Austen Wrecked My Life,6.544,An aspiring author looking to get more out of life takes up a writing residency and finds herself in the sort of romantic entanglements that could come from the pages of a Jane Austen novel.,Laura Piani,https://www.youtube.com/watch?v=i0dy0doC358,https://www.themoviedb.org/movie/1082424
Mickey 17,6.869,"Unlikely hero Mickey Barnes finds himself in the extraordinary circumstance of working for an employer who demands the ultimate commitment to the job… to die, for a living.",Bong Joon Ho,https://www.youtube.com/watch?v=tA1s65o_kYM,https://www.themoviedb.org/movie/696506
Mickey's Steam Roller,6.4,"While streetworker Mickey romances Minnie, Mickey's nephews Morty and Ferdie take control of his steamroller and it's full speed ahead on a very destructive ride.",David Hand,N/A,https://www.themoviedb.org/movie/135908
The Adolescents,5.8,"A shy girl named Ana is sent to an English boarding school. After a period of adjustment, she travels to London with two of her more world weary classmates and becomes the target for a trio of men who take illicit photographs of young girls to be published in 'Estimulation' Magazine.",Pedro Masó,N/A,https://www.themoviedb.org/movie/253952
Rare Exports: A Christmas Tale,6.213,"Young Pietari lives with his reindeer-herding father in arctic Finland. On the eve of Christmas, a nearby excavation makes a frightening discovery and an evil Santa Claus is unleashed…",Jalmari Helander,https://www.youtube.com/watch?v=tuvq7XF35lQ,https://www.themoviedb.org/movie/48395
The Nun,5.907,A priest with a dark past and a novice nearing her final vows are sent by the Vatican to Romania to investigate a nun's death and face a demonic force.,Corin Hardy,https://www.youtube.com/watch?v=UvMVjwwZOF4,https://www.themoviedb.org/movie/439079
Americana,6.5,"When a rare Lakota Ghost Shirt falls into the black market in a small town in South Dakota, the lives of local outsiders and outcasts violently intertwine.",Tony Tost,https://www.youtube.com/watch?v=ulZoLec80fs,https://www.themoviedb.org/movie/934456
A Street Cat Named Bob,7.902,"James Bowen, a homeless busker and recovering drug addict, has his life transformed when he meets a stray ginger cat.",Roger Spottiswoode,https://www.youtube.com/watch?v=ai3hleBXRpo,https://www.themoviedb.org/movie/404378
TRON: Legacy,6.509,"Sam Flynn, the tech-savvy and daring son of Kevin Flynn, investigates his father's disappearance and is pulled into The Grid. With the help of a mysterious program named Quorra, Sam quests to stop evil dictator Clu from crossing into the real world.",Joseph Kosinski,https://www.youtube.com/watch?v=m9CTGwEZiPk,https://www.themoviedb.org/movie/20526
Terrifier 3,6.833,"Five years after surviving Art the Clown's Halloween massacre, Sienna and Jonathan are still struggling to rebuild their shattered lives. As the holiday season approaches, they try to embrace the Christmas spirit and leave the horrors of the past behind. But just when they think they're safe, Art returns, determined to turn their holiday cheer into a new nightmare. The festive season quickly unravels as Art unleashes his twisted brand of terror, proving that no holiday is safe.",Damien Leone,https://www.youtube.com/watch?v=0EDDtgWnSeY,https://www.themoviedb.org/movie/1034541
Michael Jackson: Live in Bucharest - The Dangerous Tour,8.6,"Michael Jackson's ""Dangerous Tour"" still sets the bar high for every touring artist today. Outdoing himself with the ""Bad Tour"", which was already considered the ultimate, the gigantic stage setting consisting of 20 trucks and a lavish arsenal of personnel took almost three days to set up - that alone is a logistical superlative for a worldwide tour with 69 concert stops and 3.5 million fans. The highlights of the show included pyrotechnic effects, several stage illusions and a stuntman. True to his aim of spreading love around the world, Jackson donated the proceeds from the tour (over $100 million) to charity. On October 1, 1992, the image and sound recordings that are hotly sought after by Jackson fans around the world were also made. The concert recording, which was broadcast on the HBO channel, picked up in 60 countries and also transmitted by countless radio stations, still inspires people around the globe.",Andrew Morahan,N/A,https://www.themoviedb.org/movie/20227
Scouts Guide to the Zombie Apocalypse,6.546,"Three scouts and lifelong friends join forces with one badass cocktail waitress to become the world’s most unlikely team of heroes.  When their peaceful town is ravaged by a zombie invasion, they’ll fight for the badge of a lifetime and put their scouting skills to the test to save mankind from the undead.",Christopher Landon,https://www.youtube.com/watch?v=hKrAyaadZLg,https://www.themoviedb.org/movie/273477
Sitaare Zameen Par,7.6,A disgraced basketball coach is given the chance to coach a team of players who are intellectually disabled as part of community services. Gulshan has apprehensions at first and feels out of place but soon realizes they just might have what it takes to make it to the national championships.,R. S. Prasanna,https://www.youtube.com/watch?v=YH6k5weqwy8,https://www.themoviedb.org/movie/1190511
Bad Boys: Ride or Die,7.361,"After their late former Captain is framed, Lowrey and Burnett try to clear his name, only to end up on the run themselves.","Adil El Arbi, Bilall Fallah",https://www.youtube.com/watch?v=uWLNl_KQCAU,https://www.themoviedb.org/movie/573435
A Pacemaker and a Sidecar,5.8,"In a poor neighborhood, teenagers plot an assassination while a party is being organized for the local usurer.",André Forcier,N/A,https://www.themoviedb.org/movie/328752
When Jeff Tried to Save the World,5.7,"When Jeff discovers that the bowling alley he manages is being sold, he must do everything he can to save the place he's come to call home.",Kendall Goldberg,https://www.youtube.com/watch?v=UutWIQBZuq8,https://www.themoviedb.org/movie/481533
Final Days of Planet Earth,4.7,An archaeologist discovers that aliens posing as government officials are secretly harvesting human bodies in a bid to take over earth.,Rob Lieberman,N/A,https://www.themoviedb.org/movie/16067
Guy Ritchie's The Covenant,7.735,"During the war in Afghanistan, a local interpreter risks his own life to carry an injured sergeant across miles of grueling terrain.",Guy Ritchie,https://www.youtube.com/watch?v=02PPMPArNEQ,https://www.themoviedb.org/movie/882569
The Amazing Spider-Man,6.722,"Peter Parker is an outcast high schooler abandoned by his parents as a boy, leaving him to be raised by his Uncle Ben and Aunt May. Like most teenagers, Peter is trying to figure out who he is and how he got to be the person he is today. As Peter discovers a mysterious briefcase that belonged to his father, he begins a quest to understand his parents' disappearance – leading him directly to Oscorp and the lab of Dr. Curt Connors, his father's former partner. As Spider-Man is set on a collision course with Connors' alter ego, The Lizard, Peter will make life-altering choices to use his powers and shape his destiny to become a hero.",Marc Webb,https://www.youtube.com/watch?v=WLxul0Vzuhk,https://www.themoviedb.org/movie/1930
Ode to Joy,6.2,"Charlie suffers from a serious disease that causes acute narcolepsy whenever he is happy. Although he develops a variety of techniques to deny himself pleasure and deal with his sleep issues, they’re put to the test when he falls in love.",Jason Winer,https://www.youtube.com/watch?v=HIMO1IheTpA,https://www.themoviedb.org/movie/501989
Ritual,5.6,A father on vacation wakes up separated from his family and races through the woods to find them.,Joko Anwar,https://www.youtube.com/watch?v=tGXpbC-253E,https://www.themoviedb.org/movie/98368
The Nightmare Before Christmas,7.835,"Tired of scaring humans every October 31 with the same old bag of tricks, Jack Skellington, the spindly king of Halloween Town, kidnaps Santa Claus and plans to deliver shrunken heads and other ghoulish gifts to children on Christmas morning. But as Christmas approaches, Jack's rag-doll girlfriend, Sally, tries to foil his misguided plans.",Henry Selick,https://www.youtube.com/watch?v=IoYahD_xNR0,https://www.themoviedb.org/movie/9479
Silent Night Deadly Night 4: Initiation,4.2,A reporter investigating the bizarre death of a woman who leaped from a building in flames finds herself mixed up in a cult of witches who are making her part of their sacrificial ceremony during the Christmas season.,Brian Yuzna,https://www.youtube.com/watch?v=B9yRIvfJjsg,https://www.themoviedb.org/movie/59762
Tangled,7.611,"Feisty teenager Rapunzel, who has long and magical hair, wants to go and see sky lanterns on her eighteenth birthday, but she's bound to a tower by her overprotective mother. She strikes a deal with Flynn Rider, a charming wanted thief, and the duo set off on an action-packed escapade.","Byron Howard, Nathan Greno",https://www.youtube.com/watch?v=gsYKF8ecC8g,https://www.themoviedb.org/movie/38757
Chikan Densha: OL Kando Kurabe,5.5,,Takaaki Hashiguchi,N/A,https://www.themoviedb.org/movie/800378
Troy,7.165,"In year 1250 B.C. during the late Bronze age, two emerging nations begin to clash. Paris, the Trojan prince, convinces Helen, Queen of Sparta, to leave her husband Menelaus, and sail with him back to Troy. After Menelaus finds out that his wife was taken by the Trojans, he asks his brother Agamemnon to help him get her back. Agamemnon sees this as an opportunity for power. They set off with 1,000 ships holding 50,000 Greeks to Troy.",Wolfgang Petersen,https://www.youtube.com/watch?v=6FG3BfPuwBA,https://www.themoviedb.org/movie/652
Dead Poets Society,8.301,"At an elite, old-fashioned boarding school in New England, a passionate English teacher inspires his students to rebel against convention and seize the potential of every day, courting the disdain of the stern headmaster.",Peter Weir,https://www.youtube.com/watch?v=s_jsDreXFZU,https://www.themoviedb.org/movie/207
OLIVIA RODRIGO: driving home 2 u (a SOUR film),7.8,"Grammy® winner singer-songwriter Olivia Rodrigo takes a familiar road trip from Salt Lake City, where she began writing her debut album “SOUR,” to Los Angeles. Along the way, Rodrigo recounts the memories of writing and creating her record-breaking debut album and shares her feelings as a young woman navigating a specific time in her life. Through new live arrangements of her songs, intimate interviews and never-before-seen footage from the making of the album, audiences will follow Olivia along on a cinematic journey exploring the story of “SOUR.”",Stacey Lee,https://www.youtube.com/watch?v=o6MCkc6DUVw,https://www.themoviedb.org/movie/939790
Initial D: Third Stage,6.9,"With high school graduation right around the corner, Takumi Fujiwara has a lot on his mind and a lot to prepare for. Everything becomes even more complicated when Takumi is offered a spot on Ryosuke Takahashi's elite Kengai Racing Team, which seeks to assemble the greatest racers in the Gunma area for a tour of Japan's mountain passes. Before he can accept however, Takumi feels the need to settle the score with the Lancer Evo driving Emperor team, defend his downhill-racer crown against the son of his father's greatest rival, and finally settle things with his unfaithful girlfriend Natsuki.",Noboru Mitsusawa,N/A,https://www.themoviedb.org/movie/80741
"Signed, Sealed, Delivered: The Vows We Have Made",7.0,"As Shane and Oliver prepare to wed, the team helps an unwell boy reunite with a lost friend. A new employee may deliver the answer for Rita and Norman to start a family.",Linda-Lisa Hayter,N/A,https://www.themoviedb.org/movie/860271
Wicked: For Good,0.0,"Set in the Land of Oz, before and after Dorothy Gale’s arrival from Kansas, Elphaba and Glinda’s friendship is put to the test as they embrace their new respective identities as the Wicked Witch of the West and Glinda the Good Witch of the North, and how the consequences of their actions will change all of Oz forever.",Jon M. Chu,https://www.youtube.com/watch?v=R2Xubj7lazE,https://www.themoviedb.org/movie/967941
Already Dead,5.5,When Thomas Archer's happy and successful life is all but ruined following a horrific attack he is presented with a perfect opportunity to exact physical revenge upon the man who caused all his grief. However the immediate consequences of his actions and in-actions are much more complicated than he imagined.,Joe Otting,https://www.youtube.com/watch?v=9yK3kDA4o0A,https://www.themoviedb.org/movie/14105
Annabelle Comes Home,6.4,"Determined to keep Annabelle from wreaking more havoc, demonologists Ed and Lorraine Warren bring the possessed doll to the locked artifacts room in their home, placing her “safely” behind sacred glass and enlisting a priest’s holy blessing. But an unholy night of horror awaits as Annabelle awakens the evil spirits in the room, who all set their sights on a new target—the Warrens' ten-year-old daughter, Judy, and her friends.",Gary Dauberman,https://www.youtube.com/watch?v=bCxm7cTpBAs,https://www.themoviedb.org/movie/521029
The Cut,6.531,"A retired boxer intends to return to the ring for one last shot at the title, but first he must make the weight. Holed up in a room in Las Vegas with an unscrupulous trainer, he embarks on an intensive and illegal weight-cutting program.",Sean Ellis,https://www.youtube.com/watch?v=pJjPBTC0ypU,https://www.themoviedb.org/movie/1215798
Rise of the Footsoldier 3: The Pat Tate Story,6.2,"Notorious gangster, Pat Tate, rises through the ranks of Essex's criminal underworld. A prequel to the 'Rise of the Footsoldier' franchise.",Zackary Adler,https://www.youtube.com/watch?v=jzPsLEHImzk,https://www.themoviedb.org/movie/484889
Batman v Superman: Dawn of Justice,6.0,"Fearing the actions of a god-like Super Hero left unchecked, Gotham City’s own formidable, forceful vigilante takes on Metropolis’s most revered, modern-day savior, while the world wrestles with what sort of hero it really needs. And with Batman and Superman at war with one another, a new threat quickly arises, putting mankind in greater danger than it’s ever known before.",Zack Snyder,https://www.youtube.com/watch?v=s9EkdAHqtvU,https://www.themoviedb.org/movie/209112
Brain on Fire,7.029,"Susannah Cahalan, an up-and-coming journalist at the New York Post becomes plagued by voices in her head and seizures, causing a rapid descent into insanity.",Gerard Barrett,https://www.youtube.com/watch?v=VZn6G0M9wNs,https://www.themoviedb.org/movie/340027
Framed for Murder: A Fixer Upper Mystery,6.6,"In the small resort town of Lighthouse Cove, everyone knows that the best man for the job is a woman. And that woman is Shannon Hughes, owner of a construction company and an expert in Victorian home restoration and renovation. Through her renovations she will find clues to uncover the house’s secret past and in turn become an unlikely sleuth to help crack these unsolved mysteries",Mark Jean,https://www.youtube.com/watch?v=Ld4cq4eoJOI,https://www.themoviedb.org/movie/435720
Once Upon a Time... in Hollywood,7.426,"Los Angeles, 1969. TV star Rick Dalton, a struggling actor specializing in westerns, and stuntman Cliff Booth, his best friend, try to survive in a constantly changing movie industry. Dalton is the neighbor of the young and promising actress and model Sharon Tate, who has just married the prestigious Polish director Roman Polanski…",Quentin Tarantino,https://www.youtube.com/watch?v=vKgITiP1UMg,https://www.themoviedb.org/movie/466272
Ice Age: Dawn of the Dinosaurs,6.8,"Times are changing for Manny the moody mammoth, Sid the motor mouthed sloth and Diego the crafty saber-toothed tiger. Life heats up for our heroes when they meet some new and none-too-friendly neighbors – the mighty dinosaurs.",Carlos Saldanha,https://www.youtube.com/watch?v=byUCa2vjDik,https://www.themoviedb.org/movie/8355
Batman Begins,7.717,"Driven by tragedy, billionaire Bruce Wayne dedicates his life to uncovering and defeating the corruption that plagues his home, Gotham City.  Unable to work within the system, he instead creates a new identity, a symbol of fear for the criminal underworld - The Batman.",Christopher Nolan,https://www.youtube.com/watch?v=lirBhHXvDSg,https://www.themoviedb.org/movie/272
Ice Age,7.4,"With the impending ice age almost upon them, a mismatched trio of prehistoric critters – Manny the woolly mammoth, Diego the saber-toothed tiger and Sid the giant sloth – find an orphaned infant and decide to return it to its human parents. Along the way, the unlikely allies become friends but, when enemies attack, their quest takes on far nobler aims.",Chris Wedge,N/A,https://www.themoviedb.org/movie/425
Finding Nemo,7.817,"Nemo, an adventurous young clownfish, is unexpectedly taken from his Great Barrier Reef home to a dentist's office aquarium. It's up to his worrisome father Marlin and a friendly but forgetful fish Dory to bring Nemo home -- meeting vegetarian sharks, surfer dude turtles, hypnotic jellyfish, hungry seagulls, and more along the way.",Andrew Stanton,https://www.youtube.com/watch?v=ZS_8btMjx2U,https://www.themoviedb.org/movie/12
The Garfield Movie,7.038,"Garfield, the world-famous, Monday-hating, lasagna-loving indoor cat, is about to have a wild outdoor adventure! After an unexpected reunion with his long-lost father – scruffy street cat Vic – Garfield and his canine friend Odie are forced from their perfectly pampered life into joining Vic in a hilarious, high-stakes heist.",Mark Dindal,https://www.youtube.com/watch?v=yk2Ej59DnrE,https://www.themoviedb.org/movie/748783
Ted 2,6.316,"Newlywed couple Ted and Tami-Lynn want to have a baby, but in order to qualify to be a parent, Ted will have to prove he's a person in a court of law.",Seth MacFarlane,https://www.youtube.com/watch?v=mSG3R_2Uisw,https://www.themoviedb.org/movie/214756
The Next 365 Days,6.388,Laura and Massimo's relationship hangs in the balance as they try to overcome trust issues while a tenacious Nacho works to push them apart.,"Tomasz Mandes, Barbara Białowąs",https://www.youtube.com/watch?v=iXdw5wYI4cY,https://www.themoviedb.org/movie/829560
Of Love and Shadows,5.3,"Irene is a magazine editor living under the shadow of the Pinochet dictatorship in Chile. Francisco is a handsome photographer and he comes to Irene for a job. As a sympathizer with the underground resistance movement, Francisco opens her eyes and her heart to the atrocities being committed by the state.",Betty Kaplan,https://www.youtube.com/watch?v=0uijz9WWE3Q,https://www.themoviedb.org/movie/90148
Elemental,7.6,"In a city where fire, water, land and air residents live together, a fiery young woman and a go-with-the-flow guy will discover something elemental: how much they have in common.",Peter Sohn,https://www.youtube.com/watch?v=hXzcyx9V0xw,https://www.themoviedb.org/movie/976573
Doctor Strange in the Multiverse of Madness,7.245,"Doctor Strange, with the help of mystical allies both old and new, traverses the mind-bending and dangerous alternate realities of the Multiverse to confront a mysterious new adversary.",Sam Raimi,https://www.youtube.com/watch?v=Rf8LAYJSOL8,https://www.themoviedb.org/movie/453395
Whiplash,8.376,"Under the direction of a ruthless instructor, a talented young drummer begins to pursue perfection at any cost, even his humanity.",Damien Chazelle,https://www.youtube.com/watch?v=Q7kZy3T6vRM,https://www.themoviedb.org/movie/244786
GoodFellas,8.455,"The true story of Henry Hill, a half-Irish, half-Sicilian Brooklyn kid who is adopted by neighbourhood gangsters at an early age and climbs the ranks of a Mafia family under the guidance of Jimmy Conway.",Martin Scorsese,https://www.youtube.com/watch?v=PTBRNXGQR9Q,https://www.themoviedb.org/movie/769
Black Phone 2,0.0,"Four years after escaping The Grabber, Finney Blake, now 17, is struggling with his life after captivity. His sister Gwen begins receiving calls in her dreams from the black phone and seeing disturbing visions of three boys being stalked at a winter camp. The siblings are determined to solve the mystery and confront a killer who has grown more powerful in death and far more significant to them than either can imagine.",Scott Derrickson,https://www.youtube.com/watch?v=ZlkGbu2IY1w,https://www.themoviedb.org/movie/1197137
A Cloud in the Teeth,5.4,"Malisard is a reporter at ""Soir de Paris"", his colleague Prévot is a photographer. Together, they roam the streets of Paris.",Marco Pico,N/A,https://www.themoviedb.org/movie/155497
WALL·E,8.102,"What if mankind had to leave Earth and somebody forgot to turn the last robot off? After hundreds of years doing what he was built for, WALL•E discovers a new purpose in life when he meets a sleek search robot named EVE. EVE comes to realize that WALL•E has inadvertently stumbled upon the key to the planet's future, and races back to space to report to the humans. Meanwhile, WALL•E chases EVE across the galaxy and sets into motion one of the most imaginative adventures ever brought to the big screen.",Andrew Stanton,https://www.youtube.com/watch?v=Tbr_L9Gap_M,https://www.themoviedb.org/movie/10681
The Chess Game,4.7,"In 19th century, a disillusioned priest helps a young boy drifter who's a chess wunderkind to move on up in life and social structures using his talent. Years later, he's a success, but game of life and love has higher stakes than chess.",Yves Hanchar,N/A,https://www.themoviedb.org/movie/333237
Hovering Over the Water,7.5,"Laura Rossellini, a widow from Rome, vacations on the Algarve coast one hot summer. One day while sunbathing, she finds a wounded man named Robert drifting in the surf on a rubber raft. She takes him home, and, after he is revived, learns his story. As they talk, their mutual attraction grows, until a group of armed men suddenly arrive looking for Robert.",João César Monteiro,N/A,https://www.themoviedb.org/movie/83229
Howl's Moving Castle,8.396,"Sophie, a young milliner, is turned into an elderly woman by a witch who enters her shop and curses her. She encounters a wizard named Howl and gets caught up in his resistance to fighting for the king.",Hayao Miyazaki,https://www.youtube.com/watch?v=ARCQf2CEr8k,https://www.themoviedb.org/movie/4935
Ratatouille,7.8,"Remy, a resident of Paris, appreciates good food and has quite a sophisticated palate. He would love to become a chef so he can create and enjoy culinary masterpieces to his heart's delight. The only problem is, Remy is a rat. When he winds up in the sewer beneath one of Paris' finest restaurants, the rodent gourmet finds himself ideally placed to realize his dream.",Brad Bird,https://www.youtube.com/watch?v=NgsQ8mVkN8w,https://www.themoviedb.org/movie/2062
Showdown at the Grand,5.3,A proud movie theater owner must defend his family business from corporate developers alongside a legendary action star as art imitates life in a showdown for the ages.,Orson Oblowitz,https://www.youtube.com/watch?v=dLSr-ir9vlc,https://www.themoviedb.org/movie/1117269
The Blind Side,7.674,"The story of Michael Oher, a homeless and traumatized boy who became an All American football player and first round NFL draft pick with the help of a caring woman and her family.",John Lee Hancock,https://www.youtube.com/watch?v=KA56LqFszYI,https://www.themoviedb.org/movie/22881
Jolly LLB 3,8.333,"The third part of the Jolly LLB trilogy brings back Jagdish Tyagi and Jagdishwar Mishra for the biggest face-off as penurious widow Janki Devi Solanki awaits justice against business tycoon Haribhai Khaitan in a satire on the judiciary, justice and the gulf between the privileged and the people on the other side of the spectrum.",Subhash Kapoor,https://www.youtube.com/watch?v=eSgJ8PfSUSk,https://www.themoviedb.org/movie/1015981
Marlee Matlin: Not Alone Anymore,8.0,"In 1987, Marlee Matlin became the first Deaf actor to win an Academy Award and was thrust into the spotlight at 21 years old. Reflecting on her life in her primary language of American Sign Language, Marlee explores the complexities of what it means to be a trailblazer.",Shoshannah Stern,https://www.youtube.com/watch?v=yh7weSZkUU8,https://www.themoviedb.org/movie/1340117
Code Name: Wolverine,6.5,"Harry Gordini is on his way to Italy for a holiday with his family. On his way he accidentally picks up the wrong suitcase which holds in it hundreds of millions worth of new superdrug. Now the drugdealers want the drugs back and kidnap Harry's wife and son. But unfortunately Harry isn't just anyone, he's an ex-Navy SEAL and veteran of the Gulf war, code named ""Wolverine"". He successfully rescues his wife and kid from the drugdealers, but unfortunately their problems aren't yet over. Adolfo Jones, the head of the crime organisation, is still at large, and he's being helped by couple of dirty DEA-agents. Once again the drugdealer Jones is able to kidnap his son. So everything must come down to a final showdown between the ""Wolverine"" and Jones...",David Jackson,N/A,https://www.themoviedb.org/movie/267778
John Wick: Chapter 2,7.339,"John Wick is forced out of retirement by a former associate looking to seize control of a shadowy international assassins’ guild. Bound by a blood oath to aid him, Wick travels to Rome and does battle against some of the world’s most dangerous killers.",Chad Stahelski,https://www.youtube.com/watch?v=LZrX9mffH8Y,https://www.themoviedb.org/movie/324552
Screamboat,5.152,A late-night boat ride turns into a desperate fight for survival in New York City when a mischievous mouse becomes a monstrous reality.,Steven LaMorte,https://www.youtube.com/watch?v=TSm0EMHaUrw,https://www.themoviedb.org/movie/1225572
The Rise of the Krays,4.7,"Follows the early years of two unknown 18 year old amateur boxers who quickly fought their way to become the most feared and respected villains in London. Told through the eyes of a close friend that survived them, we see them rise to infamy through drugs, sex and murder.",Zackary Adler,https://www.youtube.com/watch?v=7ChEerbVbcE,https://www.themoviedb.org/movie/356216
The Equalizer,7.281,"McCall believes he has put his mysterious past behind him and dedicated himself to beginning a new, quiet life. But when he meets Teri, a young girl under the control of ultra-violent Russian gangsters, he can’t stand idly by – he has to help her. Armed with hidden skills that allow him to serve vengeance against anyone who would brutalize the helpless, McCall comes out of his self-imposed retirement and finds his desire for justice reawakened. If someone has a problem, if the odds are stacked against them, if they have nowhere else to turn, McCall will help. He is The Equalizer.",Antoine Fuqua,https://www.youtube.com/watch?v=BP_FwE0Z7no,https://www.themoviedb.org/movie/156022
The Godfather Part II,8.571,"In the continuing saga of the Corleone crime family, a young Vito Corleone grows up in Sicily and in 1910s New York. In the 1950s, Michael Corleone attempts to expand the family business into Las Vegas, Hollywood and Cuba.",Francis Ford Coppola,https://www.youtube.com/watch?v=7pfqivkYUlE,https://www.themoviedb.org/movie/240
Chasing the Dragon,6.912,"An illegal immigrant from Mainland China sneaks into the corrupt British-colonized Hong Kong in 1963, transforming himself into a ruthless drug lord.","Wong Jing, Jason Kwan",https://www.youtube.com/watch?v=FYu-yhnRzyE,https://www.themoviedb.org/movie/449927
Toy Story 3,7.802,"Woody, Buzz, and the rest of Andy's toys haven't been played with in years. With Andy about to go to college, the gang find themselves accidentally left at a nefarious day care center. The toys must band together to escape and return home to Andy.",Lee Unkrich,https://www.youtube.com/watch?v=2BlMNH1QTeE,https://www.themoviedb.org/movie/10193
Furiosa: A Mad Max Saga,7.465,"As the world falls, young Furiosa is snatched from the Green Place of Many Mothers into the hands of a great biker horde led by the warlord Dementus. Sweeping through the wasteland, they encounter the citadel presided over by Immortan Joe. The two tyrants wage war for dominance, and Furiosa must survive many trials as she puts together the means to find her way home.",George Miller,https://www.youtube.com/watch?v=LYV3001u574,https://www.themoviedb.org/movie/786892
Until Dawn,6.502,"One year after her sister Melanie mysteriously disappeared, Clover and her friends head into the remote valley where she vanished in search of answers. Exploring an abandoned visitor center, they find themselves stalked by a masked killer and horrifically murdered one by one...only to wake up and find themselves back at the beginning of the same evening.",David F. Sandberg,https://www.youtube.com/watch?v=xR3lVHnh0Gg,https://www.themoviedb.org/movie/1232546
Boston Strangler The Untold Story,3.7,"Boston Strangler: The Untold Story is an intense true-crime thriller about Albert De Salvo, a wise cracking, small time criminal with an unrelenting sex drive, who ultimately falsely confesses to being the strangler that wreaked havoc in Boston during the early sixties. Guided by his manipulative cell mate, who knows more about the murders than he reveals, they devise a plan to gain all of the notoriety from the killings and the money from the reward. Meanwhile, Detective John Marsden, searches out the truth certain that they were not committed by one man. Fighting the bureaucracy of the day, Marsden lets his emotions get the best of him as he follows the trail of the murders.",Michael Feifer,N/A,https://www.themoviedb.org/movie/28937
Flight Risk,5.999,"A U.S. Marshal escorts a government witness to trial after he's accused of getting involved with a mob boss, only to discover that the pilot who is transporting them is also a hitman sent to assassinate the informant. After they subdue him, they're forced to fly together after discovering that there are others attempting to eliminate them.",Mel Gibson,https://www.youtube.com/watch?v=uaodj8Myt3A,https://www.themoviedb.org/movie/1126166
Bicentennial Man,7.27,"Richard Martin buys a gift, a new NDR-114 robot. The product is named Andrew by the youngest of the family's children. ""Bicentennial Man"" follows the life and times of Andrew, a robot purchased as a household appliance programmed to perform menial tasks. As Andrew begins to experience emotions and creative thought, the Martin family soon discovers they don't have an ordinary robot.",Chris Columbus,https://www.youtube.com/watch?v=NRFxf-2J1GM,https://www.themoviedb.org/movie/2277
The Rats Are Coming! The Werewolves Are Here!,3.5,The daughter in a family of werewolves decides to put an end to the family curse.,Andy Milligan,https://www.youtube.com/watch?v=-HQR5-ACk8Q,https://www.themoviedb.org/movie/74826
Dark Shadows,6.096,Vampire Barnabas Collins is inadvertently freed from his tomb and emerges into the very changed world of 1972. He returns to Collinwood Manor to find that his once-grand estate and family have fallen into ruin.,Tim Burton,https://www.youtube.com/watch?v=4cVcpz8H3Pk,https://www.themoviedb.org/movie/62213
Gone Girl,7.89,"With his wife's disappearance having become the focus of an intense media circus, a man sees the spotlight turned on him when it's suspected that he may not be innocent.",David Fincher,https://www.youtube.com/watch?v=2-_-1nJf8Vg,https://www.themoviedb.org/movie/210577
The Killer's Game,6.401,"When top hitman Joe Flood is diagnosed with a terminal illness, he decides to take matters into his own hands – by taking a hit out on himself. But when the very hitmen he hired also target his ex-girlfriend, he must fend off an army of assassin colleagues and win back the love of his life before it's too late.",J.J. Perry,https://www.youtube.com/watch?v=reQVL41DRmM,https://www.themoviedb.org/movie/507241
Already Tomorrow in Hong Kong,5.959,"Ruby, a Chinese American toy designer from LA, visits Hong Kong for the first time on business. Finding herself stranded, she meets Josh, an American expat who shows her the city.",Emily Ting,https://www.youtube.com/watch?v=yQ3OSU5u-KQ,https://www.themoviedb.org/movie/339148
Catch Me If You Can,7.979,"A true story about Frank Abagnale Jr. who, before his 19th birthday, successfully conned millions of dollars worth of checks as a Pan Am pilot, doctor, and legal prosecutor. An FBI agent makes it his mission to put him behind bars. But Frank not only eludes capture, he revels in the pursuit.",Steven Spielberg,https://www.youtube.com/watch?v=71rDQ7z4eFg,https://www.themoviedb.org/movie/640
Iron Man 3,6.929,"When Tony Stark's world is torn apart by a formidable terrorist called the Mandarin, he starts an odyssey of rebuilding and retribution.",Shane Black,https://www.youtube.com/watch?v=VcZdrfDeJTo,https://www.themoviedb.org/movie/68721
Iron Man,7.654,"After being held captive in an Afghan cave, billionaire engineer Tony Stark creates a unique weaponized suit of armor to fight evil.",Jon Favreau,https://www.youtube.com/watch?v=KAE5ymVLmZg,https://www.themoviedb.org/movie/1726
Asylum: Twisted Horror and Fantasy Tales,5.932,"Brandon prepares to give his last stand-up comedy show. As his stories and jokes pass, the public begins to cheer up. But at that precise moment Brandon will realize that these stories have a strong relationship with his past. More than he imagines.","Vincent Paronnaud, Kheireddine El-Helou, Damien LeVeck, Carlos Goitia, Alejandro Damiani, Caye Casas, Henryk Witscherkowsky, Andrew Desmond, Adam O'Brien, Mat Johns, Denis Walgenwitz, Albert Pintó",https://www.youtube.com/watch?v=WU6xeVTnQvI,https://www.themoviedb.org/movie/704630
Operation Fortune: Ruse de Guerre,6.479,Special agent Orson Fortune and his team of operatives recruit one of Hollywood's biggest movie stars to help them on an undercover mission when the sale of a deadly new weapons technology threatens to disrupt the world order.,Guy Ritchie,https://www.youtube.com/watch?v=WdZ-BWWQcWQ,https://www.themoviedb.org/movie/739405
The Man in My Basement,6.8,"Down on his luck, Charles Blakey agrees to rent his basement to a mysterious stranger, unaware he may be letting in a force much darker than he imagined.",Nadia Latif,https://www.youtube.com/watch?v=TzTBiay8-zk,https://www.themoviedb.org/movie/957121
My Friend's Wife,6.8,"I want to spend all night with my friend's wife who is extremely sexy. Jeong-woo is a husband who can't get an erection while his marriage is going down the drain.  A friend and his wife from the States suggest a couples trip and Jeong-woo meets his friend's wife Hye-sook who is extremely sexy. His 'package' keeps getting stimlated every time he sees her. He tries to ignore it but every time he sees her, he gets sexual fantasies. Finally, he suggests to his friend, to 'switch' partners...",Tak Seung-oh,N/A,https://www.themoviedb.org/movie/372049
Edge of Tomorrow,7.632,"Major Bill Cage is an officer who has never seen a day of combat when he is unceremoniously demoted and dropped into combat. Cage is killed within minutes, managing to take an alpha alien down with him. He awakens back at the beginning of the same day and is forced to fight and die again... and again - as physical contact with the alien has thrown him into a time loop.",Doug Liman,https://www.youtube.com/watch?v=eb8wTIcGLgQ,https://www.themoviedb.org/movie/137113
Schindler's List,8.566,The true story of how businessman Oskar Schindler saved over a thousand Jewish lives from the Nazis while they worked as slaves in his factory during World War II.,Steven Spielberg,https://www.youtube.com/watch?v=v0RB-3sWbBA,https://www.themoviedb.org/movie/424
Me Before You,7.928,"A small town girl is caught between dead-end jobs. A high-profile, successful man becomes wheelchair bound following an accident. The man decides his life is not worth living until the girl is hired for six months to be his new caretaker. Worlds apart and trapped together by circumstance, the two get off to a rocky start. But the girl becomes determined to prove to the man that life is worth living and as they embark on a series of adventures together, each finds their world changing in ways neither of them could begin to imagine.",Thea Sharrock,https://www.youtube.com/watch?v=T0MmkG_nG1U,https://www.themoviedb.org/movie/296096
The Desperate Trail,4.727,"Amiable con man Jack Cooper is on a westbound stagecoach, headed for the next batch of suckers who will mistake him for an easy mark. Fiery Sarah O'Rourke rides the same coach, handcuffed to lawman Bill Speakes and headed for the hangman. In a few hours, all should reach their destinations. But the trail they travel takes an unexpected turn: Cooper and O'Rourke are soon off the stage and running for their lives. The law ends and the chase begins in a very alive tale of wanted-dead-or-alive fugitives (Linda Fiorentino and Craig Sheffer) pursued by a marshal (Sam Elliott) who's a law unto himself.",P.J. Pesce,https://www.youtube.com/watch?v=qt59aiSTI98,https://www.themoviedb.org/movie/67051
Fantastic Four: Rise of the Silver Surfer,5.623,"The Fantastic Four return to the big screen as a new and all powerful enemy threatens the Earth. The seemingly unstoppable 'Silver Surfer', but all is not what it seems and there are old and new enemies that pose a greater threat than the intrepid superheroes realize.",Tim Story,https://www.youtube.com/watch?v=Wiu5eZ_7vSY,https://www.themoviedb.org/movie/1979
Solo Leveling -ReAwakening-,7.0,"Over a decade after 'gates' connecting worlds appeared, awakening 'hunters' with superpowers, weakest hunter Sung Jinwoo encounters a double dungeon and accepts a mysterious quest, becoming the only one able to level up, changing his fate. A catch-up recap of the first season coupled with an exclusive sneak peek of the first two episodes of the highly anticipated second season in one momentous theatrical fan experience.",Shunsuke Nakashige,https://www.youtube.com/watch?v=UdIXUDpeTXU,https://www.themoviedb.org/movie/1357633
Shutter Island,8.201,"World War II soldier-turned-U.S. Marshal Teddy Daniels investigates the disappearance of a patient from a hospital for the criminally insane, but his efforts are compromised by troubling visions and a mysterious doctor.",Martin Scorsese,https://www.youtube.com/watch?v=qdPw9x9h5CY,https://www.themoviedb.org/movie/11324
Kayara,7.6,"A courageous and athletic teenager, Kayara dreams that she is destined to be the first female to break into the league of Chasquis - the official messengers of the Incan empire. As she learns what it takes to be a Chasqui along with its challenges, she tackles every mission she gets and discovers the ancient stories of her land and her people.",Cesar Zelada,https://www.youtube.com/watch?v=i_wI-56g7aI,https://www.themoviedb.org/movie/666154
Iron Man,7.654,"After being held captive in an Afghan cave, billionaire engineer Tony Stark creates a unique weaponized suit of armor to fight evil.",Jon Favreau,https://www.youtube.com/watch?v=KAE5ymVLmZg,https://www.themoviedb.org/movie/1726
The Mummy,7.0,Dashing legionnaire Rick O'Connell stumbles upon the hidden ruins of Hamunaptra while in the midst of a battle to claim the area in 1920s Egypt. It has been over three thousand years since former High Priest Imhotep suffered a fate worse than death as a punishment for a forbidden love—along with a curse that guarantees eternal doom upon the world if he is ever awoken.,Stephen Sommers,https://www.youtube.com/watch?v=OGOBz4t7OXs,https://www.themoviedb.org/movie/564
The Twilight Saga: New Moon,5.994,"Forks, Washington resident Bella Swan is reeling from the departure of her vampire love, Edward Cullen, and finds comfort in her friendship with Jacob Black, a werewolf. But before she knows it, she's thrust into a centuries-old conflict, and her desire to be with Edward at any cost leads her to take greater and greater risks.",Chris Weitz,https://www.youtube.com/watch?v=q58iQSHhZGg,https://www.themoviedb.org/movie/18239
Good Will Hunting,8.157,"Headstrong yet aimless, Will Hunting has a genius-level IQ but chooses to work as a janitor at MIT. When he secretly solves highly difficult graduate-level math problems, his talents are discovered by Professor Gerald Lambeau, who decides to help the misguided youth reach his potential. When Will is arrested for attacking a police officer, Professor Lambeau makes a deal to get leniency for him if he gets court-ordered therapy. Eventually, therapist Dr. Sean Maguire helps Will confront the demons that are holding him back.",Gus Van Sant,https://www.youtube.com/watch?v=_X0XUBOcsxI,https://www.themoviedb.org/movie/489
Until Dawn,6.5,"One year after her sister Melanie mysteriously disappeared, Clover and her friends head into the remote valley where she vanished in search of answers. Exploring an abandoned visitor center, they find themselves stalked by a masked killer and horrifically murdered one by one...only to wake up and find themselves back at the beginning of the same evening.",David F. Sandberg,https://www.youtube.com/watch?v=xR3lVHnh0Gg,https://www.themoviedb.org/movie/1232546
Obsessed,6.8,"A secret, passionate affair happens in the summer of 1969 between Colonel Jin Pyeong, trapped in a loveless marriage with Soo Jin, and Jong Ga Heun, the Chinese-Korean wife of Captain Kyung Woo Jin.",Kim Dae-woo,https://www.youtube.com/watch?v=40NSEn733iU,https://www.themoviedb.org/movie/269955
Guy Ritchie's The Covenant,7.735,"During the war in Afghanistan, a local interpreter risks his own life to carry an injured sergeant across miles of grueling terrain.",Guy Ritchie,https://www.youtube.com/watch?v=02PPMPArNEQ,https://www.themoviedb.org/movie/882569
A Pacemaker and a Sidecar,5.8,"In a poor neighborhood, teenagers plot an assassination while a party is being organized for the local usurer.",André Forcier,N/A,https://www.themoviedb.org/movie/328752
The Life of Chuck,7.4,"In this extraordinary story of an ordinary man, Charles 'Chuck' Krantz experiences the wonder of love, the heartbreak of loss, and the multitudes contained in all of us.",Mike Flanagan,https://www.youtube.com/watch?v=jlN1Mmj6YNo,https://www.themoviedb.org/movie/842924
Teenage Mutant Ninja Turtles,5.921,"When a kingpin threatens New York City, a group of mutated turtle warriors must emerge from the shadows to protect their home.",Jonathan Liebesman,https://www.youtube.com/watch?v=dwXFsrp6WBs,https://www.themoviedb.org/movie/98566
Smile 2,6.6,"About to embark on a new world tour, global pop sensation Skye Riley begins experiencing increasingly terrifying and inexplicable events. Overwhelmed by the escalating horrors and the pressures of fame, Skye is forced to face her dark past to regain control of her life before it spirals out of control.",Parker Finn,https://www.youtube.com/watch?v=FU_bAopCcSE,https://www.themoviedb.org/movie/1100782
Walking and Talking,6.1,"Just as Amelia thinks she's over her anxiety and insecurity, her best friend announces her engagement, bringing her anxiety and insecurity right back.",Nicole Holofcener,https://www.youtube.com/watch?v=ohAd27SbH6E,https://www.themoviedb.org/movie/49963
731,3.25,"Based on true events set during WWII in Northeast China, an ordinary man is thrust into a turbulent fate against the backdrop of the inhumane bacterial experiments conducted by the Japanese Imperial Army's notorious Unit 731.",Zhao Linshan,https://www.youtube.com/watch?v=EmecKft35rM,https://www.themoviedb.org/movie/1321624
Babygirl,5.748,A high-powered CEO puts her career and family on the line when she begins a torrid affair with her much younger intern.,Halina Reijn,https://www.youtube.com/watch?v=9XXoNB0lVGo,https://www.themoviedb.org/movie/1097549
Yoon-Yool's Men Affairs,0.0,"Na-ri joined the company as a new employe, capturing the hearts of her colleagues with her outstanding skills and looks, but she had a plan! She pretends to be in love with the president's son, registered her marriage with him, and have other male motives who don't know about it pay for him recklessly. It's a love-war-like story where Hye-seon, who was in an internal relationship with the president, proceeds with the plan that Na-ri has made and eventually takes over the company.",Mr. Na,N/A,https://www.themoviedb.org/movie/938090
28 Weeks Later,6.609,"Twenty-eight weeks after the spread of a deadly rage virus, the inhabitants of the British Isles have lost their battle against the onslaught, as the virus has killed everyone there. Six months later, a group of Americans dare to set foot on the Isles, convinced the danger has passed. But it soon becomes all too clear that the scourge continues to live, waiting to pounce on its next victims.",Juan Carlos Fresnadillo,https://www.youtube.com/watch?v=gPOt4mAEfBE,https://www.themoviedb.org/movie/1562
A Christmas to Savour,5.4,"Scarlett is a chef and co-owner of a restaurant. This year, her best friend buys her a ticket to a holiday cooking getaway, where Scarlett will relearn festive cooking, and maybe find love in a handsome rival chef from her past.",Jessica Harmon,https://www.youtube.com/watch?v=MeWwoBbs1sw,https://www.themoviedb.org/movie/844819
Aquaman and the Lost Kingdom,6.578,"Black Manta seeks revenge on Aquaman for his father's death. Wielding the Black Trident's power, he becomes a formidable foe. To defend Atlantis, Arthur (Aquaman) forges an alliance with his imprisoned brother. They must protect the kingdom.",James Wan,https://www.youtube.com/watch?v=4cSkHPW-MPE,https://www.themoviedb.org/movie/572802
Instintos,7.417,"Maggie is in her final days of pregnancy, when she and her husband Sean are attacked in their isolated home by two people who decide to wait with them until Monday to empty the family's bank accounts.",Sebastián Borensztein,N/A,https://www.themoviedb.org/movie/1537780
Good Will Hunting,8.157,"Headstrong yet aimless, Will Hunting has a genius-level IQ but chooses to work as a janitor at MIT. When he secretly solves highly difficult graduate-level math problems, his talents are discovered by Professor Gerald Lambeau, who decides to help the misguided youth reach his potential. When Will is arrested for attacking a police officer, Professor Lambeau makes a deal to get leniency for him if he gets court-ordered therapy. Eventually, therapist Dr. Sean Maguire helps Will confront the demons that are holding him back.",Gus Van Sant,https://www.youtube.com/watch?v=_X0XUBOcsxI,https://www.themoviedb.org/movie/489
Thor,6.769,"Against his father Odin's will, The Mighty Thor - a powerful but arrogant warrior god - recklessly reignites an ancient war. Thor is cast down to Earth and forced to live among humans as punishment. Once here, Thor learns what it takes to be a true hero when the most dangerous villain of his world sends the darkest forces of Asgard to invade Earth.",Kenneth Branagh,https://www.youtube.com/watch?v=uHBnrJowBZE,https://www.themoviedb.org/movie/10195
Solo Leveling -ReAwakening-,7.0,"Over a decade after 'gates' connecting worlds appeared, awakening 'hunters' with superpowers, weakest hunter Sung Jinwoo encounters a double dungeon and accepts a mysterious quest, becoming the only one able to level up, changing his fate. A catch-up recap of the first season coupled with an exclusive sneak peek of the first two episodes of the highly anticipated second season in one momentous theatrical fan experience.",Shunsuke Nakashige,https://www.youtube.com/watch?v=UdIXUDpeTXU,https://www.themoviedb.org/movie/1357633
Site,6.583,"After a terrifying encounter at an abandoned government test site, a small town family man begins seeing haunting visions of a past that threatens to destroy his present.",Jason Eric Perlman,https://www.youtube.com/watch?v=gvtcNsE6oZk,https://www.themoviedb.org/movie/1188423
Snoopy Presents: A Summer Musical,7.5,"Music and glee fill the air as Charlie Brown and the gang head off to summer camp. First-timer Sally doesn't get what all the hype is about. But when the camp may be forced to close, they team up to save it so more kids can make their own special memories.",Erik Wiese,https://www.youtube.com/watch?v=Bnd8wceX9ok,https://www.themoviedb.org/movie/1484453
The Departed,8.159,"To take down South Boston's Irish Mafia, the police send in one of their own to infiltrate the underworld, not realizing the syndicate has done likewise. While an undercover cop curries favor with the mob kingpin, a career criminal rises through the police ranks. But both sides soon discover there's a mole among them.",Martin Scorsese,https://www.youtube.com/watch?v=r-MiSNsCdQ4,https://www.themoviedb.org/movie/1422
The Mandalorian and Grogu,0.0,"The evil Empire has fallen, and Imperial warlords remain scattered throughout the galaxy. As the fledgling New Republic works to protect everything the Rebellion fought for, they have enlisted the help of legendary Mandalorian bounty hunter Din Djarin and his young apprentice Grogu.",Jon Favreau,https://www.youtube.com/watch?v=_pa1KLXuW0Y,https://www.themoviedb.org/movie/1228710
Jaws,7.678,"When the seaside community of Amity finds itself under attack by a dangerous great white shark, the town's chief of police, a young marine biologist, and a grizzled hunter embark on a desperate quest to destroy the beast before it strikes again.",Steven Spielberg,https://www.youtube.com/watch?v=N9hzLQUGr34,https://www.themoviedb.org/movie/578
Hacksaw Ridge,8.192,"WWII American Army Medic Desmond T. Doss, who served during the Battle of Okinawa, refuses to kill people and becomes the first Conscientious Objector in American history to receive the Congressional Medal of Honor.",Mel Gibson,https://www.youtube.com/watch?v=s2-1hz1juBI,https://www.themoviedb.org/movie/324786
The Life of Chuck,7.386,"In this extraordinary story of an ordinary man, Charles 'Chuck' Krantz experiences the wonder of love, the heartbreak of loss, and the multitudes contained in all of us.",Mike Flanagan,https://www.youtube.com/watch?v=jlN1Mmj6YNo,https://www.themoviedb.org/movie/842924
Thor: The Dark World,6.5,"Thor fights to restore order across the cosmos… but an ancient race led by the vengeful Malekith returns to plunge the universe back into darkness. Faced with an enemy that even Odin and Asgard cannot withstand, Thor must embark on his most perilous and personal journey yet, one that will reunite him with Jane Foster and force him to sacrifice everything to save us all.",Alan Taylor,https://www.youtube.com/watch?v=npvJ9FTgZbM,https://www.themoviedb.org/movie/76338
Kalakal,7.2,"A seductive female garbage collector who embraces the life of an escort lady. Desperate to live a comfortable life, she leaves the dumpsite and enters the club. But can she also dump both her brother and her lover who remind her of her past?",Roman Perez Jr.,N/A,https://www.themoviedb.org/movie/1476292
Madagascar,6.916,Four animal friends get a taste of the wild life when they break out of captivity at the Central Park Zoo and wash ashore on the island of Madagascar.,"Eric Darnell, Tom McGrath",https://www.youtube.com/watch?v=dm-eiFVtRws,https://www.themoviedb.org/movie/953
District 9,7.455,"Thirty years ago, aliens arrive on Earth. Not to conquer or give aid, but to find refuge from their dying planet. Separated from humans in a South African area called District 9, the aliens are managed by Multi-National United, which is unconcerned with the aliens' welfare but will do anything to master their advanced technology. When a company field agent contracts a mysterious virus that begins to alter his DNA, there is only one place he can hide: District 9.",Neill Blomkamp,https://www.youtube.com/watch?v=_BjWEn5yvmw,https://www.themoviedb.org/movie/17654
Deadpool,7.6,"The origin story of former Special Forces operative turned mercenary Wade Wilson, who, after being subjected to a rogue experiment that leaves him with accelerated healing powers, adopts the alter ego Deadpool. Armed with his new abilities and a dark, twisted sense of humor, Deadpool hunts down the man who nearly destroyed his life.",Tim Miller,https://www.youtube.com/watch?v=9vN6DHB6bJc,https://www.themoviedb.org/movie/293660
After Truth: Disinformation and the Cost of Fake News,6.5,"An investigation into the ongoing threat caused by the phenomenon of “fake news” in the U.S., focusing on the real-life consequences that disinformation, conspiracy theories and false news stories have on the average citizen.",Andrew Rossi,https://www.youtube.com/watch?v=GLi7cNAJKA8,https://www.themoviedb.org/movie/680438
"Hocus Pocus, Alfie Atkins!",4.0,"Albert thinks he is old enough to get a dog, as he's now seven. He tries to convince dad that he's not too young, even if he has an imaginary best friend to help him solve his problems. He gets new hope, when he gets to know a magician. But is magic what's needed to get father's understanding and a dog?",Torill Kove,N/A,https://www.themoviedb.org/movie/223402
Madagascar,6.916,Four animal friends get a taste of the wild life when they break out of captivity at the Central Park Zoo and wash ashore on the island of Madagascar.,"Eric Darnell, Tom McGrath",https://www.youtube.com/watch?v=dm-eiFVtRws,https://www.themoviedb.org/movie/953
Showdown at the Grand,5.3,A proud movie theater owner must defend his family business from corporate developers alongside a legendary action star as art imitates life in a showdown for the ages.,Orson Oblowitz,https://www.youtube.com/watch?v=dLSr-ir9vlc,https://www.themoviedb.org/movie/1117269
Instintos,7.417,"Maggie is in her final days of pregnancy, when she and her husband Sean are attacked in their isolated home by two people who decide to wait with them until Monday to empty the family's bank accounts.",Sebastián Borensztein,N/A,https://www.themoviedb.org/movie/1537780
Dark Shadows,6.096,Vampire Barnabas Collins is inadvertently freed from his tomb and emerges into the very changed world of 1972. He returns to Collinwood Manor to find that his once-grand estate and family have fallen into ruin.,Tim Burton,https://www.youtube.com/watch?v=4cVcpz8H3Pk,https://www.themoviedb.org/movie/62213
Boston Strangler The Untold Story,3.7,"Boston Strangler: The Untold Story is an intense true-crime thriller about Albert De Salvo, a wise cracking, small time criminal with an unrelenting sex drive, who ultimately falsely confesses to being the strangler that wreaked havoc in Boston during the early sixties. Guided by his manipulative cell mate, who knows more about the murders than he reveals, they devise a plan to gain all of the notoriety from the killings and the money from the reward. Meanwhile, Detective John Marsden, searches out the truth certain that they were not committed by one man. Fighting the bureaucracy of the day, Marsden lets his emotions get the best of him as he follows the trail of the murders.",Michael Feifer,N/A,https://www.themoviedb.org/movie/28937
The Departed,8.159,"To take down South Boston's Irish Mafia, the police send in one of their own to infiltrate the underworld, not realizing the syndicate has done likewise. While an undercover cop curries favor with the mob kingpin, a career criminal rises through the police ranks. But both sides soon discover there's a mole among them.",Martin Scorsese,https://www.youtube.com/watch?v=r-MiSNsCdQ4,https://www.themoviedb.org/movie/1422
Erotic Ghost Story III,5.654,"A wanderer meets a monk with magical powers and becomes entranced by a mural of exquisite dancing women. He enters the painting, unaware of the conspiracy behind it, and must rescue the women who are trapped within.",Ivan Lai Kai-Ming,N/A,https://www.themoviedb.org/movie/105825
Civil War,6.855,"In the near future, a group of war journalists attempt to survive while reporting the truth as the United States stands on the brink of civil war.",Alex Garland,https://www.youtube.com/watch?v=c2G18nIVpNE,https://www.themoviedb.org/movie/929590
Lilo & Stitch,7.6,"As Stitch, a runaway genetic experiment from a faraway planet, wreaks havoc on the Hawaiian Islands, he becomes the mischievous adopted alien ""puppy"" of an independent little girl named Lilo and learns about loyalty, friendship, and ʻohana, the Hawaiian tradition of family.","Dean DeBlois, Chris Sanders",https://www.youtube.com/watch?v=wAtaSKQ4-T0,https://www.themoviedb.org/movie/11544
Female Teacher Closing the Door,5.6,A sensual suspense that tells the story of a female teacher and a young student locked in a closed room in the middle of summer.,Hideo Jojo,https://www.youtube.com/watch?v=t11hBgJ5FgM,https://www.themoviedb.org/movie/1055110
Blood Red Sky,6.815,"A woman with a mysterious illness is forced into action when a group of terrorists attempt to hijack a transatlantic overnight flight. In order to protect her son she will have to reveal a dark secret, and unleash the inner monster she has fought to hide.",Peter Thorwarth,https://www.youtube.com/watch?v=U8M_1eyrBtQ,https://www.themoviedb.org/movie/760883
Edge of Tomorrow,7.632,"Major Bill Cage is an officer who has never seen a day of combat when he is unceremoniously demoted and dropped into combat. Cage is killed within minutes, managing to take an alpha alien down with him. He awakens back at the beginning of the same day and is forced to fight and die again... and again - as physical contact with the alien has thrown him into a time loop.",Doug Liman,https://www.youtube.com/watch?v=eb8wTIcGLgQ,https://www.themoviedb.org/movie/137113
Real Steel,7.061,"Charlie Kenton is a washed-up fighter who retired from the ring when robots took over the sport. After his robot is trashed, he reluctantly teams up with his estranged son to rebuild and train an unlikely contender.",Shawn Levy,https://www.youtube.com/watch?v=obYuPJH2oTE,https://www.themoviedb.org/movie/39254
Homework,6.6,"Virginia is taking a class at film school, and has decided on her solo project for the class. She will secretly film herself and her ex-husband Marcelo with a candid camera while they make love.",Jaime Humberto Hermosillo,N/A,https://www.themoviedb.org/movie/205763
Devara: Part 1,7.0,"Devara, a fearless man from a coastal region, embarks on a perilous journey into the treacherous world of the sea to safeguard the lives of his people. Unbeknownst to him, his brother Bhaira is plotting a conspiracy against him. As events unfold, Devara passes on his legacy to his mild-mannered and timid son, Varada.",Koratala Siva,https://www.youtube.com/watch?v=S5wQD_0WGTA,https://www.themoviedb.org/movie/811941
Diablo,7.285,"Ex-con Kris Chaney seizes the daughter of a Colombian gangster to fulfill a noble promise to the young girl's mother. When her father enlists both the criminal underworld and a psychotic killer to exact his revenge, Kris relies on everything he's ever learned to stay alive and keep his word.",Ernesto Díaz Espinoza,https://www.youtube.com/watch?v=ANKPsCTh0Og,https://www.themoviedb.org/movie/1127110
Strange Darling,6.944,Nothing is what it seems when a twisted one-night stand spirals into a serial killer’s vicious murder spree.,JT Mollner,https://www.youtube.com/watch?v=F_F3f_Fqtrc,https://www.themoviedb.org/movie/1029281
Black Panther: Wakanda Forever,7.037,"Queen Ramonda, Shuri, M’Baku, Okoye and the Dora Milaje fight to protect their nation from intervening world powers in the wake of King T’Challa’s death.  As the Wakandans strive to embrace their next chapter, the heroes must band together with the help of War Dog Nakia and Everett Ross and forge a new path for the kingdom of Wakanda.",Ryan Coogler,https://www.youtube.com/watch?v=_Z3QKkl1WyM,https://www.themoviedb.org/movie/505642
Redeeming Love,7.858,A retelling of the biblical book of Hosea set against the backdrop of the California Gold Rush of 1850.,D.J. Caruso,https://www.youtube.com/watch?v=NJSjS36Pgx8,https://www.themoviedb.org/movie/698508
Transformers: Rise of the Beasts,7.21,"When a new threat capable of destroying the entire planet emerges, Optimus Prime and the Autobots must team up with a powerful faction known as the Maximals. With the fate of humanity hanging in the balance, humans Noah and Elena will do whatever it takes to help the Transformers as they engage in the ultimate battle to save Earth.",Steven Caple Jr.,https://www.youtube.com/watch?v=ZtuFgnxQMrA,https://www.themoviedb.org/movie/667538
Nosferatu,6.7,"A gothic tale of obsession between a haunted young woman and the terrifying vampire infatuated with her, causing untold horror in its wake.",Robert Eggers,https://www.youtube.com/watch?v=nulvWqYUM8k,https://www.themoviedb.org/movie/426063
Babygirl,5.749,A high-powered CEO puts her career and family on the line when she begins a torrid affair with her much younger intern.,Halina Reijn,https://www.youtube.com/watch?v=9XXoNB0lVGo,https://www.themoviedb.org/movie/1097549
Kayara,7.6,"A courageous and athletic teenager, Kayara dreams that she is destined to be the first female to break into the league of Chasquis - the official messengers of the Incan empire. As she learns what it takes to be a Chasqui along with its challenges, she tackles every mission she gets and discovers the ancient stories of her land and her people.",Cesar Zelada,https://www.youtube.com/watch?v=i_wI-56g7aI,https://www.themoviedb.org/movie/666154
The Hunger Games: Mockingjay - Part 1,6.8,"After surviving the Quarter Quell, Katniss finds herself in the hidden stronghold of District 13, where the rebellion against the Capitol is gaining momentum. Struggling with the weight of becoming the symbol of resistance, she must navigate fragile alliances while trying to protect those she loves. As propaganda battles rage and Panem moves closer to full-scale war, Katniss is forced to confront the true cost of revolution.",Francis Lawrence,https://www.youtube.com/watch?v=IXshQ5mv1K8,https://www.themoviedb.org/movie/131631
The Black Phone,7.561,"Finney Blake, a shy but clever 13-year-old boy, is abducted by a sadistic killer and trapped in a soundproof basement where screaming is of little use. When a disconnected phone on the wall begins to ring, Finney discovers that he can hear the voices of the killer’s previous victims. And they are dead set on making sure that what happened to them doesn’t happen to Finney.",Scott Derrickson,https://www.youtube.com/watch?v=nQWAVkx8O74,https://www.themoviedb.org/movie/756999
Fantastic Four: Rise of the Silver Surfer,5.623,"The Fantastic Four return to the big screen as a new and all powerful enemy threatens the Earth. The seemingly unstoppable 'Silver Surfer', but all is not what it seems and there are old and new enemies that pose a greater threat than the intrepid superheroes realize.",Tim Story,https://www.youtube.com/watch?v=Wiu5eZ_7vSY,https://www.themoviedb.org/movie/1979
Villa Rides,6.3,"Pulled into the Mexican Revolution by his own greed, Texas gunrunner and pilot Lee Arnold joins bandit-turned-patriot Pancho Villa and his band of dedicated men in a march across Mexico battling the Colorados and stealing women's hearts as they go. But each has a nemesis among his friends: Arnold is tormented by Fierro, Villa's right-hand-man; and Villa must face possible betrayal by his own president's naiveté",Buzz Kulik,https://www.youtube.com/watch?v=VL65g9g5iac,https://www.themoviedb.org/movie/48564
Shrek Forever After,6.388,"A bored and domesticated Shrek pacts with deal-maker Rumpelstiltskin to get back to feeling like a real ogre again, but when he's duped and sent to a twisted version of Far Far Away—where Rumpelstiltskin is king, ogres are hunted, and he and Fiona have never met—he sets out to restore his world and reclaim his true love.",Mike Mitchell,https://www.youtube.com/watch?v=Ma9oseKpj9g,https://www.themoviedb.org/movie/10192
A Christmas Prince,6.6,"When a reporter goes undercover as a nanny to get the inside scoop on a playboy prince, she gets tangled in some royal intrigue and ends up finding love - but will she be able to keep up her lie?",Alex Zamm,https://www.youtube.com/watch?v=tG4Fbj1B1bY,https://www.themoviedb.org/movie/483104
Apocalypse Z: The Beginning of the End,6.733,"When a kind of rabies that transforms people into aggressive creatures spreads across the planet, Manel isolates himself at home with his cat, relying on his wits to survive; but soon they must go out in search of food, by land and by sea, dodging many dangers.",Carles Torrens,https://www.youtube.com/watch?v=zeQXjn3JJ-A,https://www.themoviedb.org/movie/1118031
Bethlehem,6.2,"Bethlehem tells the story of the unlikely bond between Razi, an Israeli secret service officer, and his Palestinian informant Sanfur, the younger brother of a senior Palestinian militant. Razi recruited Sanfur when he was just 15, and developed a very close, almost fatherly relationship to him. Now 17, Sanfur tries to navigate between Razi’s demands and his loyalty to his brother, living a double life and lying to both men. Co-written by director Yuval Adler and Ali Waked—an Arab journalist who spent years in the West Bank—Bethlehem gives an unparalleled, moving and authentic portrait of the complex reality behind the news.",Yuval Adler,N/A,https://www.themoviedb.org/movie/215935
Snake Eyes,6.186,"All bets are off when shady homicide cop Rick Santoro witnesses a murder during a boxing match. It's up to him and lifelong friend, Naval intelligence agent Kevin Dunne, to uncover the conspiracy behind the killing. At every turn, Santoro makes increasingly shocking discoveries that even he can't turn a blind eye to.",Brian De Palma,https://www.youtube.com/watch?v=LwNgUdp2otk,https://www.themoviedb.org/movie/8688
12 Angry Men,8.548,"The defense and the prosecution have rested and the jury is filing into the jury room to decide if a young Spanish-American is guilty or innocent of murdering his father. What begins as an open and shut case soon becomes a mini-drama of each of the jurors' prejudices and preconceptions about the trial, the accused, and each other.",Sidney Lumet,https://www.youtube.com/watch?v=TEN-2uTi2c0,https://www.themoviedb.org/movie/389
Don't Take God's Children for Wild Geese,5.9,"Rita is a girl that lives on taking gangsters as lovers. But when the money stops coming, she swears revenge.",Michel Audiard,N/A,https://www.themoviedb.org/movie/55317
Avengers: Doomsday,0.0,"The Avengers, Wakandans, Fantastic Four, Thunderbolts, and X-Men all fight against Doctor Doom. Plot TBA.","Joe Russo, Anthony Russo",N/A,https://www.themoviedb.org/movie/1003596
El Conjuro Siniestro,0.0,,N/A,N/A,https://www.themoviedb.org/movie/1466016
Jurassic World,6.699,"Twenty-two years after the events of Jurassic Park, Isla Nublar now features a fully functioning dinosaur theme park, Jurassic World, as originally envisioned by John Hammond.",Colin Trevorrow,https://www.youtube.com/watch?v=aJJrkyHas78,https://www.themoviedb.org/movie/135397
Rage and Honor II: Hostile Takeover,5.4,"Kris and Preston team up once again to take on powerful gangster Buntao. But Buntao has problems of his own, dealing with Dazo, another gangster who is on a steady rise to power...",Guy Norris,N/A,https://www.themoviedb.org/movie/66854
Female Teacher Closing the Door,5.6,A sensual suspense that tells the story of a female teacher and a young student locked in a closed room in the middle of summer.,Hideo Jojo,https://www.youtube.com/watch?v=t11hBgJ5FgM,https://www.themoviedb.org/movie/1055110
Diary of a Fleeting Affair,6.382,"A single mother and a married man enter into an affair with the understanding that their relationship is purely sexual. Though they agree the relationship has no future, they find themselves increasingly drawn into each other's company.",Emmanuel Mouret,N/A,https://www.themoviedb.org/movie/794842
Black Panther: Wakanda Forever,7.037,"Queen Ramonda, Shuri, M’Baku, Okoye and the Dora Milaje fight to protect their nation from intervening world powers in the wake of King T’Challa’s death.  As the Wakandans strive to embrace their next chapter, the heroes must band together with the help of War Dog Nakia and Everett Ross and forge a new path for the kingdom of Wakanda.",Ryan Coogler,https://www.youtube.com/watch?v=_Z3QKkl1WyM,https://www.themoviedb.org/movie/505642
Faces Places,7.658,Director Agnès Varda and photographer/muralist JR journey through rural France and form an unlikely friendship.,"Agnès Varda, JR",https://www.youtube.com/watch?v=P7rFMO7ODBk,https://www.themoviedb.org/movie/451995
"Hocus Pocus, Alfie Atkins!",4.0,"Albert thinks he is old enough to get a dog, as he's now seven. He tries to convince dad that he's not too young, even if he has an imaginary best friend to help him solve his problems. He gets new hope, when he gets to know a magician. But is magic what's needed to get father's understanding and a dog?",Torill Kove,N/A,https://www.themoviedb.org/movie/223402
Guardians of the Galaxy Vol. 3,7.93,"Peter Quill, still reeling from the loss of Gamora, must rally his team around him to defend the universe along with protecting one of their own. A mission that, if not completed successfully, could quite possibly lead to the end of the Guardians as we know them.",James Gunn,https://www.youtube.com/watch?v=AAE5VZktooM,https://www.themoviedb.org/movie/447365
The Terrible People,7.2,The ghost of a hanged man returns to fulfill his promise. All of his accusers must die!,Harald Reinl,https://www.youtube.com/watch?v=L0N55DlH2Os,https://www.themoviedb.org/movie/5630
The Nun II,6.691,"In 1956 France, a priest is violently murdered, and Sister Irene begins to investigate. She once again comes face-to-face with a powerful evil.",Michael Chaves,https://www.youtube.com/watch?v=QF-oyCwaArU,https://www.themoviedb.org/movie/968051
"One Nation, One King",5.6,"„Un peuple et son roi"" crosses the destinies of the men and women of the population, and those of historical figures. Their meeting place is the newly founded National Assembly. At the heart of the story lie the fate of the king and the birth of the French Republic.",Pierre Schoeller,https://www.youtube.com/watch?v=0E5wFOVtxHk,https://www.themoviedb.org/movie/463387
Don't Take God's Children for Wild Geese,5.9,"Rita is a girl that lives on taking gangsters as lovers. But when the money stops coming, she swears revenge.",Michel Audiard,N/A,https://www.themoviedb.org/movie/55317
Hook,6.0,"Driven by a hallucinogenic drug and a thirst for revenge, James Hook murders John Darling and loses his hand to Peter Pan. Eighteen years later, Wendy, now married to Peter, has a daughter, Lily. Lily discovers Hook is her biological father, leading her to a remote birthday retreat. Hook escapes prison and embarks on a killing spree, targeting Lily and her friends at the manor.",Andrea M. Catinella,https://www.youtube.com/watch?v=6v8vrckcqQU,https://www.themoviedb.org/movie/1353328
Turning Red,7.3,"Thirteen-year-old Mei is experiencing the awkwardness of being a teenager with a twist – when she gets too excited, she transforms into a giant red panda.",Domee Shi,https://www.youtube.com/watch?v=XdKzUbAiswE,https://www.themoviedb.org/movie/508947
Smile 2,6.6,"About to embark on a new world tour, global pop sensation Skye Riley begins experiencing increasingly terrifying and inexplicable events. Overwhelmed by the escalating horrors and the pressures of fame, Skye is forced to face her dark past to regain control of her life before it spirals out of control.",Parker Finn,https://www.youtube.com/watch?v=FU_bAopCcSE,https://www.themoviedb.org/movie/1100782
Final Days of Planet Earth,4.7,An archaeologist discovers that aliens posing as government officials are secretly harvesting human bodies in a bid to take over earth.,Rob Lieberman,N/A,https://www.themoviedb.org/movie/16067
Fast & Furious Presents: Hobbs & Shaw,6.846,"Ever since US Diplomatic Security Service Agent Hobbs and lawless outcast Shaw first faced off, they just have traded smack talk and body blows. But when cyber-genetically enhanced anarchist Brixton's ruthless actions threaten the future of humanity, they join forces to defeat him.",David Leitch,https://www.youtube.com/watch?v=b736ZM_KfEk,https://www.themoviedb.org/movie/384018
Exterritorial,6.652,"When her son vanishes inside a US consulate, ex-special forces soldier Sara does everything in her power to find him — and uncovers a dark conspiracy.",Christian Zübert,https://www.youtube.com/watch?v=tlLsFEDHtWs,https://www.themoviedb.org/movie/1233069
Nise: The Heart of Madness,8.1,"After being released from prison, Dr. Nise da Silveira is back at work in a psychiatric hospital on the outskirts of Rio de Janeiro where she refuses to employ the new and violent electroshock in the treatment of schizophrenics. Ridiculed by doctors, she is forced to take on the abandoned Sector for Occupational Therapy, where she would start a revolution through paintings, animals and love.",Roberto Berliner,https://www.youtube.com/watch?v=akGY2w9blSs,https://www.themoviedb.org/movie/363103
Top Gun,7.062,"For Lieutenant Pete 'Maverick' Mitchell and his friend and co-pilot Nick 'Goose' Bradshaw, being accepted into an elite training school for fighter pilots is a dream come true. But a tragedy, as well as personal demons, will threaten Pete's dreams of becoming an ace pilot.",Tony Scott,https://www.youtube.com/watch?v=ArOMXELHiLw,https://www.themoviedb.org/movie/744
Deep Cover,6.702,"Kat is an improv comedy teacher beginning to question if she’s missed her shot at success. When an undercover cop offers her the role of a lifetime, she recruits two of her students to infiltrate London’s gangland by impersonating dangerous criminals.",Tom Kingsley,https://www.youtube.com/watch?v=1x--MaHsbEc,https://www.themoviedb.org/movie/1239193
The Notebook,7.891,"An epic love story centered around an older man who reads aloud to a woman with Alzheimer's. From a faded notebook, the old man's words bring to life the story about a couple who is separated by World War II, and is then passionately reunited, seven years later, after they have taken different paths.",Nick Cassavetes,https://www.youtube.com/watch?v=FC6biTjEyZw,https://www.themoviedb.org/movie/11036
Romance at Reindeer Lodge,6.0,"Molly and Jared have both sworn off holiday events. When they find themselves stuck at a Christmas-themed ranch, they have no choice but to allow their cynical hearts to melt.",Colin Theys,https://www.youtube.com/watch?v=BhzNI7Tm84o,https://www.themoviedb.org/movie/490147
Kalakal,7.2,"A seductive female garbage collector who embraces the life of an escort lady. Desperate to live a comfortable life, she leaves the dumpsite and enters the club. But can she also dump both her brother and her lover who remind her of her past?",Roman Perez Jr.,N/A,https://www.themoviedb.org/movie/1476292
Cars 2,6.159,Star race car Lightning McQueen and his pal Mater head overseas to compete in the World Grand Prix race. But the road to the championship becomes rocky as Mater gets caught up in an intriguing adventure of his own: international espionage.,John Lasseter,https://www.youtube.com/watch?v=lg5hj2c5Nkk,https://www.themoviedb.org/movie/49013
Black Panther: Wakanda Forever,7.037,"Queen Ramonda, Shuri, M’Baku, Okoye and the Dora Milaje fight to protect their nation from intervening world powers in the wake of King T’Challa’s death.  As the Wakandans strive to embrace their next chapter, the heroes must band together with the help of War Dog Nakia and Everett Ross and forge a new path for the kingdom of Wakanda.",Ryan Coogler,https://www.youtube.com/watch?v=_Z3QKkl1WyM,https://www.themoviedb.org/movie/505642
Faces Places,7.658,Director Agnès Varda and photographer/muralist JR journey through rural France and form an unlikely friendship.,"Agnès Varda, JR",https://www.youtube.com/watch?v=P7rFMO7ODBk,https://www.themoviedb.org/movie/451995
The Hunt for Eagle One: Crash Point,4.528,"The Strike Force team is back in this action-packed sequel to ""The Hunt For Eagle One""! Terrorists have stolen a Ground Control Encoder...",Henry Crum,https://www.youtube.com/watch?v=iTwq4TjRnB0,https://www.themoviedb.org/movie/10037
Guardians of the Galaxy Vol. 3,7.93,"Peter Quill, still reeling from the loss of Gamora, must rally his team around him to defend the universe along with protecting one of their own. A mission that, if not completed successfully, could quite possibly lead to the end of the Guardians as we know them.",James Gunn,https://www.youtube.com/watch?v=AAE5VZktooM,https://www.themoviedb.org/movie/447365
The Nun II,6.691,"In 1956 France, a priest is violently murdered, and Sister Irene begins to investigate. She once again comes face-to-face with a powerful evil.",Michael Chaves,https://www.youtube.com/watch?v=QF-oyCwaArU,https://www.themoviedb.org/movie/968051
"One Nation, One King",5.6,"„Un peuple et son roi"" crosses the destinies of the men and women of the population, and those of historical figures. Their meeting place is the newly founded National Assembly. At the heart of the story lie the fate of the king and the birth of the French Republic.",Pierre Schoeller,https://www.youtube.com/watch?v=0E5wFOVtxHk,https://www.themoviedb.org/movie/463387
The Karma of Sex,7.0,,Stephan Yip Tin-Hang,N/A,https://www.themoviedb.org/movie/1163974
Hook,6.0,"Driven by a hallucinogenic drug and a thirst for revenge, James Hook murders John Darling and loses his hand to Peter Pan. Eighteen years later, Wendy, now married to Peter, has a daughter, Lily. Lily discovers Hook is her biological father, leading her to a remote birthday retreat. Hook escapes prison and embarks on a killing spree, targeting Lily and her friends at the manor.",Andrea M. Catinella,https://www.youtube.com/watch?v=6v8vrckcqQU,https://www.themoviedb.org/movie/1353328
Turning Red,7.334,"Thirteen-year-old Mei is experiencing the awkwardness of being a teenager with a twist – when she gets too excited, she transforms into a giant red panda.",Domee Shi,https://www.youtube.com/watch?v=XdKzUbAiswE,https://www.themoviedb.org/movie/508947
Smile 2,6.609,"About to embark on a new world tour, global pop sensation Skye Riley begins experiencing increasingly terrifying and inexplicable events. Overwhelmed by the escalating horrors and the pressures of fame, Skye is forced to face her dark past to regain control of her life before it spirals out of control.",Parker Finn,https://www.youtube.com/watch?v=FU_bAopCcSE,https://www.themoviedb.org/movie/1100782
Cars 3,6.9,"Blindsided by a new generation of blazing-fast racers, the legendary Lightning McQueen is suddenly pushed out of the sport he loves. To get back in the game, he will need the help of an eager young race technician with her own plan to win, inspiration from the late Fabulous Hudson Hornet, and a few unexpected turns. Proving that #95 isn't through yet will test the heart of a champion on Piston Cup Racing’s biggest stage!",Brian Fee,https://www.youtube.com/watch?v=ZuaseSovWDY,https://www.themoviedb.org/movie/260514
Fast & Furious Presents: Hobbs & Shaw,6.846,"Ever since US Diplomatic Security Service Agent Hobbs and lawless outcast Shaw first faced off, they just have traded smack talk and body blows. But when cyber-genetically enhanced anarchist Brixton's ruthless actions threaten the future of humanity, they join forces to defeat him.",David Leitch,https://www.youtube.com/watch?v=b736ZM_KfEk,https://www.themoviedb.org/movie/384018
Exterritorial,6.652,"When her son vanishes inside a US consulate, ex-special forces soldier Sara does everything in her power to find him — and uncovers a dark conspiracy.",Christian Zübert,https://www.youtube.com/watch?v=tlLsFEDHtWs,https://www.themoviedb.org/movie/1233069
Nise: The Heart of Madness,8.1,"After being released from prison, Dr. Nise da Silveira is back at work in a psychiatric hospital on the outskirts of Rio de Janeiro where she refuses to employ the new and violent electroshock in the treatment of schizophrenics. Ridiculed by doctors, she is forced to take on the abandoned Sector for Occupational Therapy, where she would start a revolution through paintings, animals and love.",Roberto Berliner,https://www.youtube.com/watch?v=akGY2w9blSs,https://www.themoviedb.org/movie/363103
Real Steel,7.061,"Charlie Kenton is a washed-up fighter who retired from the ring when robots took over the sport. After his robot is trashed, he reluctantly teams up with his estranged son to rebuild and train an unlikely contender.",Shawn Levy,https://www.youtube.com/watch?v=obYuPJH2oTE,https://www.themoviedb.org/movie/39254
Deep Cover,6.702,"Kat is an improv comedy teacher beginning to question if she’s missed her shot at success. When an undercover cop offers her the role of a lifetime, she recruits two of her students to infiltrate London’s gangland by impersonating dangerous criminals.",Tom Kingsley,https://www.youtube.com/watch?v=1x--MaHsbEc,https://www.themoviedb.org/movie/1239193
Kung Fu Panda,7.3,"When the Valley of Peace is threatened, lazy Po the panda discovers his destiny as the ""chosen one"" and trains to become a kung fu hero, but transforming the unsleek slacker into a brave warrior won't be easy. It's up to Master Shifu and the Furious Five -- Tigress, Crane, Mantis, Viper and Monkey -- to give it a try.","Mark Osborne, John Stevenson",https://www.youtube.com/watch?v=TD0YUZw_oHY,https://www.themoviedb.org/movie/9502
Unstable Fables: Tortoise vs. Hare,5.7,"This story picks up a generation after the famous race between the Hare and the Tortoise. This time it's their kids' turn to compete, and they're about to escalate their family rivalry to ridiculous new levels.","Arish Fyzee, Howard E. Baker",N/A,https://www.themoviedb.org/movie/13017
Romance at Reindeer Lodge,6.0,"Molly and Jared have both sworn off holiday events. When they find themselves stuck at a Christmas-themed ranch, they have no choice but to allow their cynical hearts to melt.",Colin Theys,https://www.youtube.com/watch?v=BhzNI7Tm84o,https://www.themoviedb.org/movie/490147
Lady Karuizawa,4.8,A university student travels to a popular resort in the mountains for a summer job as a waiter and becomes romantically involved with an older woman from a wealthy family.,Masaru Konuma,N/A,https://www.themoviedb.org/movie/381648
Bullet Train,7.425,"Unlucky assassin Ladybug is determined to do his job peacefully after one too many gigs gone off the rails. Fate, however, may have other plans, as Ladybug's latest mission puts him on a collision course with lethal adversaries from around the globe—all with connected, yet conflicting, objectives—on the world's fastest train.",David Leitch,https://www.youtube.com/watch?v=EGeJczJvWns,https://www.themoviedb.org/movie/718930
Bruce Almighty,6.722,"Bruce Nolan toils as a ""human interest"" television reporter in Buffalo, NY, but despite his high ratings and the love of his beautiful girlfriend, Bruce remains unfulfilled. At the end of the worst day in his life, he angrily ridicules God — and the Almighty responds, endowing Bruce with all of His divine powers.",Tom Shadyac,https://www.youtube.com/watch?v=0XBxoKumlqQ,https://www.themoviedb.org/movie/310
The Astronaut,5.25,"After returning from her first space mission, astronaut Sam Walker is placed under NASA’s care at a high security house for rehabilitation and medical testing. However, when disturbing occurrences begin happening around the property, she fears that something extraterrestrial has followed her back to Earth",Jess Varley,https://www.youtube.com/watch?v=cF3gdVOT6gQ,https://www.themoviedb.org/movie/1086260
The Terrible People,7.2,The ghost of a hanged man returns to fulfill his promise. All of his accusers must die!,Harald Reinl,https://www.youtube.com/watch?v=L0N55DlH2Os,https://www.themoviedb.org/movie/5630
Peter von Kant,5.721,"Peter von Kant, a successful, famous director, lives with his assistant Karl, whom he likes to mistreat and humiliate. Through the great actress Sidonie, he meets and falls in love with Amir, a handsome young man of modest means. He offers to share his apartment and help Amir break into the world of cinema. Several months later, Amir becomes a star. But as soon as he acquires fame, he breaks up with Peter, leaving him alone to face himself.",François Ozon,https://www.youtube.com/watch?v=-H9LU1mSJ94,https://www.themoviedb.org/movie/807862
Alice in Wonderland,6.636,"Alice, now 19 years old, returns to the whimsical world she first entered as a child and embarks on a journey to discover her true destiny.",Tim Burton,https://www.youtube.com/watch?v=9POCgSRVvf0,https://www.themoviedb.org/movie/12155
Justine: In the Heat of Passion,2.8,"This edition of the sexually charged series The Adventures of Justine is titled In the Heat of Passion. The story involves Justine daydreaming about her teacher, Professor Robson. He then invites her to join him on his travels throughout the world.",David Cove,N/A,https://www.themoviedb.org/movie/104646
Crazy Love,6.308,"What was supposed to be summer school in England becomes an adventurous exotic and romantic journey for a beautiful teenage girl. [from the Tai Seng Catalog] A nice story of a free-sprited (or, depending on your viewpoint, prick-teasing) young woman on a short journey of discovery.",Roman Cheung,https://www.youtube.com/watch?v=L_Frq6saPKs,https://www.themoviedb.org/movie/79871
Buddy's Mom,6.0,"20-year-old Kyeong-soo is a man who's full of assumptions. He learned about sex from Internet porn, but nothing about the real thing. He's only had crushes and has never even kissed before. He got embarrassed when he confessed his feelings to Ji-yeon, his crush. He comforted himself from the shame with Japanese girls in his room with his right hand. One day, he has a fight with his father and remembers his friend Baek-hyeon had invited him over to Gangwon-do. There he falls in love with his friends' mother.",Kong Ja-kwan,N/A,https://www.themoviedb.org/movie/387848
Challengers,6.952,"Tennis player turned coach Tashi has taken her husband, Art, and transformed him into a world-famous Major champion. To jolt him out of his recent losing streak, she signs him up for a ""Challenger"" event — close to the lowest level of pro tournament — where he finds himself standing across the net from his former best friend and Tashi's former boyfriend.",Luca Guadagnino,https://www.youtube.com/watch?v=-2N3hmRmwHQ,https://www.themoviedb.org/movie/937287
Encanto,7.6,"The tale of an extraordinary family, the Madrigals, who live hidden in the mountains of Colombia, in a magical house, in a vibrant town, in a wondrous, charmed place called an Encanto. The magic of the Encanto has blessed every child in the family—every child except one, Mirabel. But when she discovers that the magic surrounding the Encanto is in danger, Mirabel decides that she, the only ordinary Madrigal, might just be her exceptional family's last hope.","Byron Howard, Jared Bush",https://www.youtube.com/watch?v=CaimKeDcudo,https://www.themoviedb.org/movie/568124
Inferno Rosso: Joe D'Amato on the Road of Excess,6.5,"Who was Joe D'Amato aka. Aristide Massaccesi? A genius of horror in the USA, a master of eroticism in France, the king of porn in Italy. A man with a thousand pseudonyms capable of making over 200 films while simultaneously holding the roles of producer, director, author, director of photography and even camera operator. An artisan of cinema as he liked to call himself, capable of working on all film genres. From spaghetti western to post-atomic, decamerotic to glossy eroticism, and blockbuster porn to bloody horror. Guided by the aesthetics of extremes and supported by an undeniable technical ability, Joe D’Amato pushed himself, and the viewer, beyond all limits following with dedication three rigid principles that have become his stylistic code: Amaze, Shock, Scandalize.","Manlio Gomarasca, Massimiliano Zanin",N/A,https://www.themoviedb.org/movie/862868
Marvel Zombies: The Movie,5.0,"Short fan film based on the ""Marvel Zombies"" comic books. Mary Jane encounters Spider-Man who has been turned into a flesh-eating zombie by a virus. Spider-Man then encounters the Hulk who has also been turned into a zombie.","Scotty Fields, James Ojala",https://www.youtube.com/watch?v=zIkLLZy4dFM,https://www.themoviedb.org/movie/1406088
The Flash,6.63,"When his attempt to save his family inadvertently alters the future, Barry Allen becomes trapped in a reality in which General Zod has returned and there are no Super Heroes to turn to. In order to save the world that he is in and return to the future that he knows, Barry's only hope is to race for his life. But will making the ultimate sacrifice be enough to reset the universe?",Andy Muschietti,https://www.youtube.com/watch?v=jprhe-cWKGs,https://www.themoviedb.org/movie/298618
Boogie Nights,7.6,"Set in 1977, back when sex was safe, pleasure was a business and business was booming, idealistic porn producer Jack Horner aspires to elevate his craft to an art form. Horner discovers Eddie Adams, a hot young talent working as a busboy in a nightclub, and welcomes him into the extended family of movie-makers, misfits and hangers-on that are always around. Adams' rise from nobody to a celebrity adult entertainer is meteoric, and soon the whole world seems to know his porn alter ego, ""Dirk Diggler"". Now, when disco and drugs are in vogue, fashion is in flux and the party never seems to stop, Adams' dreams of turning sex into stardom are about to collide with cold, hard reality.",Paul Thomas Anderson,https://www.youtube.com/watch?v=YN7pcEa83dU,https://www.themoviedb.org/movie/4995
Terminator: Dark Fate,6.418,"Decades after Sarah Connor prevented Judgment Day, a lethal new Terminator is sent to eliminate the future leader of the resistance. In a fight to save mankind, battle-hardened Sarah Connor teams up with an unexpected ally and an enhanced super soldier to stop the deadliest Terminator yet.",Tim Miller,https://www.youtube.com/watch?v=UqxnFHoKwzE,https://www.themoviedb.org/movie/290859
It Chapter Two,6.832,"27 years after overcoming the malevolent supernatural entity Pennywise, the former members of the Losers' Club, who have grown up and moved away from Derry, are brought back together by a devastating phone call.",Andy Muschietti,https://www.youtube.com/watch?v=xhJ5P7Up3jA,https://www.themoviedb.org/movie/474350
A Delicious Flight,4.4,"An innocent actress runs away from the scandal with an idol, the impudent idol that ruined her career, a passionate manager who is devoted to her and his ex-girlfriend who is now a sexy stewardess. These four that should never be together run into each other in an airplane. No one can run away and the most cheeky and erotic things happen here.",Choi Sang-hoon,N/A,https://www.themoviedb.org/movie/390845
The Old Testament,7.7,"The Jews of Jerusalem are driven out by their Syrian rulers. They gather their forces, and return to drive out their oppressors.",Gianfranco Parolini,N/A,https://www.themoviedb.org/movie/330395
Temple of Film: 100 Years of the Egyptian Theatre,6.4,"Guillermo del Toro, Rian Johnson and other film luminaries look back at LA's historic Egyptian Theatre as it returns to its former movie palace glory.",Angus Wall,N/A,https://www.themoviedb.org/movie/1193033
Bulong Ng Laman,9.0,A sexually frustrated woman purchases an antique vanity table that becomes an unexpected companion for her erotic fantasies.,Tootoots Leyesa,https://www.youtube.com/watch?v=ugY-r_HlO3g,https://www.themoviedb.org/movie/1531023
Fate/stay night: Heaven's Feel III. Spring Song,7.7,"The battle rages on as Shirou continues to protect Sakura, now consumed by the darkness. He joins forces with Rin to end the Holy Grail War, while Illyasviel, who knows the truth behind it, confronts her fate. Amidst the chaos, Zouken plots to manipulate Sakura for his own desires. The final fight begins.",Tomonori Sudo,N/A,https://www.themoviedb.org/movie/390635
Boso Dos,2.6,Things get chaotic when the gang leader falls madly in love with her. Will she be successful with her mission?,Jon Red,https://www.youtube.com/watch?v=es8mD3je0qs,https://www.themoviedb.org/movie/1075529
Shang-Chi and the Legend of the Ten Rings,7.51,Shang-Chi must confront the past he thought he left behind when he is drawn into the web of the mysterious Ten Rings organization.,Destin Daniel Cretton,https://www.youtube.com/watch?v=8YjFbMbfXaQ,https://www.themoviedb.org/movie/566525
Strange Darling,6.944,Nothing is what it seems when a twisted one-night stand spirals into a serial killer’s vicious murder spree.,JT Mollner,https://www.youtube.com/watch?v=F_F3f_Fqtrc,https://www.themoviedb.org/movie/1029281
Reunited at Christmas,5.3,"Frazzled and struggling with writer’s block, novelist Samantha, along with her boyfriend, heads home to her late grandmother’s home to spend Christmas. While at home with family, her grandmother’s wise words reveal the true meaning of Christmas with Samantha at a time when she most needs encouragement.",Steven R. Monroe,N/A,https://www.themoviedb.org/movie/550084
John Wick: Chapter 3 - Parabellum,7.444,"Super-assassin John Wick returns with a $14 million price tag on his head and an army of bounty-hunting killers on his trail. After killing a member of the shadowy international assassin’s guild, the High Table, John Wick is excommunicado, but the world’s most ruthless hit men and women await his every turn.",Chad Stahelski,https://www.youtube.com/watch?v=pU8-7BX9uxs,https://www.themoviedb.org/movie/458156
Billy's Hollywood Screen Kiss,5.9,"Billy Collier is a photographer working on a series of pictures featuring recreations of movie kisses, with drag queens playing the female roles. For his male model, he hires Gabriel, a young waiter on whom he has developed a serious crush. While Billy is openly gay, Gabriel says that he is straight and even claims to have a girlfriend. However, as they spend more time together and grow closer, Billy becomes increasingly unsure that this is true.",Tommy O'Haver,https://www.youtube.com/watch?v=3Btaw8DnuLw,https://www.themoviedb.org/movie/17539
Snow White,7.5,"When the Queen’s jealousy turns deadly, Snow White must join forces with gnomes to fight back against her stepmother’s wrath.","Erica Duke, Michael Johnson",https://www.youtube.com/watch?v=UJuNWcnKFGY,https://www.themoviedb.org/movie/1449951
The Ministry of Ungentlemanly Warfare,7.072,"During World War II, the British Army assigns a group of competent soldiers to carry out a mission against the Nazi forces behind enemy lines... A true story about a secret British WWII organization — the Special Operations Executive. Founded by Winston Churchill, their irregular warfare against the Germans helped to change the course of the war, and gave birth to modern black operations.",Guy Ritchie,https://www.youtube.com/watch?v=zvwDen1Wrx8,https://www.themoviedb.org/movie/799583
Sword of the Valiant: The Legend of Sir Gawain and the Green Knight,5.2,"Gawain was a squire in King Arthur's court when the Green Knight burst in and offered to play a game with a brave knight. Gawain journeys across the land, learning about life, saving damsels, and solving the Green Knight's riddle.",Stephen Weeks,https://www.youtube.com/watch?v=9AJzP13f0bs,https://www.themoviedb.org/movie/30584
Hotel Transylvania: Transformania,7.054,"When Van Helsing's mysterious invention, the ""Monsterfication Ray,"" goes haywire, Drac and his monster pals are all transformed into humans, and Johnny becomes a monster. In their new mismatched bodies, Drac and Johnny must team up and race across the globe to find a cure before it's too late, and before they drive each other crazy.","Derek Drymon, Jennifer Kluska",https://www.youtube.com/watch?v=6suJohjIvfo,https://www.themoviedb.org/movie/585083
Rescued by Ruby,7.509,"Chasing his dream to join an elite K-9 unit, a state trooper partners with a fellow underdog: clever but naughty shelter pup Ruby. Based on a true story.",Katt Shea,https://www.youtube.com/watch?v=-Pwxr307O4w,https://www.themoviedb.org/movie/921655
Dead of Winter,7.5,"A widowed fisherwoman, travelling alone through snowbound northern Minnesota, interrupts the kidnapping of a teenage girl. Hours from the nearest town and with no phone service, she realizes that she is the young girl's only hope.",Brian Kirk,https://www.youtube.com/watch?v=klGRM4Qs-gk,https://www.themoviedb.org/movie/1235746
Family Reconstruction,5.7,"Gwang-sik is a single father with a son and Hae-ra is a widow with a daughter. They get remarried and become one family. Gwang-sik's son Myeong-ho and Hae-ra's daughter Dal-rae are brother and sister but they end up having sex. Their parents notice something is wrong but they pretend they don't know anything. That's because Gwang-sik feels attracted to Dal-rae and Hae-ra feels attracted to Myeong-ho. They go on a family trip to Kangwondo. They end up colliding with their sexual desires for each other and in the end, their family is reconstructed.",N/A,N/A,https://www.themoviedb.org/movie/440617
The Truman Show,8.148,An insurance salesman begins to suspect that his whole life is actually some sort of reality TV show.,Peter Weir,https://www.youtube.com/watch?v=dlnmQbPGuls,https://www.themoviedb.org/movie/37165
The Twilight Saga: Breaking Dawn - Part 2,6.464,"After the birth of Renesmee, the Cullens gather other vampire clans in order to protect the child from a false allegation that puts the family in front of the Volturi.",Bill Condon,https://www.youtube.com/watch?v=bUXjqQ4GKRg,https://www.themoviedb.org/movie/50620
Scarface,8.16,"After getting a green card in exchange for assassinating a Cuban government official, Tony Montana stakes a claim on the drug trade in Miami. Viciously murdering anyone who stands in his way, Tony eventually becomes the biggest drug lord in the state, controlling nearly all the cocaine that comes through Miami. But increased pressure from the police, wars with Colombian drug cartels and his own drug-fueled paranoia serve to fuel the flames of his eventual downfall.",Brian De Palma,https://www.youtube.com/watch?v=lZMIrD36MG8,https://www.themoviedb.org/movie/111
Thor: Love and Thunder,6.396,"After his retirement is interrupted by Gorr the God Butcher, a galactic killer who seeks the extinction of the gods, Thor Odinson enlists the help of King Valkyrie, Korg, and ex-girlfriend Jane Foster, who now wields Mjolnir as the Mighty Thor. Together they embark upon a harrowing cosmic adventure to uncover the mystery of the God Butcher’s vengeance and stop him before it’s too late.",Taika Waititi,https://www.youtube.com/watch?v=Go8nTmfrQd8,https://www.themoviedb.org/movie/616037
The Reef 2: High Tide,4.5,"Trained in the skills of sea power, Pi the fish can fight a shark, sink a squid or batter any random predator that ever threatens his friends and neighbors on the reef. Unfortunately, being the only hero in town can take its toll, especially when a group of sharks declares that the end of the reef is soon at hand.","Mark A.Z. Dippé, Taedong Park",https://www.youtube.com/watch?v=M5-50unOy9Q,https://www.themoviedb.org/movie/132601
Rust,6.706,"Infamous outlaw Harland Rust breaks his estranged grandson Lucas out of prison, after Lucas is convicted to hang for an accidental murder. The two must outrun legendary U.S Marshal Wood Helm and bounty hunter Fenton ""Preacher"" Lang who are hot on their tails. Deeply buried secrets rise from the ashes and an unexpected familial bond begins to form as the mismatched duo tries to survive the merciless American Frontier.",Joel Souza,https://www.youtube.com/watch?v=8fEmnkP3nLk,https://www.themoviedb.org/movie/710258
ReGOREgitated Sacrifice,3.2,"Guided by identical twin demon spirits, The Black Angels of Hell, we see the diabolical depiction of the alternate-parallel dimension of the simultaneous suicide deaths of Kurt Cobain and bulimic porn star Angela Aberdeen, as seen through the mental activity of Angela's journey toward brain death as a result of her self-inflicted death by drowning.",Lucifer Valentine,https://www.youtube.com/watch?v=Ri2dggP018A,https://www.themoviedb.org/movie/68610
The Philadelphia Experiment,4.9,"A secret government research project tries reviving the World War II ""Philadelphia Experiment,"" which was an attempt to create a cloaking device to render warships invisible. When the experiment succeeds, it brings back the original ship (the Eldridge) that disappeared during the first test in 1943 - which brings death and destruction to the 21st century. It's up to the sole survivor of the first experiment and his granddaughter to stop it.",Paul Ziller,https://www.youtube.com/watch?v=8r5AZU4-x9E,https://www.themoviedb.org/movie/122293
The City of Lost Children,7.2,"A scientist in a surrealist society kidnaps children to steal their dreams, hoping that they slow his aging process.","Marc Caro, Jean-Pierre Jeunet",https://www.youtube.com/watch?v=F-F3Fz6DadE,https://www.themoviedb.org/movie/902
Aftermath,6.3,"A returning war veteran, stricken with PTSD, gets trapped with his teenage sister on Boston's Tobin Memorial Bridge when a heavily armed group of ex-military revolutionaries take everyone hostage.",Patrick Lussier,https://www.youtube.com/watch?v=PhuXe-bUgYs,https://www.themoviedb.org/movie/1081012
Along Came a Spider,6.3,"After the harrowing death of his partner, forensic psychologist and best-selling author Alex Cross cannot forgive himself and has retreated to the peace of retirement. But when a brilliant criminal kidnaps a senator's young daughter, he is lured back into action as the kidnapper wants to deal with Alex personally. Teamed with Jezzie Flanigan, the Secret Service agent assigned to protect the missing girl, Alex follows a serpentine trail of clues that leads him to a stunning discovery - the kidnapper wants more than just ransom.",Lee Tamahori,https://www.youtube.com/watch?v=kswRbwYqn3k,https://www.themoviedb.org/movie/2043
Ready Player One,7.585,"When the creator of a popular video game system dies, a virtual contest is created to compete for his fortune.",Steven Spielberg,https://www.youtube.com/watch?v=1hrwbc5qCZ4,https://www.themoviedb.org/movie/333339
Christmas by Starlight,6.8,"Annie, a lawyer, must help her loved ones this holiday season. Her family’s restaurant, The Starlight Café, is slated for demolition. The heir to the development firm responsible, William, makes her an unlikely proposition: he’ll spare the café if Annie spends the week “appearing” as the legal counsel his father is demanding he hire in the wake of some costly mistakes.",Gary Yates,https://www.youtube.com/watch?v=eMmcptXvmNk,https://www.themoviedb.org/movie/746045
Sonic the Hedgehog 2,7.451,"After settling in Green Hills, Sonic is eager to prove he has what it takes to be a true hero. His test comes when Dr. Robotnik returns, this time with a new partner, Knuckles, in search for an emerald that has the power to destroy civilizations. Sonic teams up with his own sidekick, Tails, and together they embark on a globe-trotting journey to find the emerald before it falls into the wrong hands.",Jeff Fowler,https://www.youtube.com/watch?v=47r8FXYZWNU,https://www.themoviedb.org/movie/675353
Charlie and the Chocolate Factory,7.042,"A young boy wins a tour through the most magnificent chocolate factory in the world, led by the world's most unusual candy maker.",Tim Burton,https://www.youtube.com/watch?v=p6JAQ2aoXm0,https://www.themoviedb.org/movie/118
No Country for Old Men,7.946,"Llewelyn Moss stumbles upon dead bodies, $2 million and a hoard of heroin in a Texas desert, but methodical killer Anton Chigurh comes looking for it, with local sheriff Ed Tom Bell hot on his trail. The roles of prey and predator blur as the violent pursuit of money and justice collide.","Joel Coen, Ethan Coen",https://www.youtube.com/watch?v=A0oNrgumrlE,https://www.themoviedb.org/movie/6977
The Fever,6.3,"Justino, a 45-year-old member of the indigenous Desana people, is a security guard at the Manaus harbor. As his daughter prepares to soon depart to Brasília, Justino comes down with a mysterious fever.",Maya Da-Rin,https://www.youtube.com/watch?v=VddwSd67HEk,https://www.themoviedb.org/movie/515985
Mother-in-law in Love With Son-in-law 4,4.0,"Joon-yeon and So-hyeon are living together with Joon-yeon's young and pretty mother-in-law for a while after his father-in-law remarries. One day, Joon-yeon is left home alone with his mother-in-law due to So-hyeon and her father-in-law's sudden business trip. The mother-in-law seduces her handsome son-in-law on a hot night. Unable to forget the sex he had with his mother-in-law, Joon-yeon even plans to have a threesome with his wife and his mother-in-law.",Choi Yoon-ji-I,N/A,https://www.themoviedb.org/movie/1232221
Sing 2,7.842,"Buster and his new cast now have their sights set on debuting a new show at the Crystal Tower Theater in glamorous Redshore City. But with no connections, he and his singers must sneak into the Crystal Entertainment offices, run by the ruthless wolf mogul Jimmy Crystal, where the gang pitches the ridiculous idea of casting the lion rock legend Clay Calloway in their show. Buster must embark on a quest to find the now-isolated Clay and persuade him to return to the stage.",Garth Jennings,https://www.youtube.com/watch?v=EPZu5MA2uqI,https://www.themoviedb.org/movie/438695
Men in Black 3,6.536,"Agents J and K are back...in time. J has seen some inexplicable things in his 15 years with the Men in Black, but nothing, not even aliens, perplexes him as much as his wry, reticent partner. But when K's life and the fate of the planet are put at stake, Agent J will have to travel back in time to put things right. J discovers that there are secrets to the universe that K never told him - secrets that will reveal themselves as he teams up with the young Agent K to save his partner, the agency, and the future of humankind.",Barry Sonnenfeld,https://www.youtube.com/watch?v=Y2r9AIfYcV8,https://www.themoviedb.org/movie/41154
The Help,8.206,"Aibileen Clark is a middle-aged African-American maid who has spent her life raising white children and has recently lost her only son; Minny Jackson is an African-American maid who has often offended her employers despite her family's struggles with money and her desperate need for jobs; and Eugenia ""Skeeter"" Phelan is a young white woman who has recently moved back home after graduating college to find out her childhood maid has mysteriously disappeared. These three stories intertwine to explain how life in Jackson, Mississippi revolves around ""the help""; yet they are always kept at a certain distance because of racial lines.",Tate Taylor,https://www.youtube.com/watch?v=3eajzW3XW7Q,https://www.themoviedb.org/movie/50014
Borat Subsequent Moviefilm,6.437,"14 years after making a film about his journey across the USA, Borat risks life and limb when he returns to the United States with his young daughter, and reveals more about the culture, the COVID-19 pandemic, and the political elections.",Jason Woliner,https://www.youtube.com/watch?v=0Rsa4U8mqkw,https://www.themoviedb.org/movie/740985
Harry & Meghan: A Royal Romance,6.928,"Examine the history of Prince Harry and Meghan Markle from the moment they met after being set up by friends, through their initial courtship when they were able to keep their romance under wraps, and ultimately the intense global media attention surrounding their relationship and Meghan’s life as a divorced American actress.",Menhaj Huda,https://www.youtube.com/watch?v=t1v0BgiYgHE,https://www.themoviedb.org/movie/518527
The Princess of Montpensier,6.4,"Set in the high courts of 16th Century France, where the wars of religion between Catholics and Protestants are raging. Marie de Mézières, a beautiful young aristocrat, is in love with Henri de Guise, but her hand in marriage is promised to the Prince of Montpensier.",Bertrand Tavernier,https://www.youtube.com/watch?v=0vm7gEJ9lSI,https://www.themoviedb.org/movie/57695
Kingdom of the Planet of the Apes,7.061,"Several generations following Caesar's reign, apes – now the dominant species – live harmoniously while humans have been reduced to living in the shadows. As a new tyrannical ape leader builds his empire, one young ape undertakes a harrowing journey that will cause him to question all he's known about the past and to make choices that will define a future for apes and humans alike.",Wes Ball,https://www.youtube.com/watch?v=Tg1FesR8X90,https://www.themoviedb.org/movie/653346
The Underworld Story,6.1,A blacklisted reporter brings his shady ways to a small-town newspaper after being fired from a big city daily.,Cy Endfield,N/A,https://www.themoviedb.org/movie/40858
The Green Dinosaur,7.2,"When the world around him is mysteriously erased, a little green dinosaur named Diplodocus must travel through the pages of a comic book and adventure through time to bring color back to his land. Alongside a wizard and two scientists, Diplo’s plans go awry as he learns that there may be a dimension to his world that he never considered.",Wojtek Wawszczyk,https://www.youtube.com/watch?v=cU5RwlN6c8k,https://www.themoviedb.org/movie/947478
World War Z,6.824,"Life for former United Nations investigator Gerry Lane and his family seems content. Suddenly, the world is plagued by a mysterious infection turning whole human populations into rampaging mindless zombies. After barely escaping the chaos, Lane is persuaded to go on a mission to investigate this disease. What follows is a perilous trek around the world where Lane must brave horrific dangers and long odds to find answers before human civilization falls.",Marc Forster,https://www.youtube.com/watch?v=TvRCQM2HrXs,https://www.themoviedb.org/movie/72190
Zombadings 1: Patayin sa Shokot si Remington,5.2,"A boy cursed to turn gay when he grows up must sort out his feelings for the girl he loves and the boy – his best friend – he is suddenly lusting after, come to terms with his homophobia, and escape a pscho gay killer on the loose.",Jade Castro,https://www.youtube.com/watch?v=JLa72fgOVWQ,https://www.themoviedb.org/movie/96239
Princess Mononoke,8.327,"Ashitaka, a prince of the disappearing Emishi people, is cursed by a demonized boar god and must journey to the west to find a cure. Along the way, he encounters San, a young human woman fighting to protect the forest, and Lady Eboshi, who is trying to destroy it. Ashitaka must find a way to bring balance to this conflict.",Hayao Miyazaki,https://www.youtube.com/watch?v=I1dHzoRl0sQ,https://www.themoviedb.org/movie/128
The Parent Trap,7.219,"Hallie Parker and Annie James are identical twins who were separated at a young age due to their parents' divorce. Unbeknownst to their parents, the girls are sent to the same summer camp, where they meet, discover the truth about their relationship, and come up with a plan to switch places in an effort to reunite their mother and father.",Nancy Meyers,https://www.youtube.com/watch?v=PMAhVpgzmRU,https://www.themoviedb.org/movie/9820
Eve and the Handyman,4.3,"Dressed in a long raincoat, Eve follows the handyman around as he makes his appointed rounds. She witnesses humorous run-ins on his various errands. But why is she watching him so carefully?",Russ Meyer,N/A,https://www.themoviedb.org/movie/5642
Die Hard,7.801,"NYPD cop John McClane's plan to reconcile with his estranged wife is thrown for a serious loop when, minutes after he arrives at her offices Christmas Party, the entire building is overtaken by a group of terrorists. With little help from the LAPD, wisecracking McClane sets out to single-handedly rescue the hostages and bring the bad guys down.",John McTiernan,https://www.youtube.com/watch?v=osIeLeqCRmw,https://www.themoviedb.org/movie/562
Boyka: Undisputed IV,7.161,"In the fourth installment of the fighting franchise, Boyka is shooting for the big leagues when an accidental death in the ring makes him question everything he stands for. When he finds out the wife of the man he accidentally killed is in trouble, Boyka offers to fight in a series of impossible battles to free her from a life of servitude.",Todor Chapkanov,https://www.youtube.com/watch?v=Lo-OXY1iXVU,https://www.themoviedb.org/movie/348893
"The Good, the Bad and the Ugly",8.464,"While the Civil War rages on between the Union and the Confederacy, three men – a quiet loner, a ruthless hitman, and a Mexican bandit – comb the American Southwest in search of a strongbox containing $200,000 in stolen gold.",Sergio Leone,https://www.youtube.com/watch?v=WCnRSl24FPA,https://www.themoviedb.org/movie/429
Minions: The Rise of Gru,7.284,"A fanboy of a supervillain supergroup known as the Vicious 6, Gru hatches a plan to become evil enough to join them, with the backup of his followers, the Minions.",Kyle Balda,https://www.youtube.com/watch?v=HhIl_XJ-OGA,https://www.themoviedb.org/movie/438148
Alarum,5.689,"Two married spies caught in the crosshairs of an international intelligence network will stop at nothing to obtain a critical asset. Joe and Lara are agents living off the grid whose quiet retreat at a winter resort is blown to shreds when members of the old guard suspect the two may have joined an elite team of rogue spies, known as Alarum.",Michael Polish,https://www.youtube.com/watch?v=D0EnSmg7seM,https://www.themoviedb.org/movie/1249289
Flip That Romance,6.3,"Rival house flippers, Jules Briggs and Lance Waddell, renovate dual sides of a duplex and rekindle an old romance.",Mark Jean,https://www.youtube.com/watch?v=zJLw-uapWsU,https://www.themoviedb.org/movie/581310
Apache Uprising,6.2,Various stage coach passengers and outlaws travelling through Indian country are forced to join forces against the Apaches.,R.G. Springsteen,N/A,https://www.themoviedb.org/movie/206518
Obsessed,6.8,"A secret, passionate affair happens in the summer of 1969 between Colonel Jin Pyeong, trapped in a loveless marriage with Soo Jin, and Jong Ga Heun, the Chinese-Korean wife of Captain Kyung Woo Jin.",Kim Dae-woo,https://www.youtube.com/watch?v=40NSEn733iU,https://www.themoviedb.org/movie/269955
Taken 3,6.264,"Ex-government operative Bryan Mills finds his life is shattered when he's falsely accused of a murder that hits close to home. As he's pursued by a savvy police inspector, Mills employs his particular set of skills to track the real killer and exact his unique brand of justice.",Olivier Megaton,https://www.youtube.com/watch?v=JuU0M2xBasc,https://www.themoviedb.org/movie/260346
Survive,5.8,A couple celebrates their son’s birthday in the middle of the ocean on their boat. A violent storm hits and it brings up hungry creatures from the depths and they fight for their survival.,Frédéric Jardin,https://www.youtube.com/watch?v=fnMO7zSitto,https://www.themoviedb.org/movie/1196470
The 4th Wall,7.3,"Lebanon, 1982. To keep a promise made to an old friend, Georges, an idealistic theater director, travels to Beirut for a project as utopian as it is risky: to stage the play Antigone on the front line, in order to steal a moment of peace from the raging civil war. The characters will be played by actors from different political and religious camps. Lost in a city and a conflict he knows nothing about, Georges is guided by Marwan. As fighting resumes, everything is soon called into question, and Georges, who falls in love with Imane, has to face up to the reality of war.",David Oelhoffen,https://www.youtube.com/watch?v=gcjDN1xqBmE,https://www.themoviedb.org/movie/1001141
Quarantine 2: Terminal,5.72,A plane is taken over by a mysterious virus. When the plane lands it is placed under quarantine. Now a group of survivors must band together to survive the quarantine.,John Pogue,https://www.youtube.com/watch?v=9o4f2QAU_4s,https://www.themoviedb.org/movie/59115
The Corruption,5.2,"Anna, a beautiful lawyer's wife, feels abandoned by her husband and grows closer to their maid, Angela. The maid convinces Anna to try increasingly daring erotic games.",Salvatore Samperi,N/A,https://www.themoviedb.org/movie/144069
The Constant Gardener,7.008,"Justin Quayle is a low-level British diplomat who has always gone about his work very quietly, not causing any problems. But after his radical wife Tessa is killed he becomes determined to find out why, thrusting himself into the middle of a very dangerous conspiracy.",Fernando Meirelles,https://www.youtube.com/watch?v=9FycLyDTCWQ,https://www.themoviedb.org/movie/1985
Diablo,7.285,"Ex-con Kris Chaney seizes the daughter of a Colombian gangster to fulfill a noble promise to the young girl's mother. When her father enlists both the criminal underworld and a psychotic killer to exact his revenge, Kris relies on everything he's ever learned to stay alive and keep his word.",Ernesto Díaz Espinoza,https://www.youtube.com/watch?v=ANKPsCTh0Og,https://www.themoviedb.org/movie/1127110
Wrong Turn 2: Dead End,6.139,Retired military commander Colonel Dale Murphy hosts the simulated post-apocalyptic reality show where participants are challenged to survive a remote West Virginia wasteland. But the show turns into a nightmarish showdown when each realizes they are being hunted by an inbred family of cannibals determined to make them all dinner!,Joe Lynch,https://www.youtube.com/watch?v=VanCRj8eI9o,https://www.themoviedb.org/movie/13186
X-Men: Days of Future Past,7.529,The ultimate X-Men ensemble fights a war for the survival of the species across two time periods as they join forces with their younger selves in an epic battle that must change the past – to save our future.,Bryan Singer,https://www.youtube.com/watch?v=gsjtg7m1MMM,https://www.themoviedb.org/movie/127585
Rebel Ridge,6.995,A former Marine confronts corruption in a small town when local law enforcement unjustly seizes the bag of cash he needs to post his cousin's bail.,Jeremy Saulnier,https://www.youtube.com/watch?v=gF3gZicntIw,https://www.themoviedb.org/movie/646097
Monster High: Haunted,7.5,"Lurk what's waiting for the Monster High ghouls when they bring their killer fashion to the howlways of the spooktacular Haunted High! When the ghouls of Monster High follow Spectra Vondergeist one day, they discover a creeperiffic Ghost World with an all-spirit school. But their scary-cute student bodies are hardly welcome with the very strict Principal Revenant, and she punishes Spectra with frightful detention chains that prevent her from re-joining Monster High. Now, it's up to the imperfectly perfect friends to take on ghostly forms in order to save one of their own from disappearing forever!","Dan Fraga, William Lau",https://www.youtube.com/watch?v=XXIp_mN3fLA,https://www.themoviedb.org/movie/324963
The Probability Factor,3.6,"Fred works for an insurance company as a computer engineer. He is bored with enduring the trials of his shrewish wife, so, after using actuarial tables to calculate the most common means of death, he cleverly prepares the family bathroom and brings about her demise. For a while he is content with his new freedom, but then he recognizes that a friend is in a similar situation.",Gérard Pirès,N/A,https://www.themoviedb.org/movie/78264
Gray Matters,5.8,"Sam and Gray are such a well-matched pair that it is difficult to believe they are brother and sister rather than husband and wife. They both share a love of 1940s movies and dancing, and when they meet Charlie, they have something else in common: They both fall in love with her. Sam must deal with unexpected feelings of jealousy, while Gray struggles to come to terms with her sexual orientation.",Sue Kramer,N/A,https://www.themoviedb.org/movie/14845
Furious 7,7.224,Deckard Shaw seeks revenge against Dominic Toretto and his family for his comatose brother.,James Wan,https://www.youtube.com/watch?v=B3Ms2yFvus0,https://www.themoviedb.org/movie/168259
Django Unchained,8.184,"With the help of a German bounty hunter, a freed slave sets out to rescue his wife from a brutal Mississippi plantation owner.",Quentin Tarantino,https://www.youtube.com/watch?v=_iH0UBYDI4g,https://www.themoviedb.org/movie/68718
Free Guy,7.471,"A bank teller discovers he is actually a background player in an open-world video game, and decides to become the hero of his own story. Now, in a world where there are no limits, he is determined to be the guy who saves his world his way before it's too late.",Shawn Levy,https://www.youtube.com/watch?v=cttnRmcr_ME,https://www.themoviedb.org/movie/550988
Silence = Death,5.6,AIDS victims and activists cope with hardship and society’s ignorance.,Rosa von Praunheim,N/A,https://www.themoviedb.org/movie/198349
Sisu,7.408,"When an ex-soldier who discovers gold in the Lapland wilderness tries to take the loot into the city, German soldiers led by a brutal SS officer battle him.",Jalmari Helander,https://www.youtube.com/watch?v=d2k4QAItiSA,https://www.themoviedb.org/movie/840326
Homicide,6.3,A Jewish homicide detective investigates a seemingly minor murder and falls in with a Zionist group as a result.,David Mamet,https://www.youtube.com/watch?v=P9-Q0ZRFk7g,https://www.themoviedb.org/movie/22828
Damaged,5.676,"A Chicago detective travels to Scotland after an emerging serial killer’s crimes match those that he investigated five years earlier, one of which was the crime scene of his murdered girlfriend.",Terry McDonough,https://www.youtube.com/watch?v=qOMLYxYSjrA,https://www.themoviedb.org/movie/1105407
Lilo & Stitch,7.6,"As Stitch, a runaway genetic experiment from a faraway planet, wreaks havoc on the Hawaiian Islands, he becomes the mischievous adopted alien ""puppy"" of an independent little girl named Lilo and learns about loyalty, friendship, and ʻohana, the Hawaiian tradition of family.","Dean DeBlois, Chris Sanders",https://www.youtube.com/watch?v=wAtaSKQ4-T0,https://www.themoviedb.org/movie/11544
Oshi no Ko -The Final Act-,7.0,"Goro is a gynecologist and idol fan who’s in shock after his favorite star, Ai, announces an impromptu hiatus. Little does Goro realize that he’s about to forge a bond with her that defies all common sense! Lies are an idol’s weapon!",Smith,https://www.youtube.com/watch?v=YOiA-uuaQ28,https://www.themoviedb.org/movie/1235431
Triangle,6.0,"Story about a happily married couple visited by an old friend, who ends up stirring the pot by becoming sexually involved with both the husband and the wife.",Jojo Nadela,N/A,https://www.themoviedb.org/movie/1357459
Sakra,6.453,"Qiao Feng is the respected leader of a roving band of martial artists. After he is wrongfully accused of murder and subsequently exiled, Qiao Feng goes on the run in search of answers about his own mysterious origin story—and the unknown enemies working to destroy him from the shadows.","Donnie Yen, Kam Ka-Wai",https://www.youtube.com/watch?v=aHP_pyGtFIk,https://www.themoviedb.org/movie/990140
Evil Dead Rise,6.931,"A reunion between two estranged sisters gets cut short by the rise of flesh-possessing demons, thrusting them into a primal battle for survival as they face the most nightmarish version of family imaginable.",Lee Cronin,https://www.youtube.com/watch?v=PelnoDkHrR8,https://www.themoviedb.org/movie/713704
"Juliette, or Key of Dreams",7.0,"Michel has stolen from his employer, Mr Bellanger, for the love of Juliette. He is now in jail. One night, while sleeping in his cell, he wakes up all of a sudden, the gates open and he finds himself in a strange village where all the inhabitants have lost their memory. There, meets Juliette again who seems to agree to marry a powerful man, who might well be Bluebeard...",Marcel Carné,N/A,https://www.themoviedb.org/movie/117239
How It Ends,5.276,A desperate father tries to return home to his pregnant wife after a mysterious apocalyptic event turns everything to chaos.,David M. Rosenthal,https://www.youtube.com/watch?v=WJyyJ7lexnM,https://www.themoviedb.org/movie/475210
The Twilight Saga: Breaking Dawn - Part 1,6.198,Bella Swan and Edward Cullen's honeymoon phase is abruptly disrupted by betrayals and unforeseen tragedies that endanger their world.,Bill Condon,https://www.youtube.com/watch?v=PQNLfo-SOR4,https://www.themoviedb.org/movie/50619
Swim Instructor Nightmare,5.9,A man unknowingly hires a psychotic instructor to teach his 10-year-old daughter how to swim.,Doug Campbell,N/A,https://www.themoviedb.org/movie/940614
28 Weeks Later,6.608,"Twenty-eight weeks after the spread of a deadly rage virus, the inhabitants of the British Isles have lost their battle against the onslaught, as the virus has killed everyone there. Six months later, a group of Americans dare to set foot on the Isles, convinced the danger has passed. But it soon becomes all too clear that the scourge continues to live, waiting to pounce on its next victims.",Juan Carlos Fresnadillo,https://www.youtube.com/watch?v=gPOt4mAEfBE,https://www.themoviedb.org/movie/1562
Release the Prisoners to Spring,6.0,"Small and short Frida lives with her long, tall friend in a house in the countryside. Frida rejects the idea that people who have committed crimes should be locked up. One day their own house is burgled by Harald. He is sentenced to prison. Acting in accordance with her philosophy, Frida decides to use all means possible to make it possible for Harald to escape.",Tage Danielsson,N/A,https://www.themoviedb.org/movie/129467
Dagger Eyes,5.3,"Assassins are after a prostitute who has come into possession of a cigarette lighter that, unbeknownst to her, contains the negatives that show a politician's assassination. A delightfully playful giallo starring the beautiful Carole Bouquet as Mystère, a high class call girl who becomes the target for a couple of assassins.",Carlo Vanzina,https://www.youtube.com/watch?v=he-3Zpg2Fgs,https://www.themoviedb.org/movie/108074
Jokyoshi Nikki 2 Abakareta Sei,9.3,"Mari is a high school teacher who is earnest and somewhat cold. Tired of her monotonous days, she discovered a secret game: wandering around Roppongi at night and seducing men. She enjoys the pleasure of lewd acts with strangers and finds temporary peace. Her student Toshihiko, who happens to witness her nighttime appearance, is captivated by Mari's seductive figure before he knows it...",Hiroaki Ito,N/A,https://www.themoviedb.org/movie/630940
Tenth Avenue Angel,6.1,"Flavia's been told that her Aunt Susan's fiancé, Steve, has been on a trip around the world, but in truth he's finished his prison term. Steve wonders how he can make some money and is approached by his old associates. When Flavia discovers the truth about Steve, she loses all faith in her family and in God, and it will take a miracle to restore Flavia's belief and keep Steve out of trouble.",Roy Rowland,https://www.youtube.com/watch?v=f3SxLrZXJgo,https://www.themoviedb.org/movie/151211
The Figo Affair: The Transfer That Changed Football,7.0,This documentary spotlights one of the most contentious deals in football history and the extraordinary player at the center of the storm: Luís Figo.,"David Tryhorn, Ben Nicholas",N/A,https://www.themoviedb.org/movie/1014779
Transformers One,8.039,"The untold origin story of Optimus Prime and Megatron, better known as sworn enemies, but once were friends bonded like brothers who changed the fate of Cybertron forever.",Josh Cooley,https://www.youtube.com/watch?v=jaVcDaozGgc,https://www.themoviedb.org/movie/698687
Cherished Memories: A Gift to Remember 2,5.6,"As Darcy and Aiden prepare to celebrate their second Christmas together, an unexpected guest and a fight to save the beloved community center unites everyone for an unforgettable holiday.",Kevin Fair,https://www.youtube.com/watch?v=cf1X4-GFBZE,https://www.themoviedb.org/movie/631428
No Other Choice,7.667,"After being laid off by his company, a man devises a unique plan to secure a new job: eliminate his competition.",Park Chan-wook,https://www.youtube.com/watch?v=BA06R4ANPJI,https://www.themoviedb.org/movie/639988
Wings of Steel,6.0,"They returned home to Czechoslovakia, believing that the long-awaited peace would come. However, history decided otherwise. Over two and a half thousand pilots served in the uniforms of the British Royal Air Force. Heroes to the British, who helped decide the outcome of the war, they were tried for treason in our country after the war... The Ballad of a Pilot takes place in late summer 1945 and early 1946, a time of euphoria over the newly acquired peace, when the network of interpersonal relationships, shattered by the war, began to reform. At first, it was thought that the First Republic democracy would take over the government, but the fate of Czechoslovakia turned out differently.",Ján Sebechlebský,N/A,https://www.themoviedb.org/movie/560963
Tim Travers and the Time Traveler's Paradox,5.714,"A scientist creates a time machine and kills their younger self to see what would happen. And that self-obsessed, misanthropic, mad genius of a scientist is Tim Travers. And the universe was bad enough with only one of him.",Stimson Snead,https://www.youtube.com/watch?v=4U46UYohL-0,https://www.themoviedb.org/movie/1290595
The Incredible Hulk,6.225,"Scientist Bruce Banner scours the planet for an antidote to the unbridled force of rage within him: the Hulk. But when the military masterminds who dream of exploiting his powers force him back to civilization, he finds himself coming face to face with a new, deadly foe.",Louis Leterrier,https://www.youtube.com/watch?v=dz6eBeW19Lg,https://www.themoviedb.org/movie/1724
Rainbow Brite and the Star Stealer,5.6,"Rainbow Brite, and her magical horse Starlite, must stop an evil princess and her underlings from taking over the planet Spectra. When they meet Orin, the wise Sprite tries to make the two children get along and work together to stop the evil Princess. Orin tells them that they can only destroy her by combining their own powers against her. Getting in the way of their mission is the sinister Murky Dismal and his bumbling assistant Lurky who, as usual, are lavishing in the new gloom created by the darkening of Spectra, as well as trying to steal Rainbow's magical color belt.","Bernard Deyriès, Kimio Yabuki",N/A,https://www.themoviedb.org/movie/47296
Day of Destiny,3.5,"The thrilling adventure of Chidi and Rotimi, teenagers who get a magical chance to travel back in time and change their broke parents' past.","Akay Mason, Abosi Ogba",https://www.youtube.com/watch?v=AwgEPM0Mcs4,https://www.themoviedb.org/movie/846507
How to Murder Your Husband: The Nancy Brophy Story,6.3,"Author Nancy Crampton-Brophy often writes stories about female protagonists who fantasize about killing their own husbands. In a shocking and ironic turn of events, Brophy faces accusations of doing the same thing in real life.",Stephen Tolkin,N/A,https://www.themoviedb.org/movie/1064390
Kaskasero,6.8,"A talented mechanic and driver, Migs quickly finds success when a customer he likes, Gabbi, leads him into the life of street car racing. But as he goes along this life and learns of Gabbi’s past, Migs makes rash decisions that might put the brakes on their relationship.",Ray-An Ludwig Peralta,N/A,https://www.themoviedb.org/movie/1302004
Abraham's Boys,5.4,"Max and Rudy Van Helsing have spent their lives under the strict and overprotective rule of their father, Abraham. Unaware of his dark past, they struggle to understand his paranoia and increasingly erratic behavior. But when they begin to uncover the violent truths behind their father’s history with Dracula, their world unravels, forcing them to confront the terrifying legacy they were never meant to inherit.",Natasha Kermani,https://www.youtube.com/watch?v=-2BJrCzvEZQ,https://www.themoviedb.org/movie/1452176
Cruella,8.0,"In 1970s London amidst the punk rock revolution, a young grifter named Estella is determined to make a name for herself with her designs. She befriends a pair of young thieves who appreciate her appetite for mischief, and together they are able to build a life for themselves on the London streets. One day, Estella’s flair for fashion catches the eye of the Baroness von Hellman, a fashion legend who is devastatingly chic and terrifyingly haute. But their relationship sets in motion a course of events and revelations that will cause Estella to embrace her wicked side and become the raucous, fashionable and revenge-bent Cruella.",Craig Gillespie,https://www.youtube.com/watch?v=jpZrVxvG3mk,https://www.themoviedb.org/movie/337404
Rise of the Footsoldier,6.3,Rise of the Footsoldier follows the inexorable rise of Carlton Leach from one of the most feared generals of the football terraces to becoming a member of a notorious gang of criminals who rampaged their way through London and Essex in the late eighties and early nineties.,Julian Gilbey,https://www.youtube.com/watch?v=SF81Myp0-Ng,https://www.themoviedb.org/movie/13054
Remo Williams: The Adventure Begins,6.225,"An officially ""dead"" cop is trained to become an extraordinary unique assassin in service of the U.S. President.",Guy Hamilton,https://www.youtube.com/watch?v=RUJBnsrWsow,https://www.themoviedb.org/movie/10553
Eden,6.935,"A group of disillusioned outsiders abandon modern society in search of a new beginning. Settling on a remote, uninhabited island, their utopian dream quickly unravels as they discover that the greatest threat isn’t the brutal climate or deadly wildlife, but each other.",Ron Howard,https://www.youtube.com/watch?v=N7qYSKw8JkQ,https://www.themoviedb.org/movie/1042834
Despicable Me,7.3,"Villainous Gru lives up to his reputation as a despicable, deplorable and downright unlikable guy when he hatches a plan to steal the moon from the sky. But he has a tough time staying on task after three orphans land in his care.","Pierre Coffin, Chris Renaud",https://www.youtube.com/watch?v=zzCZ1W_CUoI,https://www.themoviedb.org/movie/20352
Little Women,7.384,"Louisa May Alcott's autobiographical account of her life with her three sisters in Concord Mass in the 1860s. With their father fighting in the civil war, the sisters: Jo, Meg, Amy and Beth are at home with their mother - a very outspoken women for her time. The story is of how the sisters grow up, find love and find their place in the world.",Mervyn LeRoy,https://www.youtube.com/watch?v=kopTV7sUopo,https://www.themoviedb.org/movie/43436
Indecent Proposal,6.402,John Gage offers a down-on-his-luck yuppie husband $1 million for the opportunity to spend the night with the man's wife.,Adrian Lyne,https://www.youtube.com/watch?v=Ad98qFf7PTE,https://www.themoviedb.org/movie/4478
Crazy Lizard,6.4,"A young man climbs into the mountains to pick up a meteorite that has fallen there and is killed by something. The ""thing"" descends to the village and begins to eat the inhabitants one by one, terrorizing the entire island.",Cecil Man Ching Cheng,N/A,https://www.themoviedb.org/movie/1442776
That's Roman Porno: Smile of Goddesses,3.8,A documentary compilation that shows various clips from the Roman Porno series of movies from 1971 to 1988.,Takashi Kodama,N/A,https://www.themoviedb.org/movie/687637
A Smile Doesn't Lie,5.8,"Wisi is in trouble. He arrives in Bordeaux in the hope of finding a job and crosses paths with Marina, a humanitarian with a big heart. To get accommodation with her, he pretends to be undocumented. One evening, he meets Jérôme, himself on the street after the death of his mother.","Christine Paillard, Chad Chenouga",https://www.youtube.com/watch?v=vnKdXNyBzmc,https://www.themoviedb.org/movie/1000079
The Voyeurs,6.53,"When Pippa and Thomas move into their dream apartment, they notice that their windows look directly into the apartment opposite – inviting them to witness the volatile relationship of the attractive couple across the street. But what starts as a simple curiosity turns into full-blown obsession with increasingly dangerous consequences.",Michael Mohan,https://www.youtube.com/watch?v=_fiCdELSwwI,https://www.themoviedb.org/movie/645710
Snowpiercer,6.908,"In a future where a failed global-warming experiment kills off most life on the planet, a class system evolves aboard the Snowpiercer; a train that travels around the globe via a perpetual-motion engine.",Bong Joon Ho,https://www.youtube.com/watch?v=3Np3v7xnNJk,https://www.themoviedb.org/movie/110415
xXx: Return of Xander Cage,6.135,"Xander Cage is left for dead after an incident, though he secretly returns to action for a new, tough assignment with his handler Augustus Gibbons.",D.J. Caruso,https://www.youtube.com/watch?v=-ziu6JzJTZ0,https://www.themoviedb.org/movie/47971
MatchMaker Mysteries: A Killer Engagement,6.7,"When a woman is murdered, and her fiancé is the prime suspect, successful matchmaker Angie works to prove her client's innocence, much to the dismay of Kyle, the detective working the case.",David Mackay,N/A,https://www.themoviedb.org/movie/637422
"The Gangster, the Cop, the Devil",7.855,"After barely surviving a brutal attack by a sadistic serial killer, crime boss Jang Dong-su is left humiliated. Determined to catch the killer known as K, he forms an uneasy alliance with Jung Tae-seok, a relentless and incorruptible detective who often disrupts his illegal business. However, while Jang Dong-su wants K dead, Jung Tae-suk is determined to bring him to justice. With a deal in place—whoever finds K first will decide his fate—the hunt begins, blurring the lines between crime and law.",Lee Won-tae,https://www.youtube.com/watch?v=D1XANQUYSvk,https://www.themoviedb.org/movie/581528
Class Reunion,5.0,"Lizzie Borden High's class of '72 are going through the motions at their tenth-year reunion, until deranged alum Walter Baylor, driven insane by a sadistic senior-year prank, escapes from the mental institution and crashes the party. When guests start getting bumped off, the other alumni, including snooty yacht salesman Bob Spinnaker, class tease Bunny Packard, and class zero Gary Nash, spring into action to uncover the culprit.",Michael Miller,https://www.youtube.com/watch?v=cgP09BXk27I,https://www.themoviedb.org/movie/33374
Sonic the Hedgehog,7.3,"Powered with incredible speed, Sonic The Hedgehog embraces his new home on Earth. That is, until Sonic sparks the attention of super-uncool evil genius Dr. Robotnik. Now it’s super-villain vs. super-sonic in an all-out race across the globe to stop Robotnik from using Sonic’s unique power for world domination.",Jeff Fowler,https://www.youtube.com/watch?v=szby7ZHLnkA,https://www.themoviedb.org/movie/454626
Underground Inc: The Rise and Fall of Alternative Rock,10.0,"Underground Inc explores the rise and fall of the 90's Alternative Rock scene. Told by the artists who pioneered a sonic sub-culture, this music documentary relives the triumphs, tragedies and ruckus energy of the underground punk world - and is a must see for serious music lovers!",Shaun Katz,N/A,https://www.themoviedb.org/movie/490032
The Princess and the Frog,7.216,"A waitress, desperate to fulfill her dreams as a restaurant owner, is set on a journey to turn a frog prince back into a human being, but she has to face the same problem after she kisses him.","Ron Clements, John Musker",https://www.youtube.com/watch?v=Kw4fSwQbrFo,https://www.themoviedb.org/movie/10198
Casino Royale,7.564,"Le Chiffre, a banker to the world's terrorists, is scheduled to participate in a high-stakes poker game in Montenegro, where he intends to use his winnings to establish his financial grip on the terrorist market. M sends Bond—on his maiden mission as a 00 Agent—to attend this game and prevent Le Chiffre from winning. With the help of Vesper Lynd and Felix Leiter, Bond enters the most important poker game in his already dangerous career.",Martin Campbell,https://www.youtube.com/watch?v=U4NT78c-pYs,https://www.themoviedb.org/movie/36557
Magic & Bird: A Courtship of Rivals,7.7,An exploration of the fierce rivalry between NBA superstars Larry Bird and Magic Johnson during their decade of dominance.,Ezra Edelman,N/A,https://www.themoviedb.org/movie/41639
The Shining,8.209,"Jack Torrance accepts a caretaker job at the Overlook Hotel, where he, along with his wife Wendy and their son Danny, must live isolated from the rest of the world for the winter. But they aren't prepared for the madness that lurks within.",Stanley Kubrick,https://www.youtube.com/watch?v=FZQvIJxG9Xs,https://www.themoviedb.org/movie/694
"Black God, White Devil",7.097,"Wanted for killing his boss, Manuel flees with his wife Rosa to the sertão, the barren landscape of Northern Brazil. Thrust into a primordial violent region, Manuel and Rosa come under the influence and control of a series of frightening figures.",Glauber Rocha,https://www.youtube.com/watch?v=06lr4b9vA60,https://www.themoviedb.org/movie/67612
Heretic,6.98,"Two young missionaries are forced to prove their faith when they knock on the wrong door and are greeted by a diabolical Mr. Reed, becoming ensnared in his deadly game of cat-and-mouse.","Scott Beck, Bryan Woods",https://www.youtube.com/watch?v=jpWUOxRozZg,https://www.themoviedb.org/movie/1138194
Pacific Rim,6.911,"Using massive piloted robots to combat the alien threat, earth's survivors take the fight to the invading alien force lurking in the depths of the Pacific Ocean. Nearly defenseless in the face of the relentless enemy, the forces of mankind have no choice but to turn to two unlikely heroes who now stand as earth's final hope against the mounting apocalypse.",Guillermo del Toro,https://www.youtube.com/watch?v=hQAQxQop6Io,https://www.themoviedb.org/movie/68726
DodgeBall: A True Underdog Story,6.359,"When megalomaniacal White Goodman, the owner of a trendy, high-end fitness center, makes a move to take over the struggling local gym run by happy-go-lucky Pete La Fleur, there's only one way for La Fleur to fight back: dodgeball. Aided by a dodgeball guru and Goodman's attorney, La Fleur and his rag-tag team of underdogs launch a knock-down, drag-out battle in which the winner takes all.",Rawson Marshall Thurber,https://www.youtube.com/watch?v=rZfmbdpVLAA,https://www.themoviedb.org/movie/9472
The Count of Monte Cristo,7.97,"Edmond Dantes becomes the target of a sinister plot and is arrested on his wedding day for a crime he did not commit. After 14 years in the island prison of Château d’If, he manages a daring escape. Now rich beyond his dreams, he assumes the identity of the Count of Monte-Cristo and exacts his revenge on the three men who betrayed him.","Alexandre de La Patellière, Matthieu Delaporte",https://www.youtube.com/watch?v=8Q6y1waxlTY,https://www.themoviedb.org/movie/1084736
Dogman,7.878,"A boy, bruised by life, finds his salvation through the love of his dogs.",Luc Besson,https://www.youtube.com/watch?v=hJSX_o-MvYs,https://www.themoviedb.org/movie/944401
Talk to Me,7.149,"When a group of friends discover how to conjure spirits using an embalmed hand, they become hooked on the new thrill, until one of them goes too far and unleashes terrifying supernatural forces.","Danny Philippou, Michael Philippou",https://www.youtube.com/watch?v=PGo4wfCejsk,https://www.themoviedb.org/movie/1008042
Laser Mission,3.907,"A CIA agent is sent to get Professor Braun before the KGB can seize him as the Prof's knowledge, together with a recently stolen diamond, could be used to make a laser cannon.",BJ Davis,https://www.youtube.com/watch?v=37i1Adt8OFc,https://www.themoviedb.org/movie/35632
Sniper: Rogue Mission,6.163,"When a crooked federal agent is involved in a human sex trafficking ring, Sniper and CIA Rookie Brandon Beckett goes rogue, teaming up with his former allies Homeland Security Agent Zero and assassin Lady Death to uncover the corrupt agent and take down the criminal organization.",Oliver Thompson,https://www.youtube.com/watch?v=QZ4au55F2mQ,https://www.themoviedb.org/movie/997120
Now You See Me,7.333,An FBI agent and an Interpol detective track a team of illusionists who pull off bank heists during their performances and reward their audiences with the money.,Louis Leterrier,https://www.youtube.com/watch?v=DaavRAV8a0A,https://www.themoviedb.org/movie/75656
Percy Jackson & the Olympians: The Lightning Thief,6.209,"Accident prone teenager, Percy discovers he's actually a demi-God, the son of Poseidon, and he is needed when Zeus' lightning is stolen. Percy must master his new found skills in order to prevent a war between the Gods that could devastate the entire world.",Chris Columbus,https://www.youtube.com/watch?v=R86InkfdboA,https://www.themoviedb.org/movie/32657
Taming The Younger Sister-in-Law,6.1,"One day, Min-sang who is not that handsome becomes a huge success because of a webtoon. Then he gets a sexy wife, Yu-ra, for himself. Min-sang is having a dream-like marriage with Yura. It has been a perfect day except for his sister-in-law Yu-mi, who hates her ugly self. Accidentally, he learned of his wife's dark past through his sister-in-law's diary, and this leads to a reversal of the relationship with her sister-in-law. Min-sang began to demand excessive demands from his sister-in-law, and Yu-mi began to accept them. Where will the end of the relationship between Min-sang, Yu-ra, and Yu-mi lead?",Pae Kon,N/A,https://www.themoviedb.org/movie/784941
Perfect Skin,5.3,"Katia, a young Polish woman adrift in London, meets Bob, an American tattoo artist. Katia is drawn to his mysterious aura and the taboo culture of body modification, but Bob has a dark, secret desire to leave his mark on the world and little does Katia know that her fascination with him will put her life in danger.",Kevin Chicken,https://www.youtube.com/watch?v=ccOBnjSGq5g,https://www.themoviedb.org/movie/532656
Sex and Zen III,6.4,"New prostitutes Susan, Fanny, and Chinyun are inducted into the Fragrance House brothel where they are trained in the ways of lovemaking by their veteran madam Tall Kau. Eventually all three enter circulation where Susan is crowned the top prize and becomes enamored of budding scholar Chu Chi-Ang. Fanny is jealous beyond all means and though she's bought by famous horse trader Sir Lui, she still plans her revenge on Susan.",Aman Chang Man,https://www.youtube.com/watch?v=15v7qdaDlOw,https://www.themoviedb.org/movie/123338
Kingdom of Heaven,6.999,"After his wife dies, a blacksmith named Balian is thrust into royalty, political intrigue and bloody holy wars during the Crusades.",Ridley Scott,https://www.youtube.com/watch?v=6Z2wGCZ2fSM,https://www.themoviedb.org/movie/1495
High Tide,6.6,"A backup singer gets stranded in a small coastal town after losing her job in a band. She winds up in a caravan park only to encounter, by accident, the teenage daughter she deserted following her husband's death.",Gillian Armstrong,https://www.youtube.com/watch?v=1tfkhEY_BBo,https://www.themoviedb.org/movie/49969
Rita,6.7,"Rita, who finds herself alone when husband Ariel works abroad. They both find solace and sexual satisfaction in other people. When Ariel comes back, they both act like nothing happened. But will this keep their marriage from falling apart?",N/A,N/A,https://www.themoviedb.org/movie/1241752
Napoleon,6.327,"An epic that details the checkered rise and fall of French Emperor Napoleon Bonaparte and his relentless journey to power through the prism of his addictive, volatile relationship with his wife, Josephine.",Ridley Scott,https://www.youtube.com/watch?v=KPr42qEdhnU,https://www.themoviedb.org/movie/753342
Captain America: Civil War,7.447,"Following the events of Age of Ultron, the collective governments of the world pass an act designed to regulate all superhuman activity. This polarizes opinion amongst the Avengers, causing two factions to side with Iron Man or Captain America, which causes an epic battle between former allies.","Joe Russo, Anthony Russo",https://www.youtube.com/watch?v=dKrVegVI0Us,https://www.themoviedb.org/movie/271110
War of the Worlds,6.522,"Ray Ferrier is a divorced dockworker and less-than-perfect father. Soon after his ex-wife and her new husband drop off his teenage son and young daughter for a rare weekend visit, a strange and powerful lightning storm touches down.",Steven Spielberg,https://www.youtube.com/watch?v=TLnQXsKn5-E,https://www.themoviedb.org/movie/74
Ace of Aces,7.072,"In this action comedy the French boxer Jo Cavalier is charmed on the train to Berlin for the Olympics in Hitler's Germany by the little boy Simon Rosenblum who asks his autograph; when it turns out his adorable young fan is a Jewish orphan in danger of persecution, he risks his one shot at Olympic glory to save Simon and his family, helped only by a German officer-gentleman who became his friend in World War I, by an adventurous escape to Switzerland, Nazi troops on their heals and braving impossible odds in roller coaster-style.",Gérard Oury,N/A,https://www.themoviedb.org/movie/71524
My Brothers and I,7.2,"Nour, a 14-year-old boy, is enjoying the summer holidays in the South of France. He is the youngest of four brothers. They live together in a council estate, caring for their mother who is in a coma. Nour dreams of escaping to a faraway place. When he crosses paths with Sarah, an Opera singer teaching summer classes, he finds the opportunity to come out of his shell and explore new horizons.",Yohan Manca,https://www.youtube.com/watch?v=SHt_UHGlhMw,https://www.themoviedb.org/movie/838885
American Pie,6.6,"At a high-school party, four friends find that losing their collective virginity isn't as easy as they had thought. But they still believe that they need to do so before college. To motivate themselves, they enter a pact to all ""score"" by their senior prom.",Paul Weitz,https://www.youtube.com/watch?v=ACDrQ2p5kAM,https://www.themoviedb.org/movie/2105
Ace Ventura: Pet Detective,6.6,"He's Ace Ventura: Pet Detective. Jim Carrey is on the case to find the Miami Dolphins' missing mascot and quarterback Dan Marino. He goes eyeball to eyeball with a man-eating shark, stakes out the Miami Dolphins and woos and wows the ladies. Whether he's undercover, under fire or underwater, he always gets his man… or beast!",Tom Shadyac,https://www.youtube.com/watch?v=Lc0bgXhpmAE,https://www.themoviedb.org/movie/3049
Greenland 2: Migration,0.0,"Having found the safety of the Greenland bunker after the comet Clarke decimated the Earth, the Garrity family must now risk everything to embark on a perilous journey across the wasteland of Europe to find a new home.",Ric Roman Waugh,https://www.youtube.com/watch?v=H8ieN10lX40,https://www.themoviedb.org/movie/840464
Venom,6.828,"Investigative journalist Eddie Brock attempts a comeback following a scandal, but accidentally becomes the host of Venom, a violent, super powerful alien symbiote. Soon, he must rely on his newfound powers to protect the world from a shadowy organization looking for a symbiote of their own.",Ruben Fleischer,https://www.youtube.com/watch?v=xLCn88bfW1o,https://www.themoviedb.org/movie/335983
Archie: To Riverdale and Back Again,7.2,"The classic comic characters return, partaking in their Riverdale High 15th anniversary reunion! But when Pop's Chock'lit Shoppe is under the danger of being closed down for good, Archie, along with his pals n' gals, find a way to help out their friend and keep the youth of Riverdale intact with a good burger and milkshake!",Dick Lowry,https://www.youtube.com/watch?v=7Nz_B2B_QVg,https://www.themoviedb.org/movie/52304
The Jade Pendant,6.0,"Fleeing an arranged marriage in China, the independent Peony signs a contract to work as a “flower girl” in America, where she meets Tom, an American Born Chinese cook whose father works on the Transcontinental Railroad. Thwarted by a Hong Kong Triad boss seeking to extend his power into America, theirs is the tale of the first great Chinese immigration to the United States – a story of romance, bigotry, passion, food and a search for everlasting love – set against the largest mass lynching in American history, in Los Angeles’ Chinatown, in 1871.",Leong Po-Chih,https://www.youtube.com/watch?v=8rGrbuXqQeA,https://www.themoviedb.org/movie/483266
Shrek the Third,6.298,"The King of Far Far Away has died and Shrek and Fiona are to become King & Queen. However, Shrek wants to return to his cozy swamp and live in peace and quiet, so when he finds out there is another heir to the throne, they set off to bring him back to rule the kingdom.",Chris Miller,https://www.youtube.com/watch?v=_MoIr7811Bs,https://www.themoviedb.org/movie/810
Breach of Faith: A Family of Cops II,6.6,"The family of cops is back, this time dealing with the murder of a priest tied in with the Russian Mafia, who proceed to try to draw the family off the case.",David Greene,https://www.youtube.com/watch?v=GsjokX_yvEY,https://www.themoviedb.org/movie/110109
Expend4bles,6.096,"Armed with every weapon they can get their hands on and the skills to use them, The Expendables are the world’s last line of defense and the team that gets called when all other options are off the table. But new team members with new styles and tactics are going to give “new blood” a whole new meaning.",Scott Waugh,https://www.youtube.com/watch?v=Cm3Z1jEjHHc,https://www.themoviedb.org/movie/299054
Ablaze,3.3,"The owner of a gigantic oil refinery decides to burn the place down for insurance purposes, only to create a giant fireball that endangers the lives of a small town.",Jim Wynorski,N/A,https://www.themoviedb.org/movie/111851
Doom: Annihilation,4.941,"A group of UAC Marines responds to a distress call from a top-secret scientific base on Phobos, a Martian moon, only to discover it's been overrun by demons.",Tony Giglio,https://www.youtube.com/watch?v=nat3u3gAVLE,https://www.themoviedb.org/movie/520901
My Neighbor Totoro,8.069,"Two sisters move to the country with their father in order to be closer to their hospitalized mother, and discover the surrounding trees are inhabited by Totoros, magical spirits of the forest. When the youngest runs away from home, the older sister seeks help from the spirits to find her.",Hayao Miyazaki,https://www.youtube.com/watch?v=_nv94fL_IA8,https://www.themoviedb.org/movie/8392
Our Fault,0.0,"Jenna and Lion's wedding brings about the long-awaited reunion between Noah and Nick after their breakup. Nick's inability to forgive Noah stands as an insurmountable barrier. He, heir to his grandfather's businesses, and she, starting her professional life, resist fueling a flame that's still alive. But now that their paths have crossed again, will love be stronger than resentment?",Domingo González,https://www.youtube.com/watch?v=4ZDvKct1U4s,https://www.themoviedb.org/movie/1156594
The Hairy Tooth Fairy 2,6.8,"Eight year old Lucas would like to know how the Tooth Fairy exchanges coins for teeth without getting caught. He is determined to stay awake all night to find out. Meanwhile, a little mouse falls into a trap set by a dishonest contractor who is desperate to tell the world his secret, that the mouse is the Tooth Fairy. Lucas and his family has to do everything in their power to help the sweet little mouse with its mission, which since time immemorial, is to make children happy...",Andrés G. Schaer,https://www.youtube.com/watch?v=AT9t7bQHjnk,https://www.themoviedb.org/movie/52611
Excitation au soleil,2.5,A couple awaits for the arrival of their friend and his new fiancee. An attractive woman with long blonde hair shows up and they assume it's her. The woman has the idea to start screwing everyone in sight. Then when the actual fiancee shows up they assume that she is the hired help and is treated as such. By the time their buddy arrives everyone has pretty much banged everyone else.,Michel Lemoine,N/A,https://www.themoviedb.org/movie/641284
Topper Returns,6.4,"Topper is once again tormented by a fun-loving spirit. This time, it's Gail Richards, accidentally murdered while vacationing at the home of her wealthy friend, Ann Carrington, the intended victim. With Topper's help, Gail sets out to find her killer with the expected zany results.",Roy Del Ruth,https://www.youtube.com/watch?v=0wt-3v31L-s,https://www.themoviedb.org/movie/44875
Elevator Lady,7.1,An elevator lady who uses her body to earn more money. She falls for a wealthy married man without her knowing that this will soon lead to her downfall.,Rodante Pajemna Jr.,https://www.youtube.com/watch?v=EpWuXVDx8Zo,https://www.themoviedb.org/movie/1442538
Brave Citizen,7.331,"An expelled boxing champion, who now is a high-school teacher, witnesses intolerable violence and throws her first punch to build justice against it, while putting on a mask.",Park Jin-pyo,https://www.youtube.com/watch?v=nLx7YXszBYI,https://www.themoviedb.org/movie/897160
The Hobbit: The Desolation of Smaug,7.572,"The Dwarves, Bilbo and Gandalf have successfully escaped the Misty Mountains, and Bilbo has gained the One Ring. They all continue their journey to get their gold back from the Dragon, Smaug.",Peter Jackson,https://www.youtube.com/watch?v=gAo95e7_XKA,https://www.themoviedb.org/movie/57158
Section 8,6.203,"After avenging the murder of his family, a former soldier is sprung from prison and recruited by a shadowy government agency.",Christian Sesma,https://www.youtube.com/watch?v=v1idsDn7_bA,https://www.themoviedb.org/movie/893228
King of Burlesque,5.9,"Warner Baxter plays the ambitious producer of a burlesque show who rises to the big time on Broadway. Alice Faye is the loyal burleycue singer who helps make Baxter a success. His head turned by sudden fame, Baxter falls under the spell of a society woman (Mona Barrie) who has theatrical aspirations of her own. She marries Baxter, then convinces him to produce a string of ""artistic"" plays rather than his extravagant musical revues. The plays are flops, and the woman haughtily divorces Baxter. Faithful Alice Faye, who'd gone to London when her ex-beau was married, returns to the penniless Baxter. She and her burlesque buddies team up to pull Baxter out of his rut and put him on top again.",Sidney Lanfield,N/A,https://www.themoviedb.org/movie/218404
Bambi: A Tale of Life in the Woods,6.152,"The life of Bambi, a male roe deer, from his birth through childhood, the loss of his mother, the finding of a mate, the lessons he learns from his father, and the experience he gains about the dangers posed by human hunters in the forest.",Michel Fessler,https://www.youtube.com/watch?v=aALZJu_Bg9I,https://www.themoviedb.org/movie/1094473
Snake Eyes: G.I. Joe Origins,6.5,"After saving the life of their heir apparent, tenacious loner Snake Eyes is welcomed into an ancient Japanese clan called the Arashikage where he is taught the ways of the ninja warrior. But, when secrets from his past are revealed, Snake Eyes' honor and allegiance will be tested – even if that means losing the trust of those closest to him.",Robert Schwentke,https://www.youtube.com/watch?v=Vd2sm63Xwfw,https://www.themoviedb.org/movie/568620
The Mask,6.969,"When timid bank clerk Stanley Ipkiss discovers a magical mask containing the spirit of the Norse god Loki, his entire life changes. While wearing the mask, Ipkiss becomes a supernatural playboy exuding charm and confidence which allows him to catch the eye of local nightclub singer Tina Carlyle. Unfortunately, under the mask's influence, Ipkiss also robs a bank, which angers junior crime lord Dorian Tyrell, whose goons get blamed for the heist.",Chuck Russell,https://www.youtube.com/watch?v=uPrUiKgQVQk,https://www.themoviedb.org/movie/854
Deadpool 2,7.489,Wisecracking mercenary Deadpool battles the evil and powerful Cable and other bad guys to save a boy's life.,David Leitch,https://www.youtube.com/watch?v=20bpjtCbCz0,https://www.themoviedb.org/movie/383498
The Pact II,4.8,"The sequel is set just weeks after Annie Barlow's deadly confrontation with the Judas Killer. In this elevated sequel, we meet June, a woman whose carefully constructed life is beginning to unravel due to lucid nightmares so awful they disturb her waking life","Patrick Horvath, Dallas Richard Hallam",https://www.youtube.com/watch?v=bJNB7MZffek,https://www.themoviedb.org/movie/228358
School Life,6.9,"In one of the poorest areas of Paris, a school counselor devotes herself to working with disadvantaged students, while facing challenges of her own.","Mehdi Idir, Grand Corps Malade",https://www.youtube.com/watch?v=JGWAnR6axm4,https://www.themoviedb.org/movie/587301
The Fall of the Krays,5.0,"The brutal brothers from Bethnal Green are back and bloodier than ever in Fall of the Krays. Following on from the ferocious Rise Of The Krays, Fall of the Krays picks up the story of the infamous Firm as the cracks start to show in the brothers business plans and their sanity. Having secured their empire and their infamy, the brothers must now fight to keep hold of both as the obsession of one police officer becomes entwined with a burgeoning romance and a dangerous state of mind for Reggie and Ronnie respectively.",Zackary Adler,https://www.youtube.com/watch?v=b7EWw44i6gM,https://www.themoviedb.org/movie/375963
Ford v Ferrari,8.006,"American car designer Carroll Shelby and the British-born driver Ken Miles work together to battle corporate interference, the laws of physics, and their own personal demons to build a revolutionary race car for Ford Motor Company and take on the dominating race cars of Enzo Ferrari at the 24 Hours of Le Mans in France in 1966.",James Mangold,https://www.youtube.com/watch?v=I3h9Z89U9ZA,https://www.themoviedb.org/movie/359724
Justice League,6.074,"Fuelled by his restored faith in humanity and inspired by Superman's selfless act, Bruce Wayne and Diana Prince assemble a team of metahumans consisting of Barry Allen, Arthur Curry and Victor Stone to face the catastrophic threat of Steppenwolf and the Parademons who are on the hunt for three Mother Boxes on Earth.",Zack Snyder,https://www.youtube.com/watch?v=PXrgvNXfN7M,https://www.themoviedb.org/movie/141052
Redux Redux,8.0,"A woman travels the multiverse, killing her daughter’s murderer over and over again. She grows addicted to the revenge streak, putting her own humanity in jeopardy.","Kevin McManus, Matthew McManus",N/A,https://www.themoviedb.org/movie/1340110
Provocation,5.31,"Passions run wildly amok at Carlo's country inn as his wife, Amelia, fantasizes about an affair with a guest, while his grandson Gianni spies on him to learn the secrets of love. And when Carlo's sexy cousin Marilinda comes to stay, everybody sits up and takes notice.",Joe D'Amato,N/A,https://www.themoviedb.org/movie/228794
K.O.,6.5,"A former fighter must find the missing son of an opponent he accidentally killed years ago, taking on a brutally violent crime gang in Marseille.",Antoine Blossier,https://www.youtube.com/watch?v=7ECPKBH88No,https://www.themoviedb.org/movie/1450599
The Special,5.3,"Suspecting his wife of infidelity, Jerry is persuaded by his best friend to accompany him to a brothel to sample ‘The Special’, which proves to be a lifechanging experience in more ways than one. Because every pleasure has its price...",B. Harrison Smith,https://www.youtube.com/watch?v=8Y2m0A3H1UA,https://www.themoviedb.org/movie/728144
The Hurricane Express,5.2,"The Wrecker wrecks trains on the L & R Railroad. One of his victims is Larry Baker's father. Baker wants to find the evildoer, among a host of suspects, but it will be difficult since the Wrecker can disguise himself to look like almost anyone","J.P. McGowan, Armand Schaefer",N/A,https://www.themoviedb.org/movie/38662
Guardians of the Galaxy Vol. 2,7.611,The Guardians must fight to keep their newfound family together as they unravel the mysteries of Peter Quill's true parentage.,James Gunn,https://www.youtube.com/watch?v=wUn05hdkhjM,https://www.themoviedb.org/movie/283995
Man on Fire,7.456,"Jaded ex-CIA operative John Creasy reluctantly accepts a job as the bodyguard for a 10-year-old girl in Mexico City. They clash at first, but eventually bond, and when she's kidnapped he's consumed by fury and will stop at nothing to save her life.",Tony Scott,https://www.youtube.com/watch?v=eDDh50B6kA4,https://www.themoviedb.org/movie/9509
"Miraculous World: London, At the Edge of Time",7.417,"To save the future from a terrible fate, Marinette becomes Chronobug and teams up with Bunnyx to defeat a mysterious opponent who travels through time.",Thomas Astruc,https://www.youtube.com/watch?v=iFN9DouWuYY,https://www.themoviedb.org/movie/1147416
Toy Story 4,7.469,"Woody has always been confident about his place in the world and that his priority is taking care of his kid, whether that's Andy or Bonnie. But when Bonnie adds a reluctant new toy called ""Forky"" to her room, a road trip adventure alongside old and new friends will show Woody how big the world can be for a toy.",Josh Cooley,https://www.youtube.com/watch?v=Pl9JS8-gnWQ,https://www.themoviedb.org/movie/301528
The Ice Road,6.795,"After a remote diamond mine collapses in far northern Canada, an ice road driver must lead an impossible rescue mission over a frozen ocean to save the trapped miners.",Jonathan Hensleigh,https://www.youtube.com/watch?v=_XfS6kjoM24,https://www.themoviedb.org/movie/646207
Looking Through Water,5.8,"William McKay’s successful New York executive career is in ruins after a shocking betrayal. Called by his estranged father, William travels to Belize for a father & son fishing tournament that reopens old wounds and sparks new understanding. Decades later, William recalls that pivotal trip as he tries to connect with his angry, distant grandson.",Roberto Sneider,https://www.youtube.com/watch?v=9JNtTs588qM,https://www.themoviedb.org/movie/1044768
Am I a Serial Killer?,5.8,A teenage girl visits her mom on death row and gets lured into a dangerous trap to take the fall for her mother's crimes.,Penelope Buitenhuis,N/A,https://www.themoviedb.org/movie/605045
Pirates of the Caribbean: Dead Men Tell No Tales,6.653,"Thrust into an all-new adventure, a down-on-his-luck Capt. Jack Sparrow feels the winds of ill-fortune blowing even more strongly when deadly ghost sailors led by his old nemesis, the evil Capt. Salazar, escape from the Devil's Triangle. Jack's only hope of survival lies in seeking out the legendary Trident of Poseidon, but to find it, he must forge an uneasy alliance with a brilliant and beautiful astronomer and a headstrong young man in the British navy.","Espen Sandberg, Joachim Rønning",https://www.youtube.com/watch?v=jnVk2C2YrSA,https://www.themoviedb.org/movie/166426
Employee of the Month,5.606,"When he hears that the new female employee digs ambitious men who are the store employee of the month, a slacker gets his act together but finds himself in competition with his rival, an ambitious co-worker.",Greg Coolidge,https://www.youtube.com/watch?v=uq96WOiaL08,https://www.themoviedb.org/movie/9794
Sneaks,6.0,"Ty, a misguided, one-of-a-kind designer sneaker, doesn’t know life outside the comforts of his velvet-lined shoebox. After his sister is stolen by a shady collector, Ty must venture into New York City to find and rescue her. In his adventure, Ty meets a ragtag group of footwear friends from all walks of life who help him find the courage to step outside of his shoebox and find his sole-mate.","Rob Edwards, Christopher Jenkins",https://www.youtube.com/watch?v=JIpYdvbK5eU,https://www.themoviedb.org/movie/1084153
Poor Things,7.671,"Brought back to life by an unorthodox scientist, a young woman runs off with a lawyer on a whirlwind adventure across the continents. Free from the prejudices of her times, she grows steadfast in her purpose to stand for equality and liberation.",Yorgos Lanthimos,https://www.youtube.com/watch?v=-EfYJWRw2FM,https://www.themoviedb.org/movie/792307
The Toxic Avenger Unrated,6.13,"A horrible toxic accident transforms terminally ill janitor Winston Gooze into a new evolution of hero: The Toxic Avenger. Now wielding a glowing mop with superhuman strength, he must race against time to save his son and stop a ruthless, power-hungry tyrant bent on harnessing toxic superpowers to strengthen his polluted empire.",Macon Blair,https://www.youtube.com/watch?v=BO3tPsmx8_8,https://www.themoviedb.org/movie/338969
Taken,7.398,"Bryan Mills, a former government operative, is trying to reconnect with his teenage daughter Kim. After reluctantly agreeing with his ex-wife to let Kim go to Paris on vacation with a friend, his worst nightmare comes true. While on the phone with his daughter shortly after she arrives in Paris, she and her friend are abducted by a gang of human traffickers. Working against the clock, Bryan relies on his extensive training and skills to track down the ruthless gang that abducted her and launch a one-man war to rescue his daughter.",Pierre Morel,https://www.youtube.com/watch?v=ZxKDnpiJaVc,https://www.themoviedb.org/movie/8681
Jurassic World: Fallen Kingdom,6.539,"Three years after Jurassic World was destroyed, Isla Nublar now sits abandoned. When the island's dormant volcano begins roaring to life, Owen and Claire mount a campaign to rescue the remaining dinosaurs from this extinction-level event.",J.A. Bayona,https://www.youtube.com/watch?v=1FJD7jZqZEk,https://www.themoviedb.org/movie/351286
Showdown at Boot Hill,6.5,"Bounty hunter Luke Welsh arrives looking for a wanted man. When that man draws on him he has to kill him. To collect his reward he needs a statement identifying him. But the man was well liked in town and no one will sign such a statement. When he outdraws another man who thought he was faster, some townsmen decide he should be killed and they organize a mob to go after him.",Gene Fowler Jr.,N/A,https://www.themoviedb.org/movie/73821
It,7.236,"In a small town in Maine, seven children known as The Losers Club come face to face with life problems, bullies and a monster that takes the shape of a clown called Pennywise.",Andy Muschietti,https://www.youtube.com/watch?v=xKJmEC5ieOk,https://www.themoviedb.org/movie/346364
Sex Rider: Wet Highway,5.1,"On the eve of her wedding and while cheating with another man, a woman gets involved into a dangerous new world of experiences.",Koretsugu Kurahara,N/A,https://www.themoviedb.org/movie/233651
TMZ Presents: The Downfall of Diddy,5.3,A series of lawsuits and allegations have legendary rap mogul P. Diddy on the ropes. TMZ has the troubling inside story from people who were there.,N/A,https://www.youtube.com/watch?v=sUgryB4VN7A,https://www.themoviedb.org/movie/1284157
Snow Angels,6.4,"Waitress Annie has separated from her suicidal alcoholic husband, Glenn. Glenn has become an evangelical Christian, but his erratic attempts at getting back into Annie's life have alarmed her. High school student Arthur works at Annie's restaurant, growing closer to a new kid in town, Lila, after class. When Glenn and Annie's daughter go missing, the whole town searches for her, as he increasingly spirals out of control.",David Gordon Green,https://www.youtube.com/watch?v=R1MH_8F0A24,https://www.themoviedb.org/movie/14054
Black Widow,7.191,"Natasha Romanoff, also known as Black Widow, confronts the darker parts of her ledger when a dangerous conspiracy with ties to her past arises. Pursued by a force that will stop at nothing to bring her down, Natasha must deal with her history as a spy and the broken relationships left in her wake long before she became an Avenger.",Cate Shortland,https://www.youtube.com/watch?v=Fp9pNPdNwjI,https://www.themoviedb.org/movie/497698
The Gilded Age,8.0,"In the closing decades of the nineteenth century, during what has become known as the Gilded Age, the population of the United States doubled in the span of a single generation. As national wealth expanded, two classes rose simultaneously, separated by a gulf of experience and circumstance that was unprecedented in American life. These disparities sparked passionate and violent debate over questions still being asked in our own times: How is wealth best distributed, and by what process? Does government exist to protect private property or provide balm to the inevitable casualties of a churning industrial system?  The outcome of these disputes was both uncertain and momentous, and marked by a passionate vitriol and level of violence that would shock the conscience of many Americans today.",Sarah Colt,N/A,https://www.themoviedb.org/movie/503845
The Right Stuff,7.43,"As the Space Race ensues, seven pilots set off on a path to become the first American astronauts to enter space. However, the road to making history brings forth momentous challenges.",Philip Kaufman,https://www.youtube.com/watch?v=G6dFmkvEKGE,https://www.themoviedb.org/movie/9549
The Crow,5.837,"Soulmates Eric and Shelly are brutally murdered when the demons of her dark past catch up with them. Given the chance to save his true love by sacrificing himself, Eric sets out to seek merciless revenge on their killers, traversing the worlds of the living and the dead to put the wrong things right.",Rupert Sanders,https://www.youtube.com/watch?v=4CLE3pWAAr8,https://www.themoviedb.org/movie/957452
Little Man,5.909,"After leaving the prison, the dwarf criminal Calvin Sims joins to his moron brother Percy to steal an expensive huge diamond in a jewelry for the mobster Walken. They are chased by the police, and Calvin hides the stone in the purse of the executive Vanessa Edwards, whose husband Darryl Edwards wants to have a baby. Percy convinces Calvin to dress like a baby and be left in front of the Edwards's house to get inside the house and retrieve the diamond. Darryl and Vanessa keep Calvin for the weekend and decide to adopt him, while Walken threatens Darryl to get the stone back.",Keenen Ivory Wayans,https://www.youtube.com/watch?v=x9STUnqrE_c,https://www.themoviedb.org/movie/9072
Night of the Reaper,0.0,"College student Deena visits her home town and is roped into a babysitting gig. Meanwhile, the local sheriff falls into an increasingly desparate scavenger hunt, linking series of murders, after receiving a piece of evidence in the mail.",Brandon Christensen,https://www.youtube.com/watch?v=yID7jDK0HYA,https://www.themoviedb.org/movie/1502943
Black Adam,6.843,"Nearly 5,000 years after he was bestowed with the almighty powers of the Egyptian gods—and imprisoned just as quickly—Black Adam is freed from his earthly tomb, ready to unleash his unique form of justice on the modern world.",Jaume Collet-Serra,https://www.youtube.com/watch?v=mkomfZHG5q4,https://www.themoviedb.org/movie/436270
Lingering,6.34,"When Yoo-mi searches out her mother's friend at a hotel to drop off her younger sister, she falls into unexpected mystery and horror.",Yoon Eun-kyoung,N/A,https://www.themoviedb.org/movie/675308
Mission: Impossible,7.011,"When Ethan Hunt, the leader of a crack espionage team whose perilous operation has gone awry with no explanation, discovers that a mole has penetrated the CIA, he's surprised to learn that he's the prime suspect. To clear his name, Hunt now must ferret out the real double agent and, in the process, even the score.",Brian De Palma,https://www.youtube.com/watch?v=L8Pbjh4EZRk,https://www.themoviedb.org/movie/954
Children of the Corn: Runaway,4.396,"The plot of Children of the Corn: Runaway follows a young pregnant Ruth who escapes a murderous child cult in a small Midwestern town. She spends the next decade living anonymously in an attempt to spare her son the horrors that she experienced as a child. She lands in the small Oklahoma town, but something is following her. Now, she must confront this evil or lose her child.",John Gulager,https://www.youtube.com/watch?v=K5vhVN9Fhj8,https://www.themoviedb.org/movie/445710
Luther: The Fallen Sun,6.662,"A gruesome serial killer is terrorizing London while brilliant but disgraced detective John Luther sits behind bars. Haunted by his failure to capture the cyber psychopath who now taunts him, Luther decides to break out of prison to finish the job by any means necessary.",Jamie Payne,https://www.youtube.com/watch?v=EGK5qtXuc1Q,https://www.themoviedb.org/movie/722149
The Smashing Machine,7.0,The story of legendary mixed martial arts and UFC fighter Mark Kerr.,Benny Safdie,https://www.youtube.com/watch?v=u4A8zfMClCM,https://www.themoviedb.org/movie/760329
The Devil Wears Prada,7.392,"Andy moves to New York to work in the fashion industry. Her boss is extremely demanding, cruel and won't let her succeed if she doesn't fit into the high class elegant look of their magazine.",David Frankel,https://www.youtube.com/watch?v=6ZOZwUQKu3E,https://www.themoviedb.org/movie/350
Ghosted,6.931,"Salt-of-the-earth Cole falls head over heels for enigmatic Sadie—but then makes the shocking discovery that she's a secret agent. Before they can decide on a second date, Cole and Sadie are swept away on an international adventure to save the world.",Dexter Fletcher,https://www.youtube.com/watch?v=IAdCsNtEuBU,https://www.themoviedb.org/movie/868759
Miami Vice: Brother's Keeper,8.0,Miami detective Sonny Crockett reluctantly teams with New York City cop Rico Tubbs when both of them end up pursuing a drug dealer who killed their respective partners.,Thomas Carter,N/A,https://www.themoviedb.org/movie/126341
Porn in the Hood,5.052,3 childhood friends who have never left their hometown in the suburb try to get into porn as a way of earning easy money.,Franck Gastambide,N/A,https://www.themoviedb.org/movie/123229
Louisiana Story,6.4,The idyllic life of a young Cajun boy and his pet raccoon is disrupted when the tranquility of the bayou is broken by an oil well drilling near his home.,Robert Flaherty,N/A,https://www.themoviedb.org/movie/70447
Neon Genesis Evangelion: The End of Evangelion,8.272,"SEELE orders an all-out attack on NERV, aiming to destroy the Evas before Gendo can advance his own plans for the Human Instrumentality Project. Shinji is pushed to the limits of his sanity as he is forced to decide the fate of humanity.","Kazuya Tsurumaki, Hideaki Anno",N/A,https://www.themoviedb.org/movie/18491
Sacred 2,6.2,"A group of young people from Jakarta left for Cirebon with different destinations. Arla, Jojo, and Maura want to do research on their final assignment, which is assisted by a documentary filmmaker named Umay. Meanwhile, Ajil and Keanu are horror YouTubers who create content to maintain their existence. Their journey becomes wild and uncontrollable after meeting Ute, an indigo who has a secret agenda.",Monty Tiwa,https://www.youtube.com/watch?v=AptTON0OSiI,https://www.themoviedb.org/movie/835294
Birds of Prey (and the Fantabulous Emancipation of One Harley Quinn),6.894,"Harley Quinn joins forces with a singer, an assassin and a police detective to help a young girl who had a hit placed on her after she stole a rare diamond from a crime lord.",Cathy Yan,https://www.youtube.com/watch?v=q2u2raiIlm0,https://www.themoviedb.org/movie/495764
The Lion King II: Simba's Pride,6.946,"The circle of life continues for Simba, now fully grown and in his rightful place as the king of Pride Rock. Simba and Nala have given birth to a daughter, Kiara who's as rebellious as her father was. But Kiara drives her parents to distraction when she catches the eye of Kovu, the son of the evil lioness, Zira. Will Kovu steal Kiara's heart?",Darrell Rooney,https://www.youtube.com/watch?v=gxrwh6WNMLU,https://www.themoviedb.org/movie/9732
Snow White: A Tale of Terror,6.108,"When young Lili's mother dies in childbirth, her father remarries Lady Claudia, a woman ruled by an evil mirror with the power to make her queen of all living things.  After escaping an attempt on her life, Lili finds herself lost in a dark forest, where living happily ever after seems unlikely.",Michael Cohn,https://www.youtube.com/watch?v=Z0qbe5_Cqt0,https://www.themoviedb.org/movie/9092
Borat: Cultural Learnings of America for Make Benefit Glorious Nation of Kazakhstan,6.783,"Kazakh journalist Borat Sagdiyev travels to America to make a documentary. As he zigzags across the nation, Borat meets real people in real situations with hysterical consequences. His backwards behavior generates strong reactions around him exposing prejudices and hypocrisies in American culture.",Larry Charles,https://www.youtube.com/watch?v=vlnUa_dNsRQ,https://www.themoviedb.org/movie/496
The Plot to Kill My Mother,5.7,"A young woman who unknowingly grew up in federal witness protection reels after her mother’s murder, leading her to question everything that she thinks is true. She decides to leave the program and find the killer before he kills again, but reclaiming a life she never knew isn’t going to be easy.",Simone Stock,N/A,https://www.themoviedb.org/movie/1075304
Adventures of Bailey: Christmas Hero,5.2,"It's ""Christmas time"" at the Baker household, and Bailey is at it again. Worried that he will not get any presents from Santa because he's been a bad doggie, Bailey learns about a mysterious Native American Indian called the ""Handsome Fellow,"" who may be able to make his Christmas wishes come true. With thoughts of tennis balls, stuffed animals and more dog bones then he can count, he sets out to find this legend, inadvertently dragging his brother along for the ride. But when Bailey's misguided missteps cause harm to Duke and even threaten their family's Christmas plans, Bailey must not only find a way to save his brother, but he is also forced to make a big decision... one that just might enable him to finally understand the ""true"" meaning of Christmas.",Steve Franke,N/A,https://www.themoviedb.org/movie/242167
Crossword Mysteries: Proposing Murder,7.6,"When an old friend of New York Sentinel Crosswords editor Tess Harper is found murdered on the very day her puzzle includes his proposal of marriage, Tess unofficially teams up with Detective Logan O’Connor to find the killer.",Don McCutcheon,https://www.youtube.com/watch?v=XkAQbEUFdAY,https://www.themoviedb.org/movie/639254
Seventh Son,5.52,"John Gregory, who is a seventh son of a seventh son and also the local spook, has protected the country from witches, boggarts, ghouls and all manner of things that go bump in the night. However John is not young anymore, and has been seeking an apprentice to carry on his trade. Most have failed to survive. The last hope is a young farmer's son named Thomas Ward. Will he survive the training to become the spook that so many others couldn't?",Sergei Bodrov,https://www.youtube.com/watch?v=5i90Qr0Qi6w,https://www.themoviedb.org/movie/68737
Fast and Fierce: Death Race,5.6,"Jack is on his way to grabbing the cash prize for an illegal car race in Mexico to California, when a desperate woman, fleeing from her gangster boyfriend who runs the tournament, jumps into his car pleading for help.",Jared Cohn,https://www.youtube.com/watch?v=swyDwOdr6gc,https://www.themoviedb.org/movie/701675
Casino,7.994,"In early-1970s Las Vegas, Sam ""Ace"" Rothstein gets tapped by his bosses to head the Tangiers Casino. At first, he's a great success in the job, but over the years, problems with his loose-cannon enforcer Nicky Santoro, his ex-hustler wife Ginger, her con-artist ex Lester Diamond and a handful of corrupt politicians put Sam in ever-increasing danger.",Martin Scorsese,https://www.youtube.com/watch?v=zFUKn_75m1o,https://www.themoviedb.org/movie/524
Zaï Zaï Zaï Zaï,5.7,"Imagine a world where the worst behaviour you could ever have is to forget your store's loyalty card in your other trousers...that's what happens to Adrien. This serious misconduct forces him to go into hiding, as both police and media hunt him down.",François Desagnat,N/A,https://www.themoviedb.org/movie/774600
Hanna D: The Girl from Vondel Park,3.9,"Hanna is a girl completely abandoned to herself, is not at all inhibited sexually, and is attracted to the attention of unscrupulous people like Miguel, who takes advantage of Hanna, turning her to prostitution to obtain her drug fix. Until she meets Alex, a young man with a sincere affection for Hanna.",Rino Di Silvestro,https://www.youtube.com/watch?v=WAdaXUP3dYg,https://www.themoviedb.org/movie/86461
Edward Scissorhands,7.718,A small suburban town receives a visit from a castaway unfinished science experiment named Edward.,Tim Burton,https://www.youtube.com/watch?v=S8bBjpUBbro,https://www.themoviedb.org/movie/162
Showgirls,5.585,"Fresh to Las Vegas with no connections, Nomi Malone takes a job as an exotic dancer. Her talents are quickly noticed by Cristal, a headlining dancer who senses an opportunity to bolster her own act. But Nomi won’t play second fiddle and soon begins her venomous path to the top, ruthlessly backstabbing anyone who gets in her way.",Paul Verhoeven,https://www.youtube.com/watch?v=wGvXwCU7i10,https://www.themoviedb.org/movie/10802
The Terminator,7.671,"In the post-apocalyptic future, reigning tyrannical supercomputers teleport a cyborg assassin known as the ""Terminator"" back to 1984 to kill Sarah Connor, whose unborn son is destined to lead insurgents against 21st century mechanical hegemony. Meanwhile, the human-resistance movement dispatches a lone warrior to safeguard Sarah. Can he stop the virtually indestructible killing machine?",James Cameron,https://www.youtube.com/watch?v=nGrW-OR2uDk,https://www.themoviedb.org/movie/218
Haunted,6.1,"Professor David Ash exposes false spiritulists and mediums. He is invited to Edbrook to resolve the fears and torments within its secretive family. Soon after arriving Ash begins to doubt his own senses, and watching the strange behaviour of its residents does not make his task any easier. In time, he finds there's more to Edbrook than even he can debunk.",Lewis Gilbert,https://www.youtube.com/watch?v=KB_aYW3ig-k,https://www.themoviedb.org/movie/18801
Final Destination,6.626,"After a teenager has a terrifying vision of him and his friends dying in a plane crash, he prevents the accident only to have Death hunt them down, one by one.",James Wong,https://www.youtube.com/watch?v=9hvUxRGeBhA,https://www.themoviedb.org/movie/9532
Between Waves,5.2,"Professional photographer Jamie's quantum physicist boyfriend Isaac has gone missing, and is presumed dead. Haunted by his disappearance while attempting to continue with life as normal, Jamie gets more and more wrapped up in figuring out exactly what happened, and is convinced that his disappearance has something to do with Isaac’s research into parallel dimensions. She continues to pursue him until she collides with a shattering revelation.",Virginia Abramovich,https://www.youtube.com/watch?v=sEeDu3UoJ40,https://www.themoviedb.org/movie/643205
The Intouchables,8.272,A true story of two men who should never have met – a quadriplegic aristocrat who was injured in a paragliding accident and a young man from the projects.,"Olivier Nakache, Éric Toledano",https://www.youtube.com/watch?v=dvdJ--DV0Uo,https://www.themoviedb.org/movie/77338
Raiders of the Lost Ark,7.925,"When Dr. Indiana Jones – the tweed-suited professor who just happens to be a celebrated archaeologist – is hired by the government to locate the legendary Ark of the Covenant, he finds himself up against the entire Nazi regime.",Steven Spielberg,https://www.youtube.com/watch?v=0xQSIdSRlAk,https://www.themoviedb.org/movie/85
The Emperor's New Groove,7.559,"When self-centered Emperor Kuzco is turned into a llama by his scheming advisor, he is forced to rely on good-hearted peasant Pacha to get back home.",Mark Dindal,https://www.youtube.com/watch?v=vjlPrTzOPUI,https://www.themoviedb.org/movie/11688
Those Science Freaks,6.1,"Haruki spends most of his time with friends and fellow classmates Airi and Ayana. All seems well, that is until Airi and Ayana form separate clubs, the Mechanical Science Club and the Chemical Science Club. The two vie for Haruki's attention and hilarious chaos usually follows all attempts to make him join.",Hiraku Kaneko,N/A,https://www.themoviedb.org/movie/403039
Salome,10.0,Kelas Bintang is back with this pack of drama called Salome.,N/A,N/A,https://www.themoviedb.org/movie/1135869
Sidelined: The QB and Me,6.046,"Dallas, a burdened but headstrong dancer, is determined to get into the best dance school in the country—her late mother’s alma mater. However, that dream is suddenly derailed when the cheeky yet secretly grieving football star, Drayton, crashes into her life with a unique story of his own. Will the two of them be able to grow into their dreams together, or will their dreams be sidelined?",Justin Wu,https://www.youtube.com/watch?v=KJm3CNtYQpQ,https://www.themoviedb.org/movie/957119
Life Begins at Forty,0.0,A small-town newspaper publisher finds himself in opposition to the local banker on the return to town of a lad jailed possibly wrongly for a theft from the bank.,George Marshall,N/A,https://www.themoviedb.org/movie/223326
Now You See Me: Now You Don't,0.0,"The Four Horsemen return along with a new generation of illusionists performing mind-melding twists, turns, surprises, and magic unlike anything ever captured on film.",Ruben Fleischer,https://www.youtube.com/watch?v=uogrgIasYcA,https://www.themoviedb.org/movie/425274
Light from Light,6.0,"Shelia, a single mom and sometime paranormal investigator, is enlisted to investigate a possible “haunting” at a widower’s farmhouse in East Tennessee.",Paul Harrill,https://www.youtube.com/watch?v=4H4YteJo0JQ,https://www.themoviedb.org/movie/565273
Sleeping Beauty,6.4,"In a faraway kingdom, the king and queen had desired a child of their very own for a long time and when their wish finally came true, they announced a grand celebration at the palace. All of the fairies from the kingdom were invited and immediately named as godmothers for their new child, whose name was Felicity, which means ""happiness"".","Toshiyuki Hiruma, Takashi Masunaga",N/A,https://www.themoviedb.org/movie/20172
Wreck-It Ralph,7.35,"Wreck-It Ralph is the 9-foot-tall, 643-pound villain of an arcade video game named Fix-It Felix Jr., in which the game's titular hero fixes buildings that Ralph destroys. Wanting to prove he can be a good guy and not just a villain, Ralph escapes his game and lands in Hero's Duty, a first-person shooter where he helps the game's hero battle against alien invaders. He later enters Sugar Rush, a kart racing game set on tracks made of candies, cookies and other sweets. There, Ralph meets Vanellope von Schweetz who has learned that her game is faced with a dire threat that could affect the entire arcade, and one that Ralph may have inadvertently started.",Rich Moore,https://www.youtube.com/watch?v=IFIbQSjTopM,https://www.themoviedb.org/movie/82690
The Flood,6.0,"1792. Louis XVI, his wife Marie Antoinette, and their children have been arrested and imprisoned in the Tour du Temple, a sinister chateau in Paris, awaiting their trial. Far from the splendour of Versailles, they are isolated and vulnerable for the first time in their lives.",Gianluca Jodice,N/A,https://www.themoviedb.org/movie/1091275
2012,5.9,"Dr. Adrian Helmsley, part of a worldwide geophysical team investigating the effect on the earth of radiation from unprecedented solar storms, learns that the earth's core is heating up. He warns U.S. President Thomas Wilson that the crust of the earth is becoming unstable and that without proper preparations for saving a fraction of the world's population, the entire race is doomed. Meanwhile, writer Jackson Curtis stumbles on the same information. While the world's leaders race to build ""arks"" to escape the impending cataclysm, Curtis struggles to find a way to save his family. Meanwhile, volcanic eruptions and earthquakes of unprecedented strength wreak havoc around the world.",Roland Emmerich,https://www.youtube.com/watch?v=ce0N3TEcFw0,https://www.themoviedb.org/movie/14161
Maleficent,7.089,"A beautiful, pure-hearted young woman, Maleficent has an idyllic life growing up in a peaceable forest kingdom, until one day when an invading army threatens the harmony of the land. She rises to be the land's fiercest protector, but she ultimately suffers a ruthless betrayal – an act that begins to turn her heart into stone. Bent on revenge, Maleficent faces an epic battle with the invading King's successor and, as a result, places a curse upon his newborn infant Aurora. As the child grows, Maleficent realizes that Aurora holds the key to peace in the kingdom – and to Maleficent's true happiness as well.",Robert Stromberg,https://www.youtube.com/watch?v=LaArkjF7AnM,https://www.themoviedb.org/movie/102651
Mikaela,6.3,"During the eve of the 6th of January, a record-breaking snowstorm sweeps across Spain. In the midst of its chaos, a group of robbers seizes the opportunity to hijack an armoured van. A few meters away is Leo, a finished policeman who has nothing to lose. With the unexpected aid of a young woman, he will try to stop the band from running away with their loot.",Daniel Calparsoro,https://www.youtube.com/watch?v=iAJcJqPY4zI,https://www.themoviedb.org/movie/1315988
Coolie,6.353,"Deva, once living a quiet life, is shaken when his close friend dies under suspicious circumstances. Determined to uncover the truth, he infiltrates a powerful gang operating in the shadows. As he investigates, Deva becomes entangled in a dangerous web of crime, betrayal, and secrets from his own past, forcing him to confront powerful enemies while protecting the ones he loves.",Lokesh Kanagaraj,N/A,https://www.themoviedb.org/movie/1153399
Despicable Me 2,6.9,Gru is recruited by the Anti-Villain League to help deal with a powerful new super criminal.,"Chris Renaud, Pierre Coffin",https://www.youtube.com/watch?v=EK3j98PHaGM,https://www.themoviedb.org/movie/93456
Pride & Prejudice,8.06,"A story of love and life among the landed English gentry during the Georgian era. Mr. Bennet is a gentleman living in Hertfordshire with his overbearing wife and five daughters, but if he dies their house will be inherited by a distant cousin whom they have never met, so the family's future happiness and security is dependent on the daughters making good marriages.",Joe Wright,https://www.youtube.com/watch?v=tbW-pmLT5UU,https://www.themoviedb.org/movie/4348
Sketch,7.2,"When a young girl’s sketchbook falls into a strange pond, her drawings come to life—chaotic, real, and on the loose. As the town descends into chaos, her family must reunite and stop the monsters they never meant to unleash.",Seth Worley,https://www.youtube.com/watch?v=dQxXne4vmjc,https://www.themoviedb.org/movie/1319969
Zootopia 2,0.0,"After cracking the biggest case in Zootopia's history, rookie cops Judy Hopps and Nick Wilde find their partnership isn't as solid as they thought when Chief Bogo orders them to join the Partners in Crisis counseling program. But it doesn't take long for their partnership to be put to the ultimate test when they find themselves on the twisting trail of a mystery tied to the arrival of a venomous snake in the animal metropolis.","Jared Bush, Byron Howard",https://www.youtube.com/watch?v=BjkIOU5PhyQ,https://www.themoviedb.org/movie/1084242
Closed Circuit,5.905,A high-profile terrorism case unexpectedly binds together two ex-lovers on the defense team - testing the limits of their loyalties and placing their lives in jeopardy.,John Crowley,https://www.youtube.com/watch?v=_dDiMp-gTHA,https://www.themoviedb.org/movie/146223
Eco-Pirate: The Story of Paul Watson,6.3,"The story of a man on a mission to save the planet and its oceans. The film follows professional radical ecologist, Captain Paul Watson, as he repeatedly flouts the law so that he may apprehend what he sees as the more serious lawbreakers: the illegal poachers of the world.",Trish Dolman,https://www.youtube.com/watch?v=gTStVKT6d_k,https://www.themoviedb.org/movie/220782
Circus of Books,6.995,"For decades, a nice Jewish couple ran Circus of Books, a porn shop and epicenter for gay LA. Their director daughter documents their life and times.",Rachel Mason,https://www.youtube.com/watch?v=Cxksd8ytFJg,https://www.themoviedb.org/movie/597594
Rebel Royals: An Unlikely Love Story,4.375,Go behind the scenes of Märtha Louise and Shaman Durek Verrett's relationship in the lead-up to their divisive wedding in Norway.,Rebecca Chaiklin,https://www.youtube.com/watch?v=39d7dreq6GA,https://www.themoviedb.org/movie/1535385
Nymphomaniac: Vol. II,6.712,The continuation of Joe's sexually dictated life delves into the darker aspects of her adult life and what led to her being in Seligman's care.,Lars von Trier,N/A,https://www.themoviedb.org/movie/249397
Redux Redux,8.0,"A woman travels the multiverse, killing her daughter’s murderer over and over again. She grows addicted to the revenge streak, putting her own humanity in jeopardy.","Kevin McManus, Matthew McManus",N/A,https://www.themoviedb.org/movie/1340110
The Unspeakable Act,5.6,"17-year-old Jackie is in distress as her older brother Matthew gets his first girlfriend and prepares for college. Though Matthew does not share her incestuous desire, Jackie fights the intrusion of reality on her idyllic childhood world.",Dan Sallitt,https://www.youtube.com/watch?v=M5cjPlupfM4,https://www.themoviedb.org/movie/119826
Creation of the Gods I: Kingdom of Storms,7.103,"Based on the most well-known classical fantasy novel of China, Fengshenyanyi, the trilogy is a magnificent eastern high fantasy epic that recreates the prolonged mythical wars between humans, immortals and monsters, which happened more than three thousand years ago.",Wuershan,https://www.youtube.com/watch?v=0ucTl-cxIjc,https://www.themoviedb.org/movie/856289
The Jade Pendant,6.0,"Fleeing an arranged marriage in China, the independent Peony signs a contract to work as a “flower girl” in America, where she meets Tom, an American Born Chinese cook whose father works on the Transcontinental Railroad. Thwarted by a Hong Kong Triad boss seeking to extend his power into America, theirs is the tale of the first great Chinese immigration to the United States – a story of romance, bigotry, passion, food and a search for everlasting love – set against the largest mass lynching in American history, in Los Angeles’ Chinatown, in 1871.",Leong Po-Chih,https://www.youtube.com/watch?v=8rGrbuXqQeA,https://www.themoviedb.org/movie/483266
Batman Ninja vs. Yakuza League,6.7,"The Batman family has returned to the present to discover that Japan has disappeared, and a giant island - Hinomoto - is now in the sky over Gotham City.  At the top sit the Yakuza, a group of superpowered individuals who reign without honor or humanity and look suspiciously like the Justice League. Now, it’s up to Batman and his allies to save Gotham!","Jumpei Mizusaki, Shinji Takagi",https://www.youtube.com/watch?v=QleeDtH_WWE,https://www.themoviedb.org/movie/1297763
The Purge: Anarchy,6.628,"One night per year, the government sanctions a 12-hour period in which citizens can commit any crime they wish -- including murder -- without fear of punishment or imprisonment. Leo, a sergeant who lost his son, plans a vigilante mission of revenge during the mayhem. However, instead of a death-dealing avenger, he becomes the unexpected protector of four innocent strangers who desperately need his help if they are to survive the night.",James DeMonaco,https://www.youtube.com/watch?v=3mfRasMXmL4,https://www.themoviedb.org/movie/238636
The Hangover Part II,6.496,"The Hangover crew heads to Thailand for Stu's wedding. After the disaster of a bachelor party in Las Vegas last year, Stu is playing it safe with a mellow pre-wedding brunch. However, nothing goes as planned and Bangkok is the perfect setting for another adventure with the rowdy group.",Todd Phillips,https://www.youtube.com/watch?v=ohF5ZO_zOYU,https://www.themoviedb.org/movie/45243
Christmas by Starlight,6.8,"Annie, a lawyer, must help her loved ones this holiday season. Her family’s restaurant, The Starlight Café, is slated for demolition. The heir to the development firm responsible, William, makes her an unlikely proposition: he’ll spare the café if Annie spends the week “appearing” as the legal counsel his father is demanding he hire in the wake of some costly mistakes.",Gary Yates,https://www.youtube.com/watch?v=eMmcptXvmNk,https://www.themoviedb.org/movie/746045
Lords of the Deep,2.9,"Man has finally conquered the ocean. America's first self-contained undersea laboratory is the pride of the nation, and expectations are high for an elaborate undersea mining operation. What wasn't expected was the inhabitants of an undiscovered world.",Mary Ann Fisher,https://www.youtube.com/watch?v=Z5MiaKZv7b0,https://www.themoviedb.org/movie/222323
The Little Mermaid,7.348,This colorful adventure tells the story of an impetuous mermaid princess named Ariel who falls in love with the very human Prince Eric and puts everything on the line for the chance to be with him. Memorable songs and characters -- including the villainous sea witch Ursula.,"John Musker, Ron Clements",https://www.youtube.com/watch?v=J0KsXGZ6y8s,https://www.themoviedb.org/movie/10144
Hotel Transylvania,6.963,"Welcome to Hotel Transylvania, Dracula's lavish five-stake resort, where monsters and their families can live it up and no humans are allowed. One special weekend, Dracula has invited all his best friends to celebrate his beloved daughter Mavis's 118th birthday. For Dracula catering to all of these legendary monsters is no problem but the party really starts when one ordinary guy stumbles into the hotel and changes everything!",Genndy Tartakovsky,https://www.youtube.com/watch?v=q4RK3jY7AVk,https://www.themoviedb.org/movie/76492
Migration,7.381,"After a migrating duck family alights on their pond with thrilling tales of far-flung places, the Mallard family embarks on a family road trip, from New England, to New York City, to tropical Jamaica.",Benjamin Renner,https://www.youtube.com/watch?v=hWbfohXIdEU,https://www.themoviedb.org/movie/940551
Star Wars: The Rise of Skywalker,6.284,"The surviving Resistance faces the First Order once again as the journey of Rey, Finn and Poe Dameron continues. With the power and knowledge of generations behind them, the final battle begins.",J.J. Abrams,https://www.youtube.com/watch?v=8Qn_spdM5Zg,https://www.themoviedb.org/movie/181812
Gray Matters,5.8,"Sam and Gray are such a well-matched pair that it is difficult to believe they are brother and sister rather than husband and wife. They both share a love of 1940s movies and dancing, and when they meet Charlie, they have something else in common: They both fall in love with her. Sam must deal with unexpected feelings of jealousy, while Gray struggles to come to terms with her sexual orientation.",Sue Kramer,N/A,https://www.themoviedb.org/movie/14845
The Curse of La Llorona,5.7,"In 1970s Los Angeles, the legendary ghost La Llorona is stalking the night -- and the children. Ignoring the eerie warning of a troubled mother, a social worker and her own kids are drawn into a frightening supernatural realm. Their only hope of surviving La Llorona's deadly wrath is a disillusioned priest who practices mysticism to keep evil at bay.",Michael Chaves,https://www.youtube.com/watch?v=uOV-xMYQ7sk,https://www.themoviedb.org/movie/480414
The Smashing Machine,7.0,The story of legendary mixed martial arts and UFC fighter Mark Kerr.,Benny Safdie,https://www.youtube.com/watch?v=u4A8zfMClCM,https://www.themoviedb.org/movie/760329
Perfect Blue,8.305,"Rising pop star Mima quits singing to pursue a career as an actress. After she takes up a role on a popular detective show, her handlers and collaborators begin turning up murdered. Harboring feelings of guilt and haunted by visions of her former self, Mima's reality and fantasy meld into a frenzied paranoia.",Satoshi Kon,https://www.youtube.com/watch?v=RrWausp8zDQ,https://www.themoviedb.org/movie/10494
Descendent,5.743,"After a traumatic brain injury triggers terrifying visions of extraterrestrials and a newfound talent for drawing, a father-to-be begins to question his reality and becomes obsessed with the need to protect his family from an unseen threat.",Peter Cilella,https://www.youtube.com/watch?v=HC1QwsXuO6E,https://www.themoviedb.org/movie/1422052
The Smashing Machine,7.0,The story of legendary mixed martial arts and UFC fighter Mark Kerr.,Benny Safdie,https://www.youtube.com/watch?v=u4A8zfMClCM,https://www.themoviedb.org/movie/760329
Perfect Blue,8.305,"Rising pop star Mima quits singing to pursue a career as an actress. After she takes up a role on a popular detective show, her handlers and collaborators begin turning up murdered. Harboring feelings of guilt and haunted by visions of her former self, Mima's reality and fantasy meld into a frenzied paranoia.",Satoshi Kon,https://www.youtube.com/watch?v=RrWausp8zDQ,https://www.themoviedb.org/movie/10494
Descendent,5.743,"After a traumatic brain injury triggers terrifying visions of extraterrestrials and a newfound talent for drawing, a father-to-be begins to question his reality and becomes obsessed with the need to protect his family from an unseen threat.",Peter Cilella,https://www.youtube.com/watch?v=HC1QwsXuO6E,https://www.themoviedb.org/movie/1422052
The Constant Gardener,7.008,"Justin Quayle is a low-level British diplomat who has always gone about his work very quietly, not causing any problems. But after his radical wife Tessa is killed he becomes determined to find out why, thrusting himself into the middle of a very dangerous conspiracy.",Fernando Meirelles,https://www.youtube.com/watch?v=9FycLyDTCWQ,https://www.themoviedb.org/movie/1985
Meg 2: The Trench,6.414,An exploratory dive into the deepest depths of the ocean of a daring research team spirals into chaos when a malevolent mining operation threatens their mission and forces them into a high-stakes battle for survival.,Ben Wheatley,https://www.youtube.com/watch?v=dG91B3hHyY4,https://www.themoviedb.org/movie/615656
Ace of Aces,7.072,"In this action comedy the French boxer Jo Cavalier is charmed on the train to Berlin for the Olympics in Hitler's Germany by the little boy Simon Rosenblum who asks his autograph; when it turns out his adorable young fan is a Jewish orphan in danger of persecution, he risks his one shot at Olympic glory to save Simon and his family, helped only by a German officer-gentleman who became his friend in World War I, by an adventurous escape to Switzerland, Nazi troops on their heals and braving impossible odds in roller coaster-style.",Gérard Oury,N/A,https://www.themoviedb.org/movie/71524
Harry & Meghan: A Royal Romance,6.928,"Examine the history of Prince Harry and Meghan Markle from the moment they met after being set up by friends, through their initial courtship when they were able to keep their romance under wraps, and ultimately the intense global media attention surrounding their relationship and Meghan’s life as a divorced American actress.",Menhaj Huda,https://www.youtube.com/watch?v=t1v0BgiYgHE,https://www.themoviedb.org/movie/518527
Fountain of Youth,6.338,"A treasure-hunting mastermind assembles a team for a life-changing adventure. But to outwit and outrun threats at every turn, he'll need someone even smarter than he is: his estranged sister.",Guy Ritchie,https://www.youtube.com/watch?v=-7S28bH8iDs,https://www.themoviedb.org/movie/1098006
Salome,10.0,Kelas Bintang is back with this pack of drama called Salome.,N/A,N/A,https://www.themoviedb.org/movie/1135869
Mother's Job,5.8,"A young man falls in love with his friend's mother.  Hyun-woo, who returned to the military, starts a part-time job at a bar in a difficult situation, where he meets Yoo-sun, a woman who captures the hearts of customers with her skillful ways. Then one day, Hyun-woo, who was alone with her, finds himself in a shock with his friends Min-seok and Yoo-sun. When Hyun-woo confesses the truth after a hard time, Yoo-sun asks her to keep her relationship secret. Hyun-woo, who failed to reject Min-seok's proposal to live in his own home, begins a breathtaking cohabitation with Yoo-sun.",Do Bong-san,N/A,https://www.themoviedb.org/movie/481871
Eternal Sunshine of the Spotless Mind,8.092,"Joel Barish, heartbroken that his girlfriend underwent a procedure to erase him from her memory, decides to do the same. However, as he watches his memories of her fade away, he realises that he still loves her, and may be too late to correct his mistake.",Michel Gondry,https://www.youtube.com/watch?v=c2e-bj6qy8Y,https://www.themoviedb.org/movie/38
Ruby Sparks,7.119,"Calvin is a young novelist who achieved phenomenal success early in his career but is now struggling with his writing – as well as his romantic life. Finally, he makes a breakthrough and creates a character named Ruby who inspires him. When Calvin finds Ruby, in the flesh, sitting on his couch about a week later, he is completely flabbergasted that his words have turned into a living, breathing person.","Jonathan Dayton, Valerie Faris",https://www.youtube.com/watch?v=xb3_AE-UinY,https://www.themoviedb.org/movie/103332
Tim Travers and the Time Traveler's Paradox,5.714,"A scientist creates a time machine and kills their younger self to see what would happen. And that self-obsessed, misanthropic, mad genius of a scientist is Tim Travers. And the universe was bad enough with only one of him.",Stimson Snead,https://www.youtube.com/watch?v=4U46UYohL-0,https://www.themoviedb.org/movie/1290595
Toy Story 4,7.469,"Woody has always been confident about his place in the world and that his priority is taking care of his kid, whether that's Andy or Bonnie. But when Bonnie adds a reluctant new toy called ""Forky"" to her room, a road trip adventure alongside old and new friends will show Woody how big the world can be for a toy.",Josh Cooley,https://www.youtube.com/watch?v=Pl9JS8-gnWQ,https://www.themoviedb.org/movie/301528
The Devil's Advocate,7.469,"Aspiring Florida defense lawyer Kevin Lomax accepts a job at a New York law firm. With the stakes getting higher every case, Kevin quickly learns that his boss has something far more evil planned.",Taylor Hackford,https://www.youtube.com/watch?v=etrZJJC4ox8,https://www.themoviedb.org/movie/1813
Taz: Quest for Burger,5.9,"After an outlaw abducts her father and steals her town’s food supply, a feisty adolescent bandicoot named Quinn recruits the Tasmanian Devil to help her find the thief. Taz may be an ill-tempered rogue with a fearsome reputation, but he and Quinn will have to work together to track the criminal through the wilds of Tasmania and save her community.",Ryan Kramer,https://www.youtube.com/watch?v=-cpZEYLfyTA,https://www.themoviedb.org/movie/1109207
Henry Danger: The Movie,7.726,"Henry Hart meets a superfan—eager to fight crime with Kid Danger—who comes into possession of a device that can open up alternate realities. Facing a wild ride, Henry will need his best friend Jasper and his new superfan sidekick to find his way out or be stuck in another dimension forever.",Joe Menendez,https://www.youtube.com/watch?v=Rcc9veq0JgM,https://www.themoviedb.org/movie/926670
RE:BORN,7.1,A former special forces operative struggling to contain the destructive impulses of his past goes on a rampage against a squad of ruthless assassins.,Yuji Shimomura,https://www.youtube.com/watch?v=uxM6vsMNwXs,https://www.themoviedb.org/movie/408866
Colours of Time,7.72,"United by the unexpected inheritance of a house in Normandy, four estranged cousins discover their family history by retracing their ancestor's steps.",Cédric Klapisch,https://www.youtube.com/watch?v=_sTdOm2BID8,https://www.themoviedb.org/movie/1235304
Tron,6.649,"When brilliant video game maker Flynn hacks the mainframe of his ex-employer, he is beamed inside an astonishing digital world...And becomes part of the very game he is designing. In his mission through cyberspace, Flynn matches wits with a maniacal Master Control Program and teams up with Tron, a security measure created to bring balance to the digital environment.",Steven Lisberger,https://www.youtube.com/watch?v=INv-OQ1clmw,https://www.themoviedb.org/movie/97
The Pursuit of Happyness,7.891,A struggling salesman takes custody of his son as he's poised to begin a life-changing professional career.,Gabriele Muccino,https://www.youtube.com/watch?v=DMOBlEcRuw8,https://www.themoviedb.org/movie/1402
Sleeping Beauty,4.5,"When a young Prince and his trusted aid learn of a beautiful Princess's cursed eternal slumber, they embark on a journey to rescue her. They must battle an evil queen and legions of undead monsters before she will be free.",Casper Van Dien,https://www.youtube.com/watch?v=ouRLmEo2fBM,https://www.themoviedb.org/movie/275318
Barbarian,6.8,"In town for a job interview, a young woman arrives at her Airbnb late at night only to find that it has been mistakenly double-booked and a strange man is already staying there. Against her better judgement, she decides to stay the night anyway.",Zach Cregger,https://www.youtube.com/watch?v=Dr89pmKrqkI,https://www.themoviedb.org/movie/913290
Predator: Badlands,0.0,"In the future on a remote planet, a young Predator, outcast from his clan, finds an unlikely ally in Thia and embarks on a treacherous journey in search of the ultimate adversary.",Dan Trachtenberg,https://www.youtube.com/watch?v=43R9l7EkJwE,https://www.themoviedb.org/movie/1242898
The Old Guard,7.124,Four undying warriors who've secretly protected humanity for centuries become targeted for their mysterious powers just as they discover a new immortal.,Gina Prince-Bythewood,https://www.youtube.com/watch?v=aK-X2d0lJ_s,https://www.themoviedb.org/movie/547016
Aliens,7.952,"Ripley, the sole survivor of the Nostromo's deadly encounter with the monstrous Alien, returns to Earth after drifting through space in hypersleep for 57 years. Although her story is initially met with skepticism, she agrees to accompany a team of Colonial Marines back to LV-426.",James Cameron,https://www.youtube.com/watch?v=8OxirbuHsBA,https://www.themoviedb.org/movie/679
Kung Fu Panda 2,7.049,"Po and his friends fight to stop a peacock villain from conquering China with a deadly new weapon, but first the Dragon Warrior must come to terms with his past.",Jennifer Yuh Nelson,https://www.youtube.com/watch?v=FQ63rqSRrEI,https://www.themoviedb.org/movie/49444
The Boy and the Heron,7.425,"While the Second World War rages, the teenage Mahito, haunted by his mother's tragic death, is relocated from Tokyo to the serene rural home of his new stepmother Natsuko, a woman who bears a striking resemblance to the boy's mother. As he tries to adjust, this strange new world grows even stranger following the appearance of a persistent gray heron, who perplexes and bedevils Mahito, dubbing him the ""long-awaited one.""",Hayao Miyazaki,https://www.youtube.com/watch?v=A002-b7IH2M,https://www.themoviedb.org/movie/508883
Amaran,7.4,"A heroic true story of Major Mukund Varadarajan, an Indian Army officer who displayed extraordinary bravery during a counterterrorism mission in Kashmir’s Shopian district. The film captures his courage in protecting his nation and the devotion of his wife Indhu Rebecaa Varghese.",Rajkumar Periasamy,N/A,https://www.themoviedb.org/movie/927342
His Musical Career,6.0,Charlie and his partner are to deliver a piano to 666 Prospect St. and repossess one from 999 Prospect St.,Charlie Chaplin,N/A,https://www.themoviedb.org/movie/53397
His Fatal Fixation,6.1,"After surviving a violent attack at the hands of a jealous stalker, flawless beauty Lily Abrams moves to a new city looking for a fresh start. Physically scarred and struggling to cope with dark trauma from her past, Lily is haunted by visions of her stalker at every turn, and is at risk of unraveling, losing her new job, and the new life she has built for herself. Sarah Fisher, Robin Dunne star",Stuart Archer,N/A,https://www.themoviedb.org/movie/682258
Echo Valley,6.5,"Kate lives a secluded life—until her troubled daughter shows up, frightened and covered in someone else's blood. As Kate unravels the shocking truth, she learns just how far a mother will go to try to save her child.",Michael Pearce,https://www.youtube.com/watch?v=KQiZ5zMhliw,https://www.themoviedb.org/movie/1097311
Scary Movie,6.375,"A familiar-looking group of teenagers find themselves being stalked by a more-than-vaguely recognizable masked killer! As the victims begin to pile up and the laughs pile on, none of your favorite scary movies escape the razor-sharp satire of this outrageously funny parody!",Keenen Ivory Wayans,https://www.youtube.com/watch?v=HTLPULt0eJ4,https://www.themoviedb.org/movie/4247
Fear Strikes Out,7.1,"True story of the life of Jimmy Piersall, who battled mental illness to achieve stardom in major league baseball.",Robert Mulligan,N/A,https://www.themoviedb.org/movie/125413
Rebel Royals: An Unlikely Love Story,4.375,Go behind the scenes of Märtha Louise and Shaman Durek Verrett's relationship in the lead-up to their divisive wedding in Norway.,Rebecca Chaiklin,https://www.youtube.com/watch?v=39d7dreq6GA,https://www.themoviedb.org/movie/1535385
Cars,7.011,"Lightning McQueen, a hotshot rookie race car driven to succeed, discovers that life is about the journey, not the finish line, when he finds himself unexpectedly detoured in the sleepy Route 66 town of Radiator Springs. On route across the country to the big Piston Cup Championship in California to compete against two seasoned pros, McQueen gets to know the town's offbeat characters.",John Lasseter,https://www.youtube.com/watch?v=bOs0p2E4sZw,https://www.themoviedb.org/movie/920
Midway,7.11,"The story of the Battle of Midway, and the leaders and soldiers who used their instincts, fortitude and bravery to overcome massive odds.",Roland Emmerich,https://www.youtube.com/watch?v=l9laReRAYFk,https://www.themoviedb.org/movie/522162
The Unspeakable Act,5.6,"17-year-old Jackie is in distress as her older brother Matthew gets his first girlfriend and prepares for college. Though Matthew does not share her incestuous desire, Jackie fights the intrusion of reality on her idyllic childhood world.",Dan Sallitt,https://www.youtube.com/watch?v=M5cjPlupfM4,https://www.themoviedb.org/movie/119826
The Shanghai Story,4.8,"Shanghai, China. The last expatriate Westerners still living in the city are imprisoned in a hotel by the communist authorities in order to find the spy hiding among them.",Frank Lloyd,N/A,https://www.themoviedb.org/movie/235408
RE:BORN,7.1,A former special forces operative struggling to contain the destructive impulses of his past goes on a rampage against a squad of ruthless assassins.,Yuji Shimomura,https://www.youtube.com/watch?v=uxM6vsMNwXs,https://www.themoviedb.org/movie/408866
Killer Competition,5.0,"By her friend Sarah's suggestion, high school senior Nicole manipulates test scores to be the valedictorian, but becomes the prime suspect for a series of top-ranked students' murders.",Andrew Lawrence,https://www.youtube.com/watch?v=Eb1IMtDSx4w,https://www.themoviedb.org/movie/734288
2001: A Space Odyssey,8.063,"Humanity finds a mysterious object buried beneath the lunar surface and sets off to find its origins with the help of HAL 9000, the world's most advanced super computer.",Stanley Kubrick,https://www.youtube.com/watch?v=kR2r-A9H3Kg,https://www.themoviedb.org/movie/62
Mom's Friend 2,6.1,"An art student named Gwang-ho gets dumped by his girlfriend because she was only his source of comfort, and that he's a Mama's boy and a premature ejaculator. He tries to avoid seeing her by going to a different academy and that's when his mother introduces him to her friend Soo-yeon, a sophisticated and intelligent looking woman. Gwang-ho falls for her.  Gwang-ho's mother suddenly leaves for Australia because his father is sick and Gwang-ho gets to stay in Soo-yeon's house for a few days. Looking at her, he thinks of all the things he would like to do with her and Soo-yeon's niece Ha-kyeong stimulates him to do something about his feelings.",Lim Hyun-tae,N/A,https://www.themoviedb.org/movie/412092
I Survived a Zombie Holocaust,5.2,"From the land of early Peter Jackson comes another Braindead movie in bad taste. It’s the third day of shooting the low budget horror ‘Tonight They Come’ on location in the wilds of New Zealand. Director SMP is already beside himself having to work with a self-obsessed leading man and a bimbo actress when into his line of fire comes a new runner, wannabe screenwriter Wesley Pennington. Clearly an accident-prone nerd, Wesley nevertheless tries his best to fit in with the crazed cast and demented crew while falling head over heels for Susan, the set caterer. But something nasty has entered the local water supply and suddenly the zombie extras start acting like genuine members of the living dead, gore stunts looks even more authentic and actual severed limbs fly. Reel life turns real as Wesley attempts to save the day while ensuring his latest script will get made.",Guy Pigden,https://www.youtube.com/watch?v=zlRL0v9ZTxs,https://www.themoviedb.org/movie/279997
Migration,7.381,"After a migrating duck family alights on their pond with thrilling tales of far-flung places, the Mallard family embarks on a family road trip, from New England, to New York City, to tropical Jamaica.",Benjamin Renner,https://www.youtube.com/watch?v=hWbfohXIdEU,https://www.themoviedb.org/movie/940551
The Bridges of Madison County,7.717,Photographer Robert Kincaid wanders into the life of housewife Francesca Johnson for four days in the 1960s.,Clint Eastwood,https://www.youtube.com/watch?v=ZoJJkAQV0Bg,https://www.themoviedb.org/movie/688
Star Wars: The Rise of Skywalker,6.284,"The surviving Resistance faces the First Order once again as the journey of Rey, Finn and Poe Dameron continues. With the power and knowledge of generations behind them, the final battle begins.",J.J. Abrams,https://www.youtube.com/watch?v=8Qn_spdM5Zg,https://www.themoviedb.org/movie/181812
Everything Everywhere All at Once,7.741,"An aging Chinese immigrant is swept up in an insane adventure, where she alone can save what's important to her by connecting with the lives she could have led in other universes.","Daniel Scheinert, Daniel Kwan",https://www.youtube.com/watch?v=wxN1T1uxQ2g,https://www.themoviedb.org/movie/545611
10 Things I Hate About You,7.593,"On the first day at his new school, Cameron instantly falls for Bianca, the gorgeous girl of his dreams. The only problem is that Bianca is forbidden to date until her ill-tempered, completely un-dateable older sister Kat goes out, too. In an attempt to solve his problem, Cameron singles out the only guy who could possibly be a match for Kat: a mysterious bad boy with a nasty reputation of his own.",Gil Junger,https://www.youtube.com/watch?v=GbWQ_VXek6A,https://www.themoviedb.org/movie/4951
Prometheus,6.582,"A team of explorers discover a clue to the origins of mankind on Earth, leading them on a journey to the darkest corners of the universe. There, they must fight a terrifying battle to save the future of the human race.",Ridley Scott,https://www.youtube.com/watch?v=cJMIzdf1eo8,https://www.themoviedb.org/movie/70981
Joker: Folie à Deux,5.426,"While struggling with his dual identity, Arthur Fleck not only stumbles upon true love, but also finds the music that's always been inside him.",Todd Phillips,https://www.youtube.com/watch?v=fiqqAI0e4Nc,https://www.themoviedb.org/movie/889737
Failure to Launch,5.826,"At 35, Tripp has an interesting job, a hip car, a passion for sailing, an active dating life, and a great house - trouble is, he still lives with his parents, Al and Sue, who are not happy about it. Al and Sue are fascinated when friends whose adult son has recently moved away from home reveal they hired an expert to help. In desperation to push Tripp out of the nest once and for all, Al and Sue hatch a plan to hire Paula, an ""interventionist,"" who has a formula in these cases.",Tom Dey,https://www.youtube.com/watch?v=4KZM3PRV0NM,https://www.themoviedb.org/movie/6877
Faces of Death III,3.5,"The third installment of the infamous ""is it real or fake?"" mondo series sets its sights primarily on serial killers, with lengthy reenactments of police investigations of bodies being found in dumpsters, and a staged courtroom sequence.",John Alan Schwartz,N/A,https://www.themoviedb.org/movie/15901
Salem's Lot,6.047,Author Ben Mears returns to his childhood home of Jerusalem's Lot only to discover his hometown is being preyed upon by a bloodthirsty vampire.,Gary Dauberman,https://www.youtube.com/watch?v=QtVzKkv03ic,https://www.themoviedb.org/movie/748230
Margin Call,6.866,A thriller that revolves around the key people at an investment bank over a 24-hour period during the early stages of the financial crisis.,J.C. Chandor,https://www.youtube.com/watch?v=5RIU83i-WMM,https://www.themoviedb.org/movie/50839
The Revenant,7.536,"In the 1820s, a frontiersman, Hugh Glass, sets out on a path of vengeance against those who left him for dead after a bear mauling.",Alejandro González Iñárritu,https://www.youtube.com/watch?v=LoebZZ8K5N0,https://www.themoviedb.org/movie/281957
Fountain of Youth,6.338,"A treasure-hunting mastermind assembles a team for a life-changing adventure. But to outwit and outrun threats at every turn, he'll need someone even smarter than he is: his estranged sister.",Guy Ritchie,https://www.youtube.com/watch?v=-7S28bH8iDs,https://www.themoviedb.org/movie/1098006
Mother's Job,5.8,"A young man falls in love with his friend's mother.  Hyun-woo, who returned to the military, starts a part-time job at a bar in a difficult situation, where he meets Yoo-sun, a woman who captures the hearts of customers with her skillful ways. Then one day, Hyun-woo, who was alone with her, finds himself in a shock with his friends Min-seok and Yoo-sun. When Hyun-woo confesses the truth after a hard time, Yoo-sun asks her to keep her relationship secret. Hyun-woo, who failed to reject Min-seok's proposal to live in his own home, begins a breathtaking cohabitation with Yoo-sun.",Do Bong-san,N/A,https://www.themoviedb.org/movie/481871
Here Come the Munsters,5.1,"The Munsters come to America to search for Herman's brother-in-law Norman Hyde, only to find out that he has turned himself into Brent Jekyll, who is running for congress, and Grandpa must make a formula to change Norman back.",Robert Ginty,https://www.youtube.com/watch?v=RK2O8UBQQv4,https://www.themoviedb.org/movie/249391
Ruby Sparks,7.119,"Calvin is a young novelist who achieved phenomenal success early in his career but is now struggling with his writing – as well as his romantic life. Finally, he makes a breakthrough and creates a character named Ruby who inspires him. When Calvin finds Ruby, in the flesh, sitting on his couch about a week later, he is completely flabbergasted that his words have turned into a living, breathing person.","Jonathan Dayton, Valerie Faris",https://www.youtube.com/watch?v=xb3_AE-UinY,https://www.themoviedb.org/movie/103332
Sneakers,6.9,"When shadowy U.S. intelligence agents blackmail a reformed computer hacker and his eccentric team of security experts into stealing a code-breaking 'black box' from a Soviet-funded genius, they uncover a bigger conspiracy. Now, he and his 'sneakers' must save themselves and the world economy by retrieving the box from their blackmailers.",Phil Alden Robinson,https://www.youtube.com/watch?v=NEhgUxQ322A,https://www.themoviedb.org/movie/2322
Shape of My Heart,7.0,"A romance about a man and a woman who, due to an unexpected event, end up switching bodies. Despite coming from completely different backgrounds and environments, the two try to overcome the various difficulties that arise from their body swap.",Shinji Imaoka,N/A,https://www.themoviedb.org/movie/1285366
Casino,7.994,"In early-1970s Las Vegas, Sam ""Ace"" Rothstein gets tapped by his bosses to head the Tangiers Casino. At first, he's a great success in the job, but over the years, problems with his loose-cannon enforcer Nicky Santoro, his ex-hustler wife Ginger, her con-artist ex Lester Diamond and a handful of corrupt politicians put Sam in ever-increasing danger.",Martin Scorsese,https://www.youtube.com/watch?v=zFUKn_75m1o,https://www.themoviedb.org/movie/524
Now You See Me: Now You Don't,0.0,"The Four Horsemen return along with a new generation of illusionists performing mind-melding twists, turns, surprises, and magic unlike anything ever captured on film.",Ruben Fleischer,https://www.youtube.com/watch?v=uogrgIasYcA,https://www.themoviedb.org/movie/425274
Totally Killer,6.812,"When the infamous ""Sweet Sixteen Killer"" returns 35 years after his first murder spree to claim another victim, 17-year-old Jamie accidentally travels back in time to 1987, determined to stop the killer before he can start.",Nahnatchka Khan,https://www.youtube.com/watch?v=5vYipYSDhtQ,https://www.themoviedb.org/movie/974931
Sin City: A Dame to Kill For,6.4,Some of Sin City's most hard-boiled citizens cross paths with a few of its more reviled inhabitants.,"Frank Miller, Robert Rodriguez",https://www.youtube.com/watch?v=XVjDcUCui0w,https://www.themoviedb.org/movie/189
Fountain of Youth,6.338,"A treasure-hunting mastermind assembles a team for a life-changing adventure. But to outwit and outrun threats at every turn, he'll need someone even smarter than he is: his estranged sister.",Guy Ritchie,https://www.youtube.com/watch?v=-7S28bH8iDs,https://www.themoviedb.org/movie/1098006
Hunt the Wicked,6.8,"The film tells the story of narcotics police officer Huang Mingjin and the ""mysterious figure"" Wei Yunzhou. Through completely different means and methods, in the process of calculating and wrestling with each other, they tear apart the facade of urban tranquility, exposing the underground drug network woven by the hidden hand ""Long Wang"", and ultimately eradicate the darkness with the sword of justice, revealing the dawn of light.",Chris Huo,https://www.youtube.com/watch?v=4xkxRFjP0t0,https://www.themoviedb.org/movie/1240475
Gran Turismo,7.744,The ultimate wish-fulfillment tale of a teenage Gran Turismo player whose gaming skills won him a series of Nissan competitions to become an actual professional racecar driver.,Neill Blomkamp,https://www.youtube.com/watch?v=ZCYHn8mvyF8,https://www.themoviedb.org/movie/980489
A Clockwork Orange,8.185,"In a near-future Britain, young Alexander DeLarge and his pals get their kicks beating and raping anyone they please. When not destroying the lives of others, Alex swoons to the music of Beethoven. The state, eager to crack down on juvenile crime, gives an incarcerated Alex the option to undergo an invasive procedure that'll rob him of all personal agency. In a time when conscience is a commodity, can Alex change his tune?",Stanley Kubrick,https://www.youtube.com/watch?v=T54uZPI4Z8A,https://www.themoviedb.org/movie/185
Wrong Turn,6.4,"Chris crashes into a carload of other young people, and the group of stranded motorists is soon lost in the woods of West Virginia, where they're hunted by three cannibalistic mountain men who are grossly disfigured by generations of inbreeding.",Rob Schmidt,https://www.youtube.com/watch?v=naUUyD-_oPc,https://www.themoviedb.org/movie/9902
Mission: Impossible - Ghost Protocol,7.105,"Ethan Hunt and his team are racing against time to track down a dangerous terrorist named Hendricks, who has gained access to Russian nuclear launch codes and is planning a strike on the United States. An attempt to stop him ends in an explosion causing severe destruction to the Kremlin and the IMF to be implicated in the bombing, forcing the President to disavow them. No longer being aided by the government, Ethan and his team chase Hendricks around the globe, although they might still be too late to stop a disaster.",Brad Bird,https://www.youtube.com/watch?v=7wkih9Yvxq0,https://www.themoviedb.org/movie/56292
Miami Vice: Brother's Keeper,8.0,Miami detective Sonny Crockett reluctantly teams with New York City cop Rico Tubbs when both of them end up pursuing a drug dealer who killed their respective partners.,Thomas Carter,N/A,https://www.themoviedb.org/movie/126341
The Bourne Identity,7.469,"Wounded to the brink of death and suffering from amnesia, Jason Bourne is rescued at sea by a fisherman. With nothing to go on but a Swiss bank account number, he starts to reconstruct his life, but finds that many people he encounters want him dead. However, Bourne realizes that he has the combat and mental skills of a world-class spy—but who does he work for?",Doug Liman,https://www.youtube.com/watch?v=PGKK5wACwrU,https://www.themoviedb.org/movie/2501
Death Race,6.285,"Terminal Island, New York: 2020. Overcrowding in the US penal system has reached a breaking point. Prisons have been turned over to a monolithic Weyland Corporation, which sees jails full of thugs as an opportunity for televised sport. Adrenalized inmates, a global audience hungry for violence and a spectacular, enclosed arena come together to form the 'Death Race', the biggest, most brutal event.",Paul W. S. Anderson,https://www.youtube.com/watch?v=C8bxcJZrus0,https://www.themoviedb.org/movie/10483
Blink Twice,6.685,"When tech billionaire Slater King meets cocktail waitress Frida at his fundraising gala, he invites her to join him and his friends on a dream vacation on his private island. But despite the epic setting, beautiful people, ever-flowing champagne, and late-night dance parties, Frida can sense that there’s something sinister hiding beneath the island’s lush façade.",Zoë Kravitz,https://www.youtube.com/watch?v=jmCCQ80iAf8,https://www.themoviedb.org/movie/840705
Crossword Mysteries: Proposing Murder,7.6,"When an old friend of New York Sentinel Crosswords editor Tess Harper is found murdered on the very day her puzzle includes his proposal of marriage, Tess unofficially teams up with Detective Logan O’Connor to find the killer.",Don McCutcheon,https://www.youtube.com/watch?v=XkAQbEUFdAY,https://www.themoviedb.org/movie/639254
Terrifier 2,6.708,"A year after the Miles County massacre, Art the Clown is resurrected by a sinister entity. Art returns home, where he must hunt down and destroy teenage Sienna and her younger brother Jonathan on Halloween. As the body count rises, the siblings fight to stay alive while uncovering the true nature of Art's evil intent.",Damien Leone,https://www.youtube.com/watch?v=x5DhuDSArTI,https://www.themoviedb.org/movie/663712
Azrael,5.984,"In a world where no one speaks, a devout female hunts down a young woman who has escaped her imprisonment. Recaptured by its ruthless leaders, Azrael is due to be sacrificed to pacify an ancient evil deep within the surrounding wilderness.",E.L. Katz,https://www.youtube.com/watch?v=-kKSxFDcwKw,https://www.themoviedb.org/movie/1029235
Sacred 2,6.2,"A group of young people from Jakarta left for Cirebon with different destinations. Arla, Jojo, and Maura want to do research on their final assignment, which is assisted by a documentary filmmaker named Umay. Meanwhile, Ajil and Keanu are horror YouTubers who create content to maintain their existence. Their journey becomes wild and uncontrollable after meeting Ute, an indigo who has a secret agenda.",Monty Tiwa,https://www.youtube.com/watch?v=AptTON0OSiI,https://www.themoviedb.org/movie/835294
Brave,7.021,"In the mystical Scottish Highlands, Merida is the princess of a kingdom ruled by King Fergus and Queen Elinor. An unruly daughter and an accomplished archer, Merida one day defies a sacred custom of the land and inadvertently brings turmoil to the kingdom. In an attempt to set things right, Merida seeks out an eccentric old Wise Woman and is granted an ill-fated wish. Also figuring into Merida's quest — and serving as comic relief — are the kingdom's three lords: the enormous Lord MacGuffin, the surly Lord Macintosh, and the disagreeable Lord Dingwall.","Mark Andrews, Brenda Chapman",https://www.youtube.com/watch?v=TEHWDA_6e3M,https://www.themoviedb.org/movie/62177
Acquitted by Faith,5.0,Attorney Benjamin Stills is nearly sentenced to prison and finds faith in God after killing a teenage girl in an accidental car crash from texting while driving.,Daniel Lusko,https://www.youtube.com/watch?v=aF4JGDmajQ0,https://www.themoviedb.org/movie/669384
Children of the Corn II: The Final Sacrifice,4.73,"When a tabloid reporter and his son travel to a quiet Midwestern town to investigate a gruesome massacre, they fall victim to a possessed orphan named Micah.",David Price,https://www.youtube.com/watch?v=bsYaPp3UDCw,https://www.themoviedb.org/movie/25748
The Little Mermaid,7.348,This colorful adventure tells the story of an impetuous mermaid princess named Ariel who falls in love with the very human Prince Eric and puts everything on the line for the chance to be with him. Memorable songs and characters -- including the villainous sea witch Ursula.,"John Musker, Ron Clements",https://www.youtube.com/watch?v=J0KsXGZ6y8s,https://www.themoviedb.org/movie/10144
Descendent,5.743,"After a traumatic brain injury triggers terrifying visions of extraterrestrials and a newfound talent for drawing, a father-to-be begins to question his reality and becomes obsessed with the need to protect his family from an unseen threat.",Peter Cilella,https://www.youtube.com/watch?v=HC1QwsXuO6E,https://www.themoviedb.org/movie/1422052
Nudus,7.0,"As she awakens from a prolonged coma, a woman is shocked to learn all the details of her life her captors her captors have access to.",Gibrán Bazán,N/A,https://www.themoviedb.org/movie/1268870
Utopia,5.5,"A soldier searching for his missing wife breaks into a high-tech facility, believing she's been caught in a human trafficking ring. But beyond its walls, he finds a surreal, futuristic fantasy park where reality and illusion blur. As he navigates this seductive and dangerous world, a shocking truth pulls him deeper into a deadly game where nothing is as it seems.",James Bamford,https://www.youtube.com/watch?v=Jz9YG3xGXOw,https://www.themoviedb.org/movie/1379587
Aquaman,6.875,"Half-human, half-Atlantean Arthur Curry is taken on the journey of his lifetime to discover if he is worth of being a king.",James Wan,https://www.youtube.com/watch?v=2wcj6SrX4zw,https://www.themoviedb.org/movie/297802
Blue Lagoon: The Awakening,6.443,Two high school students become stranded on a tropical island and must rely on each other for survival. They learn more about themselves and each other while falling in love.,"Jake Newsome, Mikael Salomon",https://www.youtube.com/watch?v=0pMqAbdvrfo,https://www.themoviedb.org/movie/115290
Baban Baban Ban Vampire,6.8,"Ranmaru is a  450-year-old vampire  who works in a bathhouse. As a vampire he is particularly picky about his blood choices, his main goal being to drink the blood of an 18-year-old virgin. To do so, he has been watching 15-year-old Rihito, the son of the bathhouse owner who saved him from near death. Rihito must not lose his virginity before he turns 18 and Ranmaru does everything he can to prevent that. However, when Rihito starts to show interest in a classmate, Ranmaru's desperate fight to preserve the boys virginity begins.",Shinji Hamasaki,N/A,https://www.themoviedb.org/movie/1373310
Sin City: A Dame to Kill For,6.397,Some of Sin City's most hard-boiled citizens cross paths with a few of its more reviled inhabitants.,"Frank Miller, Robert Rodriguez",https://www.youtube.com/watch?v=XVjDcUCui0w,https://www.themoviedb.org/movie/189
Knives Out,7.843,"When renowned crime novelist Harlan Thrombey is found dead at his estate just after his 85th birthday, the inquisitive and debonair Detective Benoit Blanc is mysteriously enlisted to investigate. From Harlan's dysfunctional family to his devoted staff, Blanc sifts through a web of red herrings and self-serving lies to uncover the truth behind Harlan's untimely death.",Rian Johnson,https://www.youtube.com/watch?v=qOg3AoRc4nI,https://www.themoviedb.org/movie/546554
Unvanquished City,4.0,"Warsaw after the fall of the Warsaw Uprising. The Germans expel the civilian population and then proceed to systematically destroy the city. The capital is transformed into a sea of rubble, among which a few survivors hide – modern-day Robinsons. One of them is Piotr Rafalski, who rescues Krystyna, a wounded Jewish woman. Three soldiers of the People's Army, cooperating with a Soviet telegraph operator, are also in the city.",Jerzy Zarzycki,N/A,https://www.themoviedb.org/movie/199528
Rise of the Guardians,7.37,"When an evil spirit known as Pitch lays down the gauntlet to take over the world, the immortal Guardians must join forces for the first time to protect the hopes, beliefs and imagination of children all over the world.",Peter Ramsey,https://www.youtube.com/watch?v=aPLiBxhoug0,https://www.themoviedb.org/movie/81188
Braveheart,7.943,"Enraged at the slaughter of Murron, his new bride and childhood love, Scottish warrior William Wallace slays a platoon of the local English lord's soldiers. This leads the village to revolt and, eventually, the entire country to rise up against English rule.",Mel Gibson,https://www.youtube.com/watch?v=WtO3CsleMDg,https://www.themoviedb.org/movie/197
Elevation,6.47,"Post-apocalyptic survivors find refuge in the Rocky Mountains to hide from giant, insect-like creatures that can't live above 8,000 feet. However, when one of them needs life-saving supplies, they risk it all to venture into the danger zone.",George Nolfi,https://www.youtube.com/watch?v=N7pZthBBLOA,https://www.themoviedb.org/movie/1035048
Bonus Track,6.1,"George, a 16-year-old who believes he is a future star musician, can't believe his luck when the son of a famous duo takes an interest in his music. This new arrival helps him rehearse for a talent show and leads both boys to learn from each other and grow closer.",Julia Jackman,https://www.youtube.com/watch?v=LoIsRoFBFHs,https://www.themoviedb.org/movie/1022824
Joseph and the Amazing Technicolor Dreamcoat,6.2,"Joseph, the favored son of Jacob, is betrayed by his jealous brothers, sold into slavery, and driven to Egypt. Though beset with adversity, Joseph perseveres through wit and faith and becomes the Governor of Egypt, second only to the Pharaoh.","David Mallet, Stephen Pimlott",https://www.youtube.com/watch?v=z8jXbvz_zLc,https://www.themoviedb.org/movie/24272
Perfect Sense,6.866,"In Glasgow, Scotland, while a mysterious pandemic begins to spread around the world, Susan, a brilliant epidemiologist, falls in love with Michael, a skillful cook.",David Mackenzie,https://www.youtube.com/watch?v=A18GfVdNP1U,https://www.themoviedb.org/movie/51999
Senior Couple and Exchange Sex,6.7,"Local college couple Won-young and Jun-seok have a long time to graduate, but the two who Jun-seok already got a job and had nothing to do until graduation graduated from vacation and lived in Tokyo. Let's go to the house of a close senior couple, Ari and Sungho.  One day before they came, Ari and Seong-ho fought out loud. I greet you welcomingly, but I feel a cold atmosphere for some reason. Seong-ho tells Jun-suk about the couple's fight the other day, and after having sex that night, Jor explains to the young couple the situation of Seong-ho's husband and procrastinates to do it next time. In the end, Won-young can't tolerate her sexual desires and goes to Seong-ho to tempt her. What will happen to the love of the two couples?",Choi Sung-gil,N/A,https://www.themoviedb.org/movie/657654
Los numeros,6.5,"A young policeman gets into trouble after winning the lottery. Adventure and problems follow, as well as lots of beautiful women. The officer runs danger to fall prey to a large scam, but he also can find true love and realizes: in order to win his fate, he has to take chances and play.",Ryszard Zatorski,N/A,https://www.themoviedb.org/movie/71597
X-Men: Apocalypse,6.517,"After the re-emergence of the world's first mutant, world-destroyer Apocalypse, the X-Men must unite to defeat his extinction level plan.",Bryan Singer,https://www.youtube.com/watch?v=Jer8XjMrUB4,https://www.themoviedb.org/movie/246655
The Equalizer 3,7.298,"Robert McCall finds himself at home in Southern Italy but he discovers his friends are under the control of local crime bosses. As events turn deadly, McCall knows what he has to do: become his friends' protector by taking on the mafia.",Antoine Fuqua,https://www.youtube.com/watch?v=fQfrzHFmVe8,https://www.themoviedb.org/movie/926393
Predator,7.54,A team of elite commandos on a secret mission in a Central American jungle come to find themselves hunted by an extraterrestrial warrior.,John McTiernan,https://www.youtube.com/watch?v=XY6d4LGd8YM,https://www.themoviedb.org/movie/106
Rush Hour,7.057,"When Hong Kong Inspector Lee is summoned to Los Angeles to investigate a kidnapping, the FBI doesn't want any outside help and assigns cocky LAPD Detective James Carter to distract Lee from the case. Not content to watch the action from the sidelines, Lee and Carter form an unlikely partnership and investigate the case themselves.",Brett Ratner,https://www.youtube.com/watch?v=0e2Lbnq_lSM,https://www.themoviedb.org/movie/2109
Millionaire,7.5,A Chilean man hits the headlines when his damaged lottery ticket claiming a life-changing jackpot sparks a national investigation.,N/A,N/A,https://www.themoviedb.org/movie/1522847
Sugar Mill,8.022,"A group of young men and women who work as seasonal workers in a sugar factory face terror from the kingdom of demons where the factory is located. They must find out the cause of the demons' anger, before the terror ends their lives.",Awi Suryadi,https://www.youtube.com/watch?v=O76onpa-A7Y,https://www.themoviedb.org/movie/1355126
Rent Boys,5.6,"Documentary about the current hustler scene in Berlin. Based on interviews with former and active prostitutes, the realities of male prostitutes in Berlin are treated. The film is objective, and records the hustler scene as a social Submilieu, which is characterized by both tragic fates, as well as everyday things and routines. Not only the direct sale of sexual services is discussed, but also other aspects associated with male prostitution: poverty, drug addiction, AIDS, crime, migration, love and partnership.",Rosa von Praunheim,N/A,https://www.themoviedb.org/movie/81375
Monsters University,7.042,A look at the relationship between Mike and Sulley during their days at Monsters University — when they weren't necessarily the best of friends.,Dan Scanlon,https://www.youtube.com/watch?v=xBzPioph8CI,https://www.themoviedb.org/movie/62211
JUJUTSU KAISEN: Hidden Inventory / Premature Death - The Movie,7.875,"Pursued by a religious cult and other curse users, former friends Satoru Gojo and Suguru Geto are the only sorcerers capable of carrying the difficult task of protecting Riko Amanai, a student who has been designated to be sacrificed as the Star Plasma Vessel, until she can fulfill her duty.",Shota Goshozono,https://www.youtube.com/watch?v=A0p4XMdWvm8,https://www.themoviedb.org/movie/1338799
Everyone Is Going to Die,5.9,"On his daughter's birthday, a wealthy father's reconciliation attempt is hijacked by two female burglars. A shakedown evolves into a lethal cat-and-mouse as hidden motives emerge, culminating in a life-altering revelation.",Craig Tuohy,https://www.youtube.com/watch?v=VS_yIgqTsaw,https://www.themoviedb.org/movie/1236471
Eye for an Eye 2,6.42,"The blind swordsman, skilled in martial arts, named Cheng Xiazi (Xie Miao), accidentally saves Zhang Xiaoyu (Yang Enyou), who has suffered from the destruction of his family. Under the persuasion of the orphan Xiaoyu, Cheng reluctantly keeps him by his side and teaches him skills. Xiaoyu also waits for the opportunity to seek revenge.",Yang Bingjia,https://www.youtube.com/watch?v=FRD0KojW03E,https://www.themoviedb.org/movie/1235623
Eternals,6.8,"The Eternals are a team of ancient aliens who have been living on Earth in secret for thousands of years. When an unexpected tragedy forces them out of the shadows, they are forced to reunite against mankind’s most ancient enemy, the Deviants.",Chloé Zhao,https://www.youtube.com/watch?v=x_me3xsvDgk,https://www.themoviedb.org/movie/524434
American Psycho,7.408,"A wealthy New York investment banking executive hides his alternate psychopathic ego from his co-workers and friends as he escalates deeper into his illogical, gratuitous fantasies.",Mary Harron,https://www.youtube.com/watch?v=81mibtQWWBg,https://www.themoviedb.org/movie/1359
Novocaine,6.899,"When the girl of his dreams is kidnapped, everyman Nate turns his inability to feel pain into an unexpected strength in his fight to get her back.","Dan Berk, Robert Olsen",https://www.youtube.com/watch?v=99BLnkAlC1M,https://www.themoviedb.org/movie/1195506
The Man Who Had Power Over Women,4.7,"A successful talent agent enjoys the good life until his wife leaves him. Moving in with his friend and igniting an affair with the man's wife, he also acquires a difficult new client whose public image must be preserved at any cost.",John Krish,N/A,https://www.themoviedb.org/movie/332392
Azrael,5.984,"In a world where no one speaks, a devout female hunts down a young woman who has escaped her imprisonment. Recaptured by its ruthless leaders, Azrael is due to be sacrificed to pacify an ancient evil deep within the surrounding wilderness.",E.L. Katz,https://www.youtube.com/watch?v=-kKSxFDcwKw,https://www.themoviedb.org/movie/1029235
Two Weeks in Another Town,5.955,"After spending three years in an asylum, a washed-up actor views a minor assignment from his old director in Rome as a chance for personal and professional redemption.",Vincente Minnelli,https://www.youtube.com/watch?v=nkDNPYxMDCI,https://www.themoviedb.org/movie/62655
Hollywood Dreams & Nightmares: The Robert Englund Story,6.4,"Robert Englund has become one of the most revolutionary horror icons of our generation. This intimate portrait captures the man behind the Nightmare On Elm Street franchise and features interviews with Englund, Lin Shaye, Eli Roth, Tony Todd and more.","Chris Griffiths, Gary Smart",https://www.youtube.com/watch?v=bsfNiGDDAFw,https://www.themoviedb.org/movie/794385
The Windmill Massacre,5.0,"Jennifer, an Australian girl on the run from her past, turns up in Amsterdam and, in a desperate attempt to blend in, joins a coach-load of tourists on a tour of Holland's old windmills. When the bus breaks down in the middle of nowhere, she and the other tourists are forced to seek shelter in a disused shed beside a sinister windmill where a devil-worshiping miller once ground the bones of locals instead of grain. As members of the group start to disappear, Jennifer learns that they all have something in common – a shared secret that seems to mark them all for doom.",Nick Jongerius,https://www.youtube.com/watch?v=FIHpfivxayY,https://www.themoviedb.org/movie/397514
The Meteor Man,5.8,"One night Jefferson Reed gets hit in the chest by a souped-up chunk of meteor. So he can fly, but he's scared of heights. He can master the information in any book ... for about thirty seconds. Now his friends and family want him to protect their community from the dreaded Golden Lords.",Robert Townsend,https://www.youtube.com/watch?v=61iSBGGESxY,https://www.themoviedb.org/movie/11244
A Quiet Place Part II,7.5,"Following the events at home, the Abbott family now face the terrors of the outside world. Forced to venture into the unknown, they realize that the creatures that hunt by sound are not the only threats that lurk beyond the sand path.",John Krasinski,https://www.youtube.com/watch?v=BpdDN9d9Jio,https://www.themoviedb.org/movie/520763
Shadow Force,6.168,"Kyrah and Isaac were once the leaders of a multinational special forces group called Shadow Force. They broke the rules by falling in love, and in order to protect their son, they go underground. With a large bounty on their heads, and the vengeful Shadow Force hot on their trail, one family's fight becomes all-out war.",Joe Carnahan,https://www.youtube.com/watch?v=M7LhGytiHFM,https://www.themoviedb.org/movie/757725
Puss in Boots,6.582,"Long before he even met Shrek, the notorious fighter, lover and outlaw Puss in Boots becomes a hero when he sets off on an adventure with the tough and street smart Kitty Softpaws and the mastermind Humpty Dumpty to save his town. This is the true story of The Cat, The Myth, The Legend... The Boots.",Chris Miller,https://www.youtube.com/watch?v=Znuq-daWfLE,https://www.themoviedb.org/movie/417859
No Clue,5.308,"When a beautiful and mysterious woman bursts into the office of Leo Falloon, desperate to find her missing brother, it's just another day in the life of a hard-boiled detective. The problem is, Leo's not a detective. He sells novelty advertising across the hall from the detective, but how hard can it be?",Carl Bessai,N/A,https://www.themoviedb.org/movie/251990
A Slice of Chicago Romance,6.0,"In Evanstown, a suburb of Chicago, Romanos & Juliatos, two pizza places, have competed for the town’s business for years. When both restaurants hand over the reins to the next generation—Riley and Sarah —after Pizza Den, a new pizza chain moves into town, the new bosses struggle to continue the rivalry after they begin to fall for one another.",Danny J. Boyle,N/A,https://www.themoviedb.org/movie/884625
Wonder Woman 1984,6.395,A botched store robbery places Wonder Woman in a global battle against a powerful and mysterious ancient force that puts her powers in jeopardy.,Patty Jenkins,https://www.youtube.com/watch?v=EMgbWouN4wE,https://www.themoviedb.org/movie/464052
The Matrix Revolutions,6.746,The human city of Zion defends itself against the massive invasion of the machines as Neo fights to end the war at another front while also opposing the rogue Agent Smith.,"Lilly Wachowski, Lana Wachowski",https://www.youtube.com/watch?v=hMbexEPAOQI,https://www.themoviedb.org/movie/605
Presence,6.092,"A couple and their children move into a seemingly normal suburban home. When strange events occur, they begin to believe there is something else in the house with them. The presence is about to disrupt their lives in unimaginable ways.",Steven Soderbergh,https://www.youtube.com/watch?v=Ay4MJZH6_K8,https://www.themoviedb.org/movie/1140535
Sticky,7.6,"When a man proposes marriage to his girlfriend, she wants to find out first if they are ready for a lifetime commitment. She meets her friend and her husband that will open up desires they are not aware of for a long time.",Bobby Bonifacio,https://www.youtube.com/watch?v=Yk7agY-nug0,https://www.themoviedb.org/movie/1442532
Running with the Devil,5.4,A leader of a drug cartel sends his two toughest henchmen to investigate why a shipment was botched.,Jason Cabell,https://www.youtube.com/watch?v=iqAubfcC2oM,https://www.themoviedb.org/movie/523077
The Space Between,5.4,"Micky Adams, an eccentric has-been rock musician, loses his grip on reality as his record label looks to drop him and his new ""unique"" albums. In hopes of breaking out of the mailroom, young Charlie Porter is tasked with traveling to the musician's bizarre home and forcing Micky out of his contract. Micky realizes Charlie could be the key to an artistic breakthrough and the pair's unlikely friendship grows. The odd but powerful bond helps both gain perspective on the music industry, life, love... and the space between.",Rachel Winter,https://www.youtube.com/watch?v=t93lmyT32hk,https://www.themoviedb.org/movie/536728
Terminator Genisys,5.944,"The year is 2029. John Connor, leader of the resistance continues the war against the machines. At the Los Angeles offensive, John's fears of the unknown future begin to emerge when TECOM spies reveal a new plot by SkyNet that will attack him from both fronts; past and future, and will ultimately change warfare forever.",Alan Taylor,https://www.youtube.com/watch?v=_hLRtchRPE0,https://www.themoviedb.org/movie/87101
P.O. Box Tinto Brass,5.974,"A successful erotic film producer from Rome regularly receives letters from female fans seeking his advice on how to spice up their sex lives. Thanks to his years of experience in both the film business and the sex industry, he has all sorts of tips at the ready and, in an emergency, is happy to make a house call himself to demonstrate his qualities in person.",Tinto Brass,https://www.youtube.com/watch?v=S7P7grGWUEA,https://www.themoviedb.org/movie/55580
Groper Train: Touch That Girl,5.0,"Matsutaro runs a small movie theater, but due to the recession, it is not very popular. His wife Junko lives separately from him because he is impotent, and runs a video shop. One day, a young woman named Mirai attempts suicide in the movie theater. Mirai regains her strength and starts using the massage techniques she learned at the soapland to cure Matsutaro's impotence, but...",Mototsugu Watanabe,N/A,https://www.themoviedb.org/movie/981044
Grown Ups 2,6.147,"Lenny has relocated his family back to the small town where he and his friends grew up. This time around, the grown ups are the ones learning lessons from their kids on a day notoriously full of surprises—the last day of school.",Dennis Dugan,https://www.youtube.com/watch?v=EClDbUb-bgc,https://www.themoviedb.org/movie/109418
Look Park,6.0,"Look Park presents close up shots of a country stream viewed in bright sunlight. The film opens with wide shots of the park to establish the location of the water, then focuses in very tight on the abstract reflections and shadows.",Ralph Steiner,N/A,https://www.themoviedb.org/movie/877149
Bilal: A New Breed of Hero,6.8,"A thousand years ago, one boy with a dream of becoming a great warrior is abducted with his sister and taken to a land far away from home. Thrown into a world where greed and injustice rule all, Bilal finds the courage to raise his voice and make a change. Inspired by true events, this is a story of a real hero who earned his remembrance in time and history.","Ayman Jamal, Khurram H. Alavi",https://www.youtube.com/watch?v=memYLNa-7wQ,https://www.themoviedb.org/movie/332718
Crash: The Mystery of Flight 1501,6.2,"Diane and Greg Halstead were once happily married, even deciding to try and have a baby in later years, despite the fact that she had already suffered two miscarriages. She has no luck in becoming pregnant and this leads to an estrangement from her husband. On his latest flight, Greg, a professional pilot, finds out about a bomb threat. The person carrying the bomb supposedly wants to kill another passenger, a politician with an outspoken opinion on abortion. Unknown to the killer, however, the politician has already left the plane because it had an hour and a half delay. Greg decides to make an emergency landing in Dayton, Ohio, but during the heavy weather, the plane crashes, killing almost everyone on board.",Philip Saville,https://www.youtube.com/watch?v=J69Z5ggUBkw,https://www.themoviedb.org/movie/208180
The Great Impostor,6.9,"Fictionalized account of Ferdinand Waldo Demara Jr., who stole or created fictional identities and worked in a variety of occupations, most quite successfully.",Robert Mulligan,N/A,https://www.themoviedb.org/movie/63887
Camille Rewinds,6.2,"Camille was only sixteen and still in high school when she fell in love with Eric, another student. They later married and a child and were happy for a while. But now twenty-five years have passed and Eric leaves her for a younger woman. Bitter and desperate Camille drinks so much liquor at a New Year Eve's party that she falls into an ethylic coma and she finds herself... propelled into her own past! Camille is sixteen again when she wakes up this morning, her parents are not dead anymore and she must go to school, where she will meet her schoolmates and, of course, Eric. Is she going to fall for him again and... be miserable twenty-five years later? Or will she avoid him with the result never having her beloved daughter? Who ever said that time traveling was fun?",Noémie Lvovsky,https://www.youtube.com/watch?v=5BJoOGIY-U0,https://www.themoviedb.org/movie/135281
Aunt's Beauty Salon Closing Day,7.3,"Yeon-i who runs a small salon is shaken by Geon-dal’s suggestion to run the salon as an adult service business when customers start to run out. After experiencing the sales method that enables customers to touch female employees while being shampooed and while receiving other services, Yeon-i leaves the salon, but after a few months, she suffers from living difficulties and visits Geon-dal again",EROPING,N/A,https://www.themoviedb.org/movie/823883
SuperKlaus,6.0,"Santa Claus's wish comes true when he accidentally bumps his head and starts believing he's SuperKlaus. With the help of Billie and Leo his elf-xecutive assistant, SuperKlaus will take on a toy-obsessed businessman to save Christmas.",Steve Majaury,https://www.youtube.com/watch?v=SA1aHAc7bo0,https://www.themoviedb.org/movie/1100998
Padre no hay más que uno 5: Nido repleto,6.611,"Some parents experience the anguish of the ""empty nest"" when their children leave home. Javier, on the other hand, suffers the trauma of the ""full nest"": no one wants to leave home.",Santiago Segura,N/A,https://www.themoviedb.org/movie/1328913
Sleepy Hollow,7.187,"Skeptical young detective Ichabod Crane gets transferred to the hamlet of Sleepy Hollow, New York, where he is tasked with investigating the decapitations of three people – murders the townsfolk attribute to a legendary specter, The Headless Horseman.",Tim Burton,https://www.youtube.com/watch?v=XB-y10r77V8,https://www.themoviedb.org/movie/2668
Blue Lagoon: The Awakening,6.443,Two high school students become stranded on a tropical island and must rely on each other for survival. They learn more about themselves and each other while falling in love.,"Jake Newsome, Mikael Salomon",https://www.youtube.com/watch?v=0pMqAbdvrfo,https://www.themoviedb.org/movie/115290
Home Alone 2: Lost in New York,6.8,"Instead of flying to Florida with his folks, Kevin ends up alone in New York, where he gets a hotel room with his dad's credit card—despite problems from a clerk and meddling bellboy. But when Kevin runs into his old nemeses, the Wet Bandits, he's determined to foil their plans to rob a toy store on Christmas Eve.",Chris Columbus,https://www.youtube.com/watch?v=k0kJieJ1k6k,https://www.themoviedb.org/movie/772
The Lost Bus,9.0,A determined father risks everything to rescue a dedicated teacher and her students from a raging wildfire.,Paul Greengrass,https://www.youtube.com/watch?v=kQFiO88d_gk,https://www.themoviedb.org/movie/1236470
Knives Out,7.843,"When renowned crime novelist Harlan Thrombey is found dead at his estate just after his 85th birthday, the inquisitive and debonair Detective Benoit Blanc is mysteriously enlisted to investigate. From Harlan's dysfunctional family to his devoted staff, Blanc sifts through a web of red herrings and self-serving lies to uncover the truth behind Harlan's untimely death.",Rian Johnson,https://www.youtube.com/watch?v=qOg3AoRc4nI,https://www.themoviedb.org/movie/546554
PAW Patrol: The Mighty Movie,7.012,"A magical meteor crash lands in Adventure City and gives the PAW Patrol pups superpowers, transforming them into The Mighty Pups.",Cal Brunker,https://www.youtube.com/watch?v=UDgjJ9XzgHk,https://www.themoviedb.org/movie/893723
The Imposter,7.313,"In 1994 a 13-year-old boy disappeared without a trace from his home in San Antonio, Texas. Three-and-a-half years later he is found alive thousands of miles away in a village in southern Spain with a horrifying story of kidnap and torture. His family is overjoyed to bring him home. But all is not quite as it seems.",Bart Layton,https://www.youtube.com/watch?v=dmmYc46nSHY,https://www.themoviedb.org/movie/84287
Coolie,6.353,"Deva, once living a quiet life, is shaken when his close friend dies under suspicious circumstances. Determined to uncover the truth, he infiltrates a powerful gang operating in the shadows. As he investigates, Deva becomes entangled in a dangerous web of crime, betrayal, and secrets from his own past, forcing him to confront powerful enemies while protecting the ones he loves.",Lokesh Kanagaraj,N/A,https://www.themoviedb.org/movie/1153399
The Mummy Returns,6.4,"Rick and Evelyn O’Connell, along with their 8-year-old son Alex, discover the key to the legendary Scorpion King’s might: the fabled Bracelet of Anubis. Unfortunately, a newly resurrected Imhotep has designs on the bracelet as well, and isn’t above kidnapping its new bearer, Alex, to gain control of Anubis’s otherworldly army.",Stephen Sommers,https://www.youtube.com/watch?v=ptmLrNpmcBo,https://www.themoviedb.org/movie/1734
The Phoenician Scheme,6.688,"Wealthy businessman Zsa-zsa Korda appoints his only daughter, a nun, as sole heir to his estate. As Korda embarks on a new enterprise, they soon become the target of scheming tycoons, foreign terrorists, and determined assassins.",Wes Anderson,https://www.youtube.com/watch?v=GEuMnPl2WI4,https://www.themoviedb.org/movie/1137350
Final Destination 2,6.301,"When Kimberly has a violent premonition of a highway pileup she blocks the freeway, keeping a few others meant to die, safe...Or are they? The survivors mysteriously start dying and it's up to Kimberly to stop it before she's next.",David R. Ellis,https://www.youtube.com/watch?v=MNXpuPu4URk,https://www.themoviedb.org/movie/9358
Through My Window,7.363,"Raquel's longtime crush on her next-door neighbor turns into something more when he starts developing feelings for her, despite his family's objections.",Marçal Forés,https://www.youtube.com/watch?v=_zxhK3Z-R0c,https://www.themoviedb.org/movie/818647
Monsters University,7.042,A look at the relationship between Mike and Sulley during their days at Monsters University — when they weren't necessarily the best of friends.,Dan Scanlon,https://www.youtube.com/watch?v=xBzPioph8CI,https://www.themoviedb.org/movie/62211
Am I a Serial Killer?,5.8,A teenage girl visits her mom on death row and gets lured into a dangerous trap to take the fall for her mother's crimes.,Penelope Buitenhuis,N/A,https://www.themoviedb.org/movie/605045
X-Men: Apocalypse,6.517,"After the re-emergence of the world's first mutant, world-destroyer Apocalypse, the X-Men must unite to defeat his extinction level plan.",Bryan Singer,https://www.youtube.com/watch?v=Jer8XjMrUB4,https://www.themoviedb.org/movie/246655
The Thing,8.069,"A twelve-man team at a remote Antarctic research station discovers an alien buried in the snow for over 100,000 years. Soon unfrozen, the form-changing creature wreaks havoc, creates terror...And becomes one of them.",John Carpenter,https://www.youtube.com/watch?v=l8A_DMMJC_Q,https://www.themoviedb.org/movie/1091
"Greta, the Mad Butcher",4.7,"A young woman feigns illness in order to infiltrate a mental hospital, where she investigates the disappearance of her sister, a former patient. Meanwhile, the hospital warden and her attendants abuse and torture their charges, forcing them to star in cheap skinflicks.",Jesús Franco,https://www.youtube.com/watch?v=89MToXLceWM,https://www.themoviedb.org/movie/28656
The Redemption of Henry Myers,4.7,"Henry Myers (Drew Walters) is living a hard life, surviving on the frontier any way he can – even if it means robbing a bank. After his latest heist backfires and his partners (Bea Smith and Rio Alexander) betray him and leave him for dead, Henry's life takes a surprising turn when he finds kindness and compassion from a widow (Erin Bethea) and her children (Jaden Roberts and Ezra Proch).",Clayton Miller,N/A,https://www.themoviedb.org/movie/267288
Fall,7.127,"For best friends Becky and Hunter, life is all about conquering fears and pushing limits. But after they climb 2,000 feet to the top of a remote, abandoned radio tower, they find themselves stranded with no way down. Now Becky and Hunter’s expert climbing skills will be put to the ultimate test as they desperately fight to survive the elements, a lack of supplies, and vertigo-inducing heights",Scott Mann,https://www.youtube.com/watch?v=FNk7Cu4sJOs,https://www.themoviedb.org/movie/985939
Grave Secrets: The Legacy of Hilltop Drive,4.6,Jean and Shag Williams locate a newly built house and decide it's perfect for them to buy. One thing the developers forgot to tell them about was that it is built on a graveyard. Within days toilets start to flush by themselves and the garage door moves up and down by its own accord. Will Jean and Shag realize that the place may be haunted by ghosts before it's too late?,John Patterson,N/A,https://www.themoviedb.org/movie/70046
Beneath Still Waters,4.0,"Studying under a disciple of Aleister Crowley, the leader of an upper class group invokes a supernatural force that slowly devours the village of Marienbad and its inhabitants, threatening to spread beyond its geographical limits. The mayor from the town nearby commissions the building of a dam which would flood the valley and therefore submerge the village forever sealing the evil force under water after leader and his followers were incapacitated to be kept from escaping. However, fate ensured the leader's freedom as he remained in the depths when the waters covered Marienbad. Now 40 years later an array of disappearances and deaths in mysterious circumstances are threatening the town next to the reservoir that now covers Marienbad.",Brian Yuzna,https://www.youtube.com/watch?v=RUOniGuuPX8,https://www.themoviedb.org/movie/18210
Chappie,6.784,"Every child comes into the world full of promise, and none more so than Chappie: he is gifted, special, a prodigy. Like any child, Chappie will come under the influence of his surroundings—some good, some bad—and he will rely on his heart and soul to find his way in the world and become his own man. But there's one thing that makes Chappie different from any one else: he is a robot.",Neill Blomkamp,https://www.youtube.com/watch?v=lyy7y0QOK-0,https://www.themoviedb.org/movie/198184
Blink Twice,6.685,"When tech billionaire Slater King meets cocktail waitress Frida at his fundraising gala, he invites her to join him and his friends on a dream vacation on his private island. But despite the epic setting, beautiful people, ever-flowing champagne, and late-night dance parties, Frida can sense that there’s something sinister hiding beneath the island’s lush façade.",Zoë Kravitz,https://www.youtube.com/watch?v=jmCCQ80iAf8,https://www.themoviedb.org/movie/840705
Bringing Christmas Home,6.4,"Retired military officer, now Military History professor, Caroline Upton is enlisted to assist antiques store owner, Russell Carlisle in finding the family of WWII Army officer Orin Newton before Christmas with the hope of returning precious personal artifacts – Orin’s dress uniform, medals, and a stack of love letters from his beloved Alice who waits for him back home. Epaulettes and insignia provide initial clues, though the search seems to dead end when Caroline discovers Orin was captured and listed as MIA. Caroline and Russell then search the love letters for clues as to what happened to Orin and whether he ever made it home to Alice.",Mike Rohl,https://www.youtube.com/watch?v=c6r6YKHePHY,https://www.themoviedb.org/movie/1142767
The Expendables,6.245,"Barney Ross leads a band of highly skilled mercenaries including knife enthusiast Lee Christmas, a martial arts expert Yin Yang, heavy weapons specialist Hale Caesar, demolitionist Toll Road, and a loose-cannon sniper Gunner Jensen. When the group is commissioned by the mysterious Mr. Church to assassinate the dictator of a small South American island, Barney and Lee visit the remote locale to scout out their opposition and discover the true nature of the conflict engulfing the city.",Sylvester Stallone,https://www.youtube.com/watch?v=G_OQpXk8vAQ,https://www.themoviedb.org/movie/27578
Female Workers: Romance at Work 3,4.0,"Yoo-ra succeeded in finding a job after a difficult time. Despite her stunning beauty, her family's financial situation is difficult. Her male assistant manager knows of her difficult situation, so he asks for her body with money as bait. On the other hand, Hye-seon, the female manager of the same company, seduces the handsome new employee, Min-soo. Employees enjoy the world of animals in the workplace without knowing each other.",Choi Jong-gyoo,N/A,https://www.themoviedb.org/movie/1231914
The Devil's Advocate,7.469,"Aspiring Florida defense lawyer Kevin Lomax accepts a job at a New York law firm. With the stakes getting higher every case, Kevin quickly learns that his boss has something far more evil planned.",Taylor Hackford,https://www.youtube.com/watch?v=etrZJJC4ox8,https://www.themoviedb.org/movie/1813
Maze Runner: The Scorch Trials,6.7,"Thomas and his fellow Gladers face their greatest challenge yet: searching for clues about the mysterious and powerful organization known as WCKD. Their journey takes them to the Scorch, a desolate landscape filled with unimaginable obstacles. Teaming up with resistance fighters, the Gladers take on WCKD’s vastly superior forces and uncover its shocking plans for them all.",Wes Ball,https://www.youtube.com/watch?v=SDofO3P2HpE,https://www.themoviedb.org/movie/294254
John Wick,7.453,Ex-hitman John Wick comes out of retirement to track down the gangsters that took everything from him.,Chad Stahelski,https://www.youtube.com/watch?v=6r0s41Ju5XA,https://www.themoviedb.org/movie/245891
Mortal Kombat Legends: Snow Blind,7.826,"Hellbent on taking over Earthrealm, Kano viciously attacks town after town with the aid of three cold-blooded Black Dragon mercenaries. Those who don’t submit are annihilated but one young man won’t bend the knee to Kano: Kenshi.",Rick Morales,https://www.youtube.com/watch?v=vvqx3-1G9Rw,https://www.themoviedb.org/movie/1007401
Ironheart,5.8,An L.A. cop goes after a gang of murderous drug dealers.,Robert Clouse,N/A,https://www.themoviedb.org/movie/193385
Canary Black,6.229,"Top level CIA agent Avery Graves is blackmailed by terrorists into betraying her own country to save her kidnapped husband. Cut off from her team, she turns to her underworld contacts to survive and help locate the coveted intelligence that the kidnappers want.",Pierre Morel,https://www.youtube.com/watch?v=tSaw2HTVSsA,https://www.themoviedb.org/movie/976734
Immaculate,6.2,"An American nun embarks on a new journey when she joins a remote convent in the Italian countryside. However, her warm welcome quickly turns into a living nightmare when she discovers her new home harbours a sinister secret and unspeakable horrors.",Michael Mohan,https://www.youtube.com/watch?v=11gb7q1tosI,https://www.themoviedb.org/movie/1041613
The Curse of La Llorona,5.7,"In 1970s Los Angeles, the legendary ghost La Llorona is stalking the night -- and the children. Ignoring the eerie warning of a troubled mother, a social worker and her own kids are drawn into a frightening supernatural realm. Their only hope of surviving La Llorona's deadly wrath is a disillusioned priest who practices mysticism to keep evil at bay.",Michael Chaves,https://www.youtube.com/watch?v=uOV-xMYQ7sk,https://www.themoviedb.org/movie/480414
There Will Be Blood,8.1,"Ruthless silver miner, turned oil prospector, Daniel Plainview, moves to oil-rich California. Using his son to project a trustworthy, family-man image, Plainview cons local landowners into selling him their valuable properties for a pittance. However, local preacher Eli Sunday suspects Plainview's motives and intentions, starting a slow-burning feud that threatens both their lives.",Paul Thomas Anderson,https://www.youtube.com/watch?v=0FIm5ATyAY0,https://www.themoviedb.org/movie/7345
Henry Danger: The Movie,7.726,"Henry Hart meets a superfan—eager to fight crime with Kid Danger—who comes into possession of a device that can open up alternate realities. Facing a wild ride, Henry will need his best friend Jasper and his new superfan sidekick to find his way out or be stuck in another dimension forever.",Joe Menendez,https://www.youtube.com/watch?v=Rcc9veq0JgM,https://www.themoviedb.org/movie/926670
Shape of My Heart,7.0,"A romance about a man and a woman who, due to an unexpected event, end up switching bodies. Despite coming from completely different backgrounds and environments, the two try to overcome the various difficulties that arise from their body swap.",Shinji Imaoka,N/A,https://www.themoviedb.org/movie/1285366
Possession Street,9.7,"When seven malevolent spirits are unleashed to possess the tenants of a dying mall, it falls to a jaded ex-stuntman, his headstrong daughter and a would-be Daoist priest to stop the undead before they spread onto the streets beyond.",Jack Lai,N/A,https://www.themoviedb.org/movie/1178764
Rise of the Planet of the Apes,7.337,"A highly intelligent chimpanzee named Caesar has been living a peaceful suburban life ever since he was born. But when he gets taken to a cruel primate facility, Caesar decides to revolt against those who have harmed him.",Rupert Wyatt,https://www.youtube.com/watch?v=P1yKN0llkrY,https://www.themoviedb.org/movie/61791
Poverty and Nobility,8.0,"Eugene, a young nobleman, asks two penniless idlers to impersonate his noble relatives to help him marry Gemma, the daughter of an enriched cook.",Mario Mattoli,N/A,https://www.themoviedb.org/movie/58007
Wings of the Navy,6.0,"Jerry tries to out compete his older brother Cass, a lieutenant Naval aviator. Cass is both tough on and protective of his brother, but Jerry can give it right back.",Lloyd Bacon,N/A,https://www.themoviedb.org/movie/99998
Creation of the Gods I: Kingdom of Storms,7.103,"Based on the most well-known classical fantasy novel of China, Fengshenyanyi, the trilogy is a magnificent eastern high fantasy epic that recreates the prolonged mythical wars between humans, immortals and monsters, which happened more than three thousand years ago.",Wuershan,https://www.youtube.com/watch?v=0ucTl-cxIjc,https://www.themoviedb.org/movie/856289
Apocalypto,7.594,"Set in the Mayan civilization, when a man's idyllic presence is brutally disrupted by a violent invading force, he is taken on a perilous journey to a world ruled by fear and oppression where a harrowing end awaits him. Through a twist of fate and spurred by the power of his love for his woman and his family he will make a desperate break to return home and to ultimately save his way of life.",Mel Gibson,https://www.youtube.com/watch?v=gSw5l5jMnPM,https://www.themoviedb.org/movie/1579
Rush Hour 3,6.485,"After a botched assassination attempt, the mismatched duo finds themselves in Paris, struggling to retrieve a precious list of names, as the murderous crime syndicate's henchmen try their best to stop them. Once more, Lee and Carter must fight their way through dangerous gangsters; however, this time, the past has come back to haunt Lee. Will the boys get the job done once and for all?",Brett Ratner,https://www.youtube.com/watch?v=FRDRWXfQyJE,https://www.themoviedb.org/movie/5174
The Curious Case of Benjamin Button,7.595,"Born under unusual circumstances, Benjamin Button springs into being as an elderly man in a New Orleans nursing home and ages in reverse. Twelve years after his birth, he meets Daisy, a child who flits in and out of his life as she grows up to be a dancer. Though he has all sorts of unusual adventures over the course of his life, it is his relationship with Daisy, and the hope that they will come together at the right time, that drives Benjamin forward.",David Fincher,https://www.youtube.com/watch?v=lqijVXvw7_E,https://www.themoviedb.org/movie/4922
Father and Guns 2,6.4,"A few years after they infiltrated a therapy program for fathers and sons, Marc Laroche is having some issues with his girlfriend Alice and Jacques is experiencing intense denial towards the fact that he is growing older.  An incredible opportunity arises when Martin Germain, the lieutenant of the Mafia’s leader, and his girlfriend sign up for a bootcamp for couples. As Marc and Alice sign up for the therapy, Jacques invites himself in by pretending to be the psychologist's assistant.",Émile Gaudreault,https://www.youtube.com/watch?v=H_JjxnpbLlc,https://www.themoviedb.org/movie/417478
Panda Plan,6.857,"International action star Jackie Chan is invited to the adoption ceremony of a rare baby panda, but after an international crime syndicate attempts to kidnap the bear, Jackie has to save the bear using his stunt work skills.",Zhang Luan,https://www.youtube.com/watch?v=kb1C19HGBu8,https://www.themoviedb.org/movie/1160956
Love at the Thanksgiving Day Parade,6.4,"As Chicago gears up for its annual Thanksgiving Day parade, Emily Jones, an eager parade coordinator is shocked when Henry Williams, a wealthy new development consultant, is brought in to analyze the parade's finances.",Ron Oliver,https://www.youtube.com/watch?v=TAyY_mghtlQ,https://www.themoviedb.org/movie/142635
Memento,8.177,"Leonard Shelby is tracking down the man who raped and murdered his wife. The difficulty of locating his wife's killer, however, is compounded by the fact that he suffers from a rare, untreatable form of short-term memory loss. Although he can recall details of life before his accident, Leonard cannot remember what happened fifteen minutes ago, where he's going, or why.",Christopher Nolan,https://www.youtube.com/watch?v=Rq9eM4ZXRgs,https://www.themoviedb.org/movie/77
Four Guns to the Border,4.875,"A group of outlaws plan and execute a robbery in a small town. However, things go awry as the team attempt a getaway, when a couple of the locals attempting to follow them, are ambushed by marauding natives.",Richard Carlson,https://www.youtube.com/watch?v=bFPvl9xOosg,https://www.themoviedb.org/movie/245305
Kiki's Delivery Service,7.831,"A young witch, on her mandatory year of independent life, finds fitting into a new community difficult while she supports herself by running an air courier service.",Hayao Miyazaki,https://www.youtube.com/watch?v=C1gq8ARWI_w,https://www.themoviedb.org/movie/16859
Hotel Transylvania,6.963,"Welcome to Hotel Transylvania, Dracula's lavish five-stake resort, where monsters and their families can live it up and no humans are allowed. One special weekend, Dracula has invited all his best friends to celebrate his beloved daughter Mavis's 118th birthday. For Dracula catering to all of these legendary monsters is no problem but the party really starts when one ordinary guy stumbles into the hotel and changes everything!",Genndy Tartakovsky,https://www.youtube.com/watch?v=q4RK3jY7AVk,https://www.themoviedb.org/movie/76492
Dancing on Glass,6.169,"When immense pressure threatens a ballerina in a new lead role, she and another dancer escape into a friendship that isolates them from the real world.",Jota Linares,N/A,https://www.themoviedb.org/movie/800407
Hunt the Wicked,6.8,"The film tells the story of narcotics police officer Huang Mingjin and the ""mysterious figure"" Wei Yunzhou. Through completely different means and methods, in the process of calculating and wrestling with each other, they tear apart the facade of urban tranquility, exposing the underground drug network woven by the hidden hand ""Long Wang"", and ultimately eradicate the darkness with the sword of justice, revealing the dawn of light.",Chris Huo,https://www.youtube.com/watch?v=4xkxRFjP0t0,https://www.themoviedb.org/movie/1240475
In Restless Dreams: The Music of Paul Simon,6.5,"Chronicles the career of the titular Grammy Award-winning folk-pop singer-songwriter. The documentary also follows Simon’s journey creating his new album, Seven Psalms. The track on the record pose questions about faith and mortality, particularly during the pandemic, and also feature him contending with his hearing loss. Gibney and Simon also journey through a dreamlike world of storytelling that transcends both time and space, as it moves freely between present and past. The movie also offers a unique peek into Simon’s entire career, from Tom & Jerry to Simon & Garfunkel and the triumphs of Graceland and Rhythm of the Saints.",Alex Gibney,https://www.youtube.com/watch?v=LzpF6HeVx9k,https://www.themoviedb.org/movie/1153454
Angels & Demons,6.715,"Harvard symbologist Robert Langdon is recruited by the Vatican to investigate the apparent return of the Illuminati – a secret, underground organization – after four cardinals are kidnapped on the night of the papal conclave.",Ron Howard,https://www.youtube.com/watch?v=zzjv-GUEDfg,https://www.themoviedb.org/movie/13448
Angels & Demons,6.715,"Harvard symbologist Robert Langdon is recruited by the Vatican to investigate the apparent return of the Illuminati – a secret, underground organization – after four cardinals are kidnapped on the night of the papal conclave.",Ron Howard,https://www.youtube.com/watch?v=zzjv-GUEDfg,https://www.themoviedb.org/movie/13448
Bloodrunner Zero,3.0,film by Sade Satô,Sade Satô,N/A,https://www.themoviedb.org/movie/1413052
What Becomes of the Broken Hearted?,6.6,"Five years have passed and Jake has turned his back on his family. He's still up to his usual tricks in McClutchy's Bar, unaware, as he downs his latest opponent, that his eldest son, Nig, has died in a gang fight. The uncomfortable family reunion at Nig's funeral sparks a confrontation with second son, Sonny, and sets Jake and Sonny on a downward spiral.",Ian Mune,https://www.youtube.com/watch?v=P6iazDonV9U,https://www.themoviedb.org/movie/13893
Family Tree,5.4,"When Frédérick, the patriarch of the Alsatian Muller family, is conspicuously absent from his son Charles' funeral, Frédérick's surviving son and his granddaughter, raw from their loss, await an explanation. Once revealed, Frédérick's reasons and the painful secret Charles harbored for years threaten the foundations of the entire family.","Jacques Martineau, Olivier Ducastel",N/A,https://www.themoviedb.org/movie/111481
A Magical Christmas Village,6.4,"When Summer’s mother Vivian moves in with her and her young daughter Chloe, her orderly existence is upended. Upon arrival, Vivian sets up an heirloom, miniature Christmas village resembling their town, and tells Chloe it grants Christmas wishes. As Chloe begins setting up the figurines, real-life events seem to mimic the scenes she creates. With a little help from the magic of the Christmas village, the family will be brought closer together and just maybe, Summer will learn to open her heart to love again.",Jason Furukawa,https://www.youtube.com/watch?v=JSd1hHuMQzY,https://www.themoviedb.org/movie/1026605
Winged Dialogue,0.0,"""Winged Dialogue details with growing clarity the desperate beauty and sexuality of the body animated by its soul, essence blindly reaching out, touching, in brilliant patterns through and beyond those of the vanishing images, expressed vividly in the after-image on the mind, on the soul’s eye."" (Tom Chomont)",Robert Beavers,N/A,https://www.themoviedb.org/movie/423756
El cuento del lobo,5.8,,Norberto López Amado,N/A,https://www.themoviedb.org/movie/1270816
The Purge: Anarchy,6.628,"One night per year, the government sanctions a 12-hour period in which citizens can commit any crime they wish -- including murder -- without fear of punishment or imprisonment. Leo, a sergeant who lost his son, plans a vigilante mission of revenge during the mayhem. However, instead of a death-dealing avenger, he becomes the unexpected protector of four innocent strangers who desperately need his help if they are to survive the night.",James DeMonaco,https://www.youtube.com/watch?v=3mfRasMXmL4,https://www.themoviedb.org/movie/238636
"Red, White & Royal Blue",7.96,"After an altercation between Alex, the president's son, and Britain's Prince Henry at a royal event becomes tabloid fodder, their long-running feud now threatens to drive a wedge in U.S./British relations. When the rivals are forced into a staged truce, their icy relationship begins to thaw and the friction between them sparks something deeper than they ever expected.",Matthew López,https://www.youtube.com/watch?v=pt56IC8gDZ4,https://www.themoviedb.org/movie/930094
Night Always Comes,6.086,"Facing eviction in a city her family can no longer afford, a woman plunges into a desperate and increasingly dangerous all-night search to raise $25,000.",Benjamin Caron,https://www.youtube.com/watch?v=Gd44vTsTUhs,https://www.themoviedb.org/movie/1254624
Extraction 2,7.411,"Back from the brink of death, highly skilled commando Tyler Rake takes on another dangerous mission: saving the imprisoned family of a ruthless gangster.",Sam Hargrave,https://www.youtube.com/watch?v=Y274jZs5s7s,https://www.themoviedb.org/movie/697843
Unbroken: Path to Redemption,6.667,"Zamperini returns to California where he wound up marrying Cynthia Applewhite while wrestling with untreated PTSD, suffering constant nightmares, angry, bitter and deeply depressed, his wife convinces Zamperini to attend the 1949 Billy Graham Crusade.",Harold Cronk,https://www.youtube.com/watch?v=7CI9-LYwUZ0,https://www.themoviedb.org/movie/506680
Gran Turismo,7.744,The ultimate wish-fulfillment tale of a teenage Gran Turismo player whose gaming skills won him a series of Nissan competitions to become an actual professional racecar driver.,Neill Blomkamp,https://www.youtube.com/watch?v=ZCYHn8mvyF8,https://www.themoviedb.org/movie/980489
The Witch: Part 2. The Other One,7.346,"A girl wakes up in a huge secret laboratory, then accidentally meets another girl who is trying to protect her house from a gang. The mystery girl overthrows the gang with her unexpected powers, and laboratory staff set out to find her.",Park Hoon-jung,https://www.youtube.com/watch?v=EgOiCWTR_JU,https://www.themoviedb.org/movie/615173
The Sound of Music,7.7,"In the years before the Second World War, a tomboyish postulant at an Austrian abbey is hired as a governess in the home of a widowed naval captain with seven children, and brings a new love of life and music into the home.",Robert Wise,https://www.youtube.com/watch?v=Q7wZClqWm_o,https://www.themoviedb.org/movie/15121
The Imitation Game,8.0,"Based on the real life story of legendary cryptanalyst Alan Turing, the film portrays the nail-biting race against time by Turing and his brilliant team of code-breakers at Britain's top-secret Government Code and Cypher School at Bletchley Park, during the darkest days of World War II.",Morten Tyldum,https://www.youtube.com/watch?v=j2jRs4EAvWM,https://www.themoviedb.org/movie/205596
The Human Centipede 3 (Final Sequence),3.738,"Taking inspiration from The Human Centipede films, the warden of a notorious and troubled prison looks to create a 500-person human centipede as a solution to his problems.",Tom Six,https://www.youtube.com/watch?v=Pijm_Cgc5g0,https://www.themoviedb.org/movie/94365
"Signed, Sealed, Delivered: To the Altar",7.2,"The team work to reunite a wedding dress with its rightful recipient, but find that they may have far more to do. Meanwhile, Rita and Norman’s wedding plans present new challenges.",Kevin Fair,N/A,https://www.themoviedb.org/movie/526089
Murder Mansion,5.9,"A group of travelers, stranded at an isolated, fog-bound mansion, are beset upon by the living dead from the adjoining cemetery.",Francisco Lara Polop,https://www.youtube.com/watch?v=EdlQdXBYcOA,https://www.themoviedb.org/movie/105110
Suzume,7.905,"Suzume, 17, lost her mother as a little girl. On her way to school, she meets a mysterious young man. But her curiosity unleashes a calamity that endangers the entire population of Japan, and so Suzume embarks on a journey to set things right.",Makoto Shinkai,https://www.youtube.com/watch?v=g0JMPkn7Wuo,https://www.themoviedb.org/movie/916224
Suzume,7.905,"Suzume, 17, lost her mother as a little girl. On her way to school, she meets a mysterious young man. But her curiosity unleashes a calamity that endangers the entire population of Japan, and so Suzume embarks on a journey to set things right.",Makoto Shinkai,https://www.youtube.com/watch?v=g0JMPkn7Wuo,https://www.themoviedb.org/movie/916224
Rendel: Cycle of Revenge,4.6,"When ‘Smiley’ takes over the Vala Drug Corporation, a masked vigilante, Rendel, will avenge the murder of his family.",Jesse Haaja,https://www.youtube.com/watch?v=eFnECV8DdrA,https://www.themoviedb.org/movie/547475
Beauty and the Beast,6.969,A live-action adaptation of Disney's version of the classic tale of a cursed prince and a beautiful young woman who helps him break the spell.,Bill Condon,https://www.youtube.com/watch?v=hYO2Ga4WDk4,https://www.themoviedb.org/movie/321612
Never Back Down 2: The Beatdown,6.492,Four fighters from different backgrounds come together to train under an ex MMA rising star and then ultimately have to fight each other and the traitor in their midst.,Michael Jai White,https://www.youtube.com/watch?v=hzkWE0tFQb4,https://www.themoviedb.org/movie/70006
PAW Patrol: The Mighty Movie,7.012,"A magical meteor crash lands in Adventure City and gives the PAW Patrol pups superpowers, transforming them into The Mighty Pups.",Cal Brunker,https://www.youtube.com/watch?v=UDgjJ9XzgHk,https://www.themoviedb.org/movie/893723
Dog Man,7.699,"When a faithful police dog and his human police officer owner are injured together on the job, a harebrained but life-saving surgery fuses the two of them together and Dog Man is born. Dog Man is sworn to protect and serve—and fetch, sit and roll over. As Dog Man embraces his new identity and strives to impress his Chief, he must stop the pretty evil plots of feline supervillain Petey the Cat.",Peter Hastings,https://www.youtube.com/watch?v=QaJbAennB_Q,https://www.themoviedb.org/movie/774370
Living Still Life,6.4,"In a world in decay, a woman collects her dead animals and restores them to life by filming them  images by image.",Bertrand Mandico,N/A,https://www.themoviedb.org/movie/323666
Ziam,6.651,"In a fight for survival against a horrifying army of zombies, a former Muay Thai fighter must use skill, speed and grit to save his girlfriend.",Kulp Kaljareuk,https://www.youtube.com/watch?v=ATjGbAL8hWg,https://www.themoviedb.org/movie/1429744
Kings Go Forth,6.2,"When Harris applies for the position of a radioman in Loggins' army unit, he is hired immediately. While on a mission together in France, they both fall in love with Monique.",Delmer Daves,https://www.youtube.com/watch?v=vhM-ebsTmcU,https://www.themoviedb.org/movie/78229
The Lost Bus,9.0,A determined father risks everything to rescue a dedicated teacher and her students from a raging wildfire.,Paul Greengrass,https://www.youtube.com/watch?v=kQFiO88d_gk,https://www.themoviedb.org/movie/1236470
Saltburn,6.973,"Struggling to find his place at Oxford University, student Oliver Quick finds himself drawn into the world of the charming and aristocratic Felix Catton, who invites him to Saltburn, his eccentric family's sprawling estate, for a summer never to be forgotten.",Emerald Fennell,https://www.youtube.com/watch?v=s8l0llLj1uM,https://www.themoviedb.org/movie/930564
Celestine,5.7,"The story opens with Celestine eluding arrest with a friend as the police raid a brothel. While hiding out in the hayloft of the Count de la Braquette's estate, she meets the hayseed handyman Sébastien and the butler Malou, who reward her favors with the offer of employment. In a manner recalling Terence Stamp's effect on the household in TEOREMA, Celestine's open and relaxed attitude toward sexuality has a transformative effect on the isolated, moribund inhabitants of the mansion, imbuing them with gift of renewed life for the men and women alike, that remains even after a third act twist that forces her to betray them.",Jesús Franco,N/A,https://www.themoviedb.org/movie/137607
The Source of Shadows,5.7,This horror anthology film depicts ten tales of horror from twelve visionary directors as they take us on a journey to experience one of humanity’s most carnal fears; the fear of the unknown.,"Zev Chevat, John Rhee, Gigi Saul Guerrero, Sean Cruser, Daniel Robinette, Jennifer Bonior, Adam O'Brien, John Rushing, Nicole Scherer, James Bowsher, Dycee Wildman, Ryan Bury",https://www.youtube.com/watch?v=9-tnVLm9rrw,https://www.themoviedb.org/movie/697953
Mean Girls,7.222,"Cady Heron is a hit with The Plastics, the A-list girl clique at her new school, until she makes the mistake of falling for Aaron Samuels, the ex-boyfriend of alpha Plastic Regina George.",Mark Waters,https://www.youtube.com/watch?v=EMzEmGfTuM4,https://www.themoviedb.org/movie/10625
Black Panther,7.369,"King T'Challa returns home to the reclusive, technologically advanced African nation of Wakanda to serve as his country's new leader. However, T'Challa soon finds that he is challenged for the throne by factions within his own country as well as without. Using powers reserved to Wakandan kings, T'Challa assumes the Black Panther mantle to join with ex-girlfriend Nakia, the queen-mother, his princess-kid sister, members of the Dora Milaje (the Wakandan 'special forces') and an American secret agent, to prevent Wakanda from being dragged into a world war.",Ryan Coogler,https://www.youtube.com/watch?v=xjDjIWPwcPU,https://www.themoviedb.org/movie/284054
Totally Killer,6.812,"When the infamous ""Sweet Sixteen Killer"" returns 35 years after his first murder spree to claim another victim, 17-year-old Jamie accidentally travels back in time to 1987, determined to stop the killer before he can start.",Nahnatchka Khan,https://www.youtube.com/watch?v=5vYipYSDhtQ,https://www.themoviedb.org/movie/974931
"First Love, Last Rites",4.4,"Passion and infatuation ignite as two lovers flounder through their ""first time"" in this alarmingly sexy film set in the Louisiana bayou. Joey and Sissel are a young misguided couple trying desperately to make their way through their first intense relationship. Blinded by sexual attraction, they become oblivious to everything around them. But when forced far great than themselves threaten their idyllic existence, each must learn to cope with heart-wrenching pain and loss.",Jesse Peretz,N/A,https://www.themoviedb.org/movie/118452
Shaolin Soccer,7.149,A young Shaolin follower reunites with his discouraged brothers to form a soccer team using their martial art skills to their advantage.,Stephen Chow,https://www.youtube.com/watch?v=bREfcVPssiE,https://www.themoviedb.org/movie/11770
Marine Life Interviews,6.2,Interviews with the animals at the Marine Life Institute about their experiences with Dory.,Ross Stevenson,N/A,https://www.themoviedb.org/movie/427004
Scream,7.42,"A year after the murder of her mother, a teenage girl is terrorized by a masked killer who targets her and her friends by using scary movies as part of a deadly game.",Wes Craven,https://www.youtube.com/watch?v=U0LETmDvuXc,https://www.themoviedb.org/movie/4232
Magnolia,7.728,"On one random day in the San Fernando Valley, a dying father, a young wife, a male caretaker, a famous lost son, a police officer in love, a boy genius, an ex-boy genius, a game show host and an estranged daughter will each become part of a dazzling multiplicity of plots, but one story.",Paul Thomas Anderson,https://www.youtube.com/watch?v=cxcegktcxSM,https://www.themoviedb.org/movie/334
Hollywood Dreams & Nightmares: The Robert Englund Story,6.4,"Robert Englund has become one of the most revolutionary horror icons of our generation. This intimate portrait captures the man behind the Nightmare On Elm Street franchise and features interviews with Englund, Lin Shaye, Eli Roth, Tony Todd and more.","Chris Griffiths, Gary Smart",https://www.youtube.com/watch?v=bsfNiGDDAFw,https://www.themoviedb.org/movie/794385
Black Panther,7.369,"King T'Challa returns home to the reclusive, technologically advanced African nation of Wakanda to serve as his country's new leader. However, T'Challa soon finds that he is challenged for the throne by factions within his own country as well as without. Using powers reserved to Wakandan kings, T'Challa assumes the Black Panther mantle to join with ex-girlfriend Nakia, the queen-mother, his princess-kid sister, members of the Dora Milaje (the Wakandan 'special forces') and an American secret agent, to prevent Wakanda from being dragged into a world war.",Ryan Coogler,https://www.youtube.com/watch?v=xjDjIWPwcPU,https://www.themoviedb.org/movie/284054
Homefront,6.9,"Phil Broker is a former DEA agent who has gone through a crisis after his action against a biker gang went horribly wrong and it cost the life of his boss' son. He is recently widowed and is left with a 9-years-old daughter, Maddy. He decides to quit the turbulent and demanding life of thrill for Maddy's sake and retires to a small town. His daughter fights off a boy who was bullying her at school and this sets in motion a round of events that end in his direct confrontation with the local Meth drug lord. His past history with the biker gang also enters the arena, making matters more complex. But he has a mission in his mind to protect his daughter and he is ready to pay any cost that it demands.",Gary Fleder,https://www.youtube.com/watch?v=BjFTuZH7E2c,https://www.themoviedb.org/movie/204082
The Human Centipede 3 (Final Sequence),3.738,"Taking inspiration from The Human Centipede films, the warden of a notorious and troubled prison looks to create a 500-person human centipede as a solution to his problems.",Tom Six,https://www.youtube.com/watch?v=Pijm_Cgc5g0,https://www.themoviedb.org/movie/94365
Wonka,7.058,"Willy Wonka – chock-full of ideas and determined to change the world one delectable bite at a time – is proof that the best things in life begin with a dream, and if you’re lucky enough to meet Willy Wonka, anything is possible.",Paul King,https://www.youtube.com/watch?v=wYmtRhKvmVE,https://www.themoviedb.org/movie/787699
Silenced,8.156,"Based on actual events that took place at Gwangju Inhwa School for the hearing-impaired, where young deaf students were the victims of repeated sexual assaults by faculty members over a period of five years in the early 2000s.",Hwang Dong-hyuk,https://www.youtube.com/watch?v=vOxlmwYmjws,https://www.themoviedb.org/movie/81481
Wonder Woman 1984,6.395,A botched store robbery places Wonder Woman in a global battle against a powerful and mysterious ancient force that puts her powers in jeopardy.,Patty Jenkins,https://www.youtube.com/watch?v=EMgbWouN4wE,https://www.themoviedb.org/movie/464052
Creed III,7.093,"After dominating the boxing world, Adonis Creed has thrived in his career and family life. When a childhood friend and former boxing prodigy, Damian Anderson, resurfaces after serving a long sentence in prison, he is eager to prove that he deserves his shot in the ring. The face-off between former friends is more than just a fight. To settle the score, Adonis must put his future on the line to battle Damian — a fighter with nothing to lose.",Michael B. Jordan,https://www.youtube.com/watch?v=xTaIZo8OJYE,https://www.themoviedb.org/movie/677179
Barbie: A Fairy Secret,6.873,"Get ready for Barbie: A Fairy Secret, an amazing adventure with Barbie where she discovers there are fairies living secretly all around us! When Ken is suddenly whisked away by a group of fairies, Barbie's two fashion stylist friends reveal they are actually fairies and that Ken has been taken to a magical secret fairy world not far away! Barbie and her rival Raquelle take off with the fairy friends on an action-packed journey to bring him back. Along the way they must stick together and learn that the real magic lies not just in the fairy world itself, but in the power of friendship.","William Lau, Terry Klassen",https://www.youtube.com/watch?v=q_zib0eFQQE,https://www.themoviedb.org/movie/57737
Aliens vs Predator: Requiem,5.174,"After a horrifying PredAlien crash-lands near a small Colorado town, killing everyone it encounters and producing countless Alien offspring, a lone Predator arrives to ""clean up"" the infestation.","Colin Strause, Greg Strause",https://www.youtube.com/watch?v=XbTWLrZLYmU,https://www.themoviedb.org/movie/440
Canary Black,6.229,"Top level CIA agent Avery Graves is blackmailed by terrorists into betraying her own country to save her kidnapped husband. Cut off from her team, she turns to her underworld contacts to survive and help locate the coveted intelligence that the kidnappers want.",Pierre Morel,https://www.youtube.com/watch?v=tSaw2HTVSsA,https://www.themoviedb.org/movie/976734
A Nightmare on Elm Street,7.3,"Teenagers in a small town are dropping like flies, apparently in the grip of mass hysteria causing their suicides. A cop's daughter, Nancy Thompson, traces the cause to child molester Fred Krueger, who was burned alive by angry parents many years before. Krueger has now come back in the dreams of his killers' children, claiming their lives as his revenge. Nancy and her boyfriend, Glen, must devise a plan to lure the monster out of the realm of nightmares and into the real world...",Wes Craven,https://www.youtube.com/watch?v=CBcVZcornjI,https://www.themoviedb.org/movie/377
Terrifier,6.3,A maniacal clown named Art terrorizes three young women on Halloween night and everyone else who stands in his way.,Damien Leone,https://www.youtube.com/watch?v=fN5j1MtGO2Q,https://www.themoviedb.org/movie/420634
Taz: Quest for Burger,5.9,"After an outlaw abducts her father and steals her town’s food supply, a feisty adolescent bandicoot named Quinn recruits the Tasmanian Devil to help her find the thief. Taz may be an ill-tempered rogue with a fearsome reputation, but he and Quinn will have to work together to track the criminal through the wilds of Tasmania and save her community.",Ryan Kramer,https://www.youtube.com/watch?v=-cpZEYLfyTA,https://www.themoviedb.org/movie/1109207
Godzilla Minus One,7.587,"In postwar Japan, Godzilla brings new devastation to an already scorched landscape. With no military intervention or government help in sight, the survivors must join together in the face of despair and fight back against an unrelenting horror.",Takashi Yamazaki,https://www.youtube.com/watch?v=MSp68m8OJus,https://www.themoviedb.org/movie/940721
Beauty and the Beast,6.969,A live-action adaptation of Disney's version of the classic tale of a cursed prince and a beautiful young woman who helps him break the spell.,Bill Condon,https://www.youtube.com/watch?v=hYO2Ga4WDk4,https://www.themoviedb.org/movie/321612
Smile,6.666,"After witnessing a bizarre, traumatic incident involving a patient, Dr. Rose Cotter starts experiencing frightening occurrences that she can't explain.",Parker Finn,https://www.youtube.com/watch?v=-8d987Wtkxs,https://www.themoviedb.org/movie/882598
Jack Reacher,6.646,"One morning in an ordinary town, five people are shot dead in a seemingly random attack. All evidence points to a single suspect: an ex-military sniper who is quickly brought into custody. The interrogation yields one written note: 'Get Jack Reacher!'. Reacher, an enigmatic ex-Army investigator, believes the authorities have the right man but agrees to help the sniper's defense attorney. However, the more Reacher delves into the case, the less clear-cut it appears. So begins an extraordinary chase for the truth, pitting Jack Reacher against an unexpected enemy, with a skill for violence and a secret to keep.",Christopher McQuarrie,https://www.youtube.com/watch?v=kAbxn_F8lps,https://www.themoviedb.org/movie/75780
Christmas in the Spotlight,6.7,"A pop star named Bowyn hasn’t found Mr. Right, until she meets Drew, a professional football player, backstage at one of her shows. When Drew publicly declares he has a crush on Bowyn, they decide to give dating a shot. Their feelings grow stronger, but can it last in the limelight?",Michelle Ouellet,https://www.youtube.com/watch?v=NeIchZj1xPo,https://www.themoviedb.org/movie/1372028
The Endless,6.329,Two brothers return to the cult they fled from years ago to discover that the group's beliefs may be more sane than they once thought.,"Aaron Moorhead, Justin Benson",https://www.youtube.com/watch?v=_DTbx7c7ez8,https://www.themoviedb.org/movie/430231
The Northman,7.036,"Prince Amleth is on the verge of becoming a man when his father is brutally murdered by his uncle, who kidnaps the boy's mother. Two decades later, Amleth is now a Viking who's on a mission to save his mother, kill his uncle and avenge his father.",Robert Eggers,https://www.youtube.com/watch?v=6WrpvCmv0hk,https://www.themoviedb.org/movie/639933
9 Songs,5.551,"Matt, a young glaciologist, soars across the vast, silent, icebound immensities of the South Pole as he recalls his love affair with Lisa. They meet at a mobbed rock concert in a vast music hall - London's Brixton Academy. They are in bed at night's end. Together, over a period of several months, they pursue a mutual sexual passion whose inevitable stages unfold in counterpoint to nine live-concert songs.",Michael Winterbottom,https://www.youtube.com/watch?v=N1HWcofsxJk,https://www.themoviedb.org/movie/27
The Usual Suspects,8.172,"Held in an L.A. interrogation room, Verbal Kint attempts to convince the feds that a mythic crime lord, Keyser Soze, not only exists, but was also responsible for drawing him and his four partners into a multi-million dollar heist that ended with an explosion in San Pedro harbor – leaving few survivors. Verbal lures his interrogators with an incredible story of the crime lord's almost supernatural prowess.",Bryan Singer,https://www.youtube.com/watch?v=jM3jrHGAsIE,https://www.themoviedb.org/movie/629
Romance,5.5,"Frustrated by the lack of intimacy in her relationship, a young schoolteacher goes through a series of intimidating and often violent sexual partners.",Catherine Breillat,https://www.youtube.com/watch?v=aq84LLLnHng,https://www.themoviedb.org/movie/26338
Erotic Ghost Story,6.213,"After one thousand years, three vixens transform into humans. They seduce a poor young scholar who soon finds himself in a horrifying situation.",Lam Nai-Choi,https://www.youtube.com/watch?v=g5YuUoJgBHA,https://www.themoviedb.org/movie/60898
The Craft: Legacy,6.126,An eclectic foursome of aspiring teenage witches get more than they bargained for as they lean into their newfound powers.,Zoe Lister-Jones,https://www.youtube.com/watch?v=J60ueFp-jv8,https://www.themoviedb.org/movie/590995
Wrong Turn,6.4,"Chris crashes into a carload of other young people, and the group of stranded motorists is soon lost in the woods of West Virginia, where they're hunted by three cannibalistic mountain men who are grossly disfigured by generations of inbreeding.",Rob Schmidt,https://www.youtube.com/watch?v=naUUyD-_oPc,https://www.themoviedb.org/movie/9902
Slaughter Hotel,4.9,A masked killer stalks an institution for mentally disturbed rich women.,Fernando Di Leo,https://www.youtube.com/watch?v=efpfrf_5J-Y,https://www.themoviedb.org/movie/27439
Stargate: Continuum,7.156,Ba'al travels back in time and prevents the Stargate program from being started. SG-1 must somehow restore history.,Martin Wood,https://www.youtube.com/watch?v=C4gNXCnHFsg,https://www.themoviedb.org/movie/12914
3 Days in Quiberon,6.407,"1981, Quiberon, a small village on the coast of Brittany, France. Hilde Fritsch arrives to visit her old friend who has retreated to a spa hotel to escape the daily pressures of her life. Her friend is world-famous star Romy Schneider, but together, they appear like two regular women who are just happy to be reunited. Yet it quickly becomes apparent that Hilde is supposed to offer the support the sensitive actress needs to be able to truly face her own demons.",Emily Atef,N/A,https://www.themoviedb.org/movie/495271
Molokai: The Story of Father Damien,6.0,"The true story of the 19th century Belgian priest, Father Damien, who volunteered to go to the island of Molokai, to console and care for the lepers.",Paul Cox,N/A,https://www.themoviedb.org/movie/21644
Sicario,7.416,An idealistic FBI agent is enlisted by a government task force to aid in the escalating war against drugs at the border area between the U.S. and Mexico.,Denis Villeneuve,https://www.youtube.com/watch?v=Yfhu5JIxnZc,https://www.themoviedb.org/movie/273481
All the President's Men,7.7,"During the 1972 elections, two reporters' investigation sheds light on the controversial Watergate scandal that compels President Nixon to resign from his post.",Alan J. Pakula,https://www.youtube.com/watch?v=k5y8SW2KyTY,https://www.themoviedb.org/movie/891
Boogie,5.7,"Alfred “Boogie” Chin is a basketball phenom living in Queens, New York, who dreams of one day playing in the NBA. While his parents pressure him to focus on earning a scholarship to an elite college, Boogie must find a way to navigate a new girlfriend, high school, on-court rivals and the burden of expectation.",Eddie Huang,https://www.youtube.com/watch?v=xEpSdb_f1pE,https://www.themoviedb.org/movie/631058
A Silent Voice: The Movie,8.4,"Shouya Ishida starts bullying the new girl in class, Shouko Nishimiya, because she is deaf. But as the teasing continues, the rest of the class starts to turn on Shouya for his lack of compassion. When they leave elementary school, Shouko and Shouya do not speak to each other again... until an older, wiser Shouya, tormented by his past behaviour, decides he must see Shouko once more. He wants to atone for his sins, but is it already too late...?",Naoko Yamada,https://www.youtube.com/watch?v=TQK9By9qQiw,https://www.themoviedb.org/movie/378064
Air,7.311,Discover the game-changing partnership between a then undiscovered Michael Jordan and Nike's fledgling basketball division which revolutionized the world of sports and culture with the Air Jordan brand.,Ben Affleck,https://www.youtube.com/watch?v=Euy4Yu6B3nU,https://www.themoviedb.org/movie/964980
What Lies Beneath,6.441,"When Claire Spencer starts hearing ghostly voices and seeing spooky images, she wonders if an otherworldly spirit is trying to contact her. All the while, her husband tries to reassure her by telling her it's all in her head. But as Claire investigates, she discovers that the man she loves might know more than he's letting on.",Robert Zemeckis,https://www.youtube.com/watch?v=s6nTJMdrGVU,https://www.themoviedb.org/movie/2655
Counterattack,8.296,"When a hostage rescue mission creates a new enemy, Capt. Guerrero and his elite soldiers must face an ambush by a criminal group.",Chava Cartas,https://www.youtube.com/watch?v=pEO34SeTsY0,https://www.themoviedb.org/movie/1356039
The Dirty Dozen: The Deadly Mission,5.1,"Learning of a Nazi plot to attack Washington, D.C. with a deadly nerve gas, Major Wright leads twelve convicts on a suicide mission deep into occupied France to destroy the secret factory where the poison is made.",Lee H. Katzin,https://www.youtube.com/watch?v=Phnmsi0TcVQ,https://www.themoviedb.org/movie/36572
Counterattack,8.296,"When a hostage rescue mission creates a new enemy, Capt. Guerrero and his elite soldiers must face an ambush by a criminal group.",Chava Cartas,https://www.youtube.com/watch?v=pEO34SeTsY0,https://www.themoviedb.org/movie/1356039
The Dirty Dozen: The Deadly Mission,5.1,"Learning of a Nazi plot to attack Washington, D.C. with a deadly nerve gas, Major Wright leads twelve convicts on a suicide mission deep into occupied France to destroy the secret factory where the poison is made.",Lee H. Katzin,https://www.youtube.com/watch?v=Phnmsi0TcVQ,https://www.themoviedb.org/movie/36572
Who Would Believe It?,10.0,"Nadine gets rid of the state of emptiness in which she lives, by meeting a fraudulent young man named Bassem, who offers her the kind of love and attention that she is missing. Nadine Bassem participates in fraud operations through which they get involved in many problems, which puts their love story and other matters at stake.",Zeina Abdel Baky,N/A,https://www.themoviedb.org/movie/1376999
Mission: Impossible - Fallout,7.443,"When an IMF mission ends badly, the world is faced with dire consequences. As Ethan Hunt takes it upon himself to fulfill his original briefing, the CIA begin to question his loyalty and his motives. The IMF team find themselves in a race against time, hunted by assassins while trying to prevent a global catastrophe.",Christopher McQuarrie,https://www.youtube.com/watch?v=MEOOas3JZt0,https://www.themoviedb.org/movie/353081
Eternal Sunshine of the Spotless Mind,8.092,"Joel Barish, heartbroken that his girlfriend underwent a procedure to erase him from her memory, decides to do the same. However, as he watches his memories of her fade away, he realises that he still loves her, and may be too late to correct his mistake.",Michel Gondry,https://www.youtube.com/watch?v=c2e-bj6qy8Y,https://www.themoviedb.org/movie/38
Fantasy Football Ruined Our Lives,5.688,"When a member of their fantasy football league vanishes on his wedding day, a motley group of friends recount the lead-up to his chaotic bachelor party.",Alessio Maria Federici,https://www.youtube.com/watch?v=u9RW6uhVr3s,https://www.themoviedb.org/movie/1500691
Symphony in Black: A Rhapsody of Negro Life,6.6,"A rising nineteen-year-old singer by the name of Billie Holiday made her screen debut in this musical landmark, which features Duke Ellington and his orchestra performing his symphonic jazz piece “A Rhapsody of Negro Life” set to scenes of everyday African American life.",Fred Waller,N/A,https://www.themoviedb.org/movie/197127
28 Years Later: The Bone Temple,0.0,Dr. Kelson finds himself in a shocking new relationship - with consequences that could change the world as they know it - and Spike's encounter with Jimmy Crystal becomes a nightmare he can't escape.,Nia DaCosta,https://www.youtube.com/watch?v=EOwTdTZA8D8,https://www.themoviedb.org/movie/1272837
Grounded: Making The Last of Us,7.5,"A feature-length exploration of the game's creation, and a love letter to the trials of exploring new territory. There are no road maps or guide books for creating a new world. The only way through is to fail—over and over again. This is the story of how a team of artists, musicians, programmers, writers, actors, filmmakers, playtesters, and a lonely UI designer—came together and pushed each other to build something larger than themselves.","Ryan O'Donnell, Cesar Quintero, Jeffrey Keith Negus, Matt Chandronait, Jason Bertrand",https://www.youtube.com/watch?v=FS_wpE6ObZs,https://www.themoviedb.org/movie/211707
The Porns,0.0,"In the near future, North Korea has established full diplomatic relations with the United States. The Lims, the family of the first North Korean ambassador to the United States, find their newfound freedoms difficult to comprehend, and for their teenage son - impossible to resist.",N/A,N/A,https://www.themoviedb.org/movie/915557
The Hunger Games,7.219,"In a dystopian society where the Capitol forces each district to send two young tributes to fight to the death in a televised spectacle, a girl volunteers to take her sister’s place, setting the stage for a struggle of survival and defiance.",Gary Ross,https://www.youtube.com/watch?v=qoUT7q2iTbQ,https://www.themoviedb.org/movie/70160
Between Maybes,3.2,"Amidst the silence and isolation, Hazel and Louie find comfort in each other as they both needed it at that certain point in their lives. But knowing how far apart their worlds are, they can only hold on to the belief that some encounters are special because of how fleeting they are.",Jason Paul Laxamana,https://www.youtube.com/watch?v=Nx2NrCNhsHM,https://www.themoviedb.org/movie/602473
Prey,7.677,"When danger threatens her camp, the fierce and highly skilled Comanche warrior Naru sets out to protect her people. But the prey she stalks turns out to be a highly evolved alien predator with a technically advanced arsenal.",Dan Trachtenberg,https://www.youtube.com/watch?v=wZ7LytagKlc,https://www.themoviedb.org/movie/766507
Scary Movie 2,5.809,"While the original parodied slasher flicks like Scream, Keenen Ivory Wayans's sequel to Scary Movie takes comedic aim at haunted house movies. A group of students visit a mansion called ""Hell House,"" and murderous high jinks ensue.",Keenen Ivory Wayans,https://www.youtube.com/watch?v=wsHCoKGxjLk,https://www.themoviedb.org/movie/4248
A Perfect Ending,6.264,"This intimate drama follows Rebecca, a woman who has kept her sexuality a secret from her friends but chooses to reveal it to a stranger. While Rebecca's revelations may not yield the results she expects, a perfect ending is still in reach.",Nicole Conn,N/A,https://www.themoviedb.org/movie/107257
Oh! Takarazuka,2.0,"Takarazuka is a gym teacher who wants to work in a girls high school in the worst way, and of course, for the worst reasons. He finally lands his dream job on a remote island with an overabundance of beautiful and nubile young girls. Can he win their hearts despite his hair trigger problem?",Kōyū Ohara,N/A,https://www.themoviedb.org/movie/726773
Godzilla Minus One,7.587,"In postwar Japan, Godzilla brings new devastation to an already scorched landscape. With no military intervention or government help in sight, the survivors must join together in the face of despair and fight back against an unrelenting horror.",Takashi Yamazaki,https://www.youtube.com/watch?v=MSp68m8OJus,https://www.themoviedb.org/movie/940721
Children of the Corn IV: The Gathering,4.373,A bright young medical student must solve the frightening mystery that plagues the children of a small Midwestern town.,Greg Spence,https://www.youtube.com/watch?v=ywnphO7d2xk,https://www.themoviedb.org/movie/25750
The Godfather Part III,7.417,"In the midst of trying to legitimize his business dealings in 1979 New York and Italy, aging mafia don, Michael Corleone seeks forgiveness for his sins while taking a young protege under his wing.",Francis Ford Coppola,https://www.youtube.com/watch?v=qQR85-nGk2M,https://www.themoviedb.org/movie/242
Blade Runner,7.941,"In the smog-choked dystopian Los Angeles of 2019, blade runner Rick Deckard is called out of retirement to terminate a quartet of replicants who have escaped to Earth seeking their creator for a way to extend their short life spans.",Ridley Scott,https://www.youtube.com/watch?v=qoEyZoOTtss,https://www.themoviedb.org/movie/78
A Clockwork Orange,8.185,"In a near-future Britain, young Alexander DeLarge and his pals get their kicks beating and raping anyone they please. When not destroying the lives of others, Alex swoons to the music of Beethoven. The state, eager to crack down on juvenile crime, gives an incarcerated Alex the option to undergo an invasive procedure that'll rob him of all personal agency. In a time when conscience is a commodity, can Alex change his tune?",Stanley Kubrick,https://www.youtube.com/watch?v=T54uZPI4Z8A,https://www.themoviedb.org/movie/185
Terrifier 2,6.708,"A year after the Miles County massacre, Art the Clown is resurrected by a sinister entity. Art returns home, where he must hunt down and destroy teenage Sienna and her younger brother Jonathan on Halloween. As the body count rises, the siblings fight to stay alive while uncovering the true nature of Art's evil intent.",Damien Leone,https://www.youtube.com/watch?v=x5DhuDSArTI,https://www.themoviedb.org/movie/663712
I Am Legend,7.211,"Robert Neville is a scientist who was unable to stop the spread of the terrible virus that was incurable and man-made. Immune, Neville is now the last human survivor in what is left of New York City and perhaps the world. For three years, Neville has faithfully sent out daily radio messages, desperate to find any other survivors who might be out there. But he is not alone.",Francis Lawrence,https://www.youtube.com/watch?v=4uDU6SUpr8k,https://www.themoviedb.org/movie/6479
Ruby Herring Mysteries: Her Last Breath,7.2,"Ruby and Detective Killian investigate a suspicious fatal car accident. With their yin and yang relationship, they solve the case, until Ruby finds new evidence that they may have it all wrong. Stars Taylor Cole and Stephen Huszar",Fred Gerber,https://www.youtube.com/watch?v=HVsq0dmAUsg,https://www.themoviedb.org/movie/620741
The Craft,6.789,"A Catholic school newcomer falls in with a clique of teen witches who wield their powers against all who dare to cross them -- be they teachers, rivals or meddlesome parents.",Andrew Fleming,https://www.youtube.com/watch?v=SxEqB--5ToI,https://www.themoviedb.org/movie/9100
Černá slečna slečna Černá,0.0,"Black comedy about three old friend, who rent a tomb.",Petr Nikolaev,N/A,https://www.themoviedb.org/movie/941609
H.G. Wells' War of the Worlds,5.2,"In this modern retelling of H.G. Wells' classic sci-fi horror, civilization is laid to ruin when a super race of aliens invades Earth. In a blink of an eye, massive ""walkers"" cover the planet, annihilating all in their path. As cities crumble and human flesh is ripped from the bone, one man struggles to find the one weapon that will turn the tide for mankind.",David Michael Latt,https://www.youtube.com/watch?v=XAYBjvdXlmk,https://www.themoviedb.org/movie/34812
Bedtime Stories,6.158,Skeeter Bronson is a down-on-his-luck guy who's always telling bedtime stories to his niece and nephew. But his life is turned upside down when the fantastical stories he makes up for entertainment inexplicably turn into reality. Can a bewildered Skeeter manage his own unruly fantasies now that the outrageous characters and situations from his mind have morphed into actual people and events?,Adam Shankman,https://www.youtube.com/watch?v=e-6N1NZrQAQ,https://www.themoviedb.org/movie/10202
Superbad,7.258,Two co-dependent high school seniors are forced to deal with separation anxiety after their plan to stage a booze-soaked party goes awry.,Greg Mottola,https://www.youtube.com/watch?v=MuhWxdD0qno,https://www.themoviedb.org/movie/8363
Black Bag,6.343,"When intelligence agent Kathryn Woodhouse is suspected of betraying the nation, her husband – also a legendary agent – faces the ultimate test of whether to be loyal to his marriage, or his country.",Steven Soderbergh,https://www.youtube.com/watch?v=n_56L6WzLT8,https://www.themoviedb.org/movie/1233575
"Big Data, Big Brother",7.2,"The story of the cross destiny of George Orwell (1903-50) and Aldous Huxley (1894-1963), the genius authors of the two most groundbreaking novels of anticipation of the 20th century: 1984 and Brave New World; two lucid witnesses of the maledictions of the modern world whose novels have found a considerable echo with our time.","Caroline Benarrosh, Philippe Calderon",N/A,https://www.themoviedb.org/movie/752889
IF,7.037,"After discovering she can see everyone's imaginary friends, a girl embarks on a magical adventure to reconnect forgotten imaginary friends with their kids.",John Krasinski,https://www.youtube.com/watch?v=TP47e3-nmw8,https://www.themoviedb.org/movie/639720
The Milky Way,7.1,"Two men, part tramp, part pilgrim, are on their way to Santiago de Compostela in Spain. On their way they meet a whole assortment of people—some truculent, some violent, and some bizarre; they experience many adventures—some mysterious, some erotic, some even supernatural.",Luis Buñuel,N/A,https://www.themoviedb.org/movie/35031
Best. Partee. Ever.,3.0,"Mikey, a young, discreet, gay man from the affluent class, spends five years in a city jail while hearing his case for drug pushing. Inside prison, Mikey holds back to adapt to the culture and stratification among inmates. Eventually, Mikey becomes a ‘Mayor’ (ring leader) to a group of gay inmates called “Gang-da”. Together, they thrive to survive the dangers of several gang riots, the mundane, and the decay of human dignity.",Howard Yambao,N/A,https://www.themoviedb.org/movie/420940
Nick Fury: Agent of S.H.I.E.L.D.,4.6,"Marvel's hard-boiled hero is brought back to fight the menace of Hydra after exiling himself in the Yukon since the end of the Cold War. The children of the former Hydra head, Baron Von Stucker, have taken charge of the terrorist organization. Under the lead of his vicious daughter, Viper, Hydra has seized a deadly virus and threatens the destruction of America.",Rod Hardy,https://www.youtube.com/watch?v=JNBRum247m0,https://www.themoviedb.org/movie/27460
Elyas,6.135,"Elyas, a former Special Forces soldier who has become paranoid since a mission in Afghanistan, is recruited to ensure the safety of Amina and her daughter Nour, 13 years old, both of whom came from the Middle East for the holidays. As he takes office, Elyas senses something is up.",Florent-Emilio Siri,N/A,https://www.themoviedb.org/movie/1154215
Dr. Goldfoot and the Bikini Machine,5.2,In this campy spy movie spoof Dr. Goldfoot (Vincent Price) has invented an army of bikini-clad robots who are programmed to seek out wealthy men and charm them into signing over their assets. Secret agent Craig Gamble (Frankie Avalon) and millionaire Todd Armstrong set out to foil his fiendish plot.,Norman Taurog,https://www.youtube.com/watch?v=jCMeEEm4dIA,https://www.themoviedb.org/movie/26573
Ice Age: Collision Course,6.1,"Set after the events of Continental Drift, Scrat's epic pursuit of his elusive acorn catapults him outside of Earth, where he accidentally sets off a series of cosmic events that transform and threaten the planet. To save themselves from peril, Manny, Sid, Diego, and the rest of the herd leave their home and embark on a quest full of thrills and spills, highs and lows, laughter and adventure while traveling to exotic new lands and locations.",Mike Thurmeier,https://www.youtube.com/watch?v=Ohq6NmKMja8,https://www.themoviedb.org/movie/278154
Before the Deluge,6.3,"The title of this French ""reality"" drama, which translates to Before the Deluge, is a play on Louis XVI's famous prognostication, ""Apres moi, le deluge."" Set in 1950, the film concentrates on five Parisian adolescents. Certain that the next war will herald the apocalypse, the youngster make plans to run off to a desert island and set up a new society. This, however, will require money, which is why the boys decide to pull off a ""necessary"" robbery. Idealism collapses in the face of cold reality, as the five youths suffer from the consequences of their actions. Avant le Deluge was one of a group of films cowritten by director Andre Cayatte and Charles Spaak which endeavored to explore the touchy social issues of the day: others in the Cayatte-Spaak canon include the euthanasia-themed Justice est Faite and the capital-punishment tract Nous sommes tous des assassins.",André Cayatte,N/A,https://www.themoviedb.org/movie/199431
All Ladies Do It,5.019,"After five years of marriage, Diana discovers the joys of adultery, claiming that she can save her failing relationship through betrayal.",Tinto Brass,N/A,https://www.themoviedb.org/movie/37265
Kino's Journey: Life Goes On,8.0,"In this prequel to the Kino no Tabi series, young Kino is being trained by her teacher. She learns how to ride her motorrad Hermes and develops her gift of excellent marksmanship. However, her guilt concerning the real Kino is with her when she decides to set off on a journey. All the while, Kino is becoming confused about her real identity.",Takashi Watanabe,N/A,https://www.themoviedb.org/movie/1173976
Home Alone 2: Lost in New York,6.8,"Instead of flying to Florida with his folks, Kevin ends up alone in New York, where he gets a hotel room with his dad's credit card—despite problems from a clerk and meddling bellboy. But when Kevin runs into his old nemeses, the Wet Bandits, he's determined to foil their plans to rob a toy store on Christmas Eve.",Chris Columbus,https://www.youtube.com/watch?v=k0kJieJ1k6k,https://www.themoviedb.org/movie/772
Marked Woman,6.5,"In the underworld of Manhattan, a woman dares to stand up to one of the city's most powerful gangsters.",Lloyd Bacon,https://www.youtube.com/watch?v=P6nv4Qp4Lws,https://www.themoviedb.org/movie/25563
Tin Soldier,4.7,"An ex-special forces operative seeks revenge against a cult leader who has corrupted his former comrades, the Shinjas. This leader, known as The Bokushi, promises veterans a purpose and protection, but is revealed to be a destructive influence. The ex-soldier, Nash Cavanaugh, joins forces with military operative Emmanuel Ashburn to infiltrate the Bokushi's fortress and expose his reign of terror",Brad Furman,https://www.youtube.com/watch?v=8FK-KONeCks,https://www.themoviedb.org/movie/977294
The Girls Are Alright,6.286,"In the middle of summer, five women rehearse a play in an old mill, isolated from the world.",Itsaso Arana,https://www.youtube.com/watch?v=PjDT02Ap7_4,https://www.themoviedb.org/movie/1002711
Exhuma,7.542,"After tracing the origin of a disturbing supernatural affliction to a wealthy family's ancestral gravesite, a team of paranormal experts relocates the remains—and soon discovers what happens to those who dare to mess with the wrong grave.",Jang Jae-hyun,https://www.youtube.com/watch?v=j_6_wLF1pDg,https://www.themoviedb.org/movie/838209
The Wizard of Oz,7.592,"Young Dorothy finds herself in a magical world where she makes friends with a lion, a scarecrow and a tin man as they make their way along the yellow brick road to talk with the Wizard and ask for the things they miss most in their lives. The Wicked Witch of the West is the only thing that could stop them.",Victor Fleming,https://www.youtube.com/watch?v=b_A2twyZevo,https://www.themoviedb.org/movie/630
Her,7.846,"In the not so distant future, Theodore, a lonely writer, purchases a newly developed operating system designed to meet the user's every need. To Theodore's surprise, a romantic relationship develops between him and his operating system. This unconventional love story blends science fiction and romance in a sweet tale that explores the nature of love and the ways that technology isolates and connects us all.",Spike Jonze,https://www.youtube.com/watch?v=ne6p6MfLBxc,https://www.themoviedb.org/movie/152601
Frivolous Lola,5.152,"In 1950s northern Italy, a woman tests her fiancé's love and passion by trying to break his commitment to premarital chastity.",Tinto Brass,N/A,https://www.themoviedb.org/movie/50124
My Nightmare Landlord,6.0,"Lydia moves into a new apartment after breaking up with her long-term boyfriend, finding herself more and more isolated as her apartment manager Drew becomes obsessed with her. Caroline Harris, Ignacyo Matynia , Sinéad D'arcy and Spencer Belko Star. (2020)",Dylan Vox,N/A,https://www.themoviedb.org/movie/682583
Subservience,6.659,"With his wife out sick, a struggling father brings home a lifelike AI, only to have his self-aware new help want everything her new family has to offer... Like the affection of her owner and she'll kill to get it.",SK Dale,https://www.youtube.com/watch?v=z6DLdqf0Bs0,https://www.themoviedb.org/movie/1064028
Demon Slayer: Kimetsu no Yaiba - Entertainment District Decisive Battle Arc,8.7,"After facing many dangers in the brothel town, Tanjiro, Zenitsu and Inosuke, along with the Flame Pillar Tengen Uzui, enter a deadly battle with the Upper Moon Six pair – Daki and Gyutaro. The fierce confrontation not only shows the strength of teamwork but also highlights the spirit of sacrifice of the Pillars. This is one of the most epic and emotional battles in the entire series.",Haruo Sotozaki,N/A,https://www.themoviedb.org/movie/1490213
The3Tails: A Mermaid Adventure,6.5,"Emily, Selena and Jackie - known to their 50 thousand YouTube fans as The 3 Tails - finally bring their journey to the big screen. Their mermaid adventures have enchanted fans for more than five years, as the girls struggle to understand the meaning of their special gift, protecting their secret from the world. Even their parents don't know that they have the ability to transform into mermaids. In The 3 Tails: A Mermaid Adventure, their lives are threatened after a stranger learns of their abilities and kidnaps one of the girls in order to harness her DNA. During a perilous ocean rescue mission, they discover that mermaids are not the only endangered species in the sea.","Andrés Garretón, Meredith Scott Lynn",https://www.youtube.com/watch?v=1UTa16Z7K9I,https://www.themoviedb.org/movie/404851
Werewolves of the Third Reich,2.9,"In Germany at the height of World War II, a ragtag group of American soldiers discover Doctor Mengele's diabolical plan to create an unstoppable army of Nazi werewolves.",Andrew Jones,https://www.youtube.com/watch?v=OjnaqzJiHHk,https://www.themoviedb.org/movie/481952
Race for the Yankee Zephyr,5.8,"In a lake high in the mountains of New Zealand hunter Gibbie Gibson discovers a plane wreck from WW2. When he tells it around, a gang of crooks follows and threatens him and his daughter, because they know there are 50 million dollars in the wreck. Helicopter pilot Barney helps Gibbie against them, risking his life thereby.",David Hemmings,https://www.youtube.com/watch?v=rcI81793Qdw,https://www.themoviedb.org/movie/86295
Friend: The Great Legacy,6.7,"Joon-seok is sent to prison for his involvement in Dong-soo's death. He meets Dong-soo's son in prison, keeps his identity a secret, and agrees to join forces when he is released. All of their plans fall apart when Sung-hoon finds out the truth.",Kwak Kyung-taek,https://www.youtube.com/watch?v=hd2fixmpuBY,https://www.themoviedb.org/movie/238010
King Kong,6.89,"In 1933 New York, an overly ambitious movie producer coerces his cast and hired ship crew to travel to mysterious Skull Island, where they encounter Kong, a giant ape who is immediately smitten with the leading lady.",Peter Jackson,https://www.youtube.com/watch?v=9extfjDZCts,https://www.themoviedb.org/movie/254
The Legend of Ochi,6.283,"In a remote village on the island of Carpathia, a shy farm girl named Yuri is raised to fear an elusive animal species known as ochi. But when Yuri discovers a wounded baby ochi has been left behind, she escapes on a quest to bring him home.",Isaiah Saxon,https://www.youtube.com/watch?v=_jTFLg3arYU,https://www.themoviedb.org/movie/896536
Homeless to Harvard: The Liz Murray Story,7.3,"Based on a true story. Liz Murray is a young girl who is taken care of by her loving, but drug-addicted parents. Liz becomes homeless at 15 and after a tragedy comes upon her, she begins her work to finish high school.",Peter Levin,N/A,https://www.themoviedb.org/movie/80219
未亡人銭湯 おっぱいの時間ですよ！,0.0,,Yutaka Ikejima,N/A,https://www.themoviedb.org/movie/1355621
Homeless to Harvard: The Liz Murray Story,7.3,"Based on a true story. Liz Murray is a young girl who is taken care of by her loving, but drug-addicted parents. Liz becomes homeless at 15 and after a tragedy comes upon her, she begins her work to finish high school.",Peter Levin,N/A,https://www.themoviedb.org/movie/80219
未亡人銭湯 おっぱいの時間ですよ！,0.0,,Yutaka Ikejima,N/A,https://www.themoviedb.org/movie/1355621
The Easy Way Out,5.1,"Patrick, a travel agent in his early 30s, lives with Arthur, an immigration lawyer; but for a long time, Patrick has been sleeping on an air mattress on the floor of their bedroom. His younger brother, Tony, plans to marry his high school sweetheart but is having an affair that is far more satisfying than his relationship with his fiancee. Their older brother, Ryan, is divorced, living at home and working at his parents’ hopelessly unprofitable men’s clothing store. And McCauley soon makes achingly clear that the parents’ marriage is far from happy.",Brice Cauvin,https://www.youtube.com/watch?v=r0GyVisxBpY,https://www.themoviedb.org/movie/326874
Men in Black,7.213,"After a police chase with an otherworldly being, a New York City cop is recruited as an agent in a top-secret organization established to monitor and police alien activity on Earth: the Men in Black. Agent K and new recruit Agent J find themselves in the middle of a deadly plot by an intergalactic terrorist who has arrived on Earth to assassinate two ambassadors from opposing galaxies.",Barry Sonnenfeld,https://www.youtube.com/watch?v=HYUd7AOw_lk,https://www.themoviedb.org/movie/607
Homefront,6.9,"Phil Broker is a former DEA agent who has gone through a crisis after his action against a biker gang went horribly wrong and it cost the life of his boss' son. He is recently widowed and is left with a 9-years-old daughter, Maddy. He decides to quit the turbulent and demanding life of thrill for Maddy's sake and retires to a small town. His daughter fights off a boy who was bullying her at school and this sets in motion a round of events that end in his direct confrontation with the local Meth drug lord. His past history with the biker gang also enters the arena, making matters more complex. But he has a mission in his mind to protect his daughter and he is ready to pay any cost that it demands.",Gary Fleder,https://www.youtube.com/watch?v=BjFTuZH7E2c,https://www.themoviedb.org/movie/204082
The Brutalist,6.971,"When a visionary architect and his wife flee post-war Europe in 1947 to rebuild their legacy and witness the birth of modern United States, their lives are changed forever by a mysterious, wealthy client.",Brady Corbet,https://www.youtube.com/watch?v=GdRXPAHIEW4,https://www.themoviedb.org/movie/549509
Exit 8,6.144,"A man gets lost in an underground passage. He follows the ""guide"" through the passage, but one after another, strange things happen to him. Is this space real? Or an illusion? Will the man be able to escape the passage?",Genki Kawamura,https://www.youtube.com/watch?v=emZZexEJO8c,https://www.themoviedb.org/movie/1408208
LOUDER: The Soundtrack of Change,7.7,"A celebration of music and rallying cry that takes viewers on a journey across generations, eras, and genres, anchored by a female chorus of musical icons, whose songs, voices, and activism provided inspiration for the past and current fight for equality for all.",Kristi Jacobson,https://www.youtube.com/watch?v=r-6m8o8sdTA,https://www.themoviedb.org/movie/1360818
Eddington,6.416,"In May of 2020, a standoff between a small-town sheriff and mayor sparks a powder keg as neighbor is pitted against neighbor in Eddington, New Mexico.",Ari Aster,https://www.youtube.com/watch?v=ytyBfsqN3eI,https://www.themoviedb.org/movie/648878
Boso,4.2,Jake (Jeffrey Quizon) is a caretaker at a boarding residence that houses a whole array of characters. But one day his life changes when he hovers over the lives of newlyweds Cecilia (Katya Santos) and Ding (Allen Dizon).,Jon Red,N/A,https://www.themoviedb.org/movie/80795
Mission: Impossible - Rogue Nation,7.218,"Ethan and team take on their most impossible mission yet—eradicating 'The Syndicate', an International and highly-skilled rogue organization committed to destroying the IMF.",Christopher McQuarrie,https://www.youtube.com/watch?v=F-qBD17wwrQ,https://www.themoviedb.org/movie/177677
Skunk,6.769,"The story of Liam, a neglected teenager who lives in a family where alcohol, violence and sex play the main role. He grows up to be a confused youngster which ends in a very aggressive act to break with his past.",Koen Mortier,https://www.youtube.com/watch?v=QZdvXLmZzZA,https://www.themoviedb.org/movie/885246
The Lorax,6.51,"A 12-year-old boy searches for the one thing that will enable him to win the affection of the girl of his dreams. To find it he must discover the story of the Lorax, the grumpy yet charming creature who fights to protect his world.",Chris Renaud,https://www.youtube.com/watch?v=XbGnmKPSq9k,https://www.themoviedb.org/movie/73723
E.T. the Extra-Terrestrial,7.513,"An alien is left behind on Earth and saved by the 10-year-old Elliott who decides to keep him hidden in his home. While a task force hunts for the extra-terrestrial, Elliott, his brother, and his little sister Gertie form an emotional bond with their new friend, and try to help him find his way home.",Steven Spielberg,https://www.youtube.com/watch?v=NsvdZ_z56c0,https://www.themoviedb.org/movie/601
The Torture Club,5.3,"The ""Torture Club"" is an official after-school activity at the private school Saint Honesty Gakuen. Yuzuki has no idea about the club when she enrolls, and gets abducted by the club members and hauled off the club-room. There, she finds out that upper-class student Aoi, her secret idol, is in the club, and decides to join, but…",Kōta Yoshida,N/A,https://www.themoviedb.org/movie/297090
Snow Dogs,5.6,"When a Miami dentist inherits a team of sled dogs, he's got to learn the trade or lose his pack to a crusty mountain man.",Brian Levant,https://www.youtube.com/watch?v=g8OgyRrNL1A,https://www.themoviedb.org/movie/11888
The Fate of the Furious,6.862,"When a mysterious woman seduces Dom into the world of crime and a betrayal of those closest to him, the crew face trials that will test them as never before.",F. Gary Gray,https://www.youtube.com/watch?v=iVdIiOKBPkg,https://www.themoviedb.org/movie/337339
Venom: Let There Be Carnage,6.764,"After finding a host body in investigative reporter Eddie Brock, the alien symbiote must face a new enemy, Carnage, the alter ego of serial killer Cletus Kasady.",Andy Serkis,https://www.youtube.com/watch?v=GVwq2HlKYpE,https://www.themoviedb.org/movie/580489
Through My Window,7.363,"Raquel's longtime crush on her next-door neighbor turns into something more when he starts developing feelings for her, despite his family's objections.",Marçal Forés,https://www.youtube.com/watch?v=_zxhK3Z-R0c,https://www.themoviedb.org/movie/818647
Hide in Plain Sight,5.3,True story of a man in search of his children after his ex-wife enters the Witness Protection Program.,James Caan,https://www.youtube.com/watch?v=nfq-mRGRsM8,https://www.themoviedb.org/movie/48949
Strange Blood,3.6,"When a brilliant but obsessive scientist goes to extremes to develop a universal cure for all disease, he finds himself infected with a bizarre parasite that begins to transform him into a bloodthirsty madman. Time running out, he must find a way to stop the monster that is growing within and prevent the rest of the world from being ""cured.""",Chad Michael Ward,https://www.youtube.com/watch?v=DsG1-Vg68Ik,https://www.themoviedb.org/movie/321668
A Quiet Place,7.4,A family is forced to live in silence while hiding from creatures that hunt by sound.,John Krasinski,https://www.youtube.com/watch?v=rqEnM25BsNQ,https://www.themoviedb.org/movie/447332
Larry Gaye: Renegade Male Flight Attendant,4.7,A self-anointed 'renegade' male flight attendant must save the day when the airline he works for tries to eliminate flight attendants as a cost-cutting measure.,Sam Friedlander,N/A,https://www.themoviedb.org/movie/339355
Protocol-7,0.0,"With the catastrophic regression of her adopted son, Lexi, a small-town lawyer, is confronted with the reality of corporate fraud at the highest level. Will she hold a massive corporation accountable in this true whistleblower story?",Andrew Wakefield,https://www.youtube.com/watch?v=o-NyF2d_hVY,https://www.themoviedb.org/movie/1273736
The Forest for the Trees,6.6,"As an awkward idealistic high school teacher begins her first job in the city, things turn out to be much tougher than she had imagined.",Maren Ade,https://www.youtube.com/watch?v=IwMcKCL2sJc,https://www.themoviedb.org/movie/6443
Sherlock Holmes,7.216,Eccentric consulting detective Sherlock Holmes and Doctor John Watson battle to bring down a new nemesis and unravel a deadly plot that could destroy England.,Guy Ritchie,https://www.youtube.com/watch?v=zBQfbc1t_I8,https://www.themoviedb.org/movie/10528
Blame,6.6,"A drama teacher's taboo relationship with an unstable student strikes a nerve in her jealous classmate, sparking a vengeful chain of events within their suburban high school that draws parallels to ""The Crucible"".",Quinn Shephard,https://www.youtube.com/watch?v=uXTs55teDwE,https://www.themoviedb.org/movie/422128
Airplane!,7.3,An ex-fighter pilot forced to take over the controls of an airliner when the flight crew succumbs to food poisoning.,"Jim Abrahams, Jerry Zucker, David Zucker",https://www.youtube.com/watch?v=JWNBROLN8Oc,https://www.themoviedb.org/movie/813
Inherent Vice,6.543,"In Los Angeles at the turn of the 1970s, drug-fueled detective Larry ""Doc"" Sportello investigates the disappearance of an ex-girlfriend.",Paul Thomas Anderson,https://www.youtube.com/watch?v=BTRMkQzFYHI,https://www.themoviedb.org/movie/171274
Wonka,7.058,"Willy Wonka – chock-full of ideas and determined to change the world one delectable bite at a time – is proof that the best things in life begin with a dream, and if you’re lucky enough to meet Willy Wonka, anything is possible.",Paul King,https://www.youtube.com/watch?v=wYmtRhKvmVE,https://www.themoviedb.org/movie/787699
Constantine,7.114,"John Constantine has literally been to Hell and back. When he teams up with a policewoman to solve the mysterious suicide of her twin sister, their investigation takes them through the world of demons and angels that exists beneath the landscape of contemporary Los Angeles.",Francis Lawrence,https://www.youtube.com/watch?v=819JCbGfZpg,https://www.themoviedb.org/movie/561
The Golden Mass,3.8,A middle-aged couple invites a group of youngsters to their luxury villa to introduce them into the rituals and mystery of love and lust.,Beni Montresor,N/A,https://www.themoviedb.org/movie/426131
Nurses on the Line: The Crash of Flight 7,6.2,Student nurses join some doctors to work in a medical station a few hours flying-time from the Mexican town of Catamaco. One of their planes goes down due to an engine malfunction and crashes in the rain forest. This is the story of the attempts to save the lives of the passengers (both nurses and doctors).,Larry Shaw,N/A,https://www.themoviedb.org/movie/273758
Roald & Beatrix: The Tail of the Curious Mouse,5.9,"Roald & Beatrix, the tail of the curious mouse, a heart-warming Christmas film inspired by the true encounter between a six-year-old Roald Dahl and his idol Beatrix Potter. A magical story of what really can happen when you are brave enough to follow your dreams. Joining Dawn French who plays Beatrix, the cast includes Jessica Hynes, Rob Brydon, Alison Steadman, Nina Sosanya, Bill Bailey and Nick Mohammed.",David Kerr,https://www.youtube.com/watch?v=Y4sV-WT9xaw,https://www.themoviedb.org/movie/774127
Dirty Angels,6.245,"During the United States' 2021 withdrawal from Afghanistan, a group of female soldiers posing as medical relief are sent back in to rescue a group of kidnapped teenagers caught between ISIS and the Taliban.",Martin Campbell,https://www.youtube.com/watch?v=YBwoSa3n8Yc,https://www.themoviedb.org/movie/1043905
"Signed, Sealed, Delivered: Lost Without You",7.2,Oliver's Divine Delivery Theory is put to the test when he and the POstables seem to be unable to deliver a damaged letter from a military veteran that's a matter of life and death.,Kevin Fair,https://www.youtube.com/watch?v=9N5CvsehwJA,https://www.themoviedb.org/movie/414762
Wild Nights with Emily,6.0,"Explore Emily Dickinson's vivacious, irreverent side that was covered up for years — most notably her lifelong romantic relationship with another woman.",Madeleine Olnek,https://www.youtube.com/watch?v=u36bKgONkfI,https://www.themoviedb.org/movie/502147
The Lion's Busy,6.1,"In an African jungle, hungry Beaky Buzzard can't wait until Leo the Lion is decently deceased before trying to devour him. Leo takes a rocket to the Moon to try to escape Beaky, but finds Beaky already there waiting for him.",Friz Freleng,N/A,https://www.themoviedb.org/movie/188783
Sing,7.12,A koala named Buster recruits his best friend to help him drum up business for his theater by hosting a singing competition.,Garth Jennings,https://www.youtube.com/watch?v=GIgXWuLQPFY,https://www.themoviedb.org/movie/335797
"The Lion, the Witch and the Wardrobe",6.7,"This Emmy Award winner for Best Animated Special is based on the first book of C.S. Lewis' acclaimed series, ""The Chronicles of Narnia."" Four children pass through a mystic portal in a wardrobe and discover the magical kingdom of Narnia, a land of talking animals and mythical creatures. There, an evil witch's spell has cast the land into eternal winter. Fearing that an ancient prophecy is coming to fruition, and that the children are Narnia's rightful rulers, the White Witch tricks their youngest brother into betraying his family, enacting an ancient magic that she can use to halt the fulfillment of the prophecy. Now, only Aslan, noble lion and High King above all kings in Narnia, can help them defeat the witch, restore springtime to Narnia, and claim their rightful places on the throne.",Bill Melendez,N/A,https://www.themoviedb.org/movie/40611
"The Lion, the Witch and the Wardrobe",6.7,"This Emmy Award winner for Best Animated Special is based on the first book of C.S. Lewis' acclaimed series, ""The Chronicles of Narnia."" Four children pass through a mystic portal in a wardrobe and discover the magical kingdom of Narnia, a land of talking animals and mythical creatures. There, an evil witch's spell has cast the land into eternal winter. Fearing that an ancient prophecy is coming to fruition, and that the children are Narnia's rightful rulers, the White Witch tricks their youngest brother into betraying his family, enacting an ancient magic that she can use to halt the fulfillment of the prophecy. Now, only Aslan, noble lion and High King above all kings in Narnia, can help them defeat the witch, restore springtime to Narnia, and claim their rightful places on the throne.",Bill Melendez,N/A,https://www.themoviedb.org/movie/40611
Mission: Impossible - Ghost Protocol,7.105,"Ethan Hunt and his team are racing against time to track down a dangerous terrorist named Hendricks, who has gained access to Russian nuclear launch codes and is planning a strike on the United States. An attempt to stop him ends in an explosion causing severe destruction to the Kremlin and the IMF to be implicated in the bombing, forcing the President to disavow them. No longer being aided by the government, Ethan and his team chase Hendricks around the globe, although they might still be too late to stop a disaster.",Brad Bird,https://www.youtube.com/watch?v=7wkih9Yvxq0,https://www.themoviedb.org/movie/56292
Ouija 3: The Charlie Charlie Challenge,4.4,"An Eccentric haunted house owner invites a group of hapless teens to play the terrifying game known as Charlie Charlie, overnight in the many attractions his house has to offer. While the game is meant to be a mere spectacle of spooky fun, it soon turns into a true nightmare leaving the teenagers, and the owner, battling for their lives.",Derek Presley,N/A,https://www.themoviedb.org/movie/431392
Influencer,6.2,"While struggling on a solo backpacking trip in Thailand, social media influencer Madison meets CW, who travels with ease and shows her a more uninhibited way of living. But CW's interest in her takes a darker turn.",Kurtis David Harder,https://www.youtube.com/watch?v=max4YbL3idk,https://www.themoviedb.org/movie/1020910
Jujutsu Kaisen 0,8.122,"Yuta Okkotsu is a nervous high school student who is suffering from a serious problem—his childhood friend Rika has turned into a curse and won't leave him alone. Since Rika is no ordinary curse, his plight is noticed by Satoru Gojo, a teacher at Jujutsu High, a school where fledgling exorcists learn how to combat curses. Gojo convinces Yuta to enroll, but can he learn enough in time to confront the curse that haunts him?",Sunghoo Park,https://www.youtube.com/watch?v=2docezZl574,https://www.themoviedb.org/movie/810693
Lackey and the Lady Tiger,4.5,A convict (Wang Jang Li) seeks revenge on a man's grandfather who sent him to jail for ten years. But it's up to the old man's grandson to stop him.,"Norman Law Man, Siao Lung",N/A,https://www.themoviedb.org/movie/147839
The Thing,8.069,"A twelve-man team at a remote Antarctic research station discovers an alien buried in the snow for over 100,000 years. Soon unfrozen, the form-changing creature wreaks havoc, creates terror...And becomes one of them.",John Carpenter,https://www.youtube.com/watch?v=l8A_DMMJC_Q,https://www.themoviedb.org/movie/1091
The Erotic Twin,2.7,"A psychiatrist named Tony sees two identical twin sisters, Norma and Mary. Norma and Mary are apparently very different from each other, to the point of conflict.",Alberto Cavallone,N/A,https://www.themoviedb.org/movie/288986
Curse of the Blind Dead,4.4,"In the Thirteenth century, a group of Satan worshipers, the Knights Templar, are captured during a ritual and brutally murdered by the locals. Just before the execution, the Knights swear to return from their graves to haunt the village and the nearby forest. Centuries later, in a post-apocalyptic future, a man and his daughter try to survive against both the undead Knights and a sect commanded by a mad preacher.",Raffaele Picchio,https://www.youtube.com/watch?v=TSI1Wu_Sbek,https://www.themoviedb.org/movie/566011
Laboratory Conditions,7.286,A physician investigating a missing body disrupts an unlawful experiment.,Jocelyn Stamat,N/A,https://www.themoviedb.org/movie/488143
Terrifier,6.3,A maniacal clown named Art terrorizes three young women on Halloween night and everyone else who stands in his way.,Damien Leone,https://www.youtube.com/watch?v=fN5j1MtGO2Q,https://www.themoviedb.org/movie/420634
Hijack 1971,6.61,"Pilots Tae-in and Gyu-sik are set to fly to Gimpo. Under the guidance of flight attendant Ok-soon, passengers are busy boarding. However, shortly after takeoff, a homemade bomb explodes, turning the cabin into chaos.",Kim Sung-han,https://www.youtube.com/watch?v=UxyutkXQnvA,https://www.themoviedb.org/movie/1147710
Rule Breakers,7.0,"In a nation where educating girls is seen as rebellion, a visionary woman dares to teach young minds to dream. When their innovation draws global attention, their success sparks hope—and opposition. As threats loom and sacrifices are made, their courage and unity ignite a movement that could forever transform the world.",Bill Guttentag,https://www.youtube.com/watch?v=CW_P4zT6i9A,https://www.themoviedb.org/movie/1379520
The Exorcist,7.737,"When a charming 12-year-old girl takes on the characteristics and voices of others, doctors say there is nothing they can do. As people begin to die, the girl's mother realizes her daughter has been possessed by the Devil. Her daughter's only possible hope lies with two priests and the ancient rite of demonic exorcism.",William Friedkin,https://www.youtube.com/watch?v=BU2eYAO31Cc,https://www.themoviedb.org/movie/9552
Fantomas: The Director's Cut Live - A New Year's Revolution,8.5,"Filmed on New Year's Eve, Dec. 31, 2008 at the Great American Music Hall in San Francisco.",Vincent Forcier,N/A,https://www.themoviedb.org/movie/114690
Tragic Ceremony,4.9,"After a peaceful sailboat ride, four young people, including rich kid Bill, Joe, Fred and Jane, knock on the door of a secluded villa after their dune buggy runs out of gas. Earlier in the day, Bill had given the lovely Jane a pearl necklace with a supposedly paranormal history, and this later opens up a can of worms. They are invited to spend the night at the mansion, owned by Lord Alexander and Lady Alexander, who happen to be hosting a strange ceremony that night attended by a group of eccentrics in black robes. During the evening, Jane exits her sleep chamber, seemingly in some kind of trance, and is lured to a sacrificial alter where the robed houseguests are hovering over her. As a knife is about to be plunged into the young lady, her three friends come to the rescue, but they are also witness to a chaotic mass murder catastrophe in which they flee with feelings of guilt and uncertainty.",Riccardo Freda,https://www.youtube.com/watch?v=XXauEwo5_3E,https://www.themoviedb.org/movie/90944
Star Wars: The Last Jedi,6.768,"Rey develops her newly discovered abilities with the guidance of Luke Skywalker, who is unsettled by the strength of her powers. Meanwhile, the Resistance prepares to do battle with the First Order.",Rian Johnson,https://www.youtube.com/watch?v=Q0CbN8sfihY,https://www.themoviedb.org/movie/181808
Bohemian Rhapsody,7.967,"Singer Freddie Mercury, guitarist Brian May, drummer Roger Taylor and bass guitarist John Deacon take the music world by storm when they form the rock 'n' roll band Queen in 1970. Hit songs become instant classics. When Mercury's increasingly wild lifestyle starts to spiral out of control, Queen soon faces its greatest challenge yet – finding a way to keep the band together amid the success and excess.",Bryan Singer,https://www.youtube.com/watch?v=27zlBpzdOZg,https://www.themoviedb.org/movie/424694
History of Cinema in Popielawy,6.3,,Jan Jakub Kolski,N/A,https://www.themoviedb.org/movie/157320
1917,7.986,"At the height of the First World War, two young British soldiers must cross enemy territory and deliver a message that will stop a deadly attack on hundreds of soldiers.",Sam Mendes,https://www.youtube.com/watch?v=gZjQROMAh_s,https://www.themoviedb.org/movie/530915
After We Collided,7.161,Tessa finds herself struggling with her complicated relationship with Hardin; she faces a dilemma that could change their lives forever.,Roger Kumble,https://www.youtube.com/watch?v=2SvwX3ux_-8,https://www.themoviedb.org/movie/613504
Ant-Man and the Wasp,6.913,"Just when his time under house arrest is about to end, Scott Lang once again puts his freedom at risk to help Hope van Dyne and Dr. Hank Pym dive into the quantum realm and try to accomplish, against time and any chance of success, a very dangerous rescue mission.",Peyton Reed,https://www.youtube.com/watch?v=UUkn-enk2RU,https://www.themoviedb.org/movie/363088
20th Century Girl,8.166,"In 1999, a teen girl keeps close tabs on a boy in school on behalf of her deeply smitten best friend – then she gets swept up in a love story of her own.",Bang Woo-ri,https://www.youtube.com/watch?v=KFS4_qevE7M,https://www.themoviedb.org/movie/851644
SuperKlaus,6.0,"Santa Claus's wish comes true when he accidentally bumps his head and starts believing he's SuperKlaus. With the help of Billie and Leo his elf-xecutive assistant, SuperKlaus will take on a toy-obsessed businessman to save Christmas.",Steve Majaury,https://www.youtube.com/watch?v=SA1aHAc7bo0,https://www.themoviedb.org/movie/1100998
Quantum of Solace,6.333,"Betrayed by Vesper, the woman he loved, 007 fights the urge to make his latest mission personal. Pursuing his determination to uncover the truth, Bond and M interrogate Mr. White, who reveals that the organization that blackmailed Vesper is far more complex and dangerous than anyone had imagined.",Marc Forster,https://www.youtube.com/watch?v=BBqYaFEWBxI,https://www.themoviedb.org/movie/10764
The Grand,5.8,"The Grand is in the tradition of improvisational comedies like Best In Show and This Is Spinal Tap. The story is set in the world of professional poker and follows six players who reach the final table of the world’s second most famous high stakes tournament, the Grand Championship of Poker.",Zak Penn,https://www.youtube.com/watch?v=zQfoX6mS-0I,https://www.themoviedb.org/movie/15378
The Rise and Fall of the Third Reich,8.0,"This documentary showcases Hitler's strategy for conquering hearts and minds by exploiting people's capacity to hate, something as relevant in our time as it seems to have been in his. This is a lesson which is especially worth remembering at this point in history.",Jack Kaufman,N/A,https://www.themoviedb.org/movie/292697
Tinker Bell and the Pirate Fairy,7.0,"Zarina, a smart and ambitious dust-keeper fairy who’s captivated by Blue Pixie Dust and its endless possibilities, flees Pixie Hollow and joins forces with the scheming pirates of Skull Rock, who make her captain of their ship. Tinker Bell and her friends must embark on an epic adventure to find Zarina, and together they go sword-to-sword with the band of pirates led by a cabin boy named James, who’ll soon be known as Captain Hook himself.",Peggy Holmes,https://www.youtube.com/watch?v=Et4zsoUNb_0,https://www.themoviedb.org/movie/175112
Cinderella,7.0,"Cinderella has faith her dreams of a better life will come true. With help from her loyal mice friends and a wave of her Fairy Godmother's wand, Cinderella's rags are magically turned into a glorious gown and off she goes to the Royal Ball. But when the clock strikes midnight, the spell is broken, leaving a single glass slipper... the only key to the ultimate fairy-tale ending!","Hamilton Luske, Clyde Geronimi, Wilfred Jackson",https://www.youtube.com/watch?v=rPTMApBFfcI,https://www.themoviedb.org/movie/11224
Far from the Madding Crowd,6.9,"Bathsheba Everdine, a willful, flirtatious, young woman, unexpectedly inherits a large farm and becomes romantically involved with three widely divergent men.",John Schlesinger,https://www.youtube.com/watch?v=_pHqo5fbiWI,https://www.themoviedb.org/movie/3469
Strange Brew,6.0,"Something is rotten at the Elsinore Brewery. Bob and Doug McKenzie (as seen on SCTV) help the orphan Pam regain the brewery founded by her recently-deceased father. But to do so, they must confront the suspicious Brewmeister Smith and two teams of vicious hockey players.","Rick Moranis, Dave Thomas",https://www.youtube.com/watch?v=JfUyZ6bEYGo,https://www.themoviedb.org/movie/12921
Tenet,7.2,"Armed with only one word - Tenet - and fighting for the survival of the entire world, the Protagonist journeys through a twilight world of international espionage on a mission that will unfold in something beyond real time.",Christopher Nolan,https://www.youtube.com/watch?v=KJP5RunZUKk,https://www.themoviedb.org/movie/577922
Four Weddings and a Funeral,6.773,"Over the course of five social occasions, a committed bachelor must consider the notion that he may have discovered love.",Mike Newell,https://www.youtube.com/watch?v=tvdlnbfaJ3E,https://www.themoviedb.org/movie/712
The Fall Guy,7.0,"Fresh off an almost career-ending accident, stuntman Colt Seavers has to track down a missing movie star, solve a conspiracy and try to win back the love of his life while still doing his day job.",David Leitch,https://www.youtube.com/watch?v=EySdVK0NK1Y,https://www.themoviedb.org/movie/746036
The Weasel's Tale,7.6,A group of old actors and filmmakers tries to resist the efforts of a young couple to kick them out of their mansion.,Juan José Campanella,https://www.youtube.com/watch?v=xMCvA6IVJAc,https://www.themoviedb.org/movie/574088
Bastille Day,6.304,"Michael Mason is an American pickpocket living in Paris who finds himself hunted by the CIA when he steals a bag that contains more than just a wallet. Sean Briar, the field agent on the case, soon realises that Michael is just a pawn in a much bigger game and is also his best asset to uncover a large-scale conspiracy.",James Watkins,https://www.youtube.com/watch?v=23I6KFna8Fk,https://www.themoviedb.org/movie/333669
Beach House,6.4,"Summer Sunday at a small beach house at the coast of Rome. Many people and stories: women's basketball team, two sports-obsessed soldiers, two men with their girlfriends and the priest with a big secret, an elderly couple with their pregnant granddaughter, and engagemented couple wanting to have sex for the first time.",Sergio Citti,https://www.youtube.com/watch?v=I1E_--yE0RQ,https://www.themoviedb.org/movie/56379
The Lucky One,7.2,A Marine travels to Louisiana after serving three tours in Iraq and searches for the unknown woman he believes was his good luck charm during the war.,Scott Hicks,https://www.youtube.com/watch?v=t2LI5OOifsQ,https://www.themoviedb.org/movie/77877
The Bride!,0.0,A lonely Frankenstein travels to 1930s Chicago to ask groundbreaking scientist Dr. Euphronious to create a companion for him. The two revive a murdered young woman and The Bride is born. But what ensues is beyond what either of them imagined.,Maggie Gyllenhaal,N/A,https://www.themoviedb.org/movie/1159831
Operation Varsity Blues: The College Admissions Scandal,6.9,"An examination that goes beyond the celebrity-driven headlines and dives into the methods used by Rick Singer, the man at the center of the shocking 2019 college admissions scandal, to persuade his wealthy clients to cheat an educational system already designed to benefit the privileged.",Chris Smith,https://www.youtube.com/watch?v=LFHj8e7mU_I,https://www.themoviedb.org/movie/799555
Ungol,5.0,"Sexy vixens Audrey Avila and Stephanie Raz will give you the hottest moans in this newest sexy drama by Bobby Bonifacio, Jr. A blind woman owns a makeshift motel in a slums area. As she hears her clients' loud noises, she becomes sexually aroused.",Bobby Bonifacio,https://www.youtube.com/watch?v=X8r2p1aoRFM,https://www.themoviedb.org/movie/1380553
Hurricane Bianca: From Russia with Hate,5.1,"After winning over the staff and students of Milford High School, chemistry teacher Richard Martinez aka Bianca Del Rio sent her nemesis Vice Principal Deborah “Debbie” Ward to jail in a flawlessly executed plan. When Debbie is released from jail, she conjures up a scheme to do away with Bianca Del Rio once and for all, by luring her on a dangerous journey to Russia to accept a teaching award and cash prize.",Matt Kugelman,https://www.youtube.com/watch?v=QEghDczv7ZQ,https://www.themoviedb.org/movie/504331
The Human Centipede (First Sequence),5.211,"During a stopover in Germany in the middle of a carefree road trip through Europe, two American girls find themselves alone at night when their car breaks down in the woods. Searching for help at a nearby villa, they are wooed into the clutches of a deranged retired surgeon, who has a very disturbed vision.",Tom Six,https://www.youtube.com/watch?v=glfBurdSUS8,https://www.themoviedb.org/movie/37169
The Deadly Look of Love,4.2,"Janet Flanders is a small-town, unsophisticated young woman who is seduced by the fantasy of romantic love; she believes that someday her prince will come to sweep her away. Then she meets handsome Brett Becker; she believes she's found the man of her dreams -- little suspecting he is engaged to marry a wealthy socialite. Deep into her illusion that Brett loves her, she moves to Chicago to be closer to him, deluge him with calls and love notes, tells her family about her boyfriend Brett, and buys an engagement ring. Her obsession with him leads her from intrigue and eventually to murder.",Sollace Mitchell,N/A,https://www.themoviedb.org/movie/254074
A Nightmare on Elm Street,7.341,"Teenagers in a small town are dropping like flies, apparently in the grip of mass hysteria causing their suicides. A cop's daughter, Nancy Thompson, traces the cause to child molester Fred Krueger, who was burned alive by angry parents many years before. Krueger has now come back in the dreams of his killers' children, claiming their lives as his revenge. Nancy and her boyfriend, Glen, must devise a plan to lure the monster out of the realm of nightmares and into the real world...",Wes Craven,https://www.youtube.com/watch?v=CBcVZcornjI,https://www.themoviedb.org/movie/377
Sub Rosa,6.1,"Bullied by his father to grow up, a teen fights between the love of his step-mother over his father's life.",Krisstian de Lara,https://www.youtube.com/watch?v=AHDtRneLnvQ,https://www.themoviedb.org/movie/546726
The Seeker: The Dark Is Rising,5.456,A boy's life is turned upside down when he learns that he is the last of a group of immortal warriors who have dedicated their lives to fighting the forces of the dark.,David L. Cunningham,https://www.youtube.com/watch?v=fDCwHOPLUr4,https://www.themoviedb.org/movie/2274
Ransom for a Dead Man,7.2,"A brilliant attorney gets rid of her boring husband by faking his kidnapping and keeping the ransom. The FBI may be fooled, but not Columbo.",Richard Irving,N/A,https://www.themoviedb.org/movie/360627
Fréwaka,7.2,"A Dublin lesbian home care worker leaves her pregnant Ukrainian fiancée behind to travel to a remote village and assist an elderly woman suffering from agoraphobia. As their relationship develops, the worker becomes increasingly entangled in the old woman’s paranoia, rituals, and superstitions, ultimately confronting her own traumatic past. Rich with mythical references and folk imagery, this modern reinterpretation of a classic supernatural chiller artfully blends sophistication with horror, delivering a chilling yet elegant experience. The title, presented in Irish and reflective of much of the dialogue, is a shortened version of the original “Fremhacha,” meaning “roots.”",Aislinn Clarke,https://www.youtube.com/watch?v=-FjzW6eFIsk,https://www.themoviedb.org/movie/1189735
San Andreas,6.245,"In the aftermath of a massive earthquake in California, a rescue-chopper pilot makes a dangerous journey across the state in order to rescue his estranged daughter.",Brad Peyton,https://www.youtube.com/watch?v=F1ZewAPl7L0,https://www.themoviedb.org/movie/254128
House of Dark Shadows,6.6,Barnabas Collins searches for a cure for vampirism in order to marry a woman resembling his long-lost fiancée Josette.,Dan Curtis,https://www.youtube.com/watch?v=WvED00MDYqQ,https://www.themoviedb.org/movie/71943
Children of Men,7.611,"In 2027, in a chaotic world in which humans can no longer procreate, a former activist agrees to help transport a miraculously pregnant woman to a sanctuary at sea, where her child's birth may help scientists save the future of humankind.",Alfonso Cuarón,https://www.youtube.com/watch?v=mhp4o8nIUFI,https://www.themoviedb.org/movie/9693
Child Star: The Shirley Temple Story,6.7,"As America struggled through the Great Depression in the 1930s, a little girl with big dimples and indescribable charm danced her way into the hearts of moviegoers around the world.",Nadia Tass,N/A,https://www.themoviedb.org/movie/70468
Cleaner,6.5,"When a group of radical activists take over an energy company's annual gala, seizing 300 hostages, an ex-soldier turned window cleaner suspended 50 storeys up on the outside of the building must save those trapped inside, including her older brother.",Martin Campbell,https://www.youtube.com/watch?v=c8sf0c-cjzQ,https://www.themoviedb.org/movie/1125899
Troy the Odyssey,4.1,"In this re-telling of Iliad, set in 1174 B.C. after ten years of fighting in the Trojan War, the Greek warrior Odysseus decides to travel for home, but instead finds a string of mis-adventures over the sea and land as he, along with a captive Trojan warrior named Circe as well as a group of loyal Greek soldiers, venture on the sea and land to get home to the island kingdom of Icarus and fighting sea sirens, and other mystical creatures to get home to his wife Penelope who is being hounded by a group of suitors hoping she will chose to make one of them their bride.",Tekin Girgin,N/A,https://www.themoviedb.org/movie/493416
Kingsman: The Secret Service,7.6,The story of a super-secret spy organization that recruits an unrefined but promising street kid into the agency's ultra-competitive training program just as a global threat emerges from a twisted tech genius.,Matthew Vaughn,https://www.youtube.com/watch?v=Th_KrhqmHk8,https://www.themoviedb.org/movie/207703
Creed III,7.093,"After dominating the boxing world, Adonis Creed has thrived in his career and family life. When a childhood friend and former boxing prodigy, Damian Anderson, resurfaces after serving a long sentence in prison, he is eager to prove that he deserves his shot in the ring. The face-off between former friends is more than just a fight. To settle the score, Adonis must put his future on the line to battle Damian — a fighter with nothing to lose.",Michael B. Jordan,https://www.youtube.com/watch?v=xTaIZo8OJYE,https://www.themoviedb.org/movie/677179
Memories of Murder,8.1,"During the late 1980s, two detectives in a South Korean province attempt to solve the nation's first series of rape-and-murder cases.",Bong Joon Ho,https://www.youtube.com/watch?v=0n_HQwQU8ls,https://www.themoviedb.org/movie/11423
Rango,6.883,"When Rango, a lost family pet, accidentally winds up in the gritty, gun-slinging town of Dirt, the less-than-courageous lizard suddenly finds he stands out. Welcomed as the last hope the town has been waiting for, new Sheriff Rango is forced to play his new role to the hilt.",Gore Verbinski,https://www.youtube.com/watch?v=wIKG4s_uSRg,https://www.themoviedb.org/movie/44896
The Aftermath,4.0,"After a lengthy space mission, two astronauts (Steve Barkett and Larry Latham) return to an Earth transformed by nuclear war. As renegade gangs and mutants rule Los Angeles, the astronauts join two pretty women and a couple of kids in a growing resistance movement. This sci-fi adventure follows the men as they battle bell-bottomed biker leader Cutter and his brutal gang.",Steve Barkett,https://www.youtube.com/watch?v=-sVquQ1xvO0,https://www.themoviedb.org/movie/46522
Mendarat Darurat,6.1,"Glen was surprised when he accidentally cheated on death, with infidelity. Now the real problem is: How will he explain his luck to Maya, his wife?",Pandji Pragiwaksono,https://www.youtube.com/watch?v=8cBsokIa2lo,https://www.themoviedb.org/movie/707933
Aladdin,7.094,A kindhearted street urchin named Aladdin embarks on a magical adventure after finding a lamp that releases a wisecracking genie while a power-hungry Grand Vizier vies for the same lamp that has the power to make their deepest wishes come true.,Guy Ritchie,https://www.youtube.com/watch?v=h44kpghglWw,https://www.themoviedb.org/movie/420817
L.O.L. Surprise! The Movie,6.8,Dazzling doll sisters Queen Bee and Royal Bee make their first movie with help from their fashionable friends in this one-of-a-kind magical adventure.,Alex Kamb,https://www.youtube.com/watch?v=uqNuidWmR1Q,https://www.themoviedb.org/movie/882206
Superstar: The Karen Carpenter Story,7.1,"The final 17 years of American singer and musician Karen Carpenter, performed almost entirely by modified Barbie dolls.",Todd Haynes,N/A,https://www.themoviedb.org/movie/1387
The Circuit 2: The Final Punch,5.6,"Prisoners are dying at the Ogden Correctional Institution, a prison where a corrupt Warden has taken justice and business into his own hands. In the bowels of this prison, an underground fighting society has been formed. The Circuit is flourishing until investigative reporter Nicole Kent is thrown into the mix, and into Pike's cell where she is viciously attacked and left for dead. Enter Dirk Longstreet. Dirk, who was once a fighting champion on the Eastern seaboard circuit, now has to sit idly by as his girlfriend fights for her life. Dirk decides to fight for revenge",Jalal Merhi,https://www.youtube.com/watch?v=BXEsOkKfzR0,https://www.themoviedb.org/movie/152379
The Pope's Exorcist,6.944,"Father Gabriele Amorth, Chief Exorcist of the Vatican, investigates a young boy's terrifying possession and ends up uncovering a centuries-old conspiracy the Vatican has desperately tried to keep hidden.",Julius Avery,https://www.youtube.com/watch?v=YJXqvnT_rsk,https://www.themoviedb.org/movie/758323
Mission: Impossible III,6.747,"Retired from active duty, and training recruits for the Impossible Mission Force, agent Ethan Hunt faces the toughest foe of his career: Owen Davian, an international broker of arms and information, who's as cunning as he is ruthless. Davian emerges to threaten Hunt and all that he holds dear – including the woman Hunt loves.",J.J. Abrams,https://www.youtube.com/watch?v=4oVva0muTE8,https://www.themoviedb.org/movie/956
The Nightmare,5.5,"Eight people experience sleep paralysis, a condition which leaves them unable to move, speak or react.",Rodney Ascher,https://www.youtube.com/watch?v=DoPsjWqvwT4,https://www.themoviedb.org/movie/312827
The Strangers: Chapter 1,5.7,"After their car breaks down in an eerie small town, a young couple are forced to spend the night in a remote cabin. Panic ensues as they are terrorized by three masked strangers who strike with no mercy and seemingly no motives.",Renny Harlin,https://www.youtube.com/watch?v=3pZUQmZdOi4,https://www.themoviedb.org/movie/1010600
Deaf President Now!,8.1,"Discover the story of the greatest civil rights movement most people have never heard about. During eight tumultuous days in 1988 at the world's only Deaf university, four students must find a way to lead a revolution—and change the course of history.","Nyle DiMarco, Davis Guggenheim",https://www.youtube.com/watch?v=m-gIp9CDFtM,https://www.themoviedb.org/movie/1400288
The Da Vinci Code,6.73,"A murder in Paris’ Louvre Museum and cryptic clues in some of Leonardo da Vinci’s most famous paintings lead to the discovery of a religious mystery. For 2,000 years a secret society closely guards information that — should it come to light — could rock the very foundations of Christianity.",Ron Howard,https://www.youtube.com/watch?v=PHkW3TOl0-0,https://www.themoviedb.org/movie/591
Through the Air,5.5,"Vincent, a former air rifle champion lives a quiet life with his wife and his daughter. Despite his happy family life he ends up with economic problems. One day at the shooting range he meets the mysterious Renaud who promises him a solution to his problems by offering him an unusual job. Suddenly Vincent finds himself in a very dangerous spiral which turns out to be even harder to get out of than finding a solution to his economic problems.",Fred Grivois,N/A,https://www.themoviedb.org/movie/334307
Skyfall,7.254,"When Bond's latest assignment goes gravely wrong, agents around the world are exposed and MI6 headquarters is attacked. While M faces challenges to her authority and position from Gareth Mallory, the new Chairman of the Intelligence and Security Committee, it's up to Bond, aided only by field agent Eve, to locate the mastermind behind the attack.",Sam Mendes,https://www.youtube.com/watch?v=YvV3g8hLlyU,https://www.themoviedb.org/movie/37724
Soul,8.104,"Joe Gardner is a middle school teacher with a love for jazz music. After a successful audition at the Half Note Club, he suddenly gets into an accident that separates his soul from his body and is transported to the You Seminar, a center in which souls develop and gain passions before being transported to a newborn child. Joe must enlist help from the other souls-in-training, like 22, a soul who has spent eons in the You Seminar, in order to get back to Earth.",Pete Docter,https://www.youtube.com/watch?v=Gs--6c7Hn_A,https://www.themoviedb.org/movie/508442
Magnolia,7.728,"On one random day in the San Fernando Valley, a dying father, a young wife, a male caretaker, a famous lost son, a police officer in love, a boy genius, an ex-boy genius, a game show host and an estranged daughter will each become part of a dazzling multiplicity of plots, but one story.",Paul Thomas Anderson,https://www.youtube.com/watch?v=cxcegktcxSM,https://www.themoviedb.org/movie/334
"Lust, Caution",7.251,"During World War II, a secret agent must seduce and assassinate an official who works for the Japanese puppet government in Shanghai.",Ang Lee,https://www.youtube.com/watch?v=XPUIXdpImF0,https://www.themoviedb.org/movie/4588
Star Trek,7.426,"The fate of the galaxy rests in the hands of bitter rivals. One, James Kirk, is a delinquent, thrill-seeking Iowa farm boy. The other, Spock, a Vulcan, was raised in a logic-based society that rejects all emotion. As fiery instinct clashes with calm reason, their unlikely but powerful partnership is the only thing capable of leading their crew through unimaginable danger, boldly going where no one has gone before. The human adventure has begun again.",J.J. Abrams,https://www.youtube.com/watch?v=pFVvigZ5wQY,https://www.themoviedb.org/movie/13475
LEGO Star Wars Terrifying Tales,6.9,"Poe Dameron and BB-8 must face the greedy crime boss Graballa the Hutt, who has purchased Darth Vader’s castle and is renovating it into the galaxy’s first all-inclusive Sith-inspired luxury hotel.",Ken Cunningham,https://www.youtube.com/watch?v=a4Xyiun4LXs,https://www.themoviedb.org/movie/857702
Kung Fu Panda 3,6.916,"While Po and his father are visiting a secret panda village, an evil spirit threatens all of China, forcing Po to form a ragtag army to fight back.","Jennifer Yuh Nelson, Alessandro Carloni",https://www.youtube.com/watch?v=yqN7nHM1YTA,https://www.themoviedb.org/movie/140300
Lucy,6.468,"A woman, accidentally caught in a dark deal, turns the tables on her captors and transforms into a merciless warrior evolved beyond human logic.",Luc Besson,https://www.youtube.com/watch?v=l7zAV_MDC68,https://www.themoviedb.org/movie/240832
Lucy,6.468,"A woman, accidentally caught in a dark deal, turns the tables on her captors and transforms into a merciless warrior evolved beyond human logic.",Luc Besson,https://www.youtube.com/watch?v=l7zAV_MDC68,https://www.themoviedb.org/movie/240832
Bunny O'Hare,5.6,"Bette Davis handles the title role in this highly offbeat crime comedy about two aging hippies who elect to rob a bank to restore Bunny O'Hare's financial affairs after she's been unjustly evicted and rendered homeless. When that heist ends up paying off, rather than take off for the border, Bunny opts for a life of crime with her new partner, Bill Green, played by fellow Oscar-winner Ernest Borgnine.",Gerd Oswald,N/A,https://www.themoviedb.org/movie/88179
swingers ZwingerZ,7.2,,zwingerz.com,N/A,https://www.themoviedb.org/movie/939099
Plankton: The Movie,6.7,Plankton's tangled love story with his sentient computer wife goes sideways when she takes a stand — and decides to destroy the world without him.,Dave Needham,https://www.youtube.com/watch?v=IHRScjhllsQ,https://www.themoviedb.org/movie/1104845
The Life of Emile Zola,6.66,"A fictionalized account of famous French writer Emile Zola and his involvement in the Dreyfus Affair. After struggling to establish himself, Zola wins success writing about the unsavory side of Paris and settles into a comfortable upper-class life. However, Zola's complacency is shaken when Jewish officer Alfred Dreyfus is imprisoned for being a spy. Realizing that Dreyfus is an innocent victim of anti-Semitism, Zola boldly pens a newspaper article exposing the truth, is charged with libel and must defend himself in a dramatic courtroom testimony.",William Dieterle,https://www.youtube.com/watch?v=bTStzVavGpo,https://www.themoviedb.org/movie/43278
Alien: Covenant,6.158,"The crew of the colony ship Covenant, bound for a remote planet on the far side of the galaxy, discovers what they think is an uncharted paradise but is actually a dark, dangerous world.",Ridley Scott,https://www.youtube.com/watch?v=svnAD0TApb8,https://www.themoviedb.org/movie/126889
The Little Kidnappers,5.1,"Loosely based on a '50's movie of the same name, it tells the story of two young orphan boys who travel by themselves from the Old country to join their father's family in Canada. There they encounter their stern disciplinarian grandfather who has alienated himself from some of his neighbors. There is particularly no love lost between the grandfather and his Dutch neighbors, who he generalizes as being responsible for his son's death in the Boor War. A side product of this animosity is that it is keeping apart the boy's aunt and her Dutch doctor suitor. The two boys change everything though when they find a young baby on the beach...",Donald Shebib,N/A,https://www.themoviedb.org/movie/109912
Perfume: The Story of a Murderer,7.369,"Jean-Baptiste Grenouille, born in the stench of 18th century Paris, develops a superior olfactory sense, which he uses to create the world's finest perfumes. However, his work takes a dark turn as he tries to preserve scents in the search for the ultimate perfume.",Tom Tykwer,https://www.youtube.com/watch?v=zutiIw_2e2g,https://www.themoviedb.org/movie/1427
Testament of Youth,7.3,"Testament of Youth is a powerful story of love, war and remembrance, based on the First World War memoir by Vera Brittain, which has become the classic testimony of that war from a woman’s point of view. A searing journey from youthful hopes and dreams to the edge of despair and back again, it’s a film about young love, the futility of war and how to make sense of the darkest times.",James Kent,https://www.youtube.com/watch?v=gmr6fWhhyaM,https://www.themoviedb.org/movie/284689
Bound by Honor,8.13,"Based on the true life experiences of poet Jimmy Santiago Baca, the film focuses on half-brothers Paco and Cruz, and their bi-racial cousin Miklo. It opens in 1972, as the three are members of an East L.A. gang known as the ""Vatos Locos"", and the story focuses on how a violent crime and the influence of narcotics alter their lives. Miklo is incarcerated and sent to San Quentin, where he makes a ""home"" for himself. Cruz becomes an exceptional artist, but a heroin addiction overcomes him with tragic results. Paco becomes a cop and an enemy to his ""carnal"", Miklo.",Taylor Hackford,https://www.youtube.com/watch?v=NMj89zgI8Yc,https://www.themoviedb.org/movie/9702
The Assassination of Richard Nixon,6.5,"It’s 1974 and Sam Bicke has lost everything. His wife leaves him with his three kids, his boss fires him, his brother turns away from him, and the bank won’t give him any money to start anew. He tries to find someone to blame for his misfortunes and comes up with the President of the United States who he plans to murder.",Niels Mueller,https://www.youtube.com/watch?v=oHO6MlSu7_k,https://www.themoviedb.org/movie/842
The Hike,3.9,"Kate returns from war and goes on a camping trip with her friends. They come across strange people living off the land and befriend a group of rock climbers. After their friend goes missing, the women team up with the climbers to survive their hike.",Rupert Bryan,https://www.youtube.com/watch?v=pGMVkhrDVxM,https://www.themoviedb.org/movie/77812
Fast X: Part 2,0.0,"The eleventh installment in The Fast Saga, and a direct sequel to ""Fast X"".",Louis Leterrier,N/A,https://www.themoviedb.org/movie/755679
Gunpowder Milkshake,6.282,"To protect an 8-year-old girl, a dangerous assassin reunites with her mother and her lethal associates to take down a ruthless crime syndicate and its army of henchmen.",Navot Papushado,https://www.youtube.com/watch?v=YLMT5uXjFLY,https://www.themoviedb.org/movie/574060
It Happened at Lakewood Manor,4.511,A lakeside resort comes under attack by a seemingly infinite hoard of flesh-eating ants.,Robert Scheerer,https://www.youtube.com/watch?v=rWy4HGErBfI,https://www.themoviedb.org/movie/67302
Curse II: The Bite,5.1,"After a young man is bitten on the hand by a radioactive snake, his hand changes into a lethal snake head, which attacks everyone he comes into contact with. Also, his body becomes filled with snakes. Now, he must prevent himself from hurting others.",Frederico Prosperi,https://www.youtube.com/watch?v=W1kYy8p7T-s,https://www.themoviedb.org/movie/87704
A Quiet Place: Day One,6.703,"As New York City is invaded by alien creatures who hunt by sound, a woman named Sam fights to survive with her cat.",Michael Sarnoski,https://www.youtube.com/watch?v=E-WIb4ATfT8,https://www.themoviedb.org/movie/762441
Sin City,7.464,"Welcome to Sin City. This town beckons to the tough, the corrupt, the brokenhearted. Some call it dark… Hard-boiled. Then there are those who call it home — Crooked cops, sexy dames, desperate vigilantes. Some are seeking revenge, others lust after redemption, and then there are those hoping for a little of both. A universe of unlikely and reluctant heroes still trying to do the right thing in a city that refuses to care.","Robert Rodriguez, Frank Miller",https://www.youtube.com/watch?v=0p0h_YCinMs,https://www.themoviedb.org/movie/187
Transformers: The Last Knight,6.1,"Humans and Transformers are at war. Optimus Prime is gone. The key to saving our future lies buried in the secrets of the past, in the hidden history of Transformers on Earth. Saving our world falls upon the shoulders of an unlikely alliance: Cade Yeager; Bumblebee; an English Lord; and an Oxford Professor.",Michael Bay,https://www.youtube.com/watch?v=e_uBTsgRJlk,https://www.themoviedb.org/movie/335988
Little Bone Lodge,6.6,"During a stormy night in the Scottish Highlands, two criminal brothers on the run seek refuge in a desolate farmhouse. But after taking the resident family captive, they find the house holds even darker secrets of its own.",Matthias Hoene,https://www.youtube.com/watch?v=Hux3uEsesEc,https://www.themoviedb.org/movie/1075335
Little Bone Lodge,6.6,"During a stormy night in the Scottish Highlands, two criminal brothers on the run seek refuge in a desolate farmhouse. But after taking the resident family captive, they find the house holds even darker secrets of its own.",Matthias Hoene,https://www.youtube.com/watch?v=Hux3uEsesEc,https://www.themoviedb.org/movie/1075335
Nightcrawler,7.705,"When Lou Bloom, desperate for work, muscles into the world of L.A. crime journalism, he blurs the line between observer and participant to become the star of his own story. Aiding him in his effort is Nina, a TV-news veteran.",Dan Gilroy,https://www.youtube.com/watch?v=7uaYhPpV7G4,https://www.themoviedb.org/movie/242582
"The Black Pharaoh, the Savage and the Princess",6.2,"Three tales, three ages, three worlds. At the time of Ancient Egypt, a young king becomes the first black pharaoh to deserve the hand of his loved one. During the French Middle Ages, a mysterious wild boy steals from the rich to give to the poor. In 18th-century Turkey, a prince of pastries and a princess of roses escape the palace to live their love.",Michel Ocelot,https://www.youtube.com/watch?v=bOIjqC2rJek,https://www.themoviedb.org/movie/947590
Sicario: Day of the Soldado,6.939,Agent Matt Graver teams up with operative Alejandro Gillick to prevent Mexican drug cartels from smuggling terrorists across the United States border.,Stefano Sollima,https://www.youtube.com/watch?v=sIMChzE_aCo,https://www.themoviedb.org/movie/400535
McWalter,5.137,"McWalter, a legendary American elite agent, is falsely accused of a series of attacks all around the globe. Determined to clear his name, he goes on the run to solve the mystery, thwart a earthwise conspiracy, and save the world…",Simon Astier,N/A,https://www.themoviedb.org/movie/1301072
The Rage of Paris,5.8,"Nicole has no job and is several weeks behind with her rent. Her solution to her problems is to try and snare a rich husband. Enlisting the help of her friend Gloria and the maitre'd at a ritzy New York City hotel, the trio plot to have Gloria catch the eye of Bill Duncan, a millionaire staying at the hotel. The plan works and the two quickly become engaged. Nicole's plan may be thwarted by Bill's friend, Jim Trevor, who's met Nicole before and sees through her plot.",Henry Koster,N/A,https://www.themoviedb.org/movie/43856
Doctor Strange,7.418,"After his career is destroyed, a brilliant but arrogant surgeon gets a new lease on life when a sorcerer takes him under her wing and trains him to defend the world against evil.",Scott Derrickson,https://www.youtube.com/watch?v=HSzx-zryEgM,https://www.themoviedb.org/movie/284052
Drunken Birds,7.1,"Willy's quest to find Marlena, his lost love, takes him from Mexico to Canada, where he is hired as a seasonal worker at the Bécotte farm, near Montreal. Several destinies intersect, worlds collide, tensions rise and moments of magical realism emerge during long work days.",Ivan Grbovic,https://www.youtube.com/watch?v=l0490tlaXo0,https://www.themoviedb.org/movie/860608
The Ballad of Wallis Island,7.187,An eccentric lottery winner who lives alone on a remote island tries to make his fantasies come true by getting his favourite musicians to perform at his home.,James Griffiths,https://www.youtube.com/watch?v=GjbVZWVWzPU,https://www.themoviedb.org/movie/1122099
Animale,6.9,"Camargue, France - Nejma trains hard to win the local bullfighting competition. When she is mauled after a celebration, she starts to notice disturbing changes. News of a rogue bull on the loose terrifies the community, killing young men.",Emma Benestan,https://www.youtube.com/watch?v=UFpC-pCz9jI,https://www.themoviedb.org/movie/1020822
The Mysterious Island,5.167,"On a volcanic island near the Kingdom of Hetvia rules Count Dakkar, a benevolent leader and scientist who has eliminated class distinction among the island's inhabitants. Dakkar, his sister Sonia and her fiance, engineer Nicolai Roget have designed a submarine which Roget pilots on its initial voyage just before the island is overrun by Baron Falon, despotic ruler of Hetvia. Falon sets out after Roget in a second submarine and the two craft, diving to the ocean's floor, discover a strange land populated by dragons, giant squid and an eerie undiscovered humanoid race.","Lucien Hubbard, Maurice Tourneur, Benjamin Christensen",N/A,https://www.themoviedb.org/movie/95348
First Shift,5.5,"NYPD veteran Mike and rookie Angela tackle a high-stakes day on New York's toughest streets, diving headfirst into a vortex of danger and action. Their adrenaline-fueled pursuits and unexpected threats unfold as they navigate perilous encounters. Amidst the chaos, intense challenges forge unbreakable bonds.",Uwe Boll,https://www.youtube.com/watch?v=j9NVJ8Cbm-s,https://www.themoviedb.org/movie/1090007
Hoard,7.2,"The story follows Maria – a teenager whose mother used to be a hoarder. Now (set in the 90s) she lives in a foster home where a previous resident, Michael, inspires her to revisit the childhood memories and passions that she has repressed.",Luna Carmoon,https://www.youtube.com/watch?v=5mYoshmw1uo,https://www.themoviedb.org/movie/996087
A Mother's Worst Fear,6.1,"When her daughter is abducted with no demand for ransom, an ex-hostage negotiator will do anything to find her.",Jared Cohn,https://www.youtube.com/watch?v=9nFUUJHdw2g,https://www.themoviedb.org/movie/523392
The Ten Commandments,7.767,"Escaping death, a Hebrew infant is raised in a royal household to become a prince. Upon discovery of his true heritage, Moses embarks on a personal quest to reclaim his destiny as the leader and liberator of the Hebrew people.",Cecil B. DeMille,https://www.youtube.com/watch?v=KBzbyIPWVT4,https://www.themoviedb.org/movie/6844
Legally Blonde,6.806,"Fashionable sorority queen Elle Woods has it all, but, she wants nothing more than to be Mrs. Warner Huntington III. But he dumps her before heading to Harvard Law School. Elle rallies all of her resources and gets into Harvard, determined to win him back. While there, she figures out that there is more to herself than just good looks.",Robert Luketic,https://www.youtube.com/watch?v=vWOHwI_FgAo,https://www.themoviedb.org/movie/8835
Tron,6.649,"When brilliant video game maker Flynn hacks the mainframe of his ex-employer, he is beamed inside an astonishing digital world...And becomes part of the very game he is designing. In his mission through cyberspace, Flynn matches wits with a maniacal Master Control Program and teams up with Tron, a security measure created to bring balance to the digital environment.",Steven Lisberger,https://www.youtube.com/watch?v=INv-OQ1clmw,https://www.themoviedb.org/movie/97
Mephisto,7.237,"A German stage actor finds unexpected success and mixed blessings in the popularity of his performance in a Faustian play as the Nazis take power in pre-WWII Germany. As his associates and friends flee or are ground under by the Nazi terror, the popularity of his character supercedes his own existence until he finds that his best performance is keeping up appearances for his Nazi patrons.",István Szabó,N/A,https://www.themoviedb.org/movie/11911
The House That Would Not Die,5.7,"A tale of witchcraft, black magic and a haunted house in the Amish country.",John Llewellyn Moxey,N/A,https://www.themoviedb.org/movie/101060
John Carter,6.351,"John Carter is a war-weary, former military captain who's inexplicably transported to the mysterious and exotic planet of Barsoom (Mars) and reluctantly becomes embroiled in an epic conflict. It's a world on the brink of collapse, and Carter rediscovers his humanity when he realizes the survival of Barsoom and its people rests in his hands.",Andrew Stanton,https://www.youtube.com/watch?v=WR6HUkzxjR0,https://www.themoviedb.org/movie/49529
The Chronicles of Narnia: The Voyage of the Dawn Treader,6.439,"This time around Edmund and Lucy Pevensie, along with their pesky cousin Eustace Scrubb find themselves swallowed into a painting and on to a fantastic Narnian ship headed for the very edges of the world.",Michael Apted,https://www.youtube.com/watch?v=LuGUVkO0cRM,https://www.themoviedb.org/movie/10140
Mickey's Magical Christmas: Snowed in at the House of Mouse,6.9,"When a huge snowstorm leaves everyone stranded, Mickey and all of his guests at the House of Mouse, including Pooh, Belle, Snow White, Cinderella, Ariel and many more of his old and new friends, break out the cookies and hot chocolate to help Donald mend his tattered Christmas spirit.","Bobs Gannaway, Burny Mattinson, Tony Craig",N/A,https://www.themoviedb.org/movie/21448
Female War: A Nasty Deal,5.8,Painter Ha-rim became blind due to an unfortunate accident. His wife Sun-yeong searches far and low for a cornea donor until she meets terminal cancer patient Dae-geun. These two make a startling and dangerous deal for Ha-rim's cornea.,No Zin-soo,https://www.youtube.com/watch?v=TXHa7NjCjJc,https://www.themoviedb.org/movie/399905
At First Sight,6.0,A blind man has an operation to regain his sight at the urging of his girlfriend and must deal with the changes to his life.,Irwin Winkler,https://www.youtube.com/watch?v=yojRQveAnpE,https://www.themoviedb.org/movie/15556
Akshardham: Operation Vajra Shakti,10.0,"NSG commando Hanut Singh, scarred by a past mission, defies orders during a temple siege in Gujarat. He leads a risky operation against terrorists demanding a militant's release, while confronting personal demons.",Ken Ghosh,N/A,https://www.themoviedb.org/movie/845861
The Dreamers,7.185,"When Isabelle and Theo invite Matthew to stay with them, what begins as a casual friendship ripens into a sensual voyage of discovery and desire in which nothing is off limits and everything is possible.",Bernardo Bertolucci,https://www.youtube.com/watch?v=9DsxpEA9EUc,https://www.themoviedb.org/movie/1278
Fight or Flight,6.197,A mercenary takes on the job of tracking down a target on a plane but must protect her when they're surrounded by people trying to kill both of them.,James Madigan,https://www.youtube.com/watch?v=SdsHRpjfqEI,https://www.themoviedb.org/movie/1212855
Five Graves to Cairo,6.942,"The British Army, retreating ahead of victorious Rommel, leaves a lone survivor on the Egyptian border who finds refuge at a remote desert hotel. He assumes the identity of a recently deceased waiter and is helped by the hotel's owner, despite protest from the French chambermaid, who fears the imminent arrival of Rommel and the Germans.",Billy Wilder,https://www.youtube.com/watch?v=LV-k1FVpS2I,https://www.themoviedb.org/movie/60216
Revival69: The Concert That Rocked the World,7.0,"John Lennon, Yoko Ono, Little Richard, The Doors, Chuck Berry, Alice Cooper, and other legendary musicians performed at the 1969 Toronto Rock and Roll Revival music festival. This behind-the-scenes look at “the second most important event in rock and roll history” culminates in John Lennon’s first public performance with The Plastic Ono Band, triggering his decision to leave the Beatles.",Ron Chapman,https://www.youtube.com/watch?v=Lj_ou4NEd0o,https://www.themoviedb.org/movie/860355
Around the World with Fanny Hill,3.6,"In Stockholm, Fanny Hill is tired of being a housewife, and she suspects that her husband Roger, a TV-commercial director who's surrounded by starlets, is cheating on her. So, she sets a trap for him with her friend Monica, files for divorce, and heads to Hollywood, with Monica, to meet film stars. She falls into a film career, with lots of nude scenes, and as it takes her from L.A. to Hong Kong and Venice, Roger follows her, jealous, hoping to win her back. In every city, she acts and she seduces, making comedy out of both; but does her heart still belong to Roger? It's on to Munich to find out.",Mac Ahlberg,N/A,https://www.themoviedb.org/movie/60088
Between the Temples,5.5,A grief-stricken cantor in a crisis of faith finds his world turned upside down when his grade school music teacher re-enters his life as his new adult Bat Mitzvah student. The two forlorn souls develop a special connection.,Nathan Silver,https://www.youtube.com/watch?v=DeqBcFAOOoU,https://www.themoviedb.org/movie/1125073
Madagascar 3: Europe's Most Wanted,6.62,"Animal pals Alex, Marty, Melman, and Gloria are still trying to make it back to New York's Central Park Zoo. They are forced to take a detour to Europe to find the penguins and chimps who broke the bank at a Monte Carlo casino. When French animal-control officer Capitaine Chantel DuBois picks up their scent, Alex and company are forced to hide out in a traveling circus.","Eric Darnell, Conrad Vernon, Tom McGrath",https://www.youtube.com/watch?v=PlkWVkpP59U,https://www.themoviedb.org/movie/80321
Women or Children First,5.7,"Tom, a Spaniard, is married to Sylvie and lives a quiet but a bit boring life in the Britanny countryside (west of France). Trouble comes when Tom ex girlfriend reappears, asking for help, announcing him that she had a girl from him 9 years ago.",Manuel Poirier,N/A,https://www.themoviedb.org/movie/78303
The Informer,6.531,"In New York, former convict Pete Koslow, related to the Polish mafia, must deal with both Klimek the General, his ruthless boss, and the twisted ambitions of two federal agents, as he tries to survive and protect the lives of his loved ones.",Andrea Di Stefano,https://www.youtube.com/watch?v=mIYrMUPdoWE,https://www.themoviedb.org/movie/466081
Holy Night: Demon Hunters,6.59,"When a devil-worshipping criminal network plunges Seoul into chaos, the police turn to Holy Night—a trio of supernatural demon hunters—to restore order and defeat the rising evil.",Lim Dae-hee,https://www.youtube.com/watch?v=0l35oxLd1UI,https://www.themoviedb.org/movie/793387
Darkness Rising,3.7,"Nearly murdered as a child by her mother, a woman (Katrina Law) returns to the house where her mom went mad.",Austin Reading,https://www.youtube.com/watch?v=0pyfKOyTMVI,https://www.themoviedb.org/movie/459068
"Billy Blazes, Esq.",5.9,"Billy Blazes confronts Crooked Charley, who has been ruling the town of Peaceful Vale through fear and violence.",Hal Roach,N/A,https://www.themoviedb.org/movie/53516
Bosomy Mom 2,5.0,"Min-soo and Jae-hyeok is in a good father-and-son relationship. But one day, Min-soo brings Jae-hyeok's young stepmother, Da-hee. Jae-hyeok leaves home to wander around, ran into Da-hee's friend, Na-yeon, and had a little talk. Na-yeon calls Da-hee... Da-hee goes home with Jae-hyeok, and Min-soo doesn't care much. Jae-hyeok tells Da-hee how he feels. Meanwhile, Min-soo who disapproves Da-hee and Jae-hyeok's relationship, calls Na-yeon to kill some time. And Na-yeon who is worried about Da-hee and Min-soo crafts a new plan...",Lee Dong-Joon,N/A,https://www.themoviedb.org/movie/711978
Fantastic Four,4.433,"Four young outsiders teleport to a dangerous universe, which alters their physical form in shocking ways. Their lives irrevocably upended, the team must learn to harness their daunting new abilities and work together to save Earth from a former friend turned enemy.",Josh Trank,https://www.youtube.com/watch?v=AAgnQdiZFsQ,https://www.themoviedb.org/movie/166424
"Josephine, Pregnant & Fabulous",5.8,"At last, Josephine has found her perfect non-smoker-cat-loving-amazing-cook-perfect-man-soulmate. They’ve been in love for two years and everything is peachy. Until she realizes she’s… pregnant. Time for Josephine to transform her life, mature into a responsible adult, not become like her mother, get a job, hold on to her man, refrain from falling out with her friends, and tell her sister, who's been crashing at her place, that she's got to move out. A bunch of overwhelming challenges that Josephine will have to face in her own, special way.",Marilou Berry,N/A,https://www.themoviedb.org/movie/369780
The Irishman,7.583,"Pennsylvania, 1956. Frank Sheeran, a war veteran of Irish origin who works as a truck driver, accidentally meets mobster Russell Bufalino. Once Frank becomes his trusted man, Bufalino sends him to Chicago with the task of helping Jimmy Hoffa, a powerful union leader related to organized crime, with whom Frank will maintain a close friendship for nearly twenty years.",Martin Scorsese,https://www.youtube.com/watch?v=RS3aHkkfuEI,https://www.themoviedb.org/movie/398978
Empire of Lust,7.0,"In the turbulent Joseon dynasty, army commander Min-jae watches ambitious Prince Yi Bang-won while becoming entwined with Ga-hee, a vengeful gisaeng. Fate collides as power shifts.",Ahn Sang-hoon,https://www.youtube.com/watch?v=3vHLlfz9Www,https://www.themoviedb.org/movie/333167
Fifty Shades Darker,6.5,"When a wounded Christian Grey tries to entice a cautious Ana Steele back into his life, she demands a new arrangement before she will give him another chance. As the two begin to build trust and find stability, shadowy figures from Christian’s past start to circle the couple, determined to destroy their hopes for a future together.",James Foley,https://www.youtube.com/watch?v=TUnylyz5mqQ,https://www.themoviedb.org/movie/341174
Freaky Friday,6.556,"Mother and daughter bicker over everything -- what Anna wears, whom she likes and what she wants to do when she's older. In turn, Anna detests Tess's fiancé. When a magical fortune cookie switches their personalities, they each get a peek at how the other person feels, thinks and lives.",Mark Waters,https://www.youtube.com/watch?v=r8caetzt02g,https://www.themoviedb.org/movie/10330
Miranda Sings Live... Your Welcome,5.6,"Viral video star Miranda Sings and her real-world alter ego Colleen Ballinger share the stage in a special packed with music, comedy and ""magichinry.""",Marcus Raboy,https://www.youtube.com/watch?v=ZfHBA6iFU0Y,https://www.themoviedb.org/movie/573921
Ferrari,6.377,"Set during the summer of 1957. Ex-racecar driver, Enzo Ferrari, is in crisis. Bankruptcy stalks the company he and his wife, Laura, built from nothing ten years earlier. Their tempestuous marriage struggles with the mourning for one son and the acknowledgement of another.",Michael Mann,https://www.youtube.com/watch?v=8oOVNMjM1Jk,https://www.themoviedb.org/movie/365620
The Final Rose,4.0,"A young single mother arrives on a remote island to compete on ""Love at Last"", TV’s number one dating show, and slowly discovers that a mysterious killer is slaying the contestants, one by one.",Tim Cruz,https://www.youtube.com/watch?v=eeKUFKq7FiA,https://www.themoviedb.org/movie/1029773
Dear Ms.: A Revolution in Print,7.0,"Three filmmakers dive deep into the storied and complex legacy of Ms. magazine through the lens of some of its most iconic covers, featuring never-before-seen archival footage and engaging interviews with the powerful women who shaped the magazine at its inception over fifty years ago","Alice Gu, Cecilia Aldarondo, Salima Koroma",https://www.youtube.com/watch?v=45OJI-7K5a4,https://www.themoviedb.org/movie/1465528
Jolly Roger: Massacre at Cutter's Cove,2.8,A group of friends unleash a demonic Pirate from a treasure chest.,Gary Jones,N/A,https://www.themoviedb.org/movie/54963
Fantastic Beasts and Where to Find Them,7.311,"In 1926, Newt Scamander arrives at the Magical Congress of the United States of America with a magically expanded briefcase, which houses a number of dangerous creatures and their habitats. When the creatures escape from the briefcase, it sends the American wizarding authorities after Newt, and threatens to strain even further the state of magical and non-magical relations.",David Yates,https://www.youtube.com/watch?v=Vso5o11LuGU,https://www.themoviedb.org/movie/259316
Flesh + Blood,6.6,"A band of medieval mercenaries take revenge on a noble lord who decides not to pay them by kidnapping the betrothed of the noble's son. As the plague and warfare cut a swathe of destruction throughout the land, the mercenaries hole up in a castle and await their fate.",Paul Verhoeven,https://www.youtube.com/watch?v=4g_xqC4VBFQ,https://www.themoviedb.org/movie/12775
What a Good Secretary Wants,5.7,"The silent secret of the perfect woman.  Genius Consulting is a recruiting company that provides Board of Members of large corporates and professional talents to China. As the original secretary for Joo Yeong-cheol, CEO of the company went on her maternity leave, Ji-won, a new secretary is hired and starts filling the position.  All the employees welcome her who looks sexy at a glance, is capable of doing her job and also has a warm good personality.  On a rainy night, CEO Joo and his new secretary Ji-won have a brief beer break, while working until late at night in the office.",Kim Hyo-jae,N/A,https://www.themoviedb.org/movie/409276
The Addams Family,7.067,"When a man claiming to be long-lost Uncle Fester reappears after 25 years lost, the family plans a celebration to wake the dead. But the kids barely have time to warm up the electric chair before Morticia begins to suspect Fester is fraud when he can't recall any of the details of Fester's life.",Barry Sonnenfeld,https://www.youtube.com/watch?v=A6X4VAHdDVg,https://www.themoviedb.org/movie/2907
Nice Sister-in-law 6,4.0,"Min-joon and Eun-seo are newlyweds who have been married for a month. Min-joon's younger brother suddenly returns from the United States and comes to live with the couple. Eun-seo falls in love with her handsome, muscular brother-in-law, so much so that she secretly masturbates and cannot sleep at night because of her desire to have her brother-in-law.",Choi Jong-gyoo,N/A,https://www.themoviedb.org/movie/1231940
Minority Report,7.351,"John Anderton is a top 'Precrime' cop in the late-21st century, when technology can predict crimes before they're committed. But Anderton becomes the quarry when another investigator targets him for a murder charge.",Steven Spielberg,https://www.youtube.com/watch?v=3JNsNp2DVSE,https://www.themoviedb.org/movie/180
Love Is the Devil: Study for a Portrait of Francis Bacon,6.0,"In the 1960s, British painter Francis Bacon surprises a burglar and invites him to share his bed. The burglar, a working class man named George Dyer, accepts. After the unique beginning to their love affair, the well-connected and volatile artist assimilates Dyer into his circle of eccentric friends, as Dyer's struggle with addiction strains their bond.",John Maybury,https://www.youtube.com/watch?v=Q2fjwPFPjhg,https://www.themoviedb.org/movie/4975
The Winning Season,6.4,A comedy centered on a has-been coach who is given a shot at redemption when he's asked to run his local high school's girls basketball team,Jim Strouse,https://www.youtube.com/watch?v=1KNh_LxnCUE,https://www.themoviedb.org/movie/44750
Creed II,7.0,"Between personal obligations and training for his next big fight against an opponent with ties to his family's past, Adonis Creed is up against the challenge of his life.",Steven Caple Jr.,https://www.youtube.com/watch?v=cPNVNqn4T9I,https://www.themoviedb.org/movie/480530
The Day Sports Stood Still,6.4,"The story of the unprecedented sports shutdown in March of 2020 and the remarkable turn of events that followed. This sports documentary is a chronicle of the abrupt stoppage, athletes’ prominent role in the cultural reckoning on racial injustices that escalated during the pandemic, and the complex return to competition in the summer and fall.",Antoine Fuqua,https://www.youtube.com/watch?v=1bFrLrd5epE,https://www.themoviedb.org/movie/804244
Barbie: A Fairy Secret,6.873,"Get ready for Barbie: A Fairy Secret, an amazing adventure with Barbie where she discovers there are fairies living secretly all around us! When Ken is suddenly whisked away by a group of fairies, Barbie's two fashion stylist friends reveal they are actually fairies and that Ken has been taken to a magical secret fairy world not far away! Barbie and her rival Raquelle take off with the fairy friends on an action-packed journey to bring him back. Along the way they must stick together and learn that the real magic lies not just in the fairy world itself, but in the power of friendship.","William Lau, Terry Klassen",https://www.youtube.com/watch?v=q_zib0eFQQE,https://www.themoviedb.org/movie/57737
Captain Marvel,6.793,"The story follows Carol Danvers as she becomes one of the universe’s most powerful heroes when Earth is caught in the middle of a galactic war between two alien races. Set in the 1990s, Captain Marvel is an all-new adventure from a previously unseen period in the history of the Marvel Cinematic Universe.","Ryan Fleck, Anna Boden",https://www.youtube.com/watch?v=GX33bIOA5aA,https://www.themoviedb.org/movie/299537
A Knight's Tale,6.869,"William Thatcher, a knight's peasant apprentice, gets a chance at glory when the knight dies suddenly mid-tournament. Posing as a knight himself, William won't stop until he's crowned tournament champion—assuming matters of the heart don't get in the way.",Brian Helgeland,https://www.youtube.com/watch?v=k3CWOjNy61k,https://www.themoviedb.org/movie/9476
Sneakers,6.9,"When shadowy U.S. intelligence agents blackmail a reformed computer hacker and his eccentric team of security experts into stealing a code-breaking 'black box' from a Soviet-funded genius, they uncover a bigger conspiracy. Now, he and his 'sneakers' must save themselves and the world economy by retrieving the box from their blackmailers.",Phil Alden Robinson,https://www.youtube.com/watch?v=NEhgUxQ322A,https://www.themoviedb.org/movie/2322
Luck,7.754,"Suddenly finding herself in the never-before-seen Land of Luck, the unluckiest person in the world must unite with the magical creatures there to turn her luck around.",Peggy Holmes,https://www.youtube.com/watch?v=xSG5UX0EQVg,https://www.themoviedb.org/movie/585511
Miley Cyrus - Endless Summer Vacation (Backyard Sessions),8.3,"Miley Cyrus takes the stage in this must-see, Disney+ music event featuring debut performances of her highly anticipated eighth studio album, ""Endless Summer Vacation."" The global superstar’s cinematic, one-of-a-kind performances are threaded together with exclusive interviews where she provides insight to her new album and the person she is today.","Brendan Walter, Jacob Bixenman",N/A,https://www.themoviedb.org/movie/1094643
The Phoenician Scheme,6.688,"Wealthy businessman Zsa-zsa Korda appoints his only daughter, a nun, as sole heir to his estate. As Korda embarks on a new enterprise, they soon become the target of scheming tycoons, foreign terrorists, and determined assassins.",Wes Anderson,https://www.youtube.com/watch?v=GEuMnPl2WI4,https://www.themoviedb.org/movie/1137350
The Marvels,5.976,"When her duties send her to an anomalous wormhole linked to a Kree revolutionary, Carol's powers become entangled with that of Jersey City super-fan Kamala Khan, aka Ms. Marvel, and Carol's estranged niece, now S.A.B.E.R. astronaut Captain Monica Rambeau. Together, this unlikely trio must team up and learn to work in concert to save the universe.",Nia DaCosta,https://www.youtube.com/watch?v=uwmDH12MAA4,https://www.themoviedb.org/movie/609681
How Much Do You Love Me?,5.885,"After winning the lottery, François goes to a bar in Pigalle and offers one hundred thousand Euros per month to a prostitute named Daniela to live with him as his wife until his money runs out.",Bertrand Blier,https://www.youtube.com/watch?v=hGkayeTcEb4,https://www.themoviedb.org/movie/5070
Ant-Man,7.067,"Armed with the astonishing ability to shrink in scale but increase in strength, master thief Scott Lang must embrace his inner-hero and help his mentor, Doctor Hank Pym, protect the secret behind his spectacular Ant-Man suit from a new generation of towering threats. Against seemingly insurmountable obstacles, Pym and Lang must plan and pull off a heist that will save the world.",Peyton Reed,https://www.youtube.com/watch?v=cx3joJnXydc,https://www.themoviedb.org/movie/102899
Bahana,0.0,"Bahana is a 1965 Indian Urdu film directed by Zahir Raihan under the banners Saregama. The film (Bahana), starring Sajjan, Meena Kumari, Anwar, Kumar, Pramila, Azurie, Sheela Vaz, was released in theatres in 1965. The film’s songs are composed by Madan Mohan Kohli and lyrics written by Rajendra Krishan.",Zahir Raihan,N/A,https://www.themoviedb.org/movie/708642
The SpongeBob SquarePants Movie,7.1,"There's trouble brewing in Bikini Bottom. Someone has stolen King Neptune's crown, and it looks like Mr. Krab, SpongeBob's boss, is the culprit. Though he's just been passed over for the promotion of his dreams, SpongeBob stands by his boss, and along with his best pal Patrick, sets out on a treacherous mission to Shell City to reclaim the crown and save Mr. Krab's life.",Stephen Hillenburg,https://www.youtube.com/watch?v=Tv8xk7BKaNM,https://www.themoviedb.org/movie/11836
Marooned,5.928,"After spending several months in an orbiting lab, three astronauts prepare to return to Earth only to find their de-orbit thrusters won't activate. After initially thinking they might have to abandon them in orbit, NASA decides to launch a daring rescue. Their plans are complicated by a hurricane headed towards the launch site—and a shrinking air supply in the astronauts' capsule.",John Sturges,N/A,https://www.themoviedb.org/movie/40140
Judgment Day,5.1,"This sci-fi thriller finds the world in imminent danger when a collision in outer space sends huge pieces of interstellar debris on a path headed straight for Earth. A scientist has designed a system that would stop the largest meteor fragments from striking the earth, but a fanatical religious cult have made it their business to stop him. A convicted murderer (Ice-T) with ties to the group must now join forces with an FBI agent (Suzy Amis) to free the scientist from the cult's clutches and prevent millions of needless deaths. Mario Van Peebles and Linden Ashby appear in supporting roles",John Terlesky,https://www.youtube.com/watch?v=WXN5uLg8Tis,https://www.themoviedb.org/movie/77530
Signs,6.701,A family living on a farm finds mysterious crop circles in their fields which suggests something more frightening to come.,M. Night Shyamalan,https://www.youtube.com/watch?v=T-wgoJv9UAI,https://www.themoviedb.org/movie/2675
Obamaland Part 1: Rise of the Trumpublikans,0.0,"In 2017, in the wake of the newly-elected President Trump's mysterious tragic fall from the balcony of Trump Tower, Barack Obama declares himself ""President-For-Life"". Now, in 2040, in a gunless, godless America renamed ""Obamaland"", a ragtag group of patriotic ""Trumpublikans"" plot from an abandoned Applecheez deep in the Heartland to take their country back once and for all",Greg Bergman,N/A,https://www.themoviedb.org/movie/645515
Carry-On,6.893,An airport security officer races to outsmart a mysterious traveler forcing him to let a dangerous item slip onto a Christmas Eve flight.,Jaume Collet-Serra,https://www.youtube.com/watch?v=KS0XacjMmOc,https://www.themoviedb.org/movie/1005331
Leonard Bernstein conducts Stravinsky & Bach,0.0,,Humphrey Burton,N/A,https://www.themoviedb.org/movie/1150637
The Blue Lagoon,6.2,"Two small children and a ship's cook survive a shipwreck and find safety on an idyllic tropical island. Soon, however, the cook dies and the young boy and girl are left on their own. Days become years and Emmeline and Richard make a home for themselves surrounded by exotic creatures and nature's beauty. But will they ever see civilization again?",Randal Kleiser,https://www.youtube.com/watch?v=A0UapwJIJn8,https://www.themoviedb.org/movie/5689
The Lawyer,5.6,"Tony Petrocelli, a bright young lawyer practicing in the rich cattle town of Baker, becomes embroiled in a murder case.",Sidney J. Furie,N/A,https://www.themoviedb.org/movie/161565
Gravity,7.162,"Dr. Ryan Stone, a brilliant medical engineer, is on her first Shuttle mission, with veteran astronaut Matt Kowalsky in command of his last flight before retiring. But on a seemingly routine spacewalk, disaster strikes. The Shuttle is destroyed, leaving Stone and Kowalsky completely alone-tethered to nothing but each other and spiraling out into the blackness of space. The deafening silence tells them they have lost any link to Earth and any chance for rescue. As fear turns to panic, every gulp of air eats away at what little oxygen is left. But the only way home may be to go further out into the terrifying expanse of space.",Alfonso Cuarón,https://www.youtube.com/watch?v=OiTiKOy59o4,https://www.themoviedb.org/movie/49047
Gravity,7.162,"Dr. Ryan Stone, a brilliant medical engineer, is on her first Shuttle mission, with veteran astronaut Matt Kowalsky in command of his last flight before retiring. But on a seemingly routine spacewalk, disaster strikes. The Shuttle is destroyed, leaving Stone and Kowalsky completely alone-tethered to nothing but each other and spiraling out into the blackness of space. The deafening silence tells them they have lost any link to Earth and any chance for rescue. As fear turns to panic, every gulp of air eats away at what little oxygen is left. But the only way home may be to go further out into the terrifying expanse of space.",Alfonso Cuarón,https://www.youtube.com/watch?v=OiTiKOy59o4,https://www.themoviedb.org/movie/49047
Tick Tock Tale,7.4,"Amidst an old London clock shop, a small, quirky mantle clock comes to the aide of the store's more expensive clocks when a thief breaks in and threatens to steal them away.",Dean Wellins,N/A,https://www.themoviedb.org/movie/352812
The Karate Kid,6.565,"12-year-old Dre Parker could've been the most popular kid in Detroit, but his mother's latest career move has landed him in China. Dre immediately falls for his classmate Mei Ying but the cultural differences make such a friendship impossible. Even worse, Dre's feelings make him an enemy of the class bully, Cheng. With no friends in a strange land, Dre has nowhere to turn but maintenance man Mr. Han, who is a kung fu master. As Han teaches Dre that kung fu is not about punches and parries, but maturity and calm, Dre realizes that facing down the bullies will be the fight of his life.",Harald Zwart,https://www.youtube.com/watch?v=XY8amUImEu0,https://www.themoviedb.org/movie/38575
The Predator,5.63,"When a young boy accidentally triggers the universe's most lethal hunters' return to Earth, only a ragtag crew of ex-soldiers and a disgruntled scientist can prevent the end of the human race.",Shane Black,https://www.youtube.com/watch?v=50_Ala5BKBo,https://www.themoviedb.org/movie/346910
You Cast A Spell On Me,6.8,"Despite agreeing to an arranged marriage to a childhood friend, a successful businessman tries to track down a beautiful woman that he met at a Halloween party.",Tosca Musk,https://www.youtube.com/watch?v=R_pjCkIHOVM,https://www.themoviedb.org/movie/366017
The Lion King,7.105,"Simba idolizes his father, King Mufasa, and takes to heart his own royal destiny. But not everyone in the kingdom celebrates the new cub's arrival. Scar, Mufasa's brother—and former heir to the throne—has plans of his own. The battle for Pride Rock is ravaged with betrayal, tragedy and drama, ultimately resulting in Simba's exile. With help from a curious pair of newfound friends, Simba will have to figure out how to grow up and take back what is rightfully his.",Jon Favreau,https://www.youtube.com/watch?v=7TavVZMewpY,https://www.themoviedb.org/movie/420818
The Tommy Steele Story,5.2,A rags-to-riches tale of a young merchant seaman called Tommy who discovers a certain way with the guitar.,Gerard Bryant,https://www.youtube.com/watch?v=8Ejw_cifsEE,https://www.themoviedb.org/movie/338021
Babylon,7.381,"A tale of outsized ambition and outrageous excess, tracing the rise and fall of multiple characters in an era of unbridled decadence and depravity during Hollywood's transition from silent films to sound films in the late 1920s.",Damien Chazelle,https://www.youtube.com/watch?v=OumYv1aE1VI,https://www.themoviedb.org/movie/615777
A Decent Man,5.8,"Eddie is no longer living with his wife and their son Noam. One night, he gets mugged and badly injured, and consequently becomes a hero to his son and the victim of a vicious crime to his wife. But when Ahmed, the perfect scapegoat for the attack, is charged, the gravitas of his accusation sucks Eddie into an infernal spiral of self-doubt and lies, marking the start of a dangerous freefall.",Emmanuel Finkiel,https://www.youtube.com/watch?v=AUCZN-jBpmA,https://www.themoviedb.org/movie/366104
Satellite in the Sky,5.3,"A bomb dooms the first space satellite, manned by a selfless crew, a stowaway reporter (Lois Maxwell) and a mad scientist (Donald Wolfit).",Paul Dickson,N/A,https://www.themoviedb.org/movie/31984
El Camino: A Breaking Bad Movie,6.963,"In the wake of his dramatic escape from captivity, Jesse Pinkman must come to terms with his past in order to forge some kind of future.",Vince Gilligan,https://www.youtube.com/watch?v=rklOejPnD3Y,https://www.themoviedb.org/movie/559969
Notting Hill,7.264,London bookstore owner William Thacker's quiet life turns upside down when a chance encounter with famous actress Anna Scott sparks an unlikely romance challenged by their vastly different worlds.,Roger Michell,https://www.youtube.com/watch?v=sn-m50RUf_Q,https://www.themoviedb.org/movie/509
MiLK,7.8,"A woman, born in a cowshed, grows up working a dairy farm.  Suffering under the gaze of her male coworkers,  she longs for the attention of the newspaper delivery boy.",Tōru Kamei,N/A,https://www.themoviedb.org/movie/734286
Black Dog,7.21,"On the edge of the Gobi desert in Northwest China, Lang returns to his hometown after being released from jail. While working for the local dog patrol team to clear the town of stray dogs before the Olympic Games, he strikes up an unlikely connection with a black dog. These two lonely souls embark on a journey together.",Guan Hu,https://www.youtube.com/watch?v=1rqJHP7xtmU,https://www.themoviedb.org/movie/1249423
Scream VI,6.976,"Following the latest Ghostface killings, the four survivors leave Woodsboro behind and start a fresh chapter.","Matt Bettinelli-Olpin, Tyler Gillett",https://www.youtube.com/watch?v=1Ie2qmAOc6Q,https://www.themoviedb.org/movie/934433
Padre no hay más que uno 5: Nido repleto,6.611,"Some parents experience the anguish of the ""empty nest"" when their children leave home. Javier, on the other hand, suffers the trauma of the ""full nest"": no one wants to leave home.",Santiago Segura,N/A,https://www.themoviedb.org/movie/1328913
Hocus Pocus,7.039,"After 300 years of slumber, three sister witches are accidentally resurrected in Salem on Halloween night, and it is up to three kids and their newfound feline friend to put an end to the witches' reign of terror once and for all.",Kenny Ortega,https://www.youtube.com/watch?v=OFm_2RyxXjQ,https://www.themoviedb.org/movie/10439
No Time to Die,7.355,"Bond has left active service and is enjoying a tranquil life in Jamaica. His peace is short-lived when his old friend Felix Leiter from the CIA turns up asking for help. The mission to rescue a kidnapped scientist turns out to be far more treacherous than expected, leading Bond onto the trail of a mysterious villain armed with dangerous new technology.",Cary Joji Fukunaga,https://www.youtube.com/watch?v=N_gD9-Oa0fg,https://www.themoviedb.org/movie/370172
Greg Davies: You Magnificent Beast,6.7,"Greg is back with his first stand up show in four years, and biggest ever tour, You Magnificent Beast.",Peter Orton,https://www.youtube.com/watch?v=vwVyAYc0Qig,https://www.themoviedb.org/movie/516341
The Immortal Story,7.1,"An aged, wealthy trader plots with his servant to recreate a maritime tall tale, using a local woman and an unknown sailor as actors.",Orson Welles,N/A,https://www.themoviedb.org/movie/84636
Amelia Earhart: The Lost Evidence,0.0,"The disappearance of Amelia Earhart and her navigator Fred Noonan on July 2, 1937 is one of the greatest unsolved mysteries of all time. Years later, former FBI Executive Assistant Director Shawn Henry investigates new, astonishing evidence behind the disappearance of America’s first female aviator.",Dan McCarthy,N/A,https://www.themoviedb.org/movie/660667
The Addams Family,7.067,"When a man claiming to be long-lost Uncle Fester reappears after 25 years lost, the family plans a celebration to wake the dead. But the kids barely have time to warm up the electric chair before Morticia begins to suspect Fester is fraud when he can't recall any of the details of Fester's life.",Barry Sonnenfeld,https://www.youtube.com/watch?v=A6X4VAHdDVg,https://www.themoviedb.org/movie/2907
Cloudy with a Chance of Meatballs,6.6,"Inventor Flint Lockwood creates a machine that makes clouds rain food, enabling the down-and-out citizens of Chewandswallow to feed themselves. But when the falling food reaches gargantuan proportions, Flint must scramble to avert disaster. Can he regain control of the machine and put an end to the wild weather before the town is destroyed?","Phil Lord, Christopher Miller",https://www.youtube.com/watch?v=BPH0ct2oXBg,https://www.themoviedb.org/movie/22794
Red Notice,6.758,"An Interpol-issued Red Notice is a global alert to hunt and capture the world's most wanted. But when a daring heist brings together the FBI's top profiler and two rival criminals, there's no telling what will happen.",Rawson Marshall Thurber,https://www.youtube.com/watch?v=Pj0wz7zu3Ms,https://www.themoviedb.org/movie/512195
The Lion King,7.105,"Simba idolizes his father, King Mufasa, and takes to heart his own royal destiny. But not everyone in the kingdom celebrates the new cub's arrival. Scar, Mufasa's brother—and former heir to the throne—has plans of his own. The battle for Pride Rock is ravaged with betrayal, tragedy and drama, ultimately resulting in Simba's exile. With help from a curious pair of newfound friends, Simba will have to figure out how to grow up and take back what is rightfully his.",Jon Favreau,https://www.youtube.com/watch?v=7TavVZMewpY,https://www.themoviedb.org/movie/420818
Mortal Kombat Legends: Snow Blind,7.826,"Hellbent on taking over Earthrealm, Kano viciously attacks town after town with the aid of three cold-blooded Black Dragon mercenaries. Those who don’t submit are annihilated but one young man won’t bend the knee to Kano: Kenshi.",Rick Morales,https://www.youtube.com/watch?v=vvqx3-1G9Rw,https://www.themoviedb.org/movie/1007401
Through the Air,5.5,"Vincent, a former air rifle champion lives a quiet life with his wife and his daughter. Despite his happy family life he ends up with economic problems. One day at the shooting range he meets the mysterious Renaud who promises him a solution to his problems by offering him an unusual job. Suddenly Vincent finds himself in a very dangerous spiral which turns out to be even harder to get out of than finding a solution to his economic problems.",Fred Grivois,N/A,https://www.themoviedb.org/movie/334307
That Movement Which I Love So Much,4.0,"Noblewoman Livia and her friend Marquis Cecco Ottobuoni take revenge against politician Fabrizio Siniscalchi, Livia's lover who dumped her for political reasons, by setting him up with a young prostitute Anna to cause a scandal.",Franco Rossetti,N/A,https://www.themoviedb.org/movie/311639
"The Lion, the Witch and the Wardrobe",6.7,"This Emmy Award winner for Best Animated Special is based on the first book of C.S. Lewis' acclaimed series, ""The Chronicles of Narnia."" Four children pass through a mystic portal in a wardrobe and discover the magical kingdom of Narnia, a land of talking animals and mythical creatures. There, an evil witch's spell has cast the land into eternal winter. Fearing that an ancient prophecy is coming to fruition, and that the children are Narnia's rightful rulers, the White Witch tricks their youngest brother into betraying his family, enacting an ancient magic that she can use to halt the fulfillment of the prophecy. Now, only Aslan, noble lion and High King above all kings in Narnia, can help them defeat the witch, restore springtime to Narnia, and claim their rightful places on the throne.",Bill Melendez,N/A,https://www.themoviedb.org/movie/40611
The Little Kidnappers,5.1,"Loosely based on a '50's movie of the same name, it tells the story of two young orphan boys who travel by themselves from the Old country to join their father's family in Canada. There they encounter their stern disciplinarian grandfather who has alienated himself from some of his neighbors. There is particularly no love lost between the grandfather and his Dutch neighbors, who he generalizes as being responsible for his son's death in the Boor War. A side product of this animosity is that it is keeping apart the boy's aunt and her Dutch doctor suitor. The two boys change everything though when they find a young baby on the beach...",Donald Shebib,N/A,https://www.themoviedb.org/movie/109912
The Northman,7.036,"Prince Amleth is on the verge of becoming a man when his father is brutally murdered by his uncle, who kidnaps the boy's mother. Two decades later, Amleth is now a Viking who's on a mission to save his mother, kill his uncle and avenge his father.",Robert Eggers,https://www.youtube.com/watch?v=6WrpvCmv0hk,https://www.themoviedb.org/movie/639933
Five Graves to Cairo,6.942,"The British Army, retreating ahead of victorious Rommel, leaves a lone survivor on the Egyptian border who finds refuge at a remote desert hotel. He assumes the identity of a recently deceased waiter and is helped by the hotel's owner, despite protest from the French chambermaid, who fears the imminent arrival of Rommel and the Germans.",Billy Wilder,https://www.youtube.com/watch?v=LV-k1FVpS2I,https://www.themoviedb.org/movie/60216
In Time,6.971,"In the not-too-distant future, the aging gene has been switched off. To avoid overpopulation, time has become the currency and the way people pay for luxuries and necessities. The rich can live forever, while the rest struggle to negotiate for their immortality. A poor young man who suddenly comes into a fortune of time finds himself on the run from a corrupt police force known as the ""time keepers"".",Andrew Niccol,https://www.youtube.com/watch?v=xhYUaR5QiUs,https://www.themoviedb.org/movie/49530
El cuento del lobo,5.8,,Norberto López Amado,N/A,https://www.themoviedb.org/movie/1270816
King Kong,6.89,"In 1933 New York, an overly ambitious movie producer coerces his cast and hired ship crew to travel to mysterious Skull Island, where they encounter Kong, a giant ape who is immediately smitten with the leading lady.",Peter Jackson,https://www.youtube.com/watch?v=9extfjDZCts,https://www.themoviedb.org/movie/254
Cinema Paradiso,8.433,"A filmmaker recalls his childhood, when he fell in love with the movies at his village's theater and formed a deep friendship with the theater's projectionist.",Giuseppe Tornatore,https://www.youtube.com/watch?v=JMyVSD6OvO8,https://www.themoviedb.org/movie/11216
Mildred Pierce,7.619,A hard-working mother inches towards disaster as she divorces her husband and starts a successful restaurant business to support her spoiled daughter.,Michael Curtiz,https://www.youtube.com/watch?v=wgSCkyByV0k,https://www.themoviedb.org/movie/3309
Molokai: The Story of Father Damien,6.0,"The true story of the 19th century Belgian priest, Father Damien, who volunteered to go to the island of Molokai, to console and care for the lepers.",Paul Cox,N/A,https://www.themoviedb.org/movie/21644
My Nightmare Landlord,6.0,"Lydia moves into a new apartment after breaking up with her long-term boyfriend, finding herself more and more isolated as her apartment manager Drew becomes obsessed with her. Caroline Harris, Ignacyo Matynia , Sinéad D'arcy and Spencer Belko Star. (2020)",Dylan Vox,N/A,https://www.themoviedb.org/movie/682583
Back in Action,6.454,"Fifteen years after vanishing from the CIA to start a family, elite spies Matt and Emily jump back into the world of espionage when their cover is blown.",Seth Gordon,https://www.youtube.com/watch?v=MV2nYw6gL_w,https://www.themoviedb.org/movie/993710
